idea_id,fill_count,source_row_ids,symbol,contract,direction,entry_time_et,exit_time_et,trade_date_et,duration_minutes,weighted_entry_price,weighted_exit_price,contract_turnover,max_overlapping_contracts,gross_pnl,fees,net_pnl,entry_hour_et,minutes_after_rth_open,time_bucket,or_locked_at_entry,coverage_status,data_quality,pre_entry_1m_close,or_high,or_low,or_midpoint,or_size,or_classification,or_percentile,entry_vs_or,vwap_pre_entry,entry_vs_vwap,ema9_15m,ema9_slope_15m,entry_vs_15m_ema9,ema9_5m,entry_vs_5m_ema9,rsi14_15m,rsi_regime,volume_ratio_15m,first_completed_or_breakout,minutes_to_15m_close_at_entry,prior_day_trend_direction,prior_day_trend_efficiency,prior_day_zombie_proxy,mae_points,mfe_points,move_after_5m_points,move_after_15m_points,move_after_30m_points,move_after_60m_points,trend_state,setup_label
1,1,1625258966,F.US.MNQ,MNQZ25,long,2025-11-13 09:41:55.866320-05:00,2025-11-13 09:53:10.472542-05:00,2025-11-13,11.243437033333333,25347.0,25376.0,3,3,174.0,2.22,171.78,9,11.931105333333333,09:30-10:00,False,covered,clean,25362.5,25501.5,25284.0,25392.75,217.5,wide,100.0,inside_or,25412.186315807812,below,,,unknown,25532.72098095507,below,,unknown,,none,3.0688946666666665,down,0.5252784918594687,False,66.25,40.75,-36.25,46.75,79.25,-36.25,unknown,pre_or_locked_trade
2,1,1632544631,F.US.MNQ,MNQZ25,long,2025-11-14 08:38:31.346902-05:00,2025-11-14 08:48:02.811966-05:00,2025-11-14,9.524417733333333,24682.5,24700.25,2,2,71.0,1.48,69.52,8,-51.477551633333334,pre_rth,False,outside_rth_1m,clean,,,,,,,,,,,,,,,,,,,,,,,,,,,,,,,outside_rth_1m
3,6,1633651534|1633651535|1633808427|1634591969|1635347553|1635435992,F.US.MNQ,MNQZ25,short,2025-11-14 09:45:59.318167-05:00,2025-11-14 12:40:25.720767-05:00,2025-11-14,174.44004333333334,25040.46875,25025.25,8,4,243.5,5.92,237.57999999999998,9,15.988636116666667,09:30-10:00,True,covered,clean,24834.5,24844.75,24626.0,24735.375,218.75,wide,100.0,above_or,24745.29028568159,above,25043.74604502878,-52.31151125719407,near,24931.417363169392,above,25.571332322609223,bear_trend_zone,2.547769378675637,none,14.011363883333333,down,0.7552552552552553,True,253.03125,221.46875,171.96875,109.71875,109.46875,-86.78125,downtrend_below_ema,ema_continuation_candidate
4,3,1638942208|1638942209|1639075687,F.US.MNQ,MNQZ25,short,2025-11-17 02:32:55.551185-05:00,2025-11-17 04:03:07.658811-05:00,2025-11-17,90.20179376666667,25337.535714285714,25330.0,7,6,105.5,5.18,100.32000000000001,2,-417.0741469166667,pre_rth,False,outside_rth_1m,clean,,,,,,,,,,,,,,,,,,,,,,,,,,,,,,,outside_rth_1m
5,3,1639817428|1639817429|1640490016,F.US.MNQ,MNQZ25,long,2025-11-17 07:36:06.928028-05:00,2025-11-17 09:35:14.826110-05:00,2025-11-17,119.13163469999999,25088.60714285714,25089.035714285714,7,6,6.0,5.18,0.8200000000000038,7,-113.88453286666666,pre_rth,False,outside_rth_1m,clean,,,,,,,,,,,,,,,,,,,,,,,,,,,,,,,outside_rth_1m
6,6,1641293988|1641568016|1641641248|1642039902|1642787892|1642838435,F.US.MNQ,MNQZ25,short,2025-11-17 10:07:07.726037-05:00,2025-11-17 11:53:39.775179-05:00,2025-11-17,106.53415236666666,25138.875,25124.291666666668,6,1,175.0,4.4399999999999995,170.56,10,37.12876728333333,10:00-11:00,True,covered,clean,25152.0,25199.25,24955.25,25077.25,244.0,wide,100.0,inside_or,25154.33065610379,below,25164.331789280815,9.042052679797052,below,25163.275868097655,below,52.94309890609746,neutral,1.7520260117529851,long,7.8712327166666665,up,0.5726591760299625,False,47.125,195.375,5.125,33.875,49.125,125.875,mixed,inverse_orb_candidate
7,6,1643911162|1644003464|1644277295|1644277296|1644300284|1644367838,F.US.MNQ,MNQZ25,long,2025-11-17 13:58:16.361276-05:00,2025-11-17 14:57:29.636304-05:00,2025-11-17,59.22125046666667,24826.075,24827.975,10,6,38.0,7.4,30.600000000000016,13,268.2726879333333,13:30-15:00,True,covered,clean,24915.25,25199.25,24955.25,25077.25,244.0,wide,100.0,below_or,25087.371788315726,below,25045.943925615553,-11.985981403886399,below,24992.50628390799,below,40.46284470096033,neutral,0.5944335268804034,long,1.7273120666666666,up,0.5726591760299625,False,66.07500000000073,89.17499999999927,30.924999999999272,59.17499999999927,12.674999999999272,-46.32500000000073,downtrend_below_ema,discretionary_or_unclassified
8,2,1648080414|1648090208,F.US.MNQ,MNQZ25,short,2025-11-18 07:00:28.630346-05:00,2025-11-18 07:03:01.293513-05:00,2025-11-18,2.5443861166666664,24781.5,24770.25,4,3,90.0,2.96,87.03999999999999,7,-149.52282756666668,pre_rth,False,outside_rth_1m,clean,,,,,,,,,,,,,,,,,,,,,,,,,,,,,,,outside_rth_1m
9,4,1650081757|1650402032|1651191645|1651269156,F.US.MNQ,MNQZ25,long,2025-11-18 09:59:02.632250-05:00,2025-11-18 11:13:04.108423-05:00,2025-11-18,74.02460288333333,24511.45,24535.35,5,2,239.0,3.7,235.3,9,29.043870833333337,09:30-10:00,True,covered,clean,24551.0,24832.0,24646.75,24739.375,185.25,normal,75.0,below_or,24678.300676430896,below,24812.271154764425,-39.31778869110349,below,24704.51271235186,below,29.956666588595894,bear_trend_zone,2.5806136268443134,none,0.9561291666666667,down,0.21042563366810138,False,131.45000000000073,98.79999999999927,-66.70000000000073,17.549999999999272,34.29999999999927,-53.20000000000073,downtrend_below_ema,discretionary_or_unclassified
10,1,1656492782,F.US.MNQ,MNQZ25,short,2025-11-19 05:48:50.676508-05:00,2025-11-19 07:11:23.369719-05:00,2025-11-19,82.54488685,24677.75,24675.0,1,1,5.5,0.74,4.76,5,-221.15539153333333,pre_rth,False,outside_rth_1m,clean,,,,,,,,,,,,,,,,,,,,,,,,,,,,,,,outside_rth_1m
11,5,1658415597|1658415598|1658536607|1658655133|1659543232,F.US.MNQ,MNQZ25,short,2025-11-19 10:01:52.772502-05:00,2025-11-19 11:24:59.720750-05:00,2025-11-19,83.11580413333333,24918.035714285714,24910.14285714286,7,4,110.5,5.18,105.32000000000001,10,31.8795417,10:00-11:00,True,covered,clean,24897.5,24758.5,24572.75,24665.625,185.75,normal,75.0,above_or,24732.496259080108,above,24734.846189811364,39.85095254715998,above,24756.06478817605,above,59.8079776718329,neutral,1.7577146026743087,long,13.1204583,down,0.2948008849557522,False,69.96428571428623,251.03571428571377,-15.964285714286234,-59.964285714286234,-26.964285714286234,134.03571428571377,uptrend_above_ema,discretionary_or_unclassified
12,6,1660429405|1660491085|1660511047|1660601396|1660651919|1660653741,F.US.MNQ,MNQZ25,long,2025-11-19 12:35:11.636672-05:00,2025-11-19 13:08:59.915179-05:00,2025-11-19,33.80464178333333,24610.0,24626.833333333332,6,1,202.0,4.4399999999999995,197.56,12,185.19394453333334,12:00-13:30,True,covered,clean,24571.75,24758.5,24572.75,24665.625,185.75,normal,75.0,inside_or,24762.141578400908,below,24705.39864528156,-18.349661320386076,below,24630.19070780839,below,42.73647502843041,neutral,0.9100631834366089,long,9.806055466666667,down,0.2948008849557522,False,102.0,58.25,-81.25,7.5,44.0,43.0,downtrend_below_ema,orb_breakout_or_retest_candidate
13,13,1665909292|1666372271|1666432338|1666539485|1666664879|1666909123|1666909124|1667257843|1667257845|1667325788|1667360652|1667428074|1667477158,F.US.MNQ,MNQZ25,short,2025-11-20 09:43:58.357097-05:00,2025-11-20 10:58:30.553235-05:00,2025-11-20,74.5366023,25238.9,25230.133333333335,15,4,263.0,11.1,251.9,9,13.972618283333333,09:30-10:00,False,covered,clean,25174.75,25242.25,25145.0,25193.625,97.25,normal,35.0,near_or_high,25190.806780910912,above,,,unknown,24901.77703897398,above,,unknown,,none,1.0273817166666666,up,0.23645833333333333,False,71.09999999999854,82.90000000000146,-6.099999999998545,-38.849999999998545,35.400000000001455,-53.349999999998545,unknown,pre_or_locked_trade
14,16,1667653771|1667732823|1667732824|1667909190|1667909191|1667937725|1667986604|1668042548|1668128182|1668271111|1668347825|1668375549|1668441712|1668587432|1668587437|1668587439,F.US.MNQ,MNQZ25,long,2025-11-20 11:06:59.381765-05:00,2025-11-20 12:00:17.118239-05:00,2025-11-20,53.2956079,24741.50625,24755.6875,40,21,1134.5,29.6,1104.9,11,96.98969608333333,11:00-12:00,True,covered,clean,25092.75,25242.25,25145.0,25193.625,97.25,normal,35.0,below_or,25217.96934517015,below,25090.168467440395,17.95788313990124,below,25193.259815145077,below,63.31027590625617,neutral,1.172301029413058,long,8.010303916666667,up,0.23645833333333333,False,229.75624999999854,370.99375000000146,321.99375000000146,204.74375000000146,90.24375000000146,-212.75624999999854,mixed,discretionary_or_unclassified
15,2,1673263251|1673344974,F.US.MNQ,MNQZ25,long,2025-11-21 05:07:15.389389-05:00,2025-11-21 05:31:55.472156-05:00,2025-11-21,24.66804611666667,23950.875,23958.375,2,1,30.0,1.48,28.520000000000003,5,-262.74351018333334,pre_rth,False,outside_rth_1m,clean,,,,,,,,,,,,,,,,,,,,,,,,,,,,,,,outside_rth_1m
16,2,1676225520|1676489248,F.US.MNQ,MNQZ25,long,2025-11-21 10:55:18.597736-05:00,2025-11-21 11:16:50.935435-05:00,2025-11-21,21.538961649999997,24076.375,24082.25,2,1,23.5,1.48,22.02,10,85.30996226666666,10:00-11:00,True,covered,clean,24086.75,24280.0,24152.75,24216.375,127.25,normal,60.0,below_or,24122.98676523973,below,24154.04674517941,-31.199186294848914,below,24078.379856352636,near,30.569492177626216,bear_trend_zone,1.5122881044361614,short,4.690037733333333,down,0.885997521685254,True,141.875,21.875,-47.125,-27.375,47.125,206.875,downtrend_below_ema,discretionary_or_unclassified
17,14,1676781972|1676792316|1676970425|1677404755|1677698895|1677774133|1677774134|1677774135|1677774136|1677774137|1677774138|1677774139|1677792839|1677832782,F.US.MNQ,MNQZ25,short,2025-11-21 11:41:57.420672-05:00,2025-11-21 13:56:57.633881-05:00,2025-11-21,135.00355348333332,24483.76388888889,24478.296296296296,54,47,590.5,39.96,550.54,11,131.9570112,11:00-12:00,True,covered,clean,24215.25,24280.0,24152.75,24216.375,127.25,normal,60.0,above_or,24113.434544349988,above,24126.67593353186,12.206016617037676,above,24119.825956256624,above,41.86365245520227,neutral,0.9321653742048754,short,3.0429888000000003,down,0.885997521685254,True,74.2361111111095,299.0138888888905,273.5138888888905,170.7638888888905,108.2638888888905,116.0138888888905,uptrend_above_ema,discretionary_or_unclassified
18,1,1681356843,F.US.MNQ,MNQZ25,short,2025-11-24 06:57:06.340117-05:00,2025-11-24 07:10:37.121982-05:00,2025-11-24,13.513031083333335,24449.0,24445.0,1,1,8.0,0.74,7.26,6,-152.89433138333334,pre_rth,False,outside_rth_1m,clean,,,,,,,,,,,,,,,,,,,,,,,,,,,,,,,outside_rth_1m
19,12,1682399184|1682527226|1683064096|1683768385|1684872275|1684872276|1684872278|1684872279|1684872280|1684872281|1686079637|1686079638,F.US.MNQ,MNQZ25,short,2025-11-24 09:43:58.618162-05:00,2025-11-24 15:50:03.868563-05:00,2025-11-24,366.08750668333334,24900.493243243243,24899.25,37,31,92.0,27.38,64.61999999999998,9,13.976969366666667,09:30-10:00,False,covered,clean,24681.75,24722.25,24513.5,24617.875,208.75,wide,85.0,above_or,24647.33352178529,above,,,unknown,24487.81487515382,above,,unknown,,none,1.0230306333333334,up,0.1654837504669406,False,67.75675675675666,321.24324324324334,231.74324324324334,253.49324324324334,192.99324324324334,95.74324324324334,unknown,pre_or_locked_trade
20,1,1688310414,F.US.MNQ,MNQZ25,short,2025-11-25 03:08:21.399178-05:00,2025-11-25 03:46:02.269255-05:00,2025-11-25,37.68116795,24905.25,24901.5,1,1,7.5,0.74,6.76,3,-381.6433470333333,pre_rth,False,outside_rth_1m,clean,,,,,,,,,,,,,,,,,,,,,,,,,,,,,,,outside_rth_1m
21,2,1688658379|1688685242,F.US.MNQ,MNQZ25,short,2025-11-25 05:50:09.167781-05:00,2025-11-25 06:04:07.221412-05:00,2025-11-25,13.967560516666667,24875.875,24874.0,2,1,7.5,1.48,6.02,5,-219.84720365,pre_rth,False,outside_rth_1m,clean,,,,,,,,,,,,,,,,,,,,,,,,,,,,,,,outside_rth_1m
22,11,1689902809|1690291497|1690688670|1691567849|1691567850|1691567851|1691629545|1691669357|1691793877|1691930199|1691996809,F.US.MNQ,MNQZ25,short,2025-11-25 09:39:41.662333-05:00,2025-11-25 11:20:37.468240-05:00,2025-11-25,100.93009845,24802.7,24792.7,15,7,300.0,11.1,288.90000000000003,9,9.694372216666666,09:30-10:00,False,covered,clean,24848.0,24882.0,24719.5,24800.75,162.5,normal,60.0,inside_or,24848.53896127609,below,,,unknown,24930.2243423618,below,,unknown,,none,5.305627783333334,up,0.8603439291297551,True,70.79999999999927,200.70000000000073,73.70000000000073,56.20000000000073,31.450000000000728,6.700000000000728,unknown,pre_or_locked_trade
23,2,1695786769|1696000842,F.US.MNQ,MNQZ25,short,2025-11-26 03:02:00.571026-05:00,2025-11-26 04:21:14.722639-05:00,2025-11-26,79.23586021666667,25180.125,25165.25,2,1,59.5,1.48,58.019999999999996,3,-387.99048289999996,pre_rth,False,outside_rth_1m,clean,,,,,,,,,,,,,,,,,,,,,,,,,,,,,,,outside_rth_1m
24,3,1697443674|1697549197|1697813214,F.US.MNQ,MNQZ25,short,2025-11-26 09:30:34.230578-05:00,2025-11-26 09:52:12.441897-05:00,2025-11-26,21.636855316666665,25232.916666666668,25212.916666666668,3,1,120.0,2.2199999999999998,117.78,9,0.5705096333333334,09:30-10:00,False,covered,clean,,25271.0,25189.25,25230.125,81.75,tight,10.0,inside_or,,unknown,,,unknown,,unknown,,unknown,,none,14.429490366666666,up,0.4168618266978923,False,48.58333333333212,43.66666666666788,-19.33333333333212,-12.08333333333212,84.16666666666788,34.16666666666788,unknown,pre_or_locked_trade
25,6,1698582090|1698972011|1699522518|1699641891|1700143942|1700308873,F.US.MNQ,MNQZ25,short,2025-11-26 11:28:28.900353-05:00,2025-11-26 15:30:02.886112-05:00,2025-11-26,241.56642931666664,25328.625,25323.208333333332,6,1,65.0,4.4399999999999995,60.56,11,118.48167255,11:00-12:00,True,covered,clean,25335.5,25271.0,25189.25,25230.125,81.75,tight,10.0,above_or,25224.450991702066,above,25194.25771698231,24.62307075442368,above,25281.217132771966,above,74.04950344622574,bull_trend_zone,1.045201273083646,short,1.5183274500000001,up,0.4168618266978923,False,46.875,47.375,-1.875,-42.875,-25.125,-8.625,uptrend_above_ema,discretionary_or_unclassified
26,1,1702198123,F.US.MNQ,MNQZ25,long,2025-11-27 07:48:59.524395-05:00,2025-11-27 07:49:32.976174-05:00,2025-11-27,0.55752965,25298.75,25301.25,1,1,5.0,0.74,4.26,7,-101.00792675,pre_rth,False,missing_day,missing_day,,,,,,,,,,,,,,,,,,,,,,,,,,,,,,,missing_day
27,5,1703872525|1704270208|1704884383|1704884384|1704884385,F.US.MNQ,MNQZ25,short,2025-11-28 09:39:32.875381-05:00,2025-11-28 11:21:29.892457-05:00,2025-11-28,101.9502846,25408.722222222223,25400.75,9,7,143.5,6.66,136.84,9,9.547923016666665,09:30-10:00,False,covered,clean,25395.0,25421.5,25329.5,25375.5,92.0,tight,15.0,inside_or,25389.579942073615,above,,,unknown,25337.689262741045,above,,unknown,,none,5.452076983333333,up,0.31048805815160957,False,28.277777777777374,79.22222222222263,49.972222222222626,26.472222222222626,33.222222222222626,27.222222222222626,unknown,pre_or_locked_trade
28,2,1708470851|1708470852,F.US.MNQ,MNQZ25,short,2025-12-01 02:22:19.086110-05:00,2025-12-01 04:38:38.901073-05:00,2025-12-01,136.33024938333332,25297.25,25295.75,4,4,12.0,2.96,9.040000000000006,2,-427.68189816666666,pre_rth,False,outside_rth_1m,clean,,,,,,,,,,,,,,,,,,,,,,,,,,,,,,,outside_rth_1m
29,1,1708698833,F.US.MNQ,MNQZ25,short,2025-12-01 06:17:02.889006-05:00,2025-12-01 06:18:08.035583-05:00,2025-12-01,1.0857762833333333,25306.0,25303.25,1,1,5.5,0.74,4.76,6,-192.9518499,pre_rth,False,outside_rth_1m,clean,,,,,,,,,,,,,,,,,,,,,,,,,,,,,,,outside_rth_1m
30,7,1710451451|1710843888|1711111029|1711619848|1711619849|1711619850|1711655694,F.US.MNQ,MNQZ25,short,2025-12-01 10:02:09.927206-05:00,2025-12-01 11:07:36.478314-05:00,2025-12-01,65.44251846666667,25387.5,25375.923076923078,13,9,301.0,9.620000000000001,291.38,10,32.16545343333333,10:00-11:00,True,covered,clean,25365.5,25319.75,25209.0,25264.375,110.75,normal,40.0,above_or,25298.01437716663,above,25388.974540259995,-7.118635064995033,near,25350.890762785904,above,49.958751279776855,neutral,3.23132514333615,long,12.834546566666667,up,0.7335285505124451,True,32.25,121.25,23.0,31.0,66.25,-22.75,downtrend_below_ema,ema_continuation_candidate
31,1,1713197748,F.US.MNQ,MNQZ25,short,2025-12-01 13:54:24.917903-05:00,2025-12-01 14:02:00.782017-05:00,2025-12-01,7.597735233333333,25483.0,25460.0,1,1,46.0,0.74,45.26,13,264.4152983833333,13:30-15:00,True,covered,clean,25482.5,25319.75,25209.0,25264.375,110.75,normal,40.0,above_or,25369.563268150465,above,25449.646989961435,5.025752509642189,above,25467.23616406444,above,57.58579309960652,neutral,0.31276459159321196,long,5.584701616666666,up,0.7335285505124451,True,10.0,25.25,-3.25,36.0,76.5,96.75,uptrend_above_ema,discretionary_or_unclassified
32,1,1716896324,F.US.MNQ,MNQZ25,short,2025-12-02 05:54:42.301528-05:00,2025-12-02 06:04:26.869339-05:00,2025-12-02,9.74279685,25493.0,25480.0,1,1,26.0,0.74,25.26,5,-215.29497453333335,pre_rth,False,outside_rth_1m,clean,,,,,,,,,,,,,,,,,,,,,,,,,,,,,,,outside_rth_1m
33,12,1717351779|1718496374|1718496375|1718496376|1719442389|1719442390|1719576720|1719687915|1720085935|1720297690|1720347987|1720478011,F.US.MNQ,MNQZ25,short,2025-12-02 08:31:13.002964-05:00,2025-12-02 11:19:23.488861-05:00,2025-12-02,168.17476495,25573.125,25563.90625,16,7,295.0,11.84,283.16,8,-58.78328393333334,pre_rth,False,outside_rth_1m,clean,,,,,,,,,,,,,,,,,,,,,,,,,,,,,,,outside_rth_1m
34,12,1725793987|1726159395|1727719522|1728030282|1728030283|1728089468|1728411084|1728411085|1728833741|1729032893|1729324295|1729324299,F.US.MNQ,MNQZ25,short,2025-12-03 08:19:47.674997-05:00,2025-12-03 11:46:00.779369-05:00,2025-12-03,206.2184062,25574.684210526317,25565.82894736842,19,5,336.5,14.06,322.44,8,-70.20541671666666,pre_rth,False,outside_rth_1m,clean,,,,,,,,,,,,,,,,,,,,,,,,,,,,,,,outside_rth_1m
35,5,1734371914|1734799780|1734845463|1735402464|1736502292,F.US.MNQ,MNQZ25,short,2025-12-04 09:13:10.079791-05:00,2025-12-04 10:47:47.412428-05:00,2025-12-04,94.62221061666668,25651.85,25619.2,5,1,326.5,3.7,322.8,9,-16.832003483333335,pre_rth,False,outside_rth_1m,clean,,,,,,,,,,,,,,,,,,,,,,,,,,,,,,,outside_rth_1m
36,1,1738642256,F.US.MNQ,MNQZ25,short,2025-12-04 13:07:43.771385-05:00,2025-12-04 14:16:59.205690-05:00,2025-12-04,69.25723841666667,25579.0,25578.5,1,1,1.0,0.74,0.26,13,217.72952308333333,12:00-13:30,True,covered,clean,25595.0,25713.25,25550.5,25631.875,162.75,normal,65.0,inside_or,25591.20344104049,below,25608.31185990755,2.2970350231153134,below,25610.959397028615,below,51.61599432208128,neutral,0.424668390756653,none,7.2704769166666665,up,0.635386119257087,False,54.5,4.75,-7.0,-29.5,-35.0,-19.0,mixed,discretionary_or_unclassified
37,1,1744169294,F.US.MNQ,MNQZ25,short,2025-12-05 10:06:10.190509-05:00,2025-12-05 10:47:21.990514-05:00,2025-12-05,41.19666675,25832.0,25816.25,1,1,31.5,0.74,30.76,10,36.16984181666667,10:00-11:00,True,covered,clean,25819.25,25777.75,25660.5,25719.125,117.25,normal,40.0,above_or,25754.60054239544,above,25649.65058826511,35.337352933725924,above,25737.344361333286,above,70.39689895427176,bull_trend_zone,1.97776751888735,long,8.830158183333333,down,0.3723756906077348,False,35.75,38.25,-11.25,-17.25,-15.0,80.75,uptrend_above_ema,discretionary_or_unclassified
38,3,1744578685|1745301379|1745885567,F.US.MNQ,MNQZ25,long,2025-12-05 11:03:18.216427-05:00,2025-12-05 13:05:34.914069-05:00,2025-12-05,122.27829403333334,25735.416666666668,25741.0,3,1,33.5,2.2199999999999998,31.28,11,93.30360711666667,11:00-12:00,True,covered,clean,25743.5,25777.75,25660.5,25719.125,117.25,normal,40.0,inside_or,25782.98611933405,below,25740.94208095339,0.5769797616521828,near,25797.468831239537,below,58.09776125024653,neutral,2.1085961215822655,long,11.696392883333335,down,0.3723756906077348,False,84.41666666666788,26.08333333333212,1.8333333333321207,-36.66666666666788,-50.16666666666788,-7.166666666667879,uptrend_above_ema,orb_breakout_or_retest_candidate
39,1,1746545906,F.US.MNQ,MNQZ25,long,2025-12-05 14:47:39.443075-05:00,2025-12-05 14:50:19.943512-05:00,2025-12-05,2.6750072833333336,25706.25,25718.25,1,1,24.0,0.74,23.26,14,317.65738458333334,13:30-15:00,True,covered,clean,25708.75,25777.75,25660.5,25719.125,117.25,normal,40.0,inside_or,25746.703959320133,below,25723.5461756,-2.761543899996468,below,25722.384830144692,below,51.80335792102248,neutral,0.41042405417293415,long,12.342615416666666,down,0.3723756906077348,False,2.0,19.75,23.75,19.75,21.5,-12.5,downtrend_below_ema,orb_breakout_or_retest_candidate
40,6,1749893373|1749893374|1749893375|1750334578|1750394122|1750573602,F.US.MNQ,MNQZ25,short,2025-12-08 08:32:20.643908-05:00,2025-12-08 09:45:25.571714-05:00,2025-12-08,73.0821301,25811.15,25807.725,10,7,68.5,7.4,61.10000000000001,8,-57.65593486666667,pre_rth,False,outside_rth_1m,clean,,,,,,,,,,,,,,,,,,,,,,,,,,,,,,,outside_rth_1m
41,16,1751448680|1751850790|1751850791|1752394841|1752394843|1752394844|1752394845|1752394846|1752394847|1752394848|1752847370|1752984636|1753496198|1753538204|1753675584|1754363115,F.US.MNQ,MNQZ25,long,2025-12-08 10:15:08.815176-05:00,2025-12-08 14:01:13.947316-05:00,2025-12-08,226.08553566666666,25644.377717391304,25648.698369565216,92,81,795.0,68.08,726.92,10,45.146919600000004,10:00-11:00,True,covered,clean,25741.5,25860.75,25768.0,25814.375,92.75,tight,20.0,below_or,25783.047005059514,below,25741.86183594016,-0.09045898503609351,below,25756.62882835921,below,53.4956202905536,neutral,1.4577266790355607,short,14.853080400000001,up,0.2122260668973472,False,80.62771739130403,104.37228260869597,85.12228260869597,44.12228260869597,50.37228260869597,-9.627717391304031,downtrend_below_ema,discretionary_or_unclassified
42,4,1761132450|1761386003|1761849870|1762039865,F.US.MNQ,MNQZ25,short,2025-12-09 12:04:06.941905-05:00,2025-12-09 14:08:28.637320-05:00,2025-12-09,124.36159025,25715.75,25706.3125,4,1,75.5,2.96,72.53999999999999,12,154.11569841666667,12:00-13:30,True,covered,clean,25727.0,25653.25,25560.0,25606.625,93.25,tight,25.0,above_or,25650.626841338017,above,25674.829369855408,8.480157536148909,above,25696.7069220605,above,60.20520809864238,neutral,0.8250126935690537,long,10.884301583333333,down,0.414983164983165,False,22.75,26.75,-8.25,8.75,11.0,-6.5,uptrend_above_ema,discretionary_or_unclassified
43,1,1764572127,F.US.MNQ,MNQZ25,short,2025-12-10 02:44:52.880053-05:00,2025-12-10 04:24:55.446221-05:00,2025-12-10,100.04276946666667,25725.25,25709.75,1,1,31.0,0.74,30.26,2,-405.1186657833333,pre_rth,False,outside_rth_1m,clean,,,,,,,,,,,,,,,,,,,,,,,,,,,,,,,outside_rth_1m
44,13,1766548693|1767367712|1767367713|1767623122|1767623123|1767623124|1767623125|1767623126|1767623127|1767623128|1767623129|1767623130|1767712053,F.US.MNQ,MNQZ25,long,2025-12-10 09:57:57.944073-05:00,2025-12-10 11:09:29.502177-05:00,2025-12-10,71.5259684,25543.13349514563,25545.01213592233,103,99,387.0,76.22,310.78000000000003,9,27.965734549999997,09:30-10:00,True,covered,clean,25604.0,25663.25,25567.0,25615.125,96.25,normal,30.0,below_or,25626.534224363924,below,25691.13377714879,-12.03344428719356,below,25652.78698750382,below,39.10737725998402,neutral,3.922676983929558,none,2.03426545,up,0.47198879551820727,False,14.88349514563015,113.61650485436985,78.11650485436985,100.11650485436985,86.61650485436985,31.61650485436985,downtrend_below_ema,discretionary_or_unclassified
45,6,1768788462|1769359883|1770169193|1770169194|1770552239|1770582153,F.US.MNQ,MNQZ25,short,2025-12-10 13:18:53.667488-05:00,2025-12-10 15:52:01.034138-05:00,2025-12-10,153.1227775,25774.85714285714,25767.535714285714,7,3,102.5,5.18,97.32000000000001,13,228.89445813333333,12:00-13:30,True,covered,clean,25643.0,25663.25,25567.0,25615.125,96.25,normal,30.0,above_or,25619.437116111418,above,25640.52233727553,2.306915681117971,above,25649.143098353787,above,49.70860829476201,neutral,0.4602940314221546,short,11.105541866666666,up,0.47198879551820727,False,94.8928571428587,195.8571428571413,146.1071428571413,165.1071428571413,146.3571428571413,82.3571428571413,uptrend_above_ema,discretionary_or_unclassified
46,2,1773634027|1773634028,F.US.MNQ,MNQZ25,short,2025-12-11 07:42:12.849607-05:00,2025-12-11 08:01:50.598193-05:00,2025-12-11,19.6291431,25695.0,25690.5,4,4,36.0,2.96,33.04,7,-107.78583988333334,pre_rth,False,outside_rth_1m,clean,,,,,,,,,,,,,,,,,,,,,,,,,,,,,,,outside_rth_1m
47,10,1774957845|1774957846|1774957847|1774957848|1774957849|1774957850|1774957851|1774957852|1775095116|1775095117,F.US.MNQ,MNQZ25,long,2025-12-11 09:44:16.017757-05:00,2025-12-11 09:59:46.095113-05:00,2025-12-11,15.501289266666667,25435.629213483146,25442.584269662922,89,84,1238.0,65.86,1172.1399999999999,9,14.266962616666666,09:30-10:00,False,covered,clean,25580.0,25649.75,25555.75,25602.75,94.0,tight,25.0,below_or,25594.63375449575,below,,,unknown,25736.768774523203,below,,unknown,,none,0.7330373833333332,up,0.4480234260614934,False,45.37921348314558,159.12078651685442,52.12078651685442,-21.379213483145577,120.62078651685442,104.62078651685442,unknown,pre_or_locked_trade
48,1,1786707204,F.US.MNQ,MNQZ25,long,2025-12-14 18:45:00.551849-05:00,2025-12-14 19:07:28.545459-05:00,2025-12-14,22.466560166666667,25181.5,25207.0,2,2,102.0,1.48,100.52,18,555.0091974833334,post_rth,True,missing_day,missing_day,,,,,,,,,,,,,,,,,,,,,,,,,,,,,,,missing_day
49,1,1797819757,F.US.MNQ,MNQH26,short,2025-12-16 10:09:46.311164-05:00,2025-12-16 10:55:25.548117-05:00,2025-12-16,45.65394921666667,25338.75,25325.5,2,2,53.0,1.48,51.52,10,39.77185273333334,10:00-11:00,True,covered,clean,25134.25,25106.5,24966.0,25036.25,140.5,normal,65.0,above_or,25080.21477910734,above,25110.299806556854,10.050048360790242,above,25097.134081070082,above,49.852851607166905,neutral,1.8028313382748626,long,5.228147266666666,down,0.8615179760319573,True,-204.0,402.25,257.75,349.75,342.5,290.0,uptrend_above_ema,discretionary_or_unclassified
50,1,1798630528,F.US.MNQ,MNQH26,short,2025-12-16 18:52:32.545909-05:00,2025-12-16 18:57:12.943159-05:00,2025-12-16,4.6732875,25323.0,25321.0,2,2,8.0,1.48,6.52,18,562.5424318166666,post_rth,True,outside_rth_1m,clean,,,,,,,,,,,,,,,,,,,,,,,,,,,,,,,outside_rth_1m
51,2,1803104982|1803138222,F.US.MNQ,MNQH26,long,2025-12-17 10:46:09.623144-05:00,2025-12-17 10:50:27.850306-05:00,2025-12-17,4.303786033333334,25114.25,25134.375,2,2,80.5,1.48,79.02000000000001,10,76.16038573333334,10:00-11:00,True,covered,clean,24890.5,25205.75,25059.5,25132.625,146.25,normal,75.0,inside_or,25063.61934702142,above,25056.04836524589,-35.6370913114697,above,25022.259940157397,above,36.688230376693745,neutral,1.5899836919353991,short,13.839614266666667,up,0.5153985507246377,False,241.25,-183.75,-230.25,-289.0,-317.75,-311.25,mixed,discretionary_or_unclassified
52,3,1817698045|1817898211|1818247877,F.US.MNQ,MNQH26,short,2025-12-19 09:45:31.157860-05:00,2025-12-19 10:28:18.123784-05:00,2025-12-19,42.7827654,25555.4,25560.1,5,2,-47.0,3.7,-50.69999999999998,9,15.519297666666667,09:30-10:00,True,unclean_day_zero_volume_or,zero_volume_or,,,,,,,,,,,,,,,,,,,,,,,,,,,,,,,unclean_day_zero_volume_or
53,1,1819017405,F.US.MNQ,MNQH26,long,2025-12-19 11:15:54.571990-05:00,2025-12-19 11:16:21.971204-05:00,2025-12-19,0.4566535666666667,25527.75,25533.0,2,2,21.0,1.48,19.52,11,105.90953316666668,11:00-12:00,True,unclean_day_zero_volume_or,zero_volume_or,,,,,,,,,,,,,,,,,,,,,,,,,,,,,,,unclean_day_zero_volume_or
54,1,1819264660,F.US.MNQ,MNQH26,short,2025-12-19 11:30:39.515479-05:00,2025-12-19 11:45:05.714969-05:00,2025-12-19,14.436658166666666,25555.5,25537.75,2,2,71.0,1.48,69.52,11,120.65859131666666,11:00-12:00,True,unclean_day_zero_volume_or,zero_volume_or,,,,,,,,,,,,,,,,,,,,,,,,,,,,,,,unclean_day_zero_volume_or
55,8,1832063931|1832063932|1832063933|1832063934|1832063935|1832063936|1832063937|1832306205,F.US.MNQ,MNQH26,short,2025-12-23 09:56:46.159842-05:00,2025-12-23 12:50:40.169234-05:00,2025-12-23,173.90015653333333,25766.253472222223,25761.625,72,71,666.5,53.28,613.2199999999999,9,26.7693307,09:30-10:00,True,covered,clean,25701.25,25737.5,25638.0,25687.75,99.5,normal,40.0,above_or,25716.74519431357,above,25697.431818022946,8.017045494267222,above,25709.54107080662,above,73.10518262205366,bull_trend_zone,4.190104284769745,none,3.2306693,down,0.5574018126888217,False,12.246527777777374,139.00347222222263,102.25347222222263,130.50347222222263,87.00347222222263,36.503472222222626,uptrend_above_ema,discretionary_or_unclassified
56,1,1832938290,F.US.MNQ,MNQH26,short,2025-12-23 15:49:04.569539-05:00,2025-12-23 15:50:17.308930-05:00,2025-12-23,1.2123231833333332,25803.75,25802.25,1,1,3.0,0.74,2.26,15,379.07615898333336,15:00-16:00,True,covered,clean,25802.75,25737.5,25638.0,25687.75,99.5,normal,40.0,above_or,25725.146600530778,above,25788.29088298792,2.30227925302097,above,25797.567064939183,above,70.7625769387921,bull_trend_zone,0.5342212563458428,long,10.923841016666668,down,0.5574018126888217,False,10.0,5.75,-4.5,-7.25,-7.25,-7.25,uptrend_above_ema,discretionary_or_unclassified
57,2,1835757396|1835757398,F.US.MNQ,MNQH26,short,2025-12-24 10:09:18.634190-05:00,2025-12-24 10:18:42.671185-05:00,2025-12-24,9.400616583333335,25832.4375,25829.5,4,4,23.5,2.96,20.540000000000003,10,39.31056983333334,10:00-11:00,True,covered,clean,25821.0,25827.5,25781.75,25804.625,45.75,tight,0.0,near_or_high,25804.53705969047,above,25796.60293208982,3.2867669775478134,above,25805.18275570542,above,68.93013338357187,bull_trend_zone,1.6264411402932948,none,5.689430166666667,up,0.8626943005181347,True,8.5625,12.9375,4.6875,22.9375,12.4375,-6.3125,uptrend_above_ema,discretionary_or_unclassified
58,1,1838996502,F.US.MNQ,MNQH26,short,2025-12-26 09:45:25.940260-05:00,2025-12-26 09:49:46.291766-05:00,2025-12-26,4.339191766666667,25931.0,25915.75,2,2,61.0,1.48,59.52,9,15.432337666666665,09:30-10:00,True,covered,clean,25929.0,25932.5,25864.5,25898.5,68.0,tight,5.0,near_or_high,25904.19941631109,above,25875.765200578564,13.308699855362647,above,25893.568634979478,above,75.81007272841286,bull_trend_zone,2.992024319682418,none,14.567662333333335,up,0.5972850678733032,False,4.0,35.75,34.5,58.0,94.25,49.5,uptrend_above_ema,discretionary_or_unclassified
59,2,1839641965|1840025349,F.US.MNQ,MNQH26,long,2025-12-26 10:25:55.595369-05:00,2025-12-26 11:14:01.573218-05:00,2025-12-26,48.09963081666667,25869.5,25878.25,2,2,35.0,1.48,33.519999999999996,10,55.92658948333334,10:00-11:00,True,covered,clean,25880.75,25932.5,25864.5,25898.5,68.0,tight,5.0,near_or_low,25883.422957342264,below,25869.859728370284,-6.902432092567324,near,25874.234160158765,near,51.85548607413979,neutral,2.0314449304012046,short,4.073410516666667,up,0.5972850678733032,False,12.75,41.5,15.75,15.25,26.75,9.5,downtrend_below_ema,discretionary_or_unclassified
60,3,1844248916|1844327053|1844348965,F.US.MNQ,MNQH26,long,2025-12-29 08:51:26.738952-05:00,2025-12-29 09:13:45.487750-05:00,2025-12-29,22.312479966666668,25683.0,25685.964285714286,28,15,166.0,20.72,145.28,8,-38.554350799999995,pre_rth,False,outside_rth_1m,clean,,,,,,,,,,,,,,,,,,,,,,,,,,,,,,,outside_rth_1m
61,1,1845292944,F.US.MNQ,MNQH26,short,2025-12-29 10:08:40.806606-05:00,2025-12-29 10:09:59.623207-05:00,2025-12-29,1.3136100166666667,25690.5,25685.0,1,1,11.0,0.74,10.26,10,38.6801101,10:00-11:00,True,covered,clean,25698.25,25818.75,25664.25,25741.5,154.5,wide,90.0,inside_or,25744.452199286246,below,25832.248469744398,-27.31211743609674,below,25765.843661938303,below,25.23392935662153,bear_trend_zone,3.832679390835938,none,6.319889900000001,down,0.32754342431761785,False,14.5,20.5,16.75,-34.25,-58.0,0.25,downtrend_below_ema,discretionary_or_unclassified
62,1,1846751439,F.US.MNQ,MNQH26,short,2025-12-29 13:01:18.006874-05:00,2025-12-29 13:01:40.507115-05:00,2025-12-29,0.37500401666666666,25688.25,25687.25,1,1,2.0,0.74,1.26,13,211.30011456666668,12:00-13:30,True,covered,clean,25690.5,25818.75,25664.25,25741.5,154.5,wide,90.0,inside_or,25717.936639933097,below,25700.46219928094,-0.1780498202315357,below,25686.273549985464,near,38.912774558964436,neutral,0.5520572327693265,short,13.699885433333332,down,0.32754342431761785,False,5.25,1.75,-8.0,-4.25,-14.25,-6.25,downtrend_below_ema,orb_breakout_or_retest_candidate
63,1,1851364331,F.US.MNQ,MNQH26,long,2025-12-30 10:13:56.620036-05:00,2025-12-30 10:15:21.468585-05:00,2025-12-30,1.4141424833333334,25693.5,25698.0,2,2,18.0,1.48,16.52,10,43.943667266666665,10:00-11:00,True,covered,clean,25693.75,25733.0,25675.5,25704.25,57.5,tight,5.0,inside_or,25722.22783012555,below,25732.187921564226,6.140519608943578,below,25731.919831206535,below,52.980217317202744,neutral,3.10277236723839,long,1.0563327333333334,up,0.20029239766081872,False,10.0,15.75,-3.5,1.5,-10.0,67.75,mixed,orb_breakout_or_retest_candidate
64,1,1852522900,F.US.MNQ,MNQH26,long,2025-12-30 12:09:14.661275-05:00,2025-12-30 12:10:12.124228-05:00,2025-12-30,0.9577158833333334,25720.25,25720.5,1,1,0.5,0.74,-0.24,12,159.24435458333335,12:00-13:30,True,covered,clean,25716.75,25733.0,25675.5,25704.25,57.5,tight,5.0,inside_or,25726.36013226343,below,25734.110204486748,-3.527551121685974,below,25733.628179026397,below,47.42039148137237,neutral,0.7473768323318192,long,5.755645416666667,up,0.20029239766081872,False,3.75,2.75,-11.75,-0.5,12.25,11.75,downtrend_below_ema,orb_breakout_or_retest_candidate
65,1,1856470250,F.US.MNQ,MNQH26,short,2025-12-31 08:51:31.258403-05:00,2025-12-31 09:25:47.571765-05:00,2025-12-31,34.27188936666666,25695.25,25693.0,3,3,13.5,2.22,11.28,8,-38.47902661666667,pre_rth,False,outside_rth_1m,clean,,,,,,,,,,,,,,,,,,,,,,,,,,,,,,,outside_rth_1m
66,2,1857173940|1857173941,F.US.MNQ,MNQH26,long,2025-12-31 09:52:23.333375-05:00,2025-12-31 10:02:52.875299-05:00,2025-12-31,10.4923654,25606.5,25607.75,4,4,10.0,2.96,7.039999999999999,9,22.38888958333333,09:30-10:00,True,covered,clean,25609.5,25692.25,25608.75,25650.5,83.5,tight,15.0,near_or_low,25631.913463214983,below,25690.51949640382,-17.629874100952293,below,25655.3805348353,below,29.227275341910016,bear_trend_zone,3.686189636174071,none,7.6111104166666665,down,0.1172962226640159,False,12.5,29.0,-3.0,5.0,-20.0,-25.5,downtrend_below_ema,discretionary_or_unclassified
67,1,1863239242,F.US.MNQ,MNQH26,short,2026-01-02 09:56:03.642855-05:00,2026-01-02 10:12:09.932646-05:00,2026-01-02,16.10482985,25736.0,25665.0,2,2,284.0,1.48,282.52,9,26.06071425,09:30-10:00,True,covered,clean,25741.0,25733.5,25638.0,25685.75,95.5,normal,40.0,near_or_high,25708.592092030267,above,25555.419553496544,33.707611625864956,above,25640.551334412885,above,60.76151476917644,neutral,4.090778721841735,none,3.9392857500000003,down,0.9021190716448032,True,44.0,116.75,-30.25,79.25,237.5,290.0,uptrend_above_ema,discretionary_or_unclassified
68,1,1863658751,F.US.MNQ,MNQH26,long,2026-01-02 10:30:15.713787-05:00,2026-01-02 10:33:36.323736-05:00,2026-01-02,3.34349915,25482.5,25537.75,2,2,221.0,1.48,219.52,10,60.26189645,10:00-11:00,True,covered,clean,25489.75,25733.5,25638.0,25685.75,95.5,normal,40.0,below_or,25653.7154459691,below,25572.820811390236,-20.767702847555483,below,25589.86385680667,below,41.980058507319896,neutral,3.058592357122807,short,14.73810355,down,0.9021190716448032,True,14.25,64.5,67.0,96.0,-122.5,-106.75,downtrend_below_ema,discretionary_or_unclassified
69,1,1868624046,F.US.MNQ,MNQH26,short,2026-01-05 05:58:25.054944-05:00,2026-01-05 06:09:43.852514-05:00,2026-01-05,11.313292833333332,25552.75,25547.25,10,10,110.0,7.4,102.6,5,-211.5824176,pre_rth,False,outside_rth_1m,clean,,,,,,,,,,,,,,,,,,,,,,,,,,,,,,,outside_rth_1m
70,11,1869517976|1870676105|1870676106|1870676107|1870676108|1870676109|1870676110|1870993039|1870993040|1870993041|1872066048,F.US.MNQ,MNQH26,short,2026-01-05 09:30:41.584305-05:00,2026-01-05 12:06:52.311272-05:00,2026-01-05,156.17878278333333,25653.035294117646,25651.0,85,66,346.0,62.9,283.09999999999997,9,0.69307175,09:30-10:00,False,covered,clean,,25673.25,25538.5,25605.875,134.75,normal,75.0,inside_or,,unknown,,,unknown,,unknown,,unknown,,none,14.30692825,down,0.5592196934509986,False,54.96470588235388,114.53529411764612,80.03529411764612,29.035294117646117,56.78529411764612,-20.964705882353883,unknown,pre_or_locked_trade
71,8,1876257472|1876257473|1876415244|1876415245|1876415246|1876502541|1878784698|1878784699,F.US.MNQ,MNQH26,short,2026-01-06 07:02:16.575364-05:00,2026-01-06 10:46:31.099120-05:00,2026-01-06,224.2420626,25637.984375,25634.828125,16,9,101.0,11.84,89.16000000000001,7,-147.72374393333334,pre_rth,False,outside_rth_1m,clean,,,,,,,,,,,,,,,,,,,,,,,,,,,,,,,outside_rth_1m
72,1,1880943677,F.US.MNQ,MNQH26,short,2026-01-06 15:17:30.523276-05:00,2026-01-06 15:24:13.022662-05:00,2026-01-06,6.7083231,25815.5,25814.0,1,1,3.0,0.74,2.26,15,347.50872126666667,15:00-16:00,True,covered,clean,25815.75,25679.0,25608.75,25643.875,70.25,tight,15.0,above_or,25721.712210794947,above,25793.149243730935,4.525189067269821,above,25808.84115118346,above,68.43906393686126,bull_trend_zone,0.5163068415615018,long,12.491278733333333,down,0.3303834808259587,False,3.5,6.5,2.5,2.5,-18.5,2.0,uptrend_above_ema,discretionary_or_unclassified
73,7,1886315361|1886315362|1886318749|1886349735|1886441605|1887123664|1887328006,F.US.MNQ,MNQH26,short,2026-01-07 10:04:30.256596-05:00,2026-01-07 12:06:05.943602-05:00,2026-01-07,121.59478343333333,25886.678571428572,25880.214285714286,7,3,90.5,5.18,85.32000000000001,10,34.504276600000004,10:00-11:00,True,covered,clean,25827.5,25864.25,25770.75,25817.5,93.5,normal,35.0,above_or,25833.000476709232,above,25823.43194418576,8.392013953562127,above,25842.76893844807,above,71.88852721582951,bull_trend_zone,2.102944801903011,none,10.495723400000001,up,0.7751091703056768,True,100.82142857142753,77.67857142857247,30.928571428572468,49.92857142857247,4.178571428572468,-33.82142857142753,uptrend_above_ema,discretionary_or_unclassified
74,5,1892891507|1892904639|1893011798|1893079715|1893417390,F.US.MNQ,MNQH26,long,2026-01-08 09:44:51.457624-05:00,2026-01-08 10:05:45.084658-05:00,2026-01-08,20.893783900000003,25620.3,25647.8,5,3,275.0,3.7,271.3,9,14.857627066666668,09:30-10:00,False,covered,clean,25625.0,25802.75,25613.25,25708.0,189.5,wide,100.0,inside_or,25707.895557411266,below,,,unknown,25791.28372561134,below,,unknown,,none,0.14237293333333334,up,0.1925192519251925,False,50.79999999999927,55.95000000000073,29.450000000000728,-16.799999999999272,56.95000000000073,62.95000000000073,unknown,pre_or_locked_trade
75,3,1901518517|1901669884|1901729325,F.US.MNQ,MNQH26,short,2026-01-09 10:30:11.675840-05:00,2026-01-09 10:44:11.632417-05:00,2026-01-09,13.999276283333334,25856.0,25818.0,3,2,228.0,2.2199999999999998,225.78,10,60.194597333333334,10:00-11:00,True,covered,clean,25853.75,25791.0,25648.25,25719.625,142.75,wide,80.0,above_or,25729.40418736038,above,25731.721936421993,30.50701589450182,above,25760.68987140643,above,69.43715331880574,bull_trend_zone,2.22404562528859,long,14.805402666666668,down,0.4437299035369775,False,23.0,95.0,-9.0,78.25,33.25,-12.75,uptrend_above_ema,inverse_orb_candidate
76,1,1902737965,F.US.MNQ,MNQH26,short,2026-01-09 12:26:17.794338-05:00,2026-01-09 12:31:24.543157-05:00,2026-01-09,5.112480316666667,25915.25,25909.5,1,1,11.5,0.74,10.76,12,176.2965723,12:00-13:30,True,covered,clean,25918.5,25791.0,25648.25,25719.625,142.75,wide,80.0,above_or,25785.416614782327,above,25848.47616584113,16.19345853971754,above,25900.442877933452,above,67.35728612064949,bull_trend_zone,0.5011491723724177,long,3.7034276999999998,down,0.4437299035369775,False,7.25,10.0,4.25,2.75,-11.75,27.75,uptrend_above_ema,inverse_orb_candidate
77,1,1906779351,F.US.MNQ,MNQH26,long,2026-01-12 04:11:12.348892-05:00,2026-01-12 05:32:33.306734-05:00,2026-01-12,81.34929736666666,25696.75,25713.75,1,1,34.0,0.74,33.26,4,-318.7941851333333,pre_rth,False,outside_rth_1m,clean,,,,,,,,,,,,,,,,,,,,,,,,,,,,,,,outside_rth_1m
78,5,1908074776|1910416732|1910416733|1910889396|1911385732,F.US.MNQ,MNQH26,short,2026-01-12 09:39:15.763764-05:00,2026-01-12 15:30:14.809918-05:00,2026-01-12,350.98410256666665,25952.041666666668,25951.916666666668,6,2,1.5,4.4399999999999995,-2.9399999999999884,9,9.262729400000001,09:30-10:00,False,covered,clean,25878.25,25892.5,25743.75,25818.125,148.75,wide,85.0,above_or,25833.057798237798,above,,,unknown,25936.527783903122,above,,unknown,,none,5.7372706,up,0.5901417960837272,False,68.45833333333212,117.79166666666788,98.79166666666788,58.54166666666788,69.79166666666788,50.79166666666788,unknown,pre_or_locked_trade
79,4,1916152809|1916894896|1917860302|1918139327,F.US.MNQ,MNQH26,short,2026-01-13 09:46:41.326614-05:00,2026-01-13 11:51:27.183536-05:00,2026-01-13,124.76428203333333,25962.5,25919.375,4,2,345.0,2.96,342.03999999999996,9,16.6887769,09:30-10:00,True,covered,clean,25977.75,26043.0,25930.75,25986.875,112.25,normal,50.0,inside_or,25985.650618229058,below,25983.737662183994,1.7530844540051476,below,25987.007030173645,below,56.635158598287035,neutral,4.819547003692133,none,13.311223100000001,up,0.7452574525745257,True,52.25,156.5,17.5,9.25,65.0,117.5,mixed,discretionary_or_unclassified
80,2,1922637019|1922637383,F.US.MNQ,MNQH26,long,2026-01-14 05:30:11.597256-05:00,2026-01-14 06:24:25.544895-05:00,2026-01-14,54.23246065,25746.625,25754.625,2,2,32.0,1.48,30.52,5,-239.8067124,pre_rth,False,outside_rth_1m,clean,,,,,,,,,,,,,,,,,,,,,,,,,,,,,,,outside_rth_1m
81,2,1924943170|1924983183,F.US.MNQ,MNQH26,long,2026-01-14 10:00:18.046975-05:00,2026-01-14 10:12:55.647649-05:00,2026-01-14,12.6266779,25581.0,25629.75,2,2,195.0,1.48,193.52,10,30.300782916666666,10:00-11:00,True,covered,clean,25585.25,25791.25,25623.5,25707.375,167.75,wide,95.0,below_or,25674.496616905377,below,25771.779264386714,-46.63231609667491,below,25702.191419981216,below,26.258345441019358,bear_trend_zone,2.5362704691647515,short,14.699217083333334,down,0.19186652763295098,False,48.0,84.75,-0.75,93.0,2.5,-78.25,downtrend_below_ema,inverse_orb_candidate
82,1,1925383052,F.US.MNQ,MNQH26,short,2026-01-14 10:26:46.743905-05:00,2026-01-14 10:31:27.446127-05:00,2026-01-14,4.678370366666667,25663.5,25579.5,1,1,168.0,0.74,167.26,10,56.77906508333333,10:00-11:00,True,covered,clean,25659.75,25791.25,25623.5,25707.375,167.75,wide,95.0,inside_or,25651.580927325842,above,25752.223411509374,-19.55585287733993,below,25661.14280449945,near,36.27975959469512,neutral,2.394831115897115,short,3.2209349166666663,down,0.19186652763295098,False,6.25,90.25,79.5,54.0,170.5,101.75,downtrend_below_ema,orb_breakout_or_retest_candidate
83,1,1926650379,F.US.MNQ,MNQH26,long,2026-01-14 12:01:38.402792-05:00,2026-01-14 12:02:24.601589-05:00,2026-01-14,0.76997995,25463.25,25468.5,1,1,10.5,0.74,9.76,12,151.64004653333333,12:00-13:30,True,covered,clean,25467.25,25791.25,25623.5,25707.375,167.75,wide,95.0,below_or,25593.94892169405,below,25566.125969589375,-26.531492397341935,below,25502.24198889485,below,30.610579411599005,bear_trend_zone,1.1761950527378509,short,13.359953466666667,down,0.19186652763295098,False,3.0,17.0,13.0,12.75,7.5,-6.75,downtrend_below_ema,inverse_orb_candidate
84,1,1931364141,F.US.MNQ,MNQH26,short,2026-01-15 06:56:29.183833-05:00,2026-01-15 07:00:05.581482-05:00,2026-01-15,3.6066274833333334,25841.75,25838.25,2,2,14.0,1.48,12.52,6,-153.51360278333334,pre_rth,False,outside_rth_1m,clean,,,,,,,,,,,,,,,,,,,,,,,,,,,,,,,outside_rth_1m
85,1,1933157876,F.US.MNQ,MNQH26,short,2026-01-15 09:55:36.631130-05:00,2026-01-15 09:57:24.128771-05:00,2026-01-15,1.79162735,25907.5,25890.25,1,1,34.5,0.74,33.76,9,25.610518833333334,09:30-10:00,True,covered,clean,25906.75,25946.75,25853.0,25899.875,93.75,normal,30.0,inside_or,25892.752647207642,above,25630.57795374537,74.04301156365909,above,25801.33468135209,above,73.81228366402833,bull_trend_zone,2.660967206148633,none,4.389481166666667,down,0.28040540540540543,False,10.75,38.25,34.0,46.5,43.0,69.75,uptrend_above_ema,discretionary_or_unclassified
86,2,1940760563|1941183053,F.US.MNQ,MNQH26,short,2026-01-16 09:35:00.665283-05:00,2026-01-16 09:55:11.970973-05:00,2026-01-16,20.188428166666665,25832.625,25811.375,2,1,85.0,1.48,83.52,9,5.01108805,09:30-10:00,False,covered,clean,25865.25,25891.25,25817.5,25854.375,73.75,tight,20.0,inside_or,25864.397025294675,below,,,unknown,25748.42369754053,above,,unknown,,none,9.988911949999999,down,0.753199268738574,True,47.875,81.625,-21.125,15.125,84.625,181.375,unknown,pre_or_locked_trade
87,2,1943293632|1943586536,F.US.MNQ,MNQH26,short,2026-01-16 11:43:34.482257-05:00,2026-01-16 12:32:44.569276-05:00,2026-01-16,49.168116983333334,25711.0,25703.0,2,1,32.0,1.48,30.520000000000003,11,133.57470428333332,11:00-12:00,True,covered,clean,25739.0,25891.25,25817.5,25854.375,73.75,tight,20.0,below_or,25726.338765298984,below,25707.672945091257,2.269263727186626,near,25702.386779503933,above,46.51179845941495,neutral,0.7145822938510333,short,1.4252957166666667,down,0.753199268738574,True,42.25,32.75,-22.25,-7.5,1.0,10.75,uptrend_above_ema,orb_breakout_or_retest_candidate
88,8,1952427025|1952427026|1952427027|1952427028|1952427029|1952764292|1952764293|1952776201,F.US.MNQ,MNQH26,long,2026-01-20 03:10:33.673799-05:00,2026-01-20 05:23:32.176170-05:00,2026-01-20,132.97503951666667,25176.446428571428,25176.946428571428,42,39,42.0,31.08,10.919999999999982,3,-379.43877001666664,pre_rth,False,outside_rth_1m,clean,,,,,,,,,,,,,,,,,,,,,,,,,,,,,,,outside_rth_1m
89,4,1954810102|1955220491|1955727313|1956130291,F.US.MNQ,MNQH26,short,2026-01-20 10:01:20.785264-05:00,2026-01-20 11:17:10.332333-05:00,2026-01-20,75.82578448333334,25348.1875,25339.0,4,1,73.5,2.96,70.54,10,31.346421066666668,10:00-11:00,True,covered,clean,25303.0,25357.25,25232.5,25294.875,124.75,normal,65.0,inside_or,25306.90403697495,above,25371.45630237458,-12.051575593643065,below,25341.46174611093,above,32.457969311098964,bear_trend_zone,3.391668587887625,none,13.653578933333334,up,0.5763411279229711,False,80.0625,94.1875,30.6875,72.4375,-12.3125,-55.0625,downtrend_below_ema,discretionary_or_unclassified
90,6,1964023908|1964023909|1964295948|1964820360|1964820361|1964974534,F.US.MNQ,MNQH26,short,2026-01-21 10:05:49.068050-05:00,2026-01-21 11:40:14.656520-05:00,2026-01-21,94.4264745,25423.39285714286,25430.60714285714,7,3,-101.0,5.18,-106.18,10,35.81780083333333,10:00-11:00,True,covered,clean,25318.5,25223.0,25128.5,25175.75,94.5,normal,45.0,above_or,25226.16687091361,above,25201.396771594056,30.900807101486862,above,25241.488493593482,above,57.05932593087973,neutral,2.0292186729636454,long,9.182199166666667,down,0.3028700906344411,False,73.1071428571413,130.3928571428587,121.3928571428587,90.3928571428587,-14.607142857141298,-40.3571428571413,uptrend_above_ema,discretionary_or_unclassified
91,13,1965238679|1965293685|1965550016|1965551895|1966000938|1966093141|1966170682|1966308108|1966316322|1966362783|1966397155|1966426206|1966479145,F.US.MNQ,MNQH26,long,2026-01-21 11:55:03.087982-05:00,2026-01-21 14:27:44.639713-05:00,2026-01-21,152.69252885,25240.653846153848,25245.576923076922,13,2,128.0,9.62,118.38000000000001,11,145.05146636666666,11:00-12:00,True,covered,clean,25264.75,25223.0,25128.5,25175.75,94.5,normal,45.0,above_or,25336.76230336551,below,25360.15584263421,-16.413960658548604,below,25354.05336206622,below,47.573325831423354,neutral,1.8911234085356434,long,4.948533633333333,down,0.3028700906344411,False,97.90384615384755,171.09615384615245,8.846153846152447,-40.90384615384755,-20.153846153847553,-9.903846153847553,downtrend_below_ema,orb_breakout_or_retest_candidate
92,1,1969964323,F.US.MNQ,MNQH26,short,2026-01-22 03:52:36.503577-05:00,2026-01-22 06:44:54.987272-05:00,2026-01-22,172.30806158333334,25700.0,25677.75,1,1,44.5,0.74,43.76,3,-337.39160705,pre_rth,False,outside_rth_1m,clean,,,,,,,,,,,,,,,,,,,,,,,,,,,,,,,outside_rth_1m
93,5,1973309831|1973602380|1974260204|1974260205|1974260206,F.US.MNQ,MNQH26,short,2026-01-22 10:56:25.628149-05:00,2026-01-22 13:03:03.766131-05:00,2026-01-22,126.63563303333333,25683.964285714286,25686.428571428572,7,5,-34.5,5.18,-39.68,10,86.42713581666666,10:00-11:00,True,covered,clean,25613.75,25732.25,25612.25,25672.25,120.0,normal,65.0,inside_or,25609.13005998766,above,25557.11249254219,22.159376864456135,above,25611.017411862733,above,63.38571137250301,neutral,0.9136697309223739,short,3.572864183333333,up,0.5226298237255836,False,37.035714285713766,82.46428571428623,66.71428571428623,37.464285714286234,6.214285714286234,18.214285714286234,uptrend_above_ema,orb_breakout_or_retest_candidate
94,3,1980782053|1982668666|1982668667,F.US.MNQ,MNQH26,short,2026-01-23 10:20:16.571756-05:00,2026-01-23 12:42:16.129636-05:00,2026-01-23,141.99263133333335,25749.416666666668,25747.666666666668,3,2,10.5,2.2199999999999998,8.279999999999982,10,50.276195933333334,10:00-11:00,True,covered,clean,25682.25,25652.75,25562.5,25607.625,90.25,normal,35.0,above_or,25640.06255095927,above,25657.80785330871,7.610536672822491,above,25666.295364566442,above,57.51881592403884,neutral,2.0266702364034264,long,9.723804066666666,down,0.3493670886075949,False,96.08333333333212,77.91666666666788,-6.333333333332121,-24.58333333333212,-53.83333333333212,-65.58333333333212,uptrend_above_ema,discretionary_or_unclassified
95,5,1989909722|1991344516|1991344518|1992330838|1993589945,F.US.MNQ,MNQH26,short,2026-01-26 09:58:40.779219-05:00,2026-01-26 15:54:50.308562-05:00,2026-01-26,356.1588223833333,25880.9,25880.3,5,2,6.0,3.7,2.299999999999997,9,28.67965365,09:30-10:00,True,covered,clean,25849.5,25827.25,25704.25,25765.75,123.0,normal,65.0,above_or,25792.701939251572,above,25750.697917442023,16.450520639496972,above,25781.12497266575,above,63.03030520775351,neutral,2.934676112038098,none,1.3203463500000001,up,0.45141342756183744,False,51.849999999998545,77.90000000000146,46.650000000001455,47.150000000001455,38.650000000001455,1.1500000000014552,uptrend_above_ema,discretionary_or_unclassified
96,2,2001300134|2001300135,F.US.MNQ,MNQH26,short,2026-01-27 10:05:07.299025-05:00,2026-01-27 13:02:28.443678-05:00,2026-01-27,177.35241088333333,26056.625,26045.25,4,4,91.0,2.96,88.03999999999999,10,35.12165041666666,10:00-11:00,True,covered,clean,26056.75,26012.5,25917.25,25964.875,95.25,normal,45.0,above_or,25987.074469314855,above,25927.415673014617,31.7085817463485,above,25986.06806880917,above,74.82162386404681,bull_trend_zone,2.7871840949736213,long,9.878349583333334,up,0.4179431072210066,False,50.375,34.625,-14.125,-14.125,-15.125,-30.875,uptrend_above_ema,discretionary_or_unclassified
97,1,2002657093,F.US.MNQ,MNQH26,short,2026-01-27 18:03:40.512699-05:00,2026-01-27 18:05:38.912067-05:00,2026-01-27,1.9733227999999998,26145.25,26134.0,1,1,22.5,0.74,21.76,18,513.6752116499999,post_rth,True,outside_rth_1m,clean,,,,,,,,,,,,,,,,,,,,,,,,,,,,,,,outside_rth_1m
98,1,2005109558,F.US.MNQ,MNQH26,short,2026-01-28 03:12:05.932827-05:00,2026-01-28 03:16:08.279273-05:00,2026-01-28,4.039107433333333,26306.5,26302.25,1,1,8.5,0.74,7.76,3,-377.90111955,pre_rth,False,outside_rth_1m,clean,,,,,,,,,,,,,,,,,,,,,,,,,,,,,,,outside_rth_1m
99,1,2005588719,F.US.MNQ,MNQH26,short,2026-01-28 06:10:53.682917-05:00,2026-01-28 06:12:49.975112-05:00,2026-01-28,1.9382032500000002,26308.75,26297.5,1,1,22.5,0.74,21.76,6,-199.10528471666666,pre_rth,False,outside_rth_1m,clean,,,,,,,,,,,,,,,,,,,,,,,,,,,,,,,outside_rth_1m
100,1,2007648730,F.US.MNQ,MNQH26,short,2026-01-28 10:00:25.281679-05:00,2026-01-28 10:09:43.045863-05:00,2026-01-28,9.296069733333333,26256.0,26237.75,1,1,36.5,0.74,35.76,10,30.421361316666665,10:00-11:00,True,covered,clean,26253.5,26298.5,26213.5,26256.0,85.0,tight,25.0,inside_or,26260.161250014913,near,26152.47965233862,25.25508691534924,above,26218.12337148794,above,74.07663180579809,bull_trend_zone,2.845349852636175,none,14.578638683333333,up,0.47021546261089986,False,9.5,32.25,7.0,20.25,29.5,80.5,uptrend_above_ema,discretionary_or_unclassified
101,2,2009752439|2009907721,F.US.MNQ,MNQH26,long,2026-01-28 12:31:02.865287-05:00,2026-01-28 12:53:07.747117-05:00,2026-01-28,22.081363833333334,26131.25,26129.375,2,1,-7.5,1.48,-8.979999999999999,12,181.04775478333335,12:00-13:30,True,covered,clean,26122.0,26298.5,26213.5,26256.0,85.0,tight,25.0,below_or,26206.556970006484,below,26149.973727429704,-5.743431857423275,below,26137.90027705874,below,50.65464735523297,neutral,0.7640906521454719,short,13.952245216666666,up,0.47021546261089986,False,21.25,32.5,-13.5,-2.5,-6.5,28.0,downtrend_below_ema,discretionary_or_unclassified
102,5,2017833562|2018012393|2018012394|2018552715|2018552716,F.US.MNQ,MNQH26,long,2026-01-29 10:30:25.310555-05:00,2026-01-29 11:12:05.437214-05:00,2026-01-29,41.66877765,25639.178571428572,25643.785714285714,7,4,64.5,5.18,59.32000000000001,10,60.42184258333334,10:00-11:00,True,covered,clean,25735.75,26177.25,25946.0,26061.625,231.25,wide,100.0,below_or,25894.15000709051,below,25945.227707083017,-52.36942677075058,below,25825.854708819094,below,20.599595303638793,bear_trend_zone,2.3027742361776777,short,14.578157416666667,down,0.5,False,103.17857142857247,114.32142857142753,58.82142857142753,-5.678571428572468,-45.42857142857247,52.82142857142753,downtrend_below_ema,inverse_orb_candidate
103,1,2025907312,F.US.MNQ,MNQH26,short,2026-01-30 09:38:25.473614-05:00,2026-01-30 09:46:21.165933-05:00,2026-01-30,7.928205316666666,25881.0,25852.75,1,1,56.5,0.74,55.76,9,8.424560233333333,09:30-10:00,False,covered,clean,25862.25,25939.25,25813.0,25876.125,126.25,normal,70.0,inside_or,25868.75111927226,above,,,unknown,25919.975347320258,below,,unknown,,none,6.575439766666666,down,0.21871345029239767,False,58.25,42.75,-5.0,-5.75,2.5,2.5,unknown,pre_or_locked_trade
104,1,2027749890,F.US.MNQ,MNQH26,short,2026-01-30 11:17:28.271564-05:00,2026-01-30 11:18:14.776680-05:00,2026-01-30,0.7750852666666667,25805.75,25784.5,1,1,42.5,0.74,41.76,11,107.47119273333333,11:00-12:00,True,covered,clean,25809.0,25939.25,25813.0,25876.125,126.25,normal,70.0,below_or,25865.191904757387,below,25856.833492211546,-6.145873052882962,below,25848.46811992016,below,47.02607410038084,neutral,1.0689466454406402,short,12.528807266666666,down,0.21871345029239767,False,9.5,27.0,35.0,-6.0,-5.5,99.25,downtrend_below_ema,orb_breakout_or_retest_candidate
105,2,2037273573|2037546068,F.US.MNQ,MNQH26,short,2026-02-02 10:16:20.427572-05:00,2026-02-02 11:16:05.272097-05:00,2026-02-02,59.74740875,25860.75,25844.25,2,2,66.0,1.48,64.52,10,46.34045953333334,10:00-11:00,True,covered,clean,25863.25,25734.0,25540.25,25637.125,193.75,wide,95.0,above_or,25737.0883071089,above,25728.712242617043,36.509439345743885,above,25775.845580830723,above,60.85507800359254,neutral,1.3241163035864438,long,13.659540466666666,down,0.4251012145748988,False,51.5,57.5,-32.5,-14.25,-5.0,5.0,uptrend_above_ema,inverse_orb_candidate
106,4,2046113918|2047054937|2048104967|2048104968,F.US.MNQ,MNQH26,long,2026-02-03 10:04:07.758503-05:00,2026-02-03 12:19:02.756507-05:00,2026-02-03,134.9166334,25493.625,25494.25,6,4,7.5,4.44,3.059999999999988,10,34.12930838333333,10:00-11:00,True,covered,clean,25625.0,25952.5,25721.75,25837.125,230.75,wide,95.0,below_or,25773.79901721086,below,25807.111832471426,-43.96545811785472,below,25770.696901982832,below,27.015211516671513,bear_trend_zone,3.379292447102576,short,10.870691616666667,up,0.7688073394495413,True,92.625,150.875,110.375,81.375,7.125,77.375,downtrend_below_ema,inverse_orb_candidate
107,1,2049597682,F.US.MNQ,MNQH26,long,2026-02-03 14:38:28.431381-05:00,2026-02-03 14:57:26.934019-05:00,2026-02-03,18.975043966666664,25303.75,25305.25,1,1,3.0,0.74,2.26,14,308.47385634999995,13:30-15:00,True,covered,clean,25296.0,25952.5,25721.75,25837.125,230.75,wide,95.0,below_or,25519.13567400019,below,25342.95726484235,-11.864316210583638,below,25293.803452471122,above,29.18233226594269,bear_trend_zone,1.026066322366184,short,6.52614365,up,0.7688073394495413,True,69.5,18.5,-32.5,-44.0,-15.5,117.25,downtrend_below_ema,inverse_orb_candidate
108,2,2055632556|2057326568,F.US.MNQ,MNQH26,short,2026-02-04 09:49:26.339423-05:00,2026-02-04 11:03:08.174913-05:00,2026-02-04,73.69725816666667,25215.125,25163.75,2,1,205.5,1.48,204.01999999999998,9,19.43899038333333,09:30-10:00,True,covered,clean,25360.5,25386.5,25230.0,25308.25,156.5,normal,75.0,below_or,25317.078292422804,below,25354.23266658787,-5.245666646966129,below,25359.75991581416,below,40.389172649078766,neutral,2.1778133283973795,none,10.561009616666666,down,0.6650782845473111,True,154.125,142.875,-88.625,66.375,21.375,51.125,downtrend_below_ema,discretionary_or_unclassified
109,1,2058675635,F.US.MNQ,MNQH26,long,2026-02-04 12:39:53.408073-05:00,2026-02-04 12:41:15.428060-05:00,2026-02-04,1.3669997833333334,24821.75,24828.25,1,1,13.0,0.74,12.26,12,189.89013455,12:00-13:30,True,covered,clean,24823.5,25386.5,25230.0,25308.25,156.5,normal,75.0,below_or,25141.807421531772,below,25068.91245869876,-44.978114674690005,below,24967.347820373852,below,25.502589651359372,bear_trend_zone,0.8959890331871873,short,5.10986545,down,0.6650782845473111,True,23.0,25.0,28.75,23.25,0.25,71.5,downtrend_below_ema,discretionary_or_unclassified
110,2,2069244920|2069560314,F.US.MNQ,MNQH26,short,2026-02-05 13:49:09.496477-05:00,2026-02-05 14:31:41.821811-05:00,2026-02-05,42.538755566666666,24717.75,24705.75,2,1,48.0,1.48,46.52,13,259.1582746166667,13:30-15:00,True,covered,clean,24688.25,24936.25,24651.75,24794.0,284.5,wide,100.0,inside_or,24728.68776932188,below,24762.79000546899,-12.322501367245422,below,24744.97375407491,below,41.48034290817579,neutral,0.49427074978903246,short,10.841725383333333,down,0.6423236514522822,False,121.25,56.0,39.25,-8.5,-111.5,26.0,downtrend_below_ema,orb_breakout_or_retest_candidate
111,9,2077415910|2077415911|2077415912|2077415913|2077415914|2077415915|2077415916|2077415917|2077415918,F.US.MNQ,MNQH26,short,2026-02-06 10:50:35.479641-05:00,2026-02-06 11:36:09.589570-05:00,2026-02-06,45.56849881666667,25034.46212121212,25032.25,99,99,438.0,73.26,364.74,10,80.59132735,10:00-11:00,True,covered,clean,24911.0,24927.5,24700.5,24814.0,227.0,wide,85.0,above_or,24863.993803616137,above,24817.147835804648,27.02554104883893,above,24884.97372010643,above,56.638509734113065,neutral,1.0847947154326238,none,9.40867265,down,0.31113730111962284,False,14.28787878787989,214.4621212121201,163.2121212121201,79.96212121212011,37.21212121212011,0.4621212121201097,uptrend_above_ema,discretionary_or_unclassified
112,1,2078501775,F.US.MNQ,MNQH26,short,2026-02-06 13:32:12.993523-05:00,2026-02-06 14:17:12.905065-05:00,2026-02-06,44.998525699999995,25092.0,25067.5,1,1,49.0,0.74,48.26,13,242.21655871666664,13:30-15:00,True,covered,clean,25095.75,24927.5,24700.5,24814.0,227.0,wide,85.0,above_or,24929.153104475503,above,25044.44984178293,11.262539554267278,above,25091.225550943265,near,63.10529399528752,neutral,0.45449713884132825,long,12.783441283333334,down,0.31113730111962284,False,18.5,27.0,1.75,-10.75,-4.25,-13.5,uptrend_above_ema,inverse_orb_candidate
113,4,2085419587|2085419588|2086955100|2086955101,F.US.MNQ,MNQH26,short,2026-02-09 10:59:29.018099-05:00,2026-02-09 15:37:47.240674-05:00,2026-02-09,278.30370958333333,25365.25,25361.75,4,2,28.0,2.96,25.04000000000001,10,89.48363498333333,10:00-11:00,True,covered,clean,25323.25,25152.5,24955.5,25054.0,197.0,wide,80.0,above_or,25162.48942613272,above,25168.534650629965,24.053837342511542,above,25244.50213023081,above,69.38867586276052,bull_trend_zone,1.2866457167031438,long,0.5163650166666667,up,0.7428023032629558,True,63.75,59.75,45.0,33.75,9.25,-25.75,uptrend_above_ema,inverse_orb_candidate
114,1,2089725534,F.US.MNQ,MNQH26,short,2026-02-10 04:31:27.394525-05:00,2026-02-10 05:04:13.168800-05:00,2026-02-10,32.76290458333333,25395.5,25344.5,1,1,102.0,0.74,101.26,4,-298.5434245833333,pre_rth,False,outside_rth_1m,clean,,,,,,,,,,,,,,,,,,,,,,,,,,,,,,,outside_rth_1m
115,1,2090166660,F.US.MNQ,MNQH26,short,2026-02-10 07:55:07.182249-05:00,2026-02-10 07:59:31.727450-05:00,2026-02-10,4.409086683333333,25345.0,25339.75,1,1,10.5,0.74,9.76,7,-94.88029585,pre_rth,False,outside_rth_1m,clean,,,,,,,,,,,,,,,,,,,,,,,,,,,,,,,outside_rth_1m
116,1,2093252571,F.US.MNQ,MNQH26,short,2026-02-10 10:25:56.985680-05:00,2026-02-10 11:16:35.623077-05:00,2026-02-10,50.643956616666664,25382.0,25381.0,1,1,2.0,0.74,1.26,10,55.94976133333333,10:00-11:00,True,covered,clean,25376.25,25410.25,25265.25,25337.75,145.0,normal,60.0,inside_or,25359.295712987918,above,25371.27058679762,4.994853300599061,above,25382.80868372398,near,60.04290313354968,neutral,2.439443768763519,none,4.050238666666667,up,0.5929250263991552,False,56.75,34.25,-39.5,-14.75,7.0,23.5,uptrend_above_ema,discretionary_or_unclassified
117,2,2100351602|2101866820,F.US.MNQ,MNQH26,short,2026-02-11 09:55:11.423520-05:00,2026-02-11 11:30:01.572367-05:00,2026-02-11,94.83581411666667,25312.375,25211.875,2,1,402.0,1.48,400.52,9,25.190392,09:30-10:00,True,covered,clean,25376.0,25465.5,25339.0,25402.25,126.5,normal,55.00000000000001,below_or,25391.431119195888,below,25293.276906351384,24.49327341215394,above,25337.353468922072,below,60.18888255725367,neutral,3.228538925101464,none,4.809608,down,0.6292585170340681,False,83.875,254.375,4.625,75.625,232.875,52.375,uptrend_above_ema,discretionary_or_unclassified
118,1,2107978757,F.US.MNQ,MNQH26,short,2026-02-12 09:55:01.363693-05:00,2026-02-12 10:01:21.779218-05:00,2026-02-12,6.34025875,25271.5,25218.0,1,1,107.0,0.74,106.26,9,25.022728216666668,09:30-10:00,True,covered,clean,25273.75,25393.75,25303.75,25348.75,90.0,tight,15.0,below_or,25319.07316841605,below,25298.44050871041,2.7023728224012302,below,25299.235300956338,below,52.762839058055825,neutral,2.7034435815723525,none,4.977271783333333,down,0.3441717791411043,False,2.75,93.25,83.75,61.25,44.0,226.75,mixed,discretionary_or_unclassified
119,1,2110412169,F.US.MNQ,MNQH26,long,2026-02-12 12:01:36.779246-05:00,2026-02-12 12:16:05.003055-05:00,2026-02-12,14.470396816666666,24839.5,24840.5,1,1,2.0,0.74,1.26,12,151.61298743333333,12:00-13:30,True,covered,clean,24844.0,25393.75,25303.75,25348.75,90.0,tight,15.0,below_or,25090.431258113593,below,25002.037451502285,-30.821862875567604,below,24893.42951340751,below,28.79684916436483,bear_trend_zone,1.0135126590913779,short,13.387012566666668,down,0.3441717791411043,False,7.5,64.25,56.0,28.75,29.25,-7.75,downtrend_below_ema,discretionary_or_unclassified
120,1,2118398089,F.US.MNQ,MNQH26,long,2026-02-13 10:41:38.674383-05:00,2026-02-13 10:45:00.980019-05:00,2026-02-13,3.3717606,24825.0,24777.0,1,1,-96.0,0.74,-96.74,10,71.64457304999999,10:00-11:00,True,covered,clean,24821.25,24800.0,24578.75,24689.375,221.25,wide,80.0,above_or,24762.479471973515,above,24798.056231381197,12.735942154700751,above,24808.612297697015,above,45.54191564495456,neutral,1.4358782097245761,long,3.35542695,down,0.8668650055782819,True,90.0,16.75,-85.25,-26.75,15.0,48.75,uptrend_above_ema,orb_breakout_or_retest_candidate
121,5,2118827561|2118827562|2119776824|2119776825|2119852905,F.US.MNQ,MNQH26,short,2026-02-13 10:45:00.980024-05:00,2026-02-13 13:03:47.047578-05:00,2026-02-13,138.76779256666666,24911.1875,24897.4375,8,4,220.0,5.92,214.08,10,75.01633373333334,10:00-11:00,True,covered,clean,24774.5,24800.0,24578.75,24689.375,221.25,wide,80.0,above_or,24764.133668327275,above,24793.34498510496,-4.711246276237944,above,24801.789838157612,above,39.95207169686855,neutral,1.5147378869941353,long,14.983666266666667,down,0.8668650055782819,True,82.8125,190.9375,149.1875,87.9375,76.4375,9.4375,mixed,inverse_orb_candidate
122,1,2123654056,F.US.MNQ,MNQH26,short,2026-02-16 03:29:23.122559-05:00,2026-02-16 06:06:14.872003-05:00,2026-02-16,156.86249073333332,24871.0,24864.25,1,1,13.5,0.74,12.76,3,-360.61462401666665,pre_rth,False,missing_day,missing_day,,,,,,,,,,,,,,,,,,,,,,,,,,,,,,,missing_day
123,2,2132482760|2133777086,F.US.MNQ,MNQH26,short,2026-02-17 09:53:59.546958-05:00,2026-02-17 12:12:26.812345-05:00,2026-02-17,138.45442311666665,24618.375,24577.0,2,1,165.5,1.48,164.01999999999998,9,23.992449299999997,09:30-10:00,True,covered,clean,24571.25,24815.5,24605.75,24710.625,209.75,normal,75.0,inside_or,24695.488823663927,below,24809.277339302374,-27.131834825591795,below,24750.577142696082,below,32.23125824310142,bear_trend_zone,2.6955223908217847,none,6.0075506999999995,up,0.14457108578284344,False,178.125,169.125,117.625,85.375,75.375,35.125,downtrend_below_ema,discretionary_or_unclassified
124,1,2143128600,F.US.MNQ,MNQH26,short,2026-02-18 11:03:53.001946-05:00,2026-02-18 13:44:48.154161-05:00,2026-02-18,160.91920358333334,25087.75,25031.75,1,1,112.0,0.74,111.26,11,93.88336576666667,11:00-12:00,True,covered,clean,25090.25,24868.75,24752.0,24810.375,116.75,tight,25.0,above_or,24939.484857757405,above,24970.393295731137,28.964176067216613,above,25050.5436776658,above,70.4492486920394,bull_trend_zone,0.8671152558372538,long,11.116634233333334,up,0.2657580919931857,False,40.75,78.0,-13.5,-1.0,-20.5,6.25,uptrend_above_ema,discretionary_or_unclassified
125,2,2150695516|2151329410,F.US.MNQ,MNQH26,short,2026-02-19 10:12:22.198450-05:00,2026-02-19 11:52:31.558851-05:00,2026-02-19,100.15600668333333,24916.5,24851.25,2,1,261.0,1.48,259.52,10,42.369974166666665,10:00-11:00,True,covered,clean,24892.0,24883.25,24762.5,24822.875,120.75,normal,35.0,above_or,24856.039539973684,above,24918.853147779053,-9.275786944759602,near,24886.819474951302,above,42.56188309038585,neutral,2.4030427861223838,none,2.6300258333333333,up,0.39575033200531207,False,45.25,114.75,-11.5,35.25,-9.25,19.25,downtrend_below_ema,ema_continuation_candidate
126,3,2159142420|2159849254|2160299741,F.US.MNQ,MNQH26,short,2026-02-20 10:19:17.789331-05:00,2026-02-20 12:05:48.696787-05:00,2026-02-20,106.51512426666666,25059.583333333332,25019.583333333332,3,1,240.0,2.2199999999999998,237.78,10,49.296488849999996,10:00-11:00,True,covered,clean,24996.0,24948.75,24677.0,24812.875,271.75,wide,95.0,above_or,24904.490421994393,above,24864.483971145964,15.691507213512523,above,24910.764711227286,above,58.69405719772745,neutral,2.9293141126108813,none,10.70351115,up,0.13450292397660818,False,80.16666666666788,151.58333333333212,53.83333333333212,120.08333333333212,-15.66666666666788,16.33333333333212,uptrend_above_ema,discretionary_or_unclassified
127,1,2167175854,F.US.MNQ,MNQH26,short,2026-02-23 09:58:40.905914-05:00,2026-02-23 10:04:56.742427-05:00,2026-02-23,6.263941883333334,24907.75,24867.0,1,1,81.5,0.74,80.76,9,28.681765233333333,09:30-10:00,True,covered,clean,24922.0,25040.0,24880.25,24960.125,159.75,normal,55.00000000000001,inside_or,24947.375231511647,below,25014.72342094266,-33.49335523566333,below,24968.956724682565,below,41.183834156383455,neutral,2.7322112987405407,none,1.3182347666666667,up,0.7747163695299838,True,45.0,62.0,-1.25,35.75,37.5,156.25,downtrend_below_ema,discretionary_or_unclassified
128,1,2171574329,F.US.MNQ,MNQH26,short,2026-02-23 18:44:46.978032-05:00,2026-02-23 18:49:47.688171-05:00,2026-02-23,5.01183565,24810.5,24803.25,1,1,14.5,0.74,13.76,18,554.7829672,post_rth,True,outside_rth_1m,clean,,,,,,,,,,,,,,,,,,,,,,,,,,,,,,,outside_rth_1m
129,1,2176395035,F.US.MNQ,MNQH26,long,2026-02-24 10:02:56.184700-05:00,2026-02-24 10:12:40.778365-05:00,2026-02-24,9.743227749999999,24867.0,24899.5,1,1,65.0,0.74,64.26,10,32.936411666666665,10:00-11:00,True,covered,clean,24849.25,24912.25,24694.0,24803.125,218.25,normal,70.0,inside_or,24840.115401426454,above,24788.936160181176,22.140959954707796,above,24841.736203048276,above,57.82605355474058,neutral,2.553763865251698,none,12.063588333333334,down,0.5715245130960376,False,32.25,55.75,-10.0,4.5,152.0,149.5,uptrend_above_ema,discretionary_or_unclassified
130,3,2178124771|2178124772|2178312385,F.US.MNQ,MNQH26,short,2026-02-24 11:43:01.473556-05:00,2026-02-24 12:45:23.247377-05:00,2026-02-24,62.36289701666667,25054.083333333332,25053.75,6,5,4.0,4.4399999999999995,-0.4400000000000013,11,133.02455926666667,11:00-12:00,True,covered,clean,24986.5,24912.25,24694.0,24803.125,218.25,normal,70.0,above_or,24914.74300607231,above,24943.82856077454,17.730359806366323,above,24997.527871165716,above,63.668800211161404,neutral,0.7544510589268079,long,1.9754407333333333,down,0.5715245130960376,False,21.91666666666788,76.33333333333212,43.08333333333212,19.83333333333212,-14.41666666666788,10.58333333333212,uptrend_above_ema,discretionary_or_unclassified
131,4,2184374928|2184374929|2187164196|2187164197,F.US.MNQ,MNQH26,short,2026-02-25 09:35:29.103516-05:00,2026-02-25 15:55:32.303620-05:00,2026-02-25,380.05333506666665,25343.027777777777,25341.194444444445,9,5,33.0,6.66,26.339999999999954,9,5.4850586,09:30-10:00,False,covered,clean,25222.0,25279.75,25156.75,25218.25,123.0,tight,25.0,above_or,25214.76253887963,above,,,unknown,25065.750676359443,above,,unknown,,none,9.5149414,up,0.5824175824175825,False,53.722222222222626,125.77777777777737,86.27777777777737,17.027777777777374,9.527777777777374,49.027777777777374,unknown,pre_or_locked_trade
132,1,2192579093,F.US.MNQ,MNQH26,long,2026-02-26 10:30:46.593621-05:00,2026-02-26 10:40:51.399837-05:00,2026-02-26,10.0801036,24905.0,24974.5,1,1,139.0,0.74,138.26,10,60.77656035,10:00-11:00,True,covered,clean,24933.5,25342.0,25224.75,25283.375,117.25,tight,15.0,below_or,25140.056664845426,below,25199.383389251496,-66.47084731287032,below,25068.199121557343,below,19.43480857996626,bear_trend_zone,4.104874643252898,short,14.22343965,up,0.9302083333333333,True,43.0,92.75,0.5,110.75,113.75,157.5,downtrend_below_ema,discretionary_or_unclassified
133,1,2194224922,F.US.MNQ,MNQH26,long,2026-02-26 13:35:05.995992-05:00,2026-02-26 13:38:05.838640-05:00,2026-02-26,2.997377466666667,24971.0,24992.0,1,1,42.0,0.74,41.26,13,245.0999332,13:30-15:00,True,covered,clean,24975.5,25342.0,25224.75,25283.375,117.25,tight,15.0,below_or,25052.937151546103,below,24965.41940111887,-11.35485027971663,near,24938.580814334913,above,28.923610674456654,bear_trend_zone,0.4600486376681873,short,9.9000668,up,0.9302083333333333,True,12.5,35.0,26.25,10.25,59.5,101.25,downtrend_below_ema,discretionary_or_unclassified
134,3,2202228561|2202228562|2202384122,F.US.MNQ,MNQH26,long,2026-02-27 12:57:13.346741-05:00,2026-02-27 15:27:20.053706-05:00,2026-02-27,150.11178275,24904.35,24921.75,5,4,174.0,3.7,170.3,12,207.22244568333332,12:00-13:30,True,covered,clean,24951.0,24910.0,24780.0,24845.0,130.0,normal,35.0,inside_or,24939.631095973014,below,24959.183060459167,-6.045765114788082,below,24949.795894652027,below,42.33336206949095,neutral,0.9811728664588136,long,2.7775543166666665,down,0.5385416666666667,False,30.849999999998545,100.15000000000146,34.900000000001455,9.650000000001455,-22.099999999998545,-9.599999999998545,downtrend_below_ema,orb_breakout_or_retest_candidate
135,3,2209988159|2210936030|2210936031,F.US.MNQ,MNQH26,short,2026-03-02 10:27:43.996779-05:00,2026-03-02 13:51:14.577184-05:00,2026-03-02,203.5096734166667,25005.2,25000.25,5,4,49.5,3.7,45.8,10,57.73327965,10:00-11:00,True,covered,clean,24900.5,24885.25,24605.25,24745.25,280.0,wide,95.0,above_or,24853.765092518322,above,24916.1931828874,3.7017042781517375,above,24901.421540997413,above,48.938512406158495,neutral,1.9498962046286292,long,2.26672035,up,0.7108081791626095,True,71.29999999999927,163.20000000000073,156.45000000000073,83.45000000000073,78.95000000000073,149.20000000000073,uptrend_above_ema,inverse_orb_candidate
136,5,2217814760|2218557563|2219380812|2219380813|2219531755,F.US.MNQ,MNQH26,short,2026-03-03 10:00:36.743049-05:00,2026-03-03 12:05:07.453839-05:00,2026-03-03,124.5118465,24632.928571428572,24628.89285714286,7,4,56.5,5.18,51.31999999999999,10,30.61238415,10:00-11:00,True,covered,clean,24489.75,24661.0,24502.25,24581.625,158.75,normal,45.0,inside_or,24560.24123636583,above,24834.84906429184,-86.2747660729583,below,24653.590989803175,below,23.848399782599145,bear_trend_zone,2.7180797218070483,short,14.38761585,up,0.7609903991915109,True,92.07142857142753,282.17857142857247,134.42857142857247,138.42857142857247,256.42857142857247,191.17857142857247,downtrend_below_ema,orb_breakout_or_retest_candidate
137,4,2227219077|2227219078|2229239216|2229239218,F.US.MNQ,MNQH26,short,2026-03-04 09:31:01.366804-05:00,2026-03-04 15:07:33.096459-05:00,2026-03-04,336.52882758333334,25125.05,25109.5,10,6,311.0,7.4,303.5999999999999,9,1.0227800666666667,09:30-10:00,False,covered,clean,24934.75,24970.5,24837.25,24903.875,133.25,normal,35.0,above_or,24909.083333333332,above,,,unknown,,unknown,,unknown,,none,13.977219933333334,up,0.4444444444444444,False,91.95000000000073,311.5499999999993,241.04999999999927,244.04999999999927,153.04999999999927,-15.200000000000728,unknown,pre_or_locked_trade
138,3,2235130787|2235404504|2235678073,F.US.MNQ,MNQH26,short,2026-03-05 10:19:26.530576-05:00,2026-03-05 11:13:16.506398-05:00,2026-03-05,53.832930366666666,25067.75,25026.0,3,1,250.5,2.2199999999999998,248.27999999999997,10,49.44217626666667,10:00-11:00,True,covered,clean,25126.25,25125.25,24985.25,25055.25,140.0,normal,40.0,inside_or,25116.278251458312,below,25153.596941685595,5.538264578601229,below,25146.619767005057,below,58.016889782368864,neutral,2.2892813744076967,long,10.557823733333333,up,0.6629491945477075,True,59.75,137.25,44.25,92.25,27.25,123.25,mixed,discretionary_or_unclassified
139,1,2243830962,F.US.MNQ,MNQH26,short,2026-03-06 11:17:57.247233-05:00,2026-03-06 11:24:11.697987-05:00,2026-03-06,6.2408459,24819.25,24799.5,1,1,39.5,0.74,38.76,11,107.95412055,11:00-12:00,True,covered,clean,24830.75,24732.25,24611.75,24672.0,120.5,tight,15.0,above_or,24762.315911612237,above,24835.02071238683,-2.817678096704185,below,24834.274670093306,below,45.546068045614284,neutral,1.0842161781262523,long,12.04587945,up,0.13874496257915947,False,40.75,28.25,18.5,-25.0,-55.0,-7.5,downtrend_below_ema,discretionary_or_unclassified
140,11,2252049036|2252049037|2252049038|2252049039|2252049040|2252049042|2252049043|2252049044|2252049045|2252049046|2253003705,F.US.MNQ,MNQH26,short,2026-03-09 10:01:05.731506-04:00,2026-03-09 13:39:31.620449-04:00,2026-03-09,218.43148238333333,24632.47193877551,24630.494897959183,98,97,387.5,72.52,314.9800000000001,10,31.0955251,10:00-11:00,True,covered,clean,24374.5,24526.0,24354.75,24440.375,171.25,normal,65.0,above_or,24404.285160931347,above,24608.16746193173,-59.22936548293001,above,24459.707947235253,above,24.1557547376144,bear_trend_zone,1.8272279594651273,none,13.9044749,down,0.055379746835443035,False,117.52806122448965,308.97193877551035,242.22193877551035,251.22193877551035,201.97193877551035,52.72193877551035,mixed,discretionary_or_unclassified
141,1,2256673126,F.US.MNQ,MNQH26,short,2026-03-09 18:24:23.908309-04:00,2026-03-10 04:58:34.800788-04:00,2026-03-09,634.1815413166667,24891.75,25083.5,1,1,-383.5,0.74,-384.24,18,534.3984718166666,post_rth,True,outside_rth_1m,clean,,,,,,,,,,,,,,,,,,,,,,,,,,,,,,,outside_rth_1m
142,4,2256673127|2256673128|2256673129|2257010710,F.US.MNQ,MNQH26,short,2026-03-10 03:24:00.249388-04:00,2026-03-10 07:14:45.951731-04:00,2026-03-10,230.76170571666668,25111.7,25076.275,10,9,708.5,7.3999999999999995,701.1,3,-365.99584353333336,pre_rth,False,outside_rth_1m,clean,,,,,,,,,,,,,,,,,,,,,,,,,,,,,,,outside_rth_1m
143,1,2259967270,F.US.MNQ,MNQH26,short,2026-03-10 10:55:50.113049-04:00,2026-03-10 11:34:58.767740-04:00,2026-03-10,39.14424485,25133.0,25112.5,1,1,41.0,0.74,40.26,10,85.83521748333332,10:00-11:00,True,covered,clean,25127.5,25081.0,24959.5,25020.25,121.5,tight,25.0,above_or,25006.805916938385,above,24948.763535801725,38.49661604957146,above,25061.02761679668,above,70.60497626786884,bull_trend_zone,1.3541614763759748,short,4.1647825166666665,up,0.7522750252780587,True,49.0,24.0,-32.25,4.25,-19.0,-1.75,uptrend_above_ema,discretionary_or_unclassified
144,2,2261262083|2261295317,F.US.MNQ,MNQH26,short,2026-03-10 13:36:49.332421-04:00,2026-03-10 14:14:52.529646-04:00,2026-03-10,38.05328708333333,25114.625,25101.625,2,1,52.0,1.48,50.52,13,246.82220701666665,13:30-15:00,True,covered,clean,25142.25,25081.0,24959.5,25020.25,121.5,tight,25.0,above_or,25072.902746963722,above,25143.45451573796,17.136371065509593,below,25174.746765964243,below,72.24760862664864,bull_trend_zone,0.6869547572442495,short,8.177792983333333,up,0.7522750252780587,True,73.625,88.875,-35.625,-62.875,-37.875,42.625,mixed,discretionary_or_unclassified
145,1,2264218988,F.US.MNQ,MNQH26,short,2026-03-11 04:27:47.743037-04:00,2026-03-11 04:45:28.393648-04:00,2026-03-11,17.677510183333332,25006.75,24993.75,1,1,26.0,0.74,25.26,4,-302.2042827166667,pre_rth,False,outside_rth_1m,clean,,,,,,,,,,,,,,,,,,,,,,,,,,,,,,,outside_rth_1m
146,5,2266932243|2267955603|2268715203|2268740975|2268880637,F.US.MNQ,MNQH26,short,2026-03-11 10:24:38.002834-04:00,2026-03-11 13:47:35.663008-04:00,2026-03-11,202.9610029,24971.6,24969.45,5,1,21.5,3.7,17.80000000000001,10,54.633380566666666,10:00-11:00,True,covered,clean,25024.5,25115.5,25034.5,25075.0,81.0,tight,0.0,below_or,25087.400775074944,below,25062.881646049773,9.592088487559522,below,25080.88899363152,below,57.08084498170744,neutral,2.0257029569116884,none,5.366619433333333,down,0.015372790161414296,False,118.40000000000146,97.84999999999854,-56.150000000001455,-36.900000000001455,-78.15000000000146,-30.150000000001455,mixed,discretionary_or_unclassified
147,1,2269917705,F.US.MNQ,MNQH26,short,2026-03-11 18:31:03.086904-04:00,2026-03-11 18:39:25.033288-04:00,2026-03-11,8.365773066666668,24864.5,24825.5,1,1,78.0,0.74,77.26,18,541.0514484,post_rth,True,outside_rth_1m,clean,,,,,,,,,,,,,,,,,,,,,,,,,,,,,,,outside_rth_1m
148,2,2273735465|2274528342,F.US.MNQ,MNQH26,short,2026-03-12 09:51:49.843583-04:00,2026-03-12 10:30:06.985459-04:00,2026-03-12,38.28569793333334,24732.625,24670.625,2,1,248.0,1.48,246.51999999999998,9,21.830726383333335,09:30-10:00,True,covered,clean,24742.5,24834.75,24742.0,24788.375,92.75,tight,10.0,below_or,24768.024108182046,below,24919.86308117515,-38.65327029378386,below,24854.03148608667,below,32.021226296584274,bear_trend_zone,2.632348812813049,none,8.169273616666667,down,0.16489795918367348,False,25.875,119.625,82.375,22.875,72.625,119.875,downtrend_below_ema,discretionary_or_unclassified
149,1,2281418600,F.US.MNQ,MNQH26,short,2026-03-13 09:45:09.274633-04:00,2026-03-13 09:58:02.371923-04:00,2026-03-13,12.884954833333333,24766.0,24740.0,1,1,52.0,0.74,51.26,9,15.154577216666667,09:30-10:00,True,covered,clean,24769.75,24772.75,24611.0,24691.875,161.75,normal,70.0,inside_or,24680.087721980275,above,24637.154334319788,33.1489164200575,above,24646.853412446348,above,57.92647540321919,neutral,2.7572990411879976,none,14.845422783333333,down,0.7540702656383891,True,39.0,45.25,27.75,14.0,106.25,180.75,uptrend_above_ema,discretionary_or_unclassified
150,2,2290034169|2291270799,F.US.MNQ,MNQH26,short,2026-03-16 10:48:26.219151-04:00,2026-03-16 12:42:40.115811-04:00,2026-03-16,114.231611,24657.875,24652.75,2,1,20.5,1.48,19.02,10,78.43698585,10:00-11:00,True,covered,clean,24633.0,24717.0,24623.0,24670.0,94.0,tight,10.0,inside_or,24700.758398451955,below,24601.876789097812,10.65580272554871,above,24677.712553622405,below,58.020444412831125,neutral,1.1537553663898026,long,11.563014149999999,down,0.546505228398459,False,81.875,55.625,-10.125,-11.375,-50.375,-69.375,uptrend_above_ema,discretionary_or_unclassified
151,8,2299854163|2299854164|2299854165|2299854166|2299854167|2299854168|2299854169|2299854170,F.US.MNQ,MNQM26,short,2026-03-17 08:36:46.683215-04:00,2026-03-17 16:01:45.408174-04:00,2026-03-17,444.97874931666666,25018.2125,25017.25,60,60,115.5,44.4,71.1,8,-53.22194641666667,pre_rth,False,outside_rth_1m,clean,,,,,,,,,,,,,,,,,,,,,,,,,,,,,,,outside_rth_1m
152,1,2302122003,F.US.MNQ,MNQM26,short,2026-03-18 04:02:20.530272-04:00,2026-03-18 07:00:51.682152-04:00,2026-03-18,178.519198,25165.75,25152.25,1,1,27.0,0.74,26.26,4,-327.6578288,pre_rth,False,outside_rth_1m,clean,,,,,,,,,,,,,,,,,,,,,,,,,,,,,,,outside_rth_1m
153,2,2303755920|2305670498,F.US.MNQ,MNQM26,short,2026-03-18 09:46:17.470060-04:00,2026-03-18 12:41:16.217407-04:00,2026-03-18,174.97912245,24920.125,24901.375,2,1,75.0,1.48,73.52000000000001,9,16.291167666666666,09:30-10:00,True,covered,clean,24739.5,24771.25,24686.0,24728.625,85.25,tight,5.0,above_or,24731.780167451598,above,24778.34720247417,-10.64930061854102,above,24764.331828930288,above,42.87205772385879,neutral,2.4895714052020286,none,13.708832333333334,up,0.050073637702503684,False,-140.625,325.375,200.625,183.375,227.875,296.375,mixed,discretionary_or_unclassified
154,1,2312990223,F.US.MNQ,MNQM26,short,2026-03-19 10:10:11.960194-04:00,2026-03-19 11:06:32.959332-04:00,2026-03-19,56.34998563333333,24478.5,24559.0,1,1,-161.0,0.74,-161.74,10,40.199336566666666,10:00-11:00,True,covered,clean,24270.75,24239.25,24113.75,24176.5,125.5,normal,50.0,above_or,24218.707746653447,above,24435.606183336557,-35.40154583413823,above,24298.334680207066,above,25.66065440417823,bear_trend_zone,1.8401295829690953,long,4.800663433333333,down,0.7825475017593244,True,-114.25,283.0,207.75,248.0,191.0,158.0,mixed,discretionary_or_unclassified
155,2,2313048593|2313048594,F.US.MNQ,MNQM26,long,2026-03-19 11:06:32.959339-04:00,2026-03-19 11:10:02.758130-04:00,2026-03-19,3.4966465166666665,24529.714285714286,24533.75,7,7,56.5,5.18,51.32000000000001,11,96.54932231666666,11:00-12:00,True,covered,clean,24349.0,24239.25,24113.75,24176.5,125.5,normal,50.0,above_or,24245.52659787319,above,24330.61389269466,-13.528473173661041,above,24280.779777874566,above,30.350637110243454,bear_trend_zone,0.7815222375057314,long,8.450677683333334,down,0.7825475017593244,True,232.96428571428623,-165.46428571428623,-214.21428571428623,-275.96428571428623,-334.46428571428623,-241.71428571428623,mixed,orb_breakout_or_retest_candidate
156,4,2313223865|2313320888|2314036142|2314325076,F.US.MNQ,MNQM26,short,2026-03-19 11:10:56.061765-04:00,2026-03-19 13:33:31.683148-04:00,2026-03-19,142.59368971666666,24467.75,24443.3125,4,1,195.5,2.96,192.54,11,100.93436275,11:00-12:00,True,covered,clean,24320.5,24239.25,24113.75,24176.5,125.5,normal,50.0,above_or,24248.841490093895,above,24330.61389269466,-13.528473173661041,above,24288.723822299653,above,30.350637110243454,bear_trend_zone,0.7815222375057314,long,4.06563725,down,0.7825475017593244,True,-116.75,301.25,128.25,222.5,252.5,212.25,mixed,discretionary_or_unclassified
157,1,2321327431,F.US.MNQ,MNQM26,long,2026-03-20 10:05:07.715155-04:00,2026-03-20 12:06:21.135641-04:00,2026-03-20,121.22367476666666,24309.0,24335.5,1,1,53.0,0.74,52.26,10,35.128585916666665,10:00-11:00,True,unclean_day_zero_volume_or,zero_volume_or,,,,,,,,,,,,,,,,,,,,,,,,,,,,,,,unclean_day_zero_volume_or
158,1,2321545851,F.US.MNQ,MNQM26,short,2026-03-20 12:30:15.137757-04:00,2026-03-20 12:31:31.873542-04:00,2026-03-20,1.27892975,24295.5,24270.5,1,1,50.0,0.74,49.26,12,180.25229595000002,12:00-13:30,True,unclean_day_zero_volume_or,zero_volume_or,,,,,,,,,,,,,,,,,,,,,,,,,,,,,,,unclean_day_zero_volume_or
159,1,2322079593,F.US.MNQ,MNQM26,long,2026-03-20 13:38:35.797004-04:00,2026-03-20 13:42:21.842675-04:00,2026-03-20,3.76742785,24178.5,24185.75,1,1,14.5,0.74,13.76,13,248.59661673333332,13:30-15:00,True,unclean_day_zero_volume_or,zero_volume_or,,,,,,,,,,,,,,,,,,,,,,,,,,,,,,,unclean_day_zero_volume_or
160,1,2323867048,F.US.MNQ,MNQM26,short,2026-03-22 18:34:50.185300-04:00,2026-03-22 19:45:42.244614-04:00,2026-03-22,70.86765523333334,24049.5,24012.75,1,1,73.5,0.74,72.76,18,544.8364216666666,post_rth,True,missing_day,missing_day,,,,,,,,,,,,,,,,,,,,,,,,,,,,,,,missing_day
161,1,2326752236,F.US.MNQ,MNQM26,short,2026-03-23 07:10:44.207389-04:00,2026-03-23 07:20:55.564326-04:00,2026-03-23,10.189282283333334,24586.0,24564.75,1,1,42.5,0.74,41.76,7,-139.26321018333334,pre_rth,False,outside_rth_1m,clean,,,,,,,,,,,,,,,,,,,,,,,,,,,,,,,outside_rth_1m
162,3,2328680090|2329442381|2329891786,F.US.MNQ,MNQM26,short,2026-03-23 10:36:26.322896-04:00,2026-03-23 12:25:24.223052-04:00,2026-03-23,108.96500259999999,24520.333333333332,24503.833333333332,3,1,99.0,2.2199999999999998,96.78,10,66.43871493333333,10:00-11:00,True,covered,clean,24645.5,24568.5,24432.5,24500.5,136.0,normal,60.0,inside_or,24569.033264054426,below,24464.248879516428,43.125280120893876,above,24598.328760986904,below,88.69202179421954,bull_trend_zone,4.121583364870375,long,8.561285066666667,flat,,False,168.66666666666788,174.83333333333212,-85.41666666666788,-81.66666666666788,-139.16666666666788,-42.41666666666788,uptrend_above_ema,discretionary_or_unclassified
163,1,2331018988,F.US.MNQ,MNQM26,short,2026-03-23 15:32:25.236738-04:00,2026-03-23 15:36:49.542829-04:00,2026-03-23,4.405101516666666,24475.25,24471.0,1,1,8.5,0.74,7.76,15,362.4206123,15:00-16:00,True,covered,clean,24472.25,24568.5,24432.5,24500.5,136.0,normal,60.0,inside_or,24512.537955235985,below,24468.232991226803,1.5042521932991804,near,24487.87315329809,below,53.60338261571853,neutral,0.5806707455245864,long,12.579387700000002,flat,,False,7.75,8.75,2.75,-22.0,76.0,76.0,uptrend_above_ema,discretionary_or_unclassified
164,5,2337614997|2337614998|2338362991|2338550932|2338663625,F.US.MNQ,MNQM26,short,2026-03-24 09:57:41.767244-04:00,2026-03-24 13:32:59.326345-04:00,2026-03-24,215.29265168333333,24284.65625,24271.71875,8,5,207.0,5.92,201.08,9,27.69612073333333,09:30-10:00,True,covered,clean,24184.75,24317.0,24140.25,24228.625,176.75,wide,90.0,inside_or,24212.5024820979,above,24401.821291508128,-57.017822877030994,below,24278.4101370188,above,32.22849519378343,bear_trend_zone,2.5025844305117753,none,2.3038792666666668,down,0.2461038961038961,False,100.09375,119.40625,53.90625,64.65625,47.65625,-33.34375,downtrend_below_ema,discretionary_or_unclassified
165,8,2344185527|2344551317|2345478609|2345844210|2345865121|2345915680|2346517058|2346829741,F.US.MNQ,MNQM26,short,2026-03-25 09:50:12.733886-04:00,2026-03-25 13:51:15.404557-04:00,2026-03-25,241.04451118333333,24396.0,24382.59375,8,1,214.5,5.92,208.58,9,20.212231433333333,09:30-10:00,True,covered,clean,24418.0,24526.0,24426.0,24476.0,100.0,tight,20.0,below_or,24472.910465022018,below,24294.396823336552,39.33829416586377,above,24364.665844662126,above,62.005717474358775,neutral,2.404368585070189,none,9.787768566666667,down,0.149,False,123.25,108.75,11.5,-3.25,-82.75,-115.25,uptrend_above_ema,discretionary_or_unclassified
166,1,2350151222,F.US.MNQ,MNQM26,short,2026-03-26 04:29:45.642976-04:00,2026-03-26 04:38:02.259718-04:00,2026-03-26,8.2769457,24193.5,24189.5,1,1,8.0,0.74,7.26,4,-300.23928373333337,pre_rth,False,outside_rth_1m,clean,,,,,,,,,,,,,,,,,,,,,,,,,,,,,,,outside_rth_1m
167,4,2352798179|2352965950|2353291149|2353853580,F.US.MNQ,MNQM26,short,2026-03-26 10:43:14.121860-04:00,2026-03-26 12:17:09.162305-04:00,2026-03-26,93.91734075,24100.4375,24084.9375,4,1,124.0,2.96,121.04,10,73.23536433333334,10:00-11:00,True,covered,clean,24153.5,24158.5,24066.0,24112.25,92.5,tight,10.0,inside_or,24172.158886024743,below,24266.232496272813,-23.620624068200414,below,24194.027229189138,below,34.66632885078711,bear_trend_zone,1.2595180860054034,long,1.7646356666666667,down,0.24712041884816754,False,60.3125,83.1875,-14.5625,0.4375,-1.8125,22.4375,downtrend_below_ema,discretionary_or_unclassified
168,2,2354854108|2354949152,F.US.MNQ,MNQM26,short,2026-03-26 14:16:03.132140-04:00,2026-03-26 14:30:51.280800-04:00,2026-03-26,14.802477666666666,23859.5,23864.125,2,1,-18.5,1.48,-19.979999999999997,14,286.05220233333335,13:30-15:00,True,covered,clean,23870.5,24158.5,24066.0,24112.25,92.5,tight,10.0,below_or,24085.591372264764,below,23957.183586486484,-20.10839662162107,below,23900.471172713755,below,20.707196318899776,bear_trend_zone,0.7045701896906432,long,13.947797666666666,down,0.24712041884816754,False,27.5,15.5,-13.75,-4.5,-1.5,8.0,downtrend_below_ema,discretionary_or_unclassified
169,1,2355083222,F.US.MNQ,MNQM26,long,2026-03-26 14:39:25.278026-04:00,2026-03-26 14:53:00.225408-04:00,2026-03-26,13.582456366666666,23873.5,23883.5,1,1,20.0,0.74,19.26,14,309.42130043333333,13:30-15:00,True,covered,clean,23873.5,24158.5,24066.0,24112.25,92.5,tight,10.0,below_or,24076.285612508887,below,23935.44686918919,-21.7367172972954,below,23880.26819234356,below,19.29540236166551,bear_trend_zone,0.5922147804385257,long,5.578699566666667,down,0.24712041884816754,False,24.5,16.5,-12.5,14.25,-37.0,-48.5,downtrend_below_ema,discretionary_or_unclassified
170,1,2357787770,F.US.MNQ,MNQM26,short,2026-03-27 04:13:09.685936-04:00,2026-03-27 04:18:06.687446-04:00,2026-03-27,4.950025166666666,23840.5,23815.0,1,1,51.0,0.74,50.26,4,-316.8385677333333,pre_rth,False,outside_rth_1m,clean,,,,,,,,,,,,,,,,,,,,,,,,,,,,,,,outside_rth_1m
171,2,2360044851|2361177841,F.US.MNQ,MNQM26,long,2026-03-27 10:00:10.695454-04:00,2026-03-27 11:31:00.763969-04:00,2026-03-27,90.83447525,23518.125,23552.25,2,1,136.5,1.48,135.02,10,30.178257566666666,10:00-11:00,True,covered,clean,23479.25,23664.25,23531.5,23597.875,132.75,normal,60.0,below_or,23574.94992092139,below,23737.553795249114,-64.57594881227487,below,23618.56250670324,below,11.088122322955641,bear_trend_zone,2.1078887549771923,short,14.821742433333332,down,0.7914209115281501,True,79.375,87.625,-6.875,20.625,-35.125,-5.375,downtrend_below_ema,discretionary_or_unclassified
172,1,2362704667,F.US.MNQ,MNQM26,long,2026-03-27 15:21:34.532885-04:00,2026-03-27 15:23:51.433036-04:00,2026-03-27,2.2816691833333334,23338.25,23345.25,1,1,14.0,0.74,13.26,15,351.57554808333333,15:00-16:00,True,covered,clean,23346.0,23664.25,23531.5,23597.875,132.75,normal,60.0,below_or,23487.27708561838,below,23377.293678510043,-10.760919627507974,below,23342.81161405924,near,21.307387733427234,bear_trend_zone,0.7881542954245369,short,8.424451916666666,down,0.7914209115281501,True,11.75,12.5,-3.5,-2.25,-59.75,-29.25,downtrend_below_ema,discretionary_or_unclassified
173,1,2364865824,F.US.MNQ,MNQM26,long,2026-03-29 18:07:04.772800-04:00,2026-03-29 23:08:40.095680-04:00,2026-03-29,301.58871466666665,23160.75,23285.75,1,1,250.0,0.74,249.26,18,517.0795466666666,post_rth,True,missing_day,missing_day,,,,,,,,,,,,,,,,,,,,,,,,,,,,,,,missing_day
174,1,2365993203,F.US.MNQ,MNQM26,short,2026-03-30 03:30:07.898734-04:00,2026-03-30 06:43:42.908396-04:00,2026-03-30,193.58349436666668,23384.25,23382.75,1,1,3.0,0.74,2.26,3,-359.86835443333337,pre_rth,False,outside_rth_1m,clean,,,,,,,,,,,,,,,,,,,,,,,,,,,,,,,outside_rth_1m
175,1,2369334997,F.US.MNQ,MNQM26,short,2026-03-30 12:24:37.707412-04:00,2026-03-30 12:27:14.015200-04:00,2026-03-30,2.6051298,23295.5,23287.75,1,1,15.5,0.74,14.76,12,174.62845686666665,12:00-13:30,True,covered,clean,23300.25,23538.0,23374.25,23456.125,163.75,wide,85.0,below_or,23359.180053007145,below,23349.778501937977,-3.757125484495191,below,23344.157894750788,below,43.15186018371574,neutral,0.8089667586703468,short,5.371543133333334,down,0.872865275142315,True,11.75,22.25,20.0,-13.0,7.75,79.25,downtrend_below_ema,orb_breakout_or_retest_candidate
176,3,2374003490|2374003491|2374091693,F.US.MNQ,MNQM26,short,2026-03-31 06:44:04.638398-04:00,2026-03-31 08:12:50.037215-04:00,2026-03-31,88.75664695,23347.833333333332,23346.083333333332,6,5,21.0,4.4399999999999995,16.55999999999998,6,-165.9226933666667,pre_rth,False,outside_rth_1m,clean,,,,,,,,,,,,,,,,,,,,,,,,,,,,,,,outside_rth_1m
177,7,2375983595|2376444758|2376930391|2377010538|2377315072|2377315074|2377334032,F.US.MNQ,MNQM26,short,2026-03-31 10:35:09.691052-04:00,2026-03-31 12:39:29.738122-04:00,2026-03-31,124.33411783333332,23543.25,23565.06818181818,11,4,-480.0,8.14,-488.14,10,65.16151753333334,10:00-11:00,True,covered,clean,23559.5,23470.0,23378.75,23424.375,91.25,tight,10.0,above_or,23503.516435409896,above,23365.95146955539,50.32463261115117,above,23520.66017940054,above,66.67743221203509,bull_trend_zone,1.5788967197118404,long,9.838482466666667,down,0.7260340632603406,True,200.0,165.75,26.5,107.25,68.0,36.0,uptrend_above_ema,discretionary_or_unclassified
178,1,2377349008,F.US.MNQ,MNQM26,long,2026-03-31 12:39:29.738130-04:00,2026-03-31 12:40:00.837701-04:00,2026-03-31,0.5183261833333334,23625.0,23668.25,2,2,173.0,1.48,171.52,12,189.4956355,12:00-13:30,True,covered,clean,23614.25,23470.0,23378.75,23424.375,91.25,tight,10.0,above_or,23497.7021033458,above,23478.568849302486,17.920287674380234,above,23526.15661190212,above,60.237769075735834,neutral,0.6886635861225727,long,5.504364499999999,down,0.7260340632603406,True,15.75,198.25,154.0,144.0,149.25,168.0,uptrend_above_ema,orb_breakout_or_retest_candidate
179,7,2377479049|2377537854|2377673635|2377873535|2377894838|2377975577|2378062284,F.US.MNQ,MNQM26,short,2026-03-31 12:44:21.187059-04:00,2026-03-31 14:13:45.840906-04:00,2026-03-31,89.41089745,23789.071428571428,23766.785714285714,7,1,312.0,5.18,306.82000000000005,12,194.35311765,12:00-13:30,True,covered,clean,23821.0,23470.0,23378.75,23424.375,91.25,tight,10.0,above_or,23521.21340933295,above,23478.568849302486,17.920287674380234,above,23554.525289521698,above,60.237769075735834,neutral,0.6886635861225727,long,0.64688235,down,0.7260340632603406,True,88.17857142857247,91.82142857142753,29.321428571427532,14.321428571427532,-39.17857142857247,3.821428571427532,uptrend_above_ema,discretionary_or_unclassified
180,2,2381933661|2381978331,F.US.MNQ,MNQM26,short,2026-04-01 08:07:58.045041-04:00,2026-04-01 08:21:24.829221-04:00,2026-04-01,13.446403,24171.583333333332,24161.833333333332,15,10,292.5,11.100000000000001,281.4,8,-82.03258265,pre_rth,False,outside_rth_1m,clean,,,,,,,,,,,,,,,,,,,,,,,,,,,,,,,outside_rth_1m
181,3,2384975959|2384983138|2385594007,F.US.MNQ,MNQM26,short,2026-04-01 10:55:21.932472-04:00,2026-04-01 12:32:11.247890-04:00,2026-04-01,96.82192363333334,24262.166666666668,24256.416666666668,3,2,34.5,2.2199999999999998,32.28,10,85.36554120000001,10:00-11:00,True,covered,clean,24246.5,24194.5,24043.5,24119.0,151.0,normal,75.0,above_or,24153.772618868585,above,24063.83757550127,35.54060612468311,above,24195.092396971348,above,82.85982222904636,bull_trend_zone,1.5182391536394038,long,4.6344588,up,0.8868398994132439,True,69.58333333333212,32.16666666666788,-4.083333333332121,-3.8333333333321207,-6.083333333332121,-48.58333333333212,uptrend_above_ema,discretionary_or_unclassified
182,2,2393247887|2395100829,F.US.MNQ,MNQM26,short,2026-04-02 10:32:47.417127-04:00,2026-04-02 13:52:14.996677-04:00,2026-04-02,199.45965916666668,24059.0,24051.625,2,1,29.5,1.48,28.02000000000001,10,62.790285450000006,10:00-11:00,True,covered,clean,23962.75,23819.0,23678.0,23748.5,141.0,normal,75.0,above_or,23852.04719843713,above,24024.640524462637,-20.47263111565917,above,23939.035458764516,above,41.61594684772589,neutral,1.6800318410024728,long,12.20971455,up,0.3649754500818331,False,208.75,110.25,-170.0,-109.0,-48.75,-106.5,mixed,discretionary_or_unclassified
183,2,2400955282|2401019705,F.US.MNQ,MNQM26,short,2026-04-06 04:39:21.662613-04:00,2026-04-06 07:00:05.363692-04:00,2026-04-06,140.72835131666668,24349.625,24324.25,2,1,101.5,1.48,100.02000000000001,4,-290.63895644999997,pre_rth,False,outside_rth_1m,clean,,,,,,,,,,,,,,,,,,,,,,,,,,,,,,,outside_rth_1m
184,1,2402548907,F.US.MNQ,MNQM26,short,2026-04-06 10:01:03.670989-04:00,2026-04-06 10:04:57.842329-04:00,2026-04-06,3.9028556666666665,24392.0,24291.5,1,1,201.0,0.74,200.26,10,31.061183149999998,10:00-11:00,True,covered,clean,24399.75,24373.75,24245.25,24309.5,128.5,normal,55.00000000000001,above_or,24341.57369763746,above,24235.770340811505,45.55741479712378,above,24316.84454365693,above,70.62334346217806,bull_trend_zone,2.0704320017604414,long,13.93881685,up,0.7761763459092836,True,11.5,111.75,93.25,24.25,8.25,62.75,uptrend_above_ema,discretionary_or_unclassified
185,1,2409068497,F.US.MNQ,MNQM26,short,2026-04-07 06:28:12.707337-04:00,2026-04-07 07:30:45.407458-04:00,2026-04-07,62.545002016666665,24337.25,24225.75,1,1,223.0,0.74,222.26,6,-181.78821105,pre_rth,False,outside_rth_1m,clean,,,,,,,,,,,,,,,,,,,,,,,,,,,,,,,outside_rth_1m
186,6,2412436413|2412859815|2412859816|2412961187|2412992341|2413063939,F.US.MNQ,MNQM26,short,2026-04-07 11:51:23.887394-04:00,2026-04-07 13:32:44.579797-04:00,2026-04-07,101.34487338333334,24178.59375,24191.53125,8,4,-207.0,5.92,-212.92,11,141.39812323333334,11:00-12:00,True,covered,clean,24069.5,24303.25,24187.75,24245.5,115.5,normal,40.0,below_or,24094.876477352165,above,24094.70211684607,-10.363029211515823,above,24054.674580994306,above,37.984818280974224,neutral,0.8750341859589804,short,8.601876766666667,up,0.39520958083832336,False,62.90625,122.09375,85.09375,-1.40625,7.84375,-49.15625,mixed,orb_breakout_or_retest_candidate
187,19,2414976666|2414976667|2414976668|2414978292|2414978293|2414978294|2414978295|2414993991|2415002356|2415018245|2415048900|2416160078|2416160079|2416160080|2416160081|2416160082|2416160083|2416160084|2416160085,F.US.MNQ,MNQM26,short,2026-04-07 18:40:26.151957-04:00,2026-04-07 23:24:16.818486-04:00,2026-04-07,283.84444214999996,25075.587837837837,25075.20945945946,74,44,56.0,54.760000000000005,1.2399999999999611,18,550.43586595,post_rth,True,outside_rth_1m,clean,,,,,,,,,,,,,,,,,,,,,,,,,,,,,,,outside_rth_1m
188,2,2417932830|2419673012,F.US.MNQ,MNQM26,short,2026-04-08 04:39:09.122328-04:00,2026-04-08 10:52:42.706296-04:00,2026-04-08,373.5597328,25115.875,25106.125,2,1,39.0,1.48,37.52000000000001,4,-290.8479612,pre_rth,False,outside_rth_1m,clean,,,,,,,,,,,,,,,,,,,,,,,,,,,,,,,outside_rth_1m
189,2,2426923822|2427839492,F.US.MNQ,MNQM26,long,2026-04-09 09:54:04.611262-04:00,2026-04-09 11:21:42.939235-04:00,2026-04-09,87.63879955,25036.75,25024.0,2,1,-51.0,1.48,-52.480000000000004,9,24.076854366666666,09:30-10:00,True,covered,clean,25026.5,25112.75,25019.0,25065.875,93.75,tight,25.0,inside_or,25063.423906161483,below,25045.636527958355,13.715868010411214,near,25052.074820842496,below,64.01829687381289,neutral,2.3928594385623376,none,5.923145633333333,down,0.3674096848578017,False,76.5,71.0,-4.0,-20.75,-38.25,-0.75,uptrend_above_ema,ema_continuation_candidate
190,3,2428622246|2428650758|2428667902,F.US.MNQ,MNQM26,short,2026-04-09 12:17:24.183587-04:00,2026-04-09 12:33:04.301573-04:00,2026-04-09,15.6686331,25217.833333333332,25207.583333333332,3,1,61.5,2.2199999999999998,59.28,12,167.40305978333333,12:00-13:30,True,covered,clean,25235.5,25112.75,25019.0,25065.875,93.75,tight,25.0,above_or,25071.872129459334,above,25107.31979150751,25.17005212312506,above,25174.416048588377,above,68.13337325188569,bull_trend_zone,1.1560738972145765,short,12.596940216666667,down,0.3674096848578017,False,25.41666666666788,23.33333333333212,-4.416666666667879,14.33333333333212,45.33333333333212,-26.16666666666788,uptrend_above_ema,discretionary_or_unclassified
191,1,2433980608,F.US.MNQ,MNQM26,short,2026-04-10 09:47:22.479268-04:00,2026-04-10 10:10:02.272562-04:00,2026-04-10,22.663221566666667,25333.5,25286.25,1,1,94.5,0.74,93.76,9,17.374654466666666,09:30-10:00,True,covered,clean,25335.0,25372.0,25290.0,25331.0,82.0,tight,5.0,inside_or,25330.49231213547,near,25237.149219926014,21.77519501849747,above,25279.839469394778,above,72.33204198326014,bull_trend_zone,2.2808249291174674,none,12.625345533333332,up,0.5383386581469649,False,21.75,64.75,-1.5,39.5,9.25,-7.75,uptrend_above_ema,discretionary_or_unclassified
192,1,2441827657,F.US.MNQ,MNQM26,short,2026-04-13 10:02:35.902811-04:00,2026-04-13 10:22:00.663667-04:00,2026-04-13,19.412680933333334,25296.5,25294.25,1,1,4.5,0.74,3.76,10,32.59838018333333,10:00-11:00,True,covered,clean,25304.0,25239.25,25174.5,25206.875,64.75,tight,0.0,above_or,25232.35963094948,above,25267.14678680677,10.088303298311075,above,25261.59560539489,above,55.662175912820004,neutral,3.1541755269134515,long,12.401619816666665,down,0.17784256559766765,False,36.5,51.5,-21.5,42.0,2.5,-20.75,uptrend_above_ema,discretionary_or_unclassified
193,10,2448721174|2448721177|2449821999|2451652008|2451652009|2451863117|2451863118|2451863119|2451863120|2451863121,F.US.MNQ,MNQM26,short,2026-04-14 10:00:34.273271-04:00,2026-04-14 16:09:52.738386-04:00,2026-04-14,369.30775191666663,25962.896739130436,25961.896739130436,46,24,92.0,34.04,57.95999999999995,10,30.571221183333332,10:00-11:00,True,covered,clean,25722.0,25756.25,25655.5,25705.875,100.75,normal,40.0,above_or,25729.303465460238,above,25554.410434268906,41.8973914327762,above,25667.61148472614,above,80.19095022137786,bull_trend_zone,1.9049549579585388,none,14.428778816666666,up,0.8251121076233184,True,39.85326086956411,252.3967391304359,231.3967391304359,184.3967391304359,156.1467391304359,165.8967391304359,uptrend_above_ema,discretionary_or_unclassified
194,1,2463171011,F.US.MNQ,MNQM26,short,2026-04-16 09:41:38.318596-04:00,2026-04-16 10:26:59.077911-04:00,2026-04-16,45.34598858333333,26381.0,26337.75,1,1,86.5,0.74,85.76,9,11.638643266666666,09:30-10:00,False,covered,clean,26400.0,26453.5,26345.5,26399.5,108.0,normal,45.0,inside_or,26386.217029691674,below,,,unknown,26352.287579583874,above,,unknown,,none,3.361356733333333,up,0.8643852978453739,True,24.5,105.25,0.0,68.0,26.5,13.25,unknown,pre_or_locked_trade
195,3,2476537412|2476537414|2477748529,F.US.MNQ,MNQM26,short,2026-04-20 09:50:17.227233-04:00,2026-04-20 10:51:13.507284-04:00,2026-04-20,60.93800085,26752.75,26732.5,3,2,121.5,2.2199999999999998,119.28,9,20.28712055,09:30-10:00,True,covered,clean,26731.5,26826.0,26732.75,26779.375,93.25,normal,30.0,inside_or,26768.875393465754,below,26791.75667539834,-10.06416884958162,below,26776.525589939236,below,50.47388923391601,neutral,2.500956136455228,none,9.71287945,up,0.534516765285996,False,51.5,140.5,-37.25,-11.5,15.25,57.5,downtrend_below_ema,discretionary_or_unclassified
196,4,2479074011|2479715882|2479715884|2479735691,F.US.MNQ,MNQM26,short,2026-04-20 13:01:44.577118-04:00,2026-04-20 15:03:42.451773-04:00,2026-04-20,121.96457758333332,26722.333333333332,26719.0,6,4,40.0,4.44,35.56,13,211.74295196666665,12:00-13:30,True,covered,clean,26681.75,26826.0,26732.75,26779.375,93.25,normal,30.0,below_or,26702.109112090373,above,26684.11291665114,-1.1532291627809172,above,26679.313709117137,above,45.83505893377063,neutral,0.3711522439145218,short,13.257048033333332,up,0.534516765285996,False,25.91666666666788,62.33333333333212,40.83333333333212,25.08333333333212,30.58333333333212,14.58333333333212,mixed,orb_breakout_or_retest_candidate
197,1,2484827061,F.US.MNQ,MNQM26,short,2026-04-21 10:25:10.142551-04:00,2026-04-21 10:58:44.328280-04:00,2026-04-21,33.56976215,26830.0,26755.5,1,1,149.0,0.74,148.26,10,55.169042516666664,10:00-11:00,True,covered,clean,26827.5,26838.0,26726.25,26782.125,111.75,normal,55.00000000000001,inside_or,26803.27297260689,above,26775.58737398863,20.228156502842467,above,26820.969479296713,above,71.47067760701692,bull_trend_zone,2.2745030046083965,long,4.830957483333333,down,0.19844357976653695,False,28.0,100.0,-15.25,-1.5,44.25,87.75,uptrend_above_ema,discretionary_or_unclassified
198,1,2485551196,F.US.MNQ,MNQM26,long,2026-04-21 11:43:33.221070-04:00,2026-04-21 11:44:51.213441-04:00,2026-04-21,1.29987285,26732.5,26735.25,1,1,5.5,0.74,4.76,11,133.5536845,11:00-12:00,True,covered,clean,26726.5,26838.0,26726.25,26782.125,111.75,normal,55.00000000000001,inside_or,26778.327999002337,below,26768.4669507086,-11.179237677148194,below,26749.612908522005,below,46.20649360031796,neutral,1.7242527012406057,long,1.4463155,down,0.19844357976653695,False,9.5,10.75,20.75,0.25,-0.75,-50.5,downtrend_below_ema,orb_breakout_or_retest_candidate
199,7,2491623013|2491955402|2493433947|2493437132|2493663095|2493676693|2493697935,F.US.MNQ,MNQM26,short,2026-04-22 10:33:04.463592-04:00,2026-04-22 15:04:23.592520-04:00,2026-04-22,271.31881546666665,26992.071428571428,26988.964285714286,7,2,43.5,5.18,38.32000000000001,10,63.0743932,10:00-11:00,True,covered,clean,26965.25,26892.5,26813.0,26852.75,79.5,tight,10.0,above_or,26888.67204507933,above,26823.145987376454,41.713503155890066,above,26909.58097146824,above,67.03894269403703,bull_trend_zone,1.310155461829495,long,11.9256068,down,0.49962490622655664,False,57.92857142857247,51.82142857142753,9.071428571427532,9.071428571427532,37.57142857142753,1.321428571427532,uptrend_above_ema,discretionary_or_unclassified
200,14,2498798831|2499017634|2499161054|2499190739|2499241323|2499982493|2500033853|2500164692|2500541106|2500605187|2500631842|2500652904|2500714038|2500747736,F.US.MNQ,MNQM26,short,2026-04-23 11:08:04.849126-04:00,2026-04-23 14:50:32.235410-04:00,2026-04-23,222.45643806666666,26986.053571428572,26980.0,14,1,169.5,10.36,159.14000000000001,11,98.08081876666667,11:00-12:00,True,covered,clean,27099.25,27067.75,26964.0,27015.875,103.75,normal,55.00000000000001,inside_or,27035.509689630984,below,27040.56802987029,13.482992532430217,below,27061.635479814744,below,64.46292604235109,neutral,1.3590225836984788,long,6.919181233333333,up,0.6958808063102542,True,169.94642857142753,306.05357142857247,-140.69642857142753,-159.69642857142753,-143.94642857142753,-63.44642857142753,mixed,discretionary_or_unclassified
