scope,rule_id,family,direction,trades,total_pnl,avg_pnl,median_pnl,win_rate,profit_factor,max_drawdown,sharpe_trade,adjusted_t,is_trades,is_pnl,is_avg,is_win_rate,oos_trades,oos_pnl,oos_avg,oos_win_rate,largest_day_pnl,largest_day_concentration,rules_tried,passes_n80,passes_oos,passes_concentration,passes_pf,passes_adjusted_t,passes_all_core
human_window,ema_pullback|long|buffer_points=8|confirm_pattern=break_prev|end=11:00|max_risk_points=120|min_reward_points=8|min_slope=2|rr=1.5|rsi_threshold=50|start=09:45|stop_mode=signal_extreme|target_mode=rr|time_exit=12:00|touch_tolerance=5,ema_pullback,long,17,1051.22,61.836470588235294,72.66,0.6470588235294118,4.046661256665894,-103.84000000000003,0.5551713675267484,0.10447945576030965,10,833.1,83.31,0.7,7,218.11999999999992,31.15999999999999,0.5714285714285714,326.16,0.31026806948117425,480,False,False,False,True,False,False
human_window,fade|long|buffer_points=8|ema_ext=20|end=11:00|max_risk_points=120|min_reward_points=8|or_ext=0|or_location=beyond_or|pattern=green_close|rsi_mode=not_bull|start=10:00|stop_mode=signal_extreme|target_mode=vwap|time_exit=12:00|vwap_ext=20,fade_extreme,long,43,1029.3448351148206,23.93825197941443,-39.34,0.4186046511627907,1.630532823960074,-361.86,0.20772303531558545,0.06217249114075959,25,1139.847673993616,45.593906959744636,0.52,18,-110.50283887879519,-6.13904660437751,0.2777777777777778,276.6460752785462,0.26875937571269504,480,False,False,False,True,False,False
human_window,fade|long|buffer_points=8|ema_ext=0|end=11:00|max_risk_points=120|min_reward_points=8|or_ext=0|or_location=beyond_or|pattern=green_close|rsi_mode=not_bull|start=10:00|stop_mode=signal_extreme|target_mode=vwap|time_exit=12:00|vwap_ext=0,fade_extreme,long,43,1024.8448351148206,23.833600816623736,-41.34,0.4186046511627907,1.626050601780587,-363.36,0.20669151793339086,0.06186375308862878,25,1136.847673993616,45.47390695974464,0.52,18,-112.00283887879519,-6.222379937710844,0.2777777777777778,276.6460752785462,0.26993947356679765,480,False,False,False,True,False,False
human_window,fade|long|buffer_points=8|ema_ext=10|end=11:00|max_risk_points=120|min_reward_points=8|or_ext=0|or_location=beyond_or|pattern=green_close|rsi_mode=not_bull|start=10:00|stop_mode=signal_extreme|target_mode=vwap|time_exit=12:00|vwap_ext=10,fade_extreme,long,43,996.8448351148205,23.182438025926057,-43.84,0.4186046511627907,1.598705606675568,-361.8600000000001,0.20024313249693235,0.059933720698088506,25,1107.347673993616,44.29390695974464,0.52,18,-110.50283887879519,-6.13904660437751,0.2777777777777778,276.6460752785462,0.27752170200759585,480,False,False,False,True,False,False
human_window,ema_pullback|long|buffer_points=8|confirm_pattern=break_prev|end=12:00|max_risk_points=120|min_reward_points=8|min_slope=2|rr=1.5|rsi_threshold=50|start=09:45|stop_mode=signal_extreme|target_mode=rr|time_exit=12:00|touch_tolerance=5,ema_pullback,long,24,974.34,40.597500000000004,46.035,0.5833333333333334,2.847440273037543,-103.84000000000003,0.39876674698158654,0.08916695534172865,14,847.2399999999998,60.517142857142844,0.6428571428571429,10,127.09999999999997,12.709999999999997,0.5,326.16,0.33474967670423056,480,False,False,False,True,False,False
human_window,fade|long|buffer_points=0|ema_ext=0|end=11:00|max_risk_points=120|min_reward_points=8|or_ext=0|or_location=beyond_or|pattern=green_close|rsi_mode=not_bull|start=10:00|stop_mode=fixed|stop_points=30|target_mode=vwap|time_exit=12:00|vwap_ext=0,fade_extreme,long,43,918.2410551305752,21.354443142571515,-62.34,0.3953488372093023,1.5665217141300658,-436.37999999999965,0.19133742737810006,0.05726820085450632,25,1191.847673993616,47.673906959744635,0.52,18,-273.60661886304035,-15.200367714613353,0.2222222222222222,276.6460752785462,0.30127826863416246,480,False,False,False,True,False,False
human_window,fade|long|buffer_points=0|ema_ext=10|end=11:00|max_risk_points=120|min_reward_points=8|or_ext=0|or_location=beyond_or|pattern=green_close|rsi_mode=not_bull|start=10:00|stop_mode=fixed|stop_points=30|target_mode=vwap|time_exit=12:00|vwap_ext=10,fade_extreme,long,43,918.2410551305752,21.354443142571515,-62.34,0.3953488372093023,1.5665217141300658,-436.37999999999965,0.19133742737810006,0.05726820085450632,25,1191.847673993616,47.673906959744635,0.52,18,-273.60661886304035,-15.200367714613353,0.2222222222222222,276.6460752785462,0.30127826863416246,480,False,False,False,True,False,False
human_window,fade|long|buffer_points=0|ema_ext=20|end=11:00|max_risk_points=120|min_reward_points=8|or_ext=0|or_location=beyond_or|pattern=green_close|rsi_mode=not_bull|start=10:00|stop_mode=fixed|stop_points=30|target_mode=vwap|time_exit=12:00|vwap_ext=20,fade_extreme,long,43,918.2410551305752,21.354443142571515,-62.34,0.3953488372093023,1.5665217141300658,-436.37999999999965,0.19133742737810006,0.05726820085450632,25,1191.847673993616,47.673906959744635,0.52,18,-273.60661886304035,-15.200367714613353,0.2222222222222222,276.6460752785462,0.30127826863416246,480,False,False,False,True,False,False
human_window,ema_pullback|long|buffer_points=8|confirm_pattern=break_prev|end=11:00|max_risk_points=120|min_reward_points=8|min_slope=0|rr=1.5|rsi_threshold=50|start=09:45|stop_mode=signal_extreme|target_mode=rr|time_exit=12:00|touch_tolerance=5,ema_pullback,long,23,838.1799999999997,36.44260869565216,48.66,0.5217391304347826,2.364580619953113,-103.84,0.34077202627082104,0.07459457363308152,13,203.57999999999996,15.659999999999997,0.46153846153846156,10,634.5999999999999,63.459999999999994,0.6,326.16,0.38912882674365906,480,False,False,False,True,False,False
human_window,fade|short|buffer_points=0|ema_ext=20|end=11:00|max_risk_points=120|min_reward_points=8|or_ext=0|or_location=none|pattern=red_close|rsi_mode=not_bear|start=10:00|stop_mode=fixed|stop_points=30|target_mode=or_mid|time_exit=12:00|vwap_ext=20,fade_extreme,short,63,788.0799999999999,12.509206349206348,-62.34,0.3968253968253968,1.3326748053965514,-937.8000000000004,0.11925118951555186,0.043202847867527455,37,39.919999999999845,1.0789189189189148,0.35135135135135137,26,748.16,28.775384615384613,0.46153846153846156,285.91,0.36279311745000514,480,False,False,False,False,False,False
human_window,ema_pullback|long|buffer_points=8|confirm_pattern=break_prev|end=12:00|max_risk_points=120|min_reward_points=8|min_slope=0|rr=1.5|rsi_threshold=50|start=09:45|stop_mode=signal_extreme|target_mode=rr|time_exit=12:00|touch_tolerance=5,ema_pullback,long,30,750.0499999999998,25.00166666666666,-14.59,0.5,1.9415641476274164,-103.84,0.25595373349083766,0.06398843337270942,18,720.1299999999999,40.00722222222222,0.5555555555555556,12,29.919999999999963,2.49333333333333,0.4166666666666667,326.16,0.4348510099326713,480,False,False,False,True,False,False
human_window,fade|long|buffer_points=0|ema_ext=10|end=11:00|max_risk_points=120|min_reward_points=8|or_ext=0|or_location=none|pattern=green_close|rsi_mode=not_bull|start=10:00|stop_mode=fixed|stop_points=30|target_mode=vwap|time_exit=12:00|vwap_ext=10,fade_extreme,long,55,749.5425477558059,13.628046322832835,-62.34,0.4909090909090909,1.4294093151357798,-471.15628839715885,0.15383858125512373,0.05207460592630562,33,733.2921994887303,22.220975742082736,0.48484848484848486,22,16.25034826707582,0.7386521939579919,0.5,233.3352730735534,0.311303572788735,480,False,False,False,False,False,False
human_window,fade|short|buffer_points=0|ema_ext=10|end=11:00|max_risk_points=120|min_reward_points=8|or_ext=0|or_location=none|pattern=red_close|rsi_mode=not_bear|start=10:00|stop_mode=fixed|stop_points=30|target_mode=or_mid|time_exit=12:00|vwap_ext=10,fade_extreme,short,62,740.6699999999996,11.946290322580639,-62.34,0.4032258064516129,1.3211117758759718,-937.8000000000004,0.11454351040565668,0.04116666779980974,37,107.91999999999982,2.916756756756752,0.3783783783783784,25,632.75,25.31,0.44,285.91,0.3860153644673069,480,False,True,False,False,False,False
human_window,fade|short|buffer_points=0|ema_ext=0|end=11:00|max_risk_points=120|min_reward_points=8|or_ext=0|or_location=none|pattern=red_close|rsi_mode=not_bear|start=10:00|stop_mode=fixed|stop_points=30|target_mode=or_mid|time_exit=12:00|vwap_ext=0,fade_extreme,short,60,671.3499999999996,11.18916666666666,-62.34,0.38333333333333336,1.2910586235899026,-989.2100000000004,0.10564026495545882,0.03734947385817426,36,-23.740000000000123,-0.6594444444444478,0.3333333333333333,24,695.09,28.962083333333336,0.4583333333333333,285.91,0.42587324048558906,480,False,False,False,False,False,False
human_window,fade|short|buffer_points=8|ema_ext=0|end=11:00|max_risk_points=120|min_reward_points=8|or_ext=0|or_location=none|pattern=red_close|rr=1.5|rsi_mode=not_bear|start=10:00|stop_mode=signal_extreme|target_mode=rr|time_exit=12:00|vwap_ext=0,fade_extreme,short,73,670.4299999999997,9.183972602739722,-28.34,0.4657534246575342,1.3435002254375539,-535.83,0.12632269872727067,0.04926315322672459,43,288.6299999999999,6.712325581395346,0.4418604651162791,30,381.7999999999997,12.726666666666658,0.5,272.16,0.40594842116253765,480,False,True,False,False,False,False
human_window,fade|short|buffer_points=8|ema_ext=20|end=11:00|max_risk_points=120|min_reward_points=8|or_ext=0|or_location=beyond_or|pattern=close_prev_low|rr=1.5|rsi_mode=not_bear|start=09:45|stop_mode=signal_extreme|target_mode=rr|time_exit=12:00|vwap_ext=20,fade_extreme,short,49,658.0899999999998,13.430408163265302,-33.34,0.46938775510204084,1.4781449351177767,-352.6000000000005,0.17183435450052006,0.05490190539999328,29,909.3899999999999,31.35827586206896,0.5517241379310345,20,-251.30000000000004,-12.565000000000001,0.35,231.66,0.3520187208436537,480,False,False,False,False,False,False
human_window,or_retest|long|buffer_points=0|confirm_pattern=break_prev|end=12:00|max_risk_points=120|max_stop=80|min_reward_points=8|or_class=all|start=09:45|stop_mode=fixed|stop_points=30|target_mode=fixed|target_points=30|time_exit=12:00|touch_tolerance=5,or_retest,long,65,623.3999999999996,9.590769230769226,57.66,0.6,1.396479133011944,-370.7800000000002,0.16487369098984936,0.06067187549879924,39,324.2399999999999,8.313846153846152,0.5897435897435898,26,299.15999999999985,11.50615384615384,0.6153846153846154,57.66,0.09249278152069303,480,False,True,True,False,False,False
human_window,fade|long|buffer_points=0|ema_ext=0|end=11:00|max_risk_points=120|min_reward_points=8|or_ext=0|or_location=beyond_or|pattern=green_close|rr=1.5|rsi_mode=not_bull|start=10:00|stop_mode=fixed|stop_points=30|target_mode=rr|time_exit=12:00|vwap_ext=0,fade_extreme,long,43,619.3799999999999,14.404186046511626,87.66,0.5116279069767442,1.4731197580090754,-286.3800000000002,0.18986081827782353,0.0568262447369971,25,391.5,15.66,0.52,18,227.8799999999999,12.659999999999995,0.5,87.66,0.14152862539959316,480,False,True,True,False,False,False
human_window,fade|long|buffer_points=0|ema_ext=10|end=11:00|max_risk_points=120|min_reward_points=8|or_ext=0|or_location=beyond_or|pattern=green_close|rr=1.5|rsi_mode=not_bull|start=10:00|stop_mode=fixed|stop_points=30|target_mode=rr|time_exit=12:00|vwap_ext=10,fade_extreme,long,43,619.3799999999999,14.404186046511626,87.66,0.5116279069767442,1.4731197580090754,-286.3800000000002,0.18986081827782353,0.0568262447369971,25,391.5,15.66,0.52,18,227.8799999999999,12.659999999999995,0.5,87.66,0.14152862539959316,480,False,True,True,False,False,False
human_window,fade|long|buffer_points=0|ema_ext=20|end=11:00|max_risk_points=120|min_reward_points=8|or_ext=0|or_location=beyond_or|pattern=green_close|rr=1.5|rsi_mode=not_bull|start=10:00|stop_mode=fixed|stop_points=30|target_mode=rr|time_exit=12:00|vwap_ext=20,fade_extreme,long,43,619.3799999999999,14.404186046511626,87.66,0.5116279069767442,1.4731197580090754,-286.3800000000002,0.18986081827782353,0.0568262447369971,25,391.5,15.66,0.52,18,227.8799999999999,12.659999999999995,0.5,87.66,0.14152862539959316,480,False,True,True,False,False,False
human_window,fade|long|buffer_points=0|ema_ext=0|end=11:00|max_risk_points=120|min_reward_points=8|or_ext=0|or_location=none|pattern=green_close|rsi_mode=not_bull|start=10:00|stop_mode=fixed|stop_points=30|target_mode=vwap|time_exit=12:00|vwap_ext=0,fade_extreme,long,53,579.6760346365375,10.9372836723875,-62.34,0.4339622641509434,1.3099540341335354,-471.1562883971586,0.11561897451525463,0.0384190329676644,31,596.954773143422,19.25660558527168,0.45161290322580644,22,-17.278738506884622,-0.7853972048583919,0.4090909090909091,233.3352730735534,0.40252703084380037,480,False,False,False,False,False,False
human_window,fade|short|buffer_points=0|ema_ext=10|end=11:00|max_risk_points=120|min_reward_points=8|or_ext=0|or_location=none|pattern=red_close|rr=1.5|rsi_mode=not_bear|start=10:00|stop_mode=fixed|stop_points=30|target_mode=rr|time_exit=12:00|vwap_ext=10,fade_extreme,short,70,558.1999999999996,7.974285714285709,-62.34,0.4714285714285714,1.242003312263177,-609.7800000000003,0.10623187259294238,0.040567966447838597,42,203.7199999999999,4.850476190476188,0.4523809523809524,28,354.4799999999998,12.659999999999993,0.5,87.66,0.1570404872805447,480,False,True,True,False,False,False
human_window,fade|long|buffer_points=8|ema_ext=20|end=11:00|max_risk_points=120|min_reward_points=8|or_ext=0|or_location=beyond_or|pattern=green_close|rr=1.5|rsi_mode=not_bull|start=10:00|stop_mode=signal_extreme|target_mode=rr|time_exit=12:00|vwap_ext=20,fade_extreme,long,43,533.6299999999998,12.409999999999995,43.41,0.5348837209302325,1.3924327106927497,-180.68000000000006,0.15036379739923347,0.04500459877977431,25,409.25,16.37,0.56,18,124.37999999999994,6.909999999999997,0.5,183.66,0.3441710548507394,480,False,False,False,False,False,False
human_window,fade|long|buffer_points=8|ema_ext=0|end=11:00|max_risk_points=120|min_reward_points=8|or_ext=0|or_location=beyond_or|pattern=green_close|rr=1.5|rsi_mode=not_bull|start=10:00|stop_mode=signal_extreme|target_mode=rr|time_exit=12:00|vwap_ext=0,fade_extreme,long,43,529.1299999999998,12.305348837209296,43.41,0.5348837209302325,1.3878399179066194,-182.18000000000006,0.14894944418337006,0.0445812761441813,25,406.25,16.25,0.56,18,122.87999999999994,6.8266666666666636,0.5,183.66,0.34709806663768844,480,False,False,False,False,False,False
human_window,or_retest|long|buffer_points=0|confirm_pattern=break_prev|end=12:00|max_risk_points=120|max_stop=80|min_reward_points=8|or_class=all|or_stop_fraction=0.25|rr=1.5|start=09:45|stop_mode=or_fraction|target_mode=rr|time_exit=12:00|touch_tolerance=5,or_retest,long,65,528.6499999999996,8.133076923076917,-35.84,0.46153846153846156,1.2305469848780535,-654.1750000000001,0.09365421551487808,0.034463818147955606,39,133.86499999999987,3.432435897435894,0.4358974358974359,26,394.78499999999985,15.184038461538456,0.5,207.66,0.3928118793152372,480,False,True,False,False,False,False
human_window,fade|long|buffer_points=0|ema_ext=10|end=11:00|max_risk_points=120|min_reward_points=8|or_ext=0|or_location=none|pattern=green_close|rr=1.5|rsi_mode=not_bull|start=09:45|stop_mode=fixed|stop_points=30|target_mode=rr|time_exit=12:00|vwap_ext=10,fade_extreme,long,59,521.9399999999998,8.846440677966099,-62.34,0.4745762711864407,1.2700797913626627,-311.70000000000005,0.11710014977332477,0.04105469572054584,35,218.09999999999982,6.231428571428566,0.45714285714285713,24,303.8399999999999,12.659999999999997,0.5,87.66,0.16795033911943907,480,False,True,True,False,False,False
human_window,ema_pullback|long|buffer_points=0|confirm_pattern=break_prev|end=12:00|max_risk_points=120|min_reward_points=8|min_slope=2|rr=1.5|rsi_threshold=50|start=09:45|stop_mode=fixed|stop_points=30|target_mode=rr|time_exit=12:00|touch_tolerance=5,ema_pullback,long,24,506.34,21.0975,66.16,0.5833333333333334,1.8568962599424603,-124.68000000000006,0.2928260733616202,0.06547790056209231,14,434.2399999999998,31.01714285714284,0.6428571428571429,10,72.09999999999997,7.209999999999996,0.5,87.66,0.17312477781727692,480,False,False,True,True,False,False
human_window,or_retest|long|buffer_points=0|confirm_pattern=break_prev|end=12:00|max_risk_points=120|max_stop=80|min_reward_points=8|or_class=all|rr=1.5|start=09:45|stop_mode=fixed|stop_points=30|target_mode=rr|time_exit=12:00|touch_tolerance=5,or_retest,long,65,505.89999999999964,7.7830769230769175,-40.34,0.47692307692307695,1.244271049607447,-433.12000000000006,0.10568355763641026,0.038890496189481316,39,26.739999999999867,0.6856410256410223,0.4358974358974359,26,479.15999999999997,18.429230769230767,0.5384615384615384,87.66,0.17327535085985385,480,False,False,True,False,False,False
human_window,fade|long|buffer_points=8|ema_ext=10|end=11:00|max_risk_points=120|min_reward_points=8|or_ext=0|or_location=beyond_or|pattern=green_close|rr=1.5|rsi_mode=not_bull|start=10:00|stop_mode=signal_extreme|target_mode=rr|time_exit=12:00|vwap_ext=10,fade_extreme,long,43,501.12999999999977,11.654186046511622,43.41,0.5348837209302325,1.35992961287079,-180.68000000000006,0.1401337148647856,0.041942686484992435,25,376.75,15.07,0.56,18,124.37999999999994,6.909999999999997,0.5,183.66,0.36649172869315366,480,False,False,False,False,False,False
human_window,fade|short|buffer_points=8|ema_ext=20|end=11:00|max_risk_points=120|min_reward_points=8|or_ext=0|or_location=none|pattern=red_close|rr=1.5|rsi_mode=not_bear|start=10:00|stop_mode=signal_extreme|target_mode=rr|time_exit=12:00|vwap_ext=20,fade_extreme,short,67,500.2199999999998,7.465970149253728,-29.34,0.44776119402985076,1.2808520672850183,-406.81000000000006,0.10444677855588413,0.039022207349817366,40,110.64999999999992,2.766249999999998,0.425,27,389.5699999999998,14.428518518518512,0.48148148148148145,272.16,0.5440806045340053,480,False,True,False,False,False,False
human_window,fade|long|buffer_points=0|ema_ext=0|end=11:00|max_risk_points=120|min_reward_points=8|or_ext=0|or_location=none|pattern=close_prev_high|rsi_mode=not_bull|start=09:45|stop_mode=fixed|stop_points=30|target_mode=or_mid|time_exit=12:00|vwap_ext=0,fade_extreme,long,47,499.7699999999997,10.633404255319142,-62.34,0.48936170212765956,1.3340351299326279,-483.6900000000005,0.11691250935639645,0.036583840286970905,28,340.4799999999999,12.159999999999997,0.4642857142857143,19,159.28999999999994,8.383684210526312,0.5263157894736842,332.16,0.6646257278348044,480,False,True,False,False,False,False
human_window,fade|short|buffer_points=8|ema_ext=10|end=11:00|max_risk_points=120|min_reward_points=8|or_ext=0|or_location=none|pattern=red_close|rr=1.5|rsi_mode=not_bear|start=10:00|stop_mode=signal_extreme|target_mode=rr|time_exit=12:00|vwap_ext=10,fade_extreme,short,70,499.4499999999996,7.1349999999999945,-29.34,0.45714285714285713,1.2574590704771333,-382.08000000000004,0.0982550115410002,0.03752175231628276,42,148.96999999999989,3.5469047619047593,0.42857142857142855,28,350.4799999999998,12.517142857142849,0.5,272.16,0.5449194113524882,480,False,True,False,False,False,False
human_window,fade|long|buffer_points=8|ema_ext=20|end=11:00|max_risk_points=120|min_reward_points=8|or_ext=0|or_location=beyond_or|pattern=green_close|rsi_mode=not_bull|start=10:00|stop_mode=signal_extreme|target_mode=or_mid|time_exit=12:00|vwap_ext=20,fade_extreme,long,43,481.87999999999977,11.206511627906972,-48.34,0.3023255813953488,1.2454563977180118,-844.0100000000001,0.08903356516989937,0.026648168958950724,25,876.0000000000001,35.040000000000006,0.4,18,-394.1200000000001,-21.89555555555556,0.16666666666666666,374.66,0.7774964721507434,480,False,False,False,False,False,False
human_window,or_retest|long|buffer_points=0|confirm_pattern=simple|end=12:00|max_risk_points=120|max_stop=80|min_reward_points=8|or_class=all|start=09:45|stop_mode=fixed|stop_points=30|target_mode=fixed|target_points=30|time_exit=12:00|touch_tolerance=5,or_retest,long,68,480.87999999999965,7.071764705882348,57.66,0.5735294117647058,1.2720124896767844,-438.5000000000005,0.11926122012378622,0.04488829251895209,40,386.39999999999986,9.659999999999997,0.6,28,94.4799999999999,3.374285714285711,0.5357142857142857,57.66,0.11990517384794551,480,False,False,True,False,False,False
human_window,fade|long|buffer_points=8|ema_ext=0|end=11:00|max_risk_points=120|min_reward_points=8|or_ext=0|or_location=beyond_or|pattern=green_close|rsi_mode=not_bull|start=10:00|stop_mode=signal_extreme|target_mode=or_mid|time_exit=12:00|vwap_ext=0,fade_extreme,long,43,477.37999999999977,11.101860465116273,-48.84,0.3023255813953488,1.2426081211566808,-845.5100000000001,0.08816558949619656,0.026388379716983906,25,873.0000000000001,34.92,0.4,18,-395.6200000000001,-21.978888888888896,0.16666666666666666,374.66,0.7848255058862965,480,False,False,False,False,False,False
human_window,ema_pullback|short|buffer_points=8|confirm_pattern=break_prev|end=12:00|max_risk_points=120|min_reward_points=8|min_slope=0|rr=1.5|rsi_threshold=50|start=09:45|stop_mode=signal_extreme|target_mode=rr|time_exit=12:00|touch_tolerance=5,ema_pullback,short,27,469.81999999999994,17.400740740740737,-17.84,0.48148148148148145,1.5121993764036368,-301.70000000000005,0.180689960862565,0.04285438699892911,16,178.80999999999995,11.175624999999997,0.4375,11,291.0099999999999,26.455454545454533,0.5454545454545454,214.41,0.4563662679323997,480,False,False,False,True,False,False
human_window,or_retest|long|buffer_points=0|confirm_pattern=simple|end=11:00|max_risk_points=120|max_stop=80|min_reward_points=8|or_class=all|start=09:45|stop_mode=fixed|stop_points=30|target_mode=fixed|target_points=30|time_exit=12:00|touch_tolerance=5,or_retest,long,60,459.5999999999998,7.659999999999997,57.66,0.5833333333333334,1.2948989412897016,-349.1400000000003,0.1283941179486409,0.0453941757329747,36,395.75999999999976,10.993333333333327,0.6111111111111112,24,63.83999999999992,2.6599999999999966,0.5416666666666666,57.66,0.12545691906005227,480,False,False,True,False,False,False
human_window,inverse_orb|short|buffer_points=0|confirm_pattern=break_prev|end=12:00|max_risk_points=120|max_stop=80|min_reward_points=8|or_class=tight|or_stop_fraction=0.25|rr=1.5|start=09:45|stop_mode=or_fraction|target_mode=rr|time_exit=12:00|touch_tolerance=5,inverse_orb,short,22,458.83249999999975,20.856022727272716,53.81625,0.5909090909090909,2.1632651767718376,-133.2700000000001,0.36959725954217776,0.07912604598760889,13,307.5799999999998,23.659999999999986,0.6153846153846154,9,151.25249999999997,16.80583333333333,0.5555555555555556,88.035,0.19186740259244942,480,False,True,True,True,False,False
human_window,inverse_orb|short|buffer_points=0|confirm_pattern=simple|end=12:00|max_risk_points=120|max_stop=80|min_reward_points=8|or_class=tight|or_stop_fraction=0.25|rr=1.5|start=09:45|stop_mode=or_fraction|target_mode=rr|time_exit=12:00|touch_tolerance=5,inverse_orb,short,22,458.83249999999975,20.856022727272716,53.81625,0.5909090909090909,2.1632651767718376,-133.2700000000001,0.36959725954217776,0.07912604598760889,13,307.5799999999998,23.659999999999986,0.6153846153846154,9,151.25249999999997,16.80583333333333,0.5555555555555556,88.035,0.19186740259244942,480,False,True,True,True,False,False
human_window,fade|short|buffer_points=0|ema_ext=10|end=11:00|max_risk_points=120|min_reward_points=8|or_ext=0|or_location=beyond_or|pattern=red_close|rsi_mode=not_bear|start=10:00|stop_mode=fixed|stop_points=30|target_mode=vwap|time_exit=12:00|vwap_ext=10,fade_extreme,short,55,450.35441754059536,8.188262137101734,-62.34,0.38181818181818183,1.2124754277022565,-623.4000000000001,0.0857709950833573,0.02903361908587653,33,-59.2566481788443,-1.7956560054195243,0.3333333333333333,22,509.6110657194397,23.164139350883623,0.45454545454545453,231.68890086904517,0.5144590390259923,480,False,False,False,False,False,False
human_window,fade|long|buffer_points=8|ema_ext=10|end=11:00|max_risk_points=120|min_reward_points=8|or_ext=0|or_location=beyond_or|pattern=green_close|rsi_mode=not_bull|start=10:00|stop_mode=signal_extreme|target_mode=or_mid|time_exit=12:00|vwap_ext=10,fade_extreme,long,43,449.37999999999977,10.450697674418599,-48.84,0.3023255813953488,1.2251741243673901,-844.0100000000001,0.08276072200169275,0.024770677203112525,25,843.5000000000001,33.74,0.4,18,-394.1200000000001,-21.89555555555556,0.16666666666666666,374.66,0.8337264675775518,480,False,False,False,False,False,False
human_window,fade|short|buffer_points=8|ema_ext=0|end=11:00|max_risk_points=120|min_reward_points=8|or_ext=0|or_location=none|pattern=close_prev_low|rr=1.5|rsi_mode=not_bear|start=10:00|stop_mode=signal_extreme|target_mode=rr|time_exit=12:00|vwap_ext=0,fade_extreme,short,69,444.2899999999996,6.438985507246372,-34.84,0.42028985507246375,1.2031875971828405,-527.2500000000002,0.08310434516013772,0.03150849491043963,41,466.05999999999983,11.367317073170728,0.4146341463414634,28,-21.770000000000095,-0.7775000000000034,0.42857142857142855,231.66,0.5214161921267645,480,False,False,False,False,False,False
human_window,fade|long|buffer_points=8|ema_ext=0|end=11:00|max_risk_points=120|min_reward_points=8|or_ext=0|or_location=none|pattern=green_close|rsi_mode=not_bull|start=10:00|stop_mode=signal_extreme|target_mode=vwap|time_exit=12:00|vwap_ext=0,fade_extreme,long,53,442.2107210307769,8.343598510014658,-47.34,0.41509433962264153,1.2193462039596326,-666.5600000000002,0.08439860331768545,0.02804481476229642,31,534.454773143422,17.240476553013615,0.45161290322580644,22,-92.24405211264508,-4.192911459665686,0.36363636363636365,233.3352730735534,0.5276563004389796,480,False,False,False,False,False,False
human_window,ema_pullback|long|buffer_points=0|confirm_pattern=break_prev|end=11:00|max_risk_points=120|min_reward_points=8|min_slope=2|rr=1.5|rsi_threshold=50|start=09:45|stop_mode=fixed|stop_points=30|target_mode=rr|time_exit=12:00|touch_tolerance=5,ema_pullback,long,17,440.2199999999999,25.895294117647055,87.66,0.5882352941176471,2.008799670012374,-124.68000000000006,0.340302407086561,0.06404258642645902,10,426.5999999999999,42.65999999999999,0.7,7,13.619999999999976,1.9457142857142824,0.42857142857142855,87.66,0.19912770887283635,480,False,False,True,True,False,False
human_window,inverse_orb|short|buffer_points=0|confirm_pattern=break_prev|end=11:00|max_risk_points=120|max_stop=80|min_reward_points=8|or_class=tight|or_stop_fraction=0.25|rr=1.5|start=09:45|stop_mode=or_fraction|target_mode=rr|time_exit=12:00|touch_tolerance=5,inverse_orb,short,18,434.3799999999999,24.132222222222214,58.12875,0.6111111111111112,2.438916125612826,-92.18,0.42551961649043546,0.08240151940760117,10,239.91249999999994,23.991249999999994,0.6,8,194.46749999999997,24.308437499999997,0.625,88.035,0.20266817072609242,480,False,True,True,True,False,False
human_window,inverse_orb|short|buffer_points=0|confirm_pattern=simple|end=11:00|max_risk_points=120|max_stop=80|min_reward_points=8|or_class=tight|or_stop_fraction=0.25|rr=1.5|start=09:45|stop_mode=or_fraction|target_mode=rr|time_exit=12:00|touch_tolerance=5,inverse_orb,short,18,434.3799999999999,24.132222222222214,58.12875,0.6111111111111112,2.438916125612826,-92.18,0.42551961649043546,0.08240151940760117,10,239.91249999999994,23.991249999999994,0.6,8,194.46749999999997,24.308437499999997,0.625,88.035,0.20266817072609242,480,False,True,True,True,False,False
human_window,fade|long|buffer_points=8|ema_ext=10|end=11:00|max_risk_points=120|min_reward_points=8|or_ext=0|or_location=none|pattern=green_close|rsi_mode=not_bull|start=10:00|stop_mode=signal_extreme|target_mode=vwap|time_exit=12:00|vwap_ext=10,fade_extreme,long,55,430.60853760574923,7.82924613828635,-46.34,0.45454545454545453,1.2154443076028172,-665.0600000000002,0.08354904660141314,0.028281485969191666,33,522.3235029444342,15.827984937710125,0.45454545454545453,22,-91.71496533868464,-4.168862060849301,0.45454545454545453,233.3352730735534,0.5418733088083529,480,False,False,False,False,False,False
human_window,fade|short|buffer_points=8|ema_ext=20|end=11:00|max_risk_points=120|min_reward_points=8|or_ext=0|or_location=none|pattern=close_prev_low|rr=1.5|rsi_mode=not_bear|start=10:00|stop_mode=signal_extreme|target_mode=rr|time_exit=12:00|vwap_ext=20,fade_extreme,short,56,417.4599999999997,7.454642857142852,-35.59,0.42857142857142855,1.2496203016060943,-535.3000000000001,0.09822268934865616,0.03354943539519413,33,332.02999999999986,10.061515151515147,0.3939393939393939,23,85.42999999999992,3.714347826086953,0.4782608695652174,231.66,0.5549274181957556,480,False,False,False,False,False,False
human_window,or_retest|long|buffer_points=0|confirm_pattern=break_prev|end=11:00|max_risk_points=120|max_stop=80|min_reward_points=8|or_class=all|start=09:45|stop_mode=fixed|stop_points=30|target_mode=fixed|target_points=30|time_exit=12:00|touch_tolerance=5,or_retest,long,55,411.2999999999997,7.478181818181813,57.66,0.5818181818181818,1.2868560907226851,-335.10000000000014,0.12518551821141952,0.04237549823557611,33,222.7799999999999,6.750909090909087,0.5757575757575758,22,188.51999999999992,8.569090909090905,0.5909090909090909,57.66,0.14018964259664488,480,False,True,True,False,False,False
human_window,fade|short|buffer_points=8|ema_ext=10|end=11:00|max_risk_points=120|min_reward_points=8|or_ext=0|or_location=beyond_or|pattern=red_close|rr=1.5|rsi_mode=not_bear|start=10:00|stop_mode=signal_extreme|target_mode=rr|time_exit=12:00|vwap_ext=10,fade_extreme,short,55,406.0499999999996,7.382727272727266,-33.84,0.41818181818181815,1.2865803737790076,-440.1700000000001,0.10311346888610977,0.03490407421941629,33,-0.47000000000008413,-0.014242424242426792,0.36363636363636365,22,406.51999999999975,18.478181818181806,0.5,272.16,0.6702622829700783,480,False,False,False,False,False,False
human_window,fade|short|buffer_points=8|ema_ext=20|end=11:00|max_risk_points=120|min_reward_points=8|or_ext=0|or_location=beyond_or|pattern=close_prev_low|rsi_mode=not_bear|start=09:45|stop_mode=signal_extreme|target_mode=vwap|time_exit=12:00|vwap_ext=20,fade_extreme,short,49,405.69778114802057,8.279546554041236,-41.34,0.3673469387755102,1.2464689686447605,-496.3250508704276,0.0957881272120802,0.030604768842217946,29,778.2955402358352,26.83777724951156,0.4482758620689655,20,-372.59775908781467,-18.629887954390732,0.25,191.83241861273942,0.4728456193916144,480,False,False,False,False,False,False
human_window,inverse_orb|long|buffer_points=0|confirm_pattern=break_prev|end=12:00|max_risk_points=120|max_stop=80|min_reward_points=8|or_class=all|rr=1.5|start=09:45|stop_mode=fixed|stop_points=30|target_mode=rr|time_exit=12:00|touch_tolerance=5,inverse_orb,long,55,400.2999999999997,7.278181818181813,-62.34,0.4727272727272727,1.2214220127664754,-429.5000000000001,0.09729532328195865,0.03293462262225431,33,42.77999999999989,1.296363636363633,0.42424242424242425,22,357.51999999999987,16.250909090909087,0.5454545454545454,87.66,0.21898576067949052,480,False,False,True,False,False,False
human_window,inverse_orb|long|buffer_points=0|confirm_pattern=simple|end=12:00|max_risk_points=120|max_stop=80|min_reward_points=8|or_class=all|rr=1.5|start=09:45|stop_mode=fixed|stop_points=30|target_mode=rr|time_exit=12:00|touch_tolerance=5,inverse_orb,long,55,400.2999999999997,7.278181818181813,-62.34,0.4727272727272727,1.2214220127664754,-429.5000000000001,0.09729532328195865,0.03293462262225431,33,42.77999999999989,1.296363636363633,0.42424242424242425,22,357.51999999999987,16.250909090909087,0.5454545454545454,87.66,0.21898576067949052,480,False,False,True,False,False,False
human_window,ema_pullback|short|buffer_points=8|confirm_pattern=break_prev|end=12:00|max_risk_points=120|min_reward_points=8|min_slope=2|rr=1.5|rsi_threshold=50|start=09:45|stop_mode=signal_extreme|target_mode=rr|time_exit=12:00|touch_tolerance=5,ema_pullback,short,25,397.7499999999999,15.909999999999995,-34.34,0.48,1.4422294367481263,-301.70000000000005,0.16093124703537884,0.03672736425363057,15,88.89999999999995,5.926666666666663,0.4,10,308.8499999999999,30.88499999999999,0.6,214.41,0.5390571967316155,480,False,False,False,False,False,False
human_window,or_retest|long|buffer_points=0|confirm_pattern=break_prev|end=11:00|max_risk_points=120|max_stop=80|min_reward_points=8|or_class=all|or_stop_fraction=0.25|rr=1.5|start=09:45|stop_mode=or_fraction|target_mode=rr|time_exit=12:00|touch_tolerance=5,or_retest,long,55,395.4874999999995,7.190681818181809,-40.715,0.45454545454545453,1.1892103626447235,-576.37,0.07867732946880031,0.026632401924113758,33,29.092499999999887,0.8815909090909057,0.42424242424242425,22,366.39499999999975,16.65431818181817,0.5,207.66,0.5250734852555397,480,False,True,False,False,False,False
human_window,or_retest|long|buffer_points=0|confirm_pattern=simple|end=12:00|max_risk_points=120|max_stop=80|min_reward_points=8|or_class=all|rr=1.5|start=09:45|stop_mode=fixed|stop_points=30|target_mode=rr|time_exit=12:00|touch_tolerance=5,or_retest,long,68,393.37999999999965,5.784999999999995,-62.34,0.45588235294117646,1.1735566359890226,-394.46000000000026,0.07789221648430246,0.029317565214139186,40,298.89999999999986,7.472499999999997,0.475,28,94.48000000000002,3.374285714285715,0.42857142857142855,87.66,0.22283796837663347,480,False,False,True,False,False,False
human_window,fade|short|buffer_points=8|ema_ext=0|end=11:00|max_risk_points=120|min_reward_points=8|or_ext=0|or_location=beyond_or|pattern=red_close|rr=1.5|rsi_mode=not_bear|start=10:00|stop_mode=signal_extreme|target_mode=rr|time_exit=12:00|vwap_ext=0,fade_extreme,short,56,382.9599999999998,6.838571428571425,-33.59,0.4107142857142857,1.263072568900613,-422.1700000000001,0.09558013601938616,0.03264683159981238,33,23.029999999999916,0.6978787878787853,0.36363636363636365,23,359.9299999999997,15.649130434782597,0.4782608695652174,272.16,0.7106747440986008,480,False,False,False,False,False,False
human_window,fade|short|buffer_points=0|ema_ext=10|end=11:00|max_risk_points=120|min_reward_points=8|or_ext=0|or_location=none|pattern=red_close|rsi_mode=not_bear|start=10:00|stop_mode=fixed|stop_points=30|target_mode=vwap|time_exit=12:00|vwap_ext=10,fade_extreme,short,70,378.7505591226971,5.4107222731813875,-62.34,0.45714285714285713,1.1598832206755383,-685.1302729521391,0.06502079348169428,0.02483022565632961,42,53.87528176149368,1.2827448038450877,0.4523809523809524,28,324.8752773612035,11.602688477185838,0.4642857142857143,231.68890086904517,0.6117189672424722,480,False,True,False,False,False,False
human_window,fade|short|buffer_points=0|ema_ext=20|end=11:00|max_risk_points=120|min_reward_points=8|or_ext=0|or_location=none|pattern=red_close|rr=1.5|rsi_mode=not_bear|start=10:00|stop_mode=fixed|stop_points=30|target_mode=rr|time_exit=12:00|vwap_ext=20,fade_extreme,short,67,378.2199999999997,5.645074626865667,-62.34,0.44776119402985076,1.16797981861626,-621.4800000000004,0.07556306378413785,0.028231005146745015,40,-38.600000000000165,-0.9650000000000041,0.4,27,416.81999999999994,15.437777777777775,0.5185185185185185,87.66,0.23176986938818694,480,False,False,True,False,False,False
human_window,ema_pullback|short|buffer_points=8|confirm_pattern=break_prev|end=11:00|max_risk_points=120|min_reward_points=8|min_slope=0|rr=1.5|rsi_threshold=50|start=09:45|stop_mode=signal_extreme|target_mode=rr|time_exit=12:00|touch_tolerance=5,ema_pullback,short,14,377.4899999999999,26.96357142857142,2.0349999999999966,0.5,1.7130794514337522,-216.52,0.23861727748550296,0.04075165823835447,8,147.52999999999997,18.441249999999997,0.375,6,229.95999999999995,38.32666666666666,0.6666666666666666,214.41,0.5679885559882383,480,False,False,False,True,False,False
human_window,ema_pullback|short|buffer_points=8|confirm_pattern=break_prev|end=11:00|max_risk_points=120|min_reward_points=8|min_slope=2|rr=1.5|rsi_threshold=50|start=09:45|stop_mode=signal_extreme|target_mode=rr|time_exit=12:00|touch_tolerance=5,ema_pullback,short,14,377.4899999999999,26.96357142857142,2.0349999999999966,0.5,1.7130794514337522,-216.52,0.23861727748550296,0.04075165823835447,8,147.52999999999997,18.441249999999997,0.375,6,229.95999999999995,38.32666666666666,0.6666666666666666,214.41,0.5679885559882383,480,False,False,False,True,False,False
human_window,fade|short|buffer_points=8|ema_ext=10|end=11:00|max_risk_points=120|min_reward_points=8|or_ext=0|or_location=beyond_or|pattern=close_prev_low|rr=1.5|rsi_mode=not_bear|start=09:45|stop_mode=signal_extreme|target_mode=rr|time_exit=12:00|vwap_ext=10,fade_extreme,short,49,376.5899999999998,7.685510204081629,-38.34,0.42857142857142855,1.2436655623997106,-444.1,0.0959910599981033,0.030669606846545905,29,627.8899999999999,21.651379310344822,0.4827586206896552,20,-251.30000000000004,-12.565000000000001,0.35,231.66,0.6151517565522189,480,False,False,False,False,False,False
human_window,fade|short|buffer_points=8|ema_ext=20|end=11:00|max_risk_points=120|min_reward_points=8|or_ext=0|or_location=beyond_or|pattern=close_prev_low|rr=1.5|rsi_mode=not_bear|start=10:00|stop_mode=signal_extreme|target_mode=rr|time_exit=12:00|vwap_ext=20,fade_extreme,short,44,374.7899999999996,8.517954545454536,-34.34,0.4318181818181818,1.2883000000000002,-286.26000000000045,0.11107404397216855,0.03362933685633765,26,506.40999999999997,19.47730769230769,0.46153846153846156,18,-131.62000000000006,-7.312222222222226,0.3888888888888889,231.66,0.6181061394380859,480,False,False,False,False,False,False
human_window,fade|short|buffer_points=0|ema_ext=10|end=11:00|max_risk_points=120|min_reward_points=8|or_ext=0|or_location=beyond_or|pattern=red_close|rsi_mode=not_bear|start=10:00|stop_mode=fixed|stop_points=30|target_mode=or_mid|time_exit=12:00|vwap_ext=10,fade_extreme,short,55,356.5499999999996,6.482727272727265,-62.34,0.3090909090909091,1.1505116255508836,-820.4600000000002,0.0590297382300419,0.019981660849852832,33,-217.7200000000001,-6.597575757575761,0.2727272727272727,22,574.2699999999998,26.103181818181806,0.36363636363636365,285.91,0.8018791193381022,480,False,False,False,False,False,False
human_window,inverse_orb|short|buffer_points=0|confirm_pattern=break_prev|end=12:00|max_risk_points=120|max_stop=80|min_reward_points=8|or_class=tight|or_stop_fraction=0.25|start=09:45|stop_mode=or_fraction|target_mode=fixed|target_points=30|time_exit=12:00|touch_tolerance=5,inverse_orb,short,22,355.14499999999987,16.14295454545454,57.66,0.5909090909090909,1.9003891642475939,-133.27000000000007,0.31325062635090756,0.06706295251483226,13,248.70499999999984,19.131153846153833,0.6153846153846154,9,106.43999999999997,11.826666666666663,0.5555555555555556,57.66,0.16235622069858796,480,False,True,True,True,False,False
human_window,inverse_orb|short|buffer_points=0|confirm_pattern=simple|end=12:00|max_risk_points=120|max_stop=80|min_reward_points=8|or_class=tight|or_stop_fraction=0.25|start=09:45|stop_mode=or_fraction|target_mode=fixed|target_points=30|time_exit=12:00|touch_tolerance=5,inverse_orb,short,22,355.14499999999987,16.14295454545454,57.66,0.5909090909090909,1.9003891642475939,-133.27000000000007,0.31325062635090756,0.06706295251483226,13,248.70499999999984,19.131153846153833,0.6153846153846154,9,106.43999999999997,11.826666666666663,0.5555555555555556,57.66,0.16235622069858796,480,False,True,True,True,False,False
human_window,fade|short|buffer_points=8|ema_ext=20|end=11:00|max_risk_points=120|min_reward_points=8|or_ext=0|or_location=none|pattern=red_close|rsi_mode=not_bear|start=10:00|stop_mode=signal_extreme|target_mode=or_mid|time_exit=12:00|vwap_ext=20,fade_extreme,short,63,352.3299999999996,5.592539682539676,-36.34,0.3333333333333333,1.165702541527926,-911.6200000000002,0.059777397308952734,0.02165641963276712,37,-66.08000000000013,-1.7859459459459495,0.2702702702702703,26,418.40999999999997,16.092692307692307,0.4230769230769231,253.16,0.7185309227145015,480,False,False,False,False,False,False
human_window,fade|short|buffer_points=0|ema_ext=20|end=11:00|max_risk_points=120|min_reward_points=8|or_ext=0|or_location=beyond_or|pattern=red_close|rsi_mode=not_bear|start=10:00|stop_mode=fixed|stop_points=30|target_mode=vwap|time_exit=12:00|vwap_ext=20,fade_extreme,short,55,351.81029251679536,6.396550773032643,-62.34,0.36363636363636365,1.161240337557539,-623.4000000000002,0.06673242811970395,0.02258903370329515,33,-161.19625854844966,-4.884735107528778,0.30303030303030304,22,513.006551065245,23.318479593874773,0.45454545454545453,231.68890086904517,0.6585620312912942,480,False,False,False,False,False,False
human_window,fade|short|buffer_points=8|ema_ext=10|end=11:00|max_risk_points=120|min_reward_points=8|or_ext=0|or_location=none|pattern=red_close|rsi_mode=not_bear|start=10:00|stop_mode=signal_extreme|target_mode=or_mid|time_exit=12:00|vwap_ext=10,fade_extreme,short,62,350.66999999999985,5.6559677419354815,-36.34,0.3387096774193548,1.160788467358111,-920.6200000000003,0.059222314907823564,0.021284360462779164,37,2.419999999999874,0.06540540540540199,0.2972972972972973,25,348.25,13.93,0.4,253.16,0.7219323010237548,480,False,False,False,False,False,False
human_window,fade|short|buffer_points=0|ema_ext=0|end=11:00|max_risk_points=120|min_reward_points=8|or_ext=0|or_location=none|pattern=red_close|rr=1.5|rsi_mode=not_bear|start=10:00|stop_mode=fixed|stop_points=30|target_mode=rr|time_exit=12:00|vwap_ext=0,fade_extreme,short,73,349.6799999999997,4.790136986301366,-62.34,0.4520547945205479,1.1402309913378246,-722.7600000000003,0.06417592598174715,0.02502723981484442,43,269.8799999999999,6.2762790697674395,0.46511627906976744,30,79.79999999999981,2.659999999999994,0.43333333333333335,87.66,0.2506863417982157,480,False,False,False,False,False,False
human_window,fade|long|buffer_points=0|ema_ext=0|end=11:00|max_risk_points=120|min_reward_points=8|or_ext=0|or_location=none|pattern=close_prev_high|rr=1.5|rsi_mode=not_bull|start=09:45|stop_mode=fixed|stop_points=30|target_mode=rr|time_exit=12:00|vwap_ext=0,fade_extreme,long,57,346.61999999999966,6.081052631578942,-62.34,0.45614035087719296,1.1793598062653299,-346.80000000000007,0.08067731267609526,0.027801500277873085,34,130.43999999999988,3.8364705882352905,0.4411764705882353,23,216.17999999999992,9.399130434782606,0.4782608695652174,87.66,0.25289942876925764,480,False,True,False,False,False,False
human_window,fade|short|buffer_points=8|ema_ext=0|end=11:00|max_risk_points=120|min_reward_points=8|or_ext=0|or_location=none|pattern=red_close|rsi_mode=not_bear|start=10:00|stop_mode=signal_extreme|target_mode=or_mid|time_exit=12:00|vwap_ext=0,fade_extreme,short,60,344.0999999999997,5.734999999999995,-36.34,0.3333333333333333,1.1610879640466265,-953.2100000000004,0.05928808236837653,0.020961502543112815,36,-188.9900000000001,-5.249722222222225,0.2777777777777778,24,533.09,22.212083333333336,0.4166666666666667,253.16,0.7357163615228138,480,False,False,False,False,False,False
human_window,fade|long|buffer_points=0|ema_ext=20|end=11:00|max_risk_points=120|min_reward_points=8|or_ext=0|or_location=none|pattern=green_close|rsi_mode=not_bull|start=10:00|stop_mode=fixed|stop_points=30|target_mode=vwap|time_exit=12:00|vwap_ext=20,fade_extreme,long,52,341.51241865660984,6.567546512627112,-62.34,0.4230769230769231,1.1826074316418622,-749.8267980958533,0.07326249420347382,0.024113638903443983,31,895.0514692423027,28.87262804007428,0.5161290322580645,21,-553.539050585693,-26.35900240884252,0.2857142857142857,233.3352730735534,0.6832409608746076,480,False,False,False,False,False,False
human_window,fade|long|buffer_points=0|ema_ext=0|end=11:00|max_risk_points=120|min_reward_points=8|or_ext=0|or_location=beyond_or|pattern=green_close|rsi_mode=not_bull|start=10:00|stop_mode=fixed|stop_points=30|target_mode=or_mid|time_exit=12:00|vwap_ext=0,fade_extreme,long,43,333.12999999999977,7.747209302325576,-62.34,0.27906976744186046,1.172379355666636,-795.0000000000007,0.06453488760863074,0.019315598397750103,25,916.0,36.64,0.4,18,-582.8700000000001,-32.381666666666675,0.1111111111111111,374.66,1.1246660462882367,480,False,False,False,False,False,False
human_window,fade|long|buffer_points=0|ema_ext=10|end=11:00|max_risk_points=120|min_reward_points=8|or_ext=0|or_location=beyond_or|pattern=green_close|rsi_mode=not_bull|start=10:00|stop_mode=fixed|stop_points=30|target_mode=or_mid|time_exit=12:00|vwap_ext=10,fade_extreme,long,43,333.12999999999977,7.747209302325576,-62.34,0.27906976744186046,1.172379355666636,-795.0000000000007,0.06453488760863074,0.019315598397750103,25,916.0,36.64,0.4,18,-582.8700000000001,-32.381666666666675,0.1111111111111111,374.66,1.1246660462882367,480,False,False,False,False,False,False
human_window,fade|long|buffer_points=0|ema_ext=20|end=11:00|max_risk_points=120|min_reward_points=8|or_ext=0|or_location=beyond_or|pattern=green_close|rsi_mode=not_bull|start=10:00|stop_mode=fixed|stop_points=30|target_mode=or_mid|time_exit=12:00|vwap_ext=20,fade_extreme,long,43,333.12999999999977,7.747209302325576,-62.34,0.27906976744186046,1.172379355666636,-795.0000000000007,0.06453488760863074,0.019315598397750103,25,916.0,36.64,0.4,18,-582.8700000000001,-32.381666666666675,0.1111111111111111,374.66,1.1246660462882367,480,False,False,False,False,False,False
human_window,inverse_orb|short|buffer_points=0|confirm_pattern=break_prev|end=11:00|max_risk_points=120|max_stop=80|min_reward_points=8|or_class=tight|or_stop_fraction=0.25|start=09:45|stop_mode=or_fraction|target_mode=fixed|target_points=30|time_exit=12:00|touch_tolerance=5,inverse_orb,short,18,332.3799999999999,18.46555555555555,57.66,0.6111111111111112,2.101033523254273,-98.36000000000001,0.36125856490471453,0.06995742027753753,10,182.72499999999997,18.272499999999997,0.6,8,149.65499999999997,18.706874999999997,0.625,57.66,0.17347614176544923,480,False,True,True,True,False,False
human_window,inverse_orb|short|buffer_points=0|confirm_pattern=simple|end=11:00|max_risk_points=120|max_stop=80|min_reward_points=8|or_class=tight|or_stop_fraction=0.25|start=09:45|stop_mode=or_fraction|target_mode=fixed|target_points=30|time_exit=12:00|touch_tolerance=5,inverse_orb,short,18,332.3799999999999,18.46555555555555,57.66,0.6111111111111112,2.101033523254273,-98.36000000000001,0.36125856490471453,0.06995742027753753,10,182.72499999999997,18.272499999999997,0.6,8,149.65499999999997,18.706874999999997,0.625,57.66,0.17347614176544923,480,False,True,True,True,False,False
human_window,fade|short|buffer_points=0|ema_ext=10|end=11:00|max_risk_points=120|min_reward_points=8|or_ext=0|or_location=beyond_or|pattern=red_close|rr=1.5|rsi_mode=not_bear|start=10:00|stop_mode=fixed|stop_points=30|target_mode=rr|time_exit=12:00|vwap_ext=10,fade_extreme,short,55,321.2999999999996,5.841818181818175,-62.34,0.45454545454545453,1.1717998075072187,-660.4200000000002,0.0775004760102683,0.026234035145207814,33,-257.22000000000014,-7.794545454545458,0.36363636363636365,22,578.5199999999998,26.296363636363626,0.5909090909090909,87.66,0.27282913165266137,480,False,False,False,False,False,False
human_window,or_retest|long|buffer_points=0|confirm_pattern=simple|end=11:00|max_risk_points=120|max_stop=80|min_reward_points=8|or_class=all|rr=1.5|start=09:45|stop_mode=fixed|stop_points=30|target_mode=rr|time_exit=12:00|touch_tolerance=5,or_retest,long,60,309.5999999999998,5.159999999999997,-62.34,0.45,1.1504943564616323,-372.12000000000023,0.06856795886684229,0.024242434343432224,36,305.7599999999998,8.493333333333329,0.4722222222222222,24,3.839999999999975,0.15999999999999895,0.4166666666666667,87.66,0.2831395348837211,480,False,False,False,False,False,False
human_window,inverse_orb|short|buffer_points=0|confirm_pattern=break_prev|end=12:00|max_risk_points=120|max_stop=80|min_reward_points=8|or_class=tight|start=09:45|stop_mode=fixed|stop_points=30|target_mode=fixed|target_points=30|time_exit=12:00|touch_tolerance=5,inverse_orb,short,22,308.51999999999987,14.023636363636358,57.66,0.6363636363636364,1.6186236766121265,-134.04000000000002,0.23735116748089818,0.05081384915183061,13,149.57999999999993,11.50615384615384,0.6153846153846154,9,158.93999999999997,17.659999999999997,0.6666666666666666,57.66,0.18689225982108135,480,False,True,True,True,False,False
human_window,inverse_orb|short|buffer_points=0|confirm_pattern=simple|end=12:00|max_risk_points=120|max_stop=80|min_reward_points=8|or_class=tight|start=09:45|stop_mode=fixed|stop_points=30|target_mode=fixed|target_points=30|time_exit=12:00|touch_tolerance=5,inverse_orb,short,22,308.51999999999987,14.023636363636358,57.66,0.6363636363636364,1.6186236766121265,-134.04000000000002,0.23735116748089818,0.05081384915183061,13,149.57999999999993,11.50615384615384,0.6153846153846154,9,158.93999999999997,17.659999999999997,0.6666666666666666,57.66,0.18689225982108135,480,False,True,True,True,False,False
human_window,inverse_orb|short|buffer_points=0|confirm_pattern=break_prev|end=11:00|max_risk_points=120|max_stop=80|min_reward_points=8|or_class=wide|rr=1.5|start=09:45|stop_mode=fixed|stop_points=30|target_mode=rr|time_exit=12:00|touch_tolerance=5,inverse_orb,short,12,301.91999999999996,25.159999999999997,87.66,0.5833333333333334,1.9686236766121263,-311.70000000000005,0.3257409218849793,0.051504162013976146,7,-136.38000000000002,-19.482857142857146,0.2857142857142857,5,438.29999999999995,87.66,1.0,87.66,0.29034181240063595,480,False,False,False,True,False,False
human_window,inverse_orb|short|buffer_points=0|confirm_pattern=break_prev|end=12:00|max_risk_points=120|max_stop=80|min_reward_points=8|or_class=wide|rr=1.5|start=09:45|stop_mode=fixed|stop_points=30|target_mode=rr|time_exit=12:00|touch_tolerance=5,inverse_orb,short,12,301.91999999999996,25.159999999999997,87.66,0.5833333333333334,1.9686236766121263,-311.70000000000005,0.3257409218849793,0.051504162013976146,7,-136.38000000000002,-19.482857142857146,0.2857142857142857,5,438.29999999999995,87.66,1.0,87.66,0.29034181240063595,480,False,False,False,True,False,False
human_window,inverse_orb|short|buffer_points=0|confirm_pattern=simple|end=11:00|max_risk_points=120|max_stop=80|min_reward_points=8|or_class=wide|rr=1.5|start=09:45|stop_mode=fixed|stop_points=30|target_mode=rr|time_exit=12:00|touch_tolerance=5,inverse_orb,short,12,301.91999999999996,25.159999999999997,87.66,0.5833333333333334,1.9686236766121263,-311.70000000000005,0.3257409218849793,0.051504162013976146,7,-136.38000000000002,-19.482857142857146,0.2857142857142857,5,438.29999999999995,87.66,1.0,87.66,0.29034181240063595,480,False,False,False,True,False,False
human_window,inverse_orb|short|buffer_points=0|confirm_pattern=simple|end=12:00|max_risk_points=120|max_stop=80|min_reward_points=8|or_class=wide|rr=1.5|start=09:45|stop_mode=fixed|stop_points=30|target_mode=rr|time_exit=12:00|touch_tolerance=5,inverse_orb,short,12,301.91999999999996,25.159999999999997,87.66,0.5833333333333334,1.9686236766121263,-311.70000000000005,0.3257409218849793,0.051504162013976146,7,-136.38000000000002,-19.482857142857146,0.2857142857142857,5,438.29999999999995,87.66,1.0,87.66,0.29034181240063595,480,False,False,False,True,False,False
human_window,fade|short|buffer_points=0|ema_ext=0|end=11:00|max_risk_points=120|min_reward_points=8|or_ext=0|or_location=beyond_or|pattern=red_close|rsi_mode=not_bear|start=10:00|stop_mode=fixed|stop_points=30|target_mode=or_mid|time_exit=12:00|vwap_ext=0,fade_extreme,short,56,294.2099999999998,5.253749999999997,-62.34,0.30357142857142855,1.1210113274598352,-882.8000000000002,0.04810845826620763,0.01643216677600172,33,-217.7200000000001,-6.597575757575761,0.2727272727272727,23,511.9299999999997,22.25782608695651,0.34782608695652173,285.91,0.971788858298495,480,False,False,False,False,False,False
human_window,fade|short|buffer_points=0|ema_ext=0|end=11:00|max_risk_points=120|min_reward_points=8|or_ext=0|or_location=none|pattern=red_close|rsi_mode=not_bear|start=10:00|stop_mode=fixed|stop_points=30|target_mode=vwap|time_exit=12:00|vwap_ext=0,fade_extreme,short,64,291.17585515920837,4.549622736862631,-62.34,0.4375,1.1297436348871812,-789.4694082578116,0.05356802534593711,0.019560277228652157,38,-149.49892052695404,-3.9341821191303694,0.39473684210526316,26,440.6747756861625,16.949029834083174,0.5,231.68890086904517,0.7957009372990865,480,False,False,False,False,False,False
human_window,fade|short|buffer_points=8|ema_ext=20|end=11:00|max_risk_points=120|min_reward_points=8|or_ext=0|or_location=none|pattern=red_close|rsi_mode=not_bear|start=09:45|stop_mode=signal_extreme|target_mode=or_mid|time_exit=12:00|vwap_ext=20,fade_extreme,short,68,290.12999999999977,4.26661764705882,-32.34,0.35294117647058826,1.1411165586879122,-797.9100000000003,0.05331008821566416,0.020065188261130313,40,-487.85000000000014,-12.196250000000003,0.275,28,777.9799999999999,27.784999999999997,0.4642857142857143,253.16,0.8725743632164898,480,False,False,False,False,False,False
human_window,ema_pullback|long|buffer_points=8|confirm_pattern=break_prev|end=11:00|max_risk_points=120|min_reward_points=8|min_slope=2|rsi_threshold=50|start=09:45|stop_mode=signal_extreme|target_mode=fixed|target_points=30|time_exit=12:00|touch_tolerance=5,ema_pullback,long,17,289.2199999999999,17.012941176470584,57.66,0.6470588235294118,1.8382216554602357,-103.84,0.29189328671431103,0.05493232093697606,10,192.59999999999997,19.259999999999998,0.7,7,96.61999999999998,13.802857142857139,0.5714285714285714,57.66,0.19936380609916332,480,False,False,True,True,False,False
human_window,fade|long|buffer_points=0|ema_ext=0|end=11:00|max_risk_points=120|min_reward_points=8|or_ext=0|or_location=none|pattern=close_prev_high|rsi_mode=not_bull|start=10:00|stop_mode=fixed|stop_points=30|target_mode=vwap|time_exit=12:00|vwap_ext=0,fade_extreme,long,44,283.0153887692493,6.432167926573848,-62.34,0.4090909090909091,1.1746103185812602,-452.40472692644664,0.06838417588872926,0.02070433743441763,26,278.3539869209018,10.705922573880837,0.4230769230769231,18,4.66140184834768,0.2589667693526489,0.3888888888888889,233.3352730735534,0.8244614333102518,480,False,False,False,False,False,False
human_window,or_retest|short|buffer_points=0|confirm_pattern=break_prev|end=11:00|max_risk_points=120|max_stop=80|min_reward_points=8|or_class=all|or_stop_fraction=0.25|rr=1.5|start=09:45|stop_mode=or_fraction|target_mode=rr|time_exit=12:00|touch_tolerance=5,or_retest,short,46,282.92249999999956,6.150489130434773,-43.715,0.41304347826086957,1.1682380119880125,-385.1,0.07022418477225896,0.021739272346699385,27,587.8199999999999,21.771111111111107,0.5185185185185185,19,-304.89750000000004,-16.047236842105264,0.2631578947368421,171.0975,0.6047504175171655,480,False,False,False,False,False,False
human_window,ema_pullback|long|buffer_points=0|confirm_pattern=break_prev|end=12:00|max_risk_points=120|min_reward_points=8|min_slope=2|rsi_threshold=50|start=09:45|stop_mode=fixed|stop_points=30|target_mode=fixed|target_points=30|time_exit=12:00|touch_tolerance=5,ema_pullback,long,24,279.3399999999999,11.639166666666663,57.66,0.625,1.5284925079461171,-129.36000000000004,0.2034509545833572,0.04549301645356091,14,207.23999999999992,14.802857142857137,0.6428571428571429,10,72.09999999999997,7.209999999999996,0.6,57.66,0.20641512135748555,480,False,False,True,True,False,False
human_window,fade|short|buffer_points=0|ema_ext=20|end=11:00|max_risk_points=120|min_reward_points=8|or_ext=0|or_location=none|pattern=red_close|rr=1.5|rsi_mode=not_bear|start=09:45|stop_mode=fixed|stop_points=30|target_mode=rr|time_exit=12:00|vwap_ext=20,fade_extreme,short,71,278.8599999999997,3.9276056338028122,-62.34,0.43661971830985913,1.1143524973345358,-448.08000000000004,0.05270472610532809,0.020270203857431217,42,136.71999999999986,3.255238095238092,0.42857142857142855,29,142.13999999999996,4.901379310344826,0.4482758620689655,87.66,0.3143512873843509,480,False,True,False,False,False,False
human_window,ema_pullback|long|buffer_points=0|confirm_pattern=break_prev|end=11:00|max_risk_points=120|min_reward_points=8|min_slope=2|rsi_threshold=50|start=09:45|stop_mode=fixed|stop_points=30|target_mode=fixed|target_points=30|time_exit=12:00|touch_tolerance=5,ema_pullback,long,17,260.2199999999999,15.307058823529406,57.66,0.6470588235294118,1.6957009945460373,-124.68000000000006,0.2589542179373069,0.048733413391718,10,216.59999999999994,21.659999999999993,0.7,7,43.619999999999976,6.231428571428568,0.5714285714285714,57.66,0.22158173852893712,480,False,False,True,True,False,False
human_window,fade|short|buffer_points=0|ema_ext=0|end=11:00|max_risk_points=120|min_reward_points=8|or_ext=0|or_location=beyond_or|pattern=red_close|rr=1.5|rsi_mode=not_bear|start=10:00|stop_mode=fixed|stop_points=30|target_mode=rr|time_exit=12:00|vwap_ext=0,fade_extreme,short,56,258.9599999999999,4.624285714285713,-62.34,0.44642857142857145,1.1339998137166634,-660.4200000000002,0.06145792701211719,0.02099187840903678,33,-257.22000000000014,-7.794545454545458,0.36363636363636365,23,516.1799999999997,22.44260869565216,0.5652173913043478,87.66,0.33850787766450424,480,False,False,False,False,False,False
human_window,fade|short|buffer_points=8|ema_ext=0|end=11:00|max_risk_points=120|min_reward_points=8|or_ext=0|or_location=beyond_or|pattern=close_prev_low|rr=1.5|rsi_mode=not_bear|start=09:45|stop_mode=signal_extreme|target_mode=rr|time_exit=12:00|vwap_ext=0,fade_extreme,short,51,252.65999999999977,4.954117647058819,-39.34,0.4117647058823529,1.1520948711774626,-456.71000000000043,0.06243162902615645,0.02035022130540193,30,582.0499999999998,19.40166666666666,0.4666666666666667,21,-329.3900000000002,-15.685238095238105,0.3333333333333333,231.66,0.9168843505105684,480,False,False,False,False,False,False
human_window,fade|short|buffer_points=0|ema_ext=20|end=11:00|max_risk_points=120|min_reward_points=8|or_ext=0|or_location=beyond_or|pattern=close_prev_low|rr=1.5|rsi_mode=not_bear|start=09:45|stop_mode=fixed|stop_points=30|target_mode=rr|time_exit=12:00|vwap_ext=20,fade_extreme,short,49,245.33999999999983,5.006938775510201,-62.34,0.4489795918367347,1.1457598117848362,-485.1000000000004,0.06642116031833073,0.02122188121784311,29,592.1399999999999,20.418620689655167,0.5517241379310345,20,-346.8000000000002,-17.34000000000001,0.3,87.66,0.35730007336757175,480,False,False,False,False,False,False
human_window,fade|short|buffer_points=8|ema_ext=10|end=11:00|max_risk_points=120|min_reward_points=8|or_ext=0|or_location=none|pattern=close_prev_low|rr=1.5|rsi_mode=not_bear|start=10:00|stop_mode=signal_extreme|target_mode=rr|time_exit=12:00|vwap_ext=10,fade_extreme,short,61,244.0099999999998,4.000163934426226,-35.34,0.39344262295081966,1.1270832465313947,-664.07,0.0526635854579485,0.018773909601630067,36,124.50999999999988,3.4586111111111077,0.3611111111111111,25,119.49999999999991,4.779999999999997,0.44,231.66,0.9493873201917962,480,False,True,False,False,False,False
human_window,fade|short|buffer_points=0|ema_ext=20|end=11:00|max_risk_points=120|min_reward_points=8|or_ext=0|or_location=none|pattern=red_close|rsi_mode=not_bear|start=10:00|stop_mode=fixed|stop_points=30|target_mode=vwap|time_exit=12:00|vwap_ext=20,fade_extreme,short,67,241.30141473808024,3.6015136528071676,-62.34,0.40298507462686567,1.096768292724607,-574.7273952749297,0.04162632266384631,0.015551949199944978,40,-17.283974172396313,-0.4320993543099078,0.4,27,258.5853889104766,9.577236626313947,0.4074074074074074,231.68890086904517,0.9601638727254503,480,False,False,False,False,False,False
human_window,fade|long|buffer_points=0|ema_ext=0|end=11:00|max_risk_points=120|min_reward_points=8|or_ext=0|or_location=none|pattern=green_close|rr=1.5|rsi_mode=not_bull|start=09:45|stop_mode=fixed|stop_points=30|target_mode=rr|time_exit=12:00|vwap_ext=0,fade_extreme,long,66,235.55999999999975,3.5690909090909053,-62.34,0.4393939393939394,1.1021252243581399,-436.38,0.04757678991931671,0.017641945871025237,39,-31.260000000000133,-0.801538461538465,0.41025641025641024,27,266.81999999999994,9.88222222222222,0.48148148148148145,87.66,0.37213448802852817,480,False,False,False,False,False,False
human_window,fade|long|buffer_points=0|ema_ext=0|end=11:00|max_risk_points=120|min_reward_points=8|or_ext=0|or_location=none|pattern=close_prev_high|rsi_mode=not_bull|start=09:45|stop_mode=fixed|stop_points=30|target_mode=vwap|time_exit=12:00|vwap_ext=0,fade_extreme,long,44,225.0454906680668,5.1146702424560635,-62.34,0.45454545454545453,1.150415390511755,-599.961930766882,0.06018190132053216,0.01822097548433695,26,-18.37510021400874,-0.7067346236157207,0.4230769230769231,18,243.42059088207571,13.523366160115318,0.5,226.40395246592757,1.0060363875491487,480,False,False,False,False,False,False
human_window,ema_pullback|long|buffer_points=8|confirm_pattern=break_prev|end=12:00|max_risk_points=120|min_reward_points=8|min_slope=2|rsi_threshold=50|start=09:45|stop_mode=signal_extreme|target_mode=fixed|target_points=30|time_exit=12:00|touch_tolerance=5,ema_pullback,long,24,222.83999999999992,9.284999999999997,57.66,0.5833333333333334,1.422525597269624,-103.84,0.165061917771592,0.036908966863376025,14,217.23999999999995,15.517142857142854,0.6428571428571429,10,5.5999999999999694,0.559999999999997,0.5,57.66,0.2587506731287023,480,False,False,False,False,False,False
human_window,fade|long|buffer_points=8|ema_ext=0|end=11:00|max_risk_points=120|min_reward_points=8|or_ext=0|or_location=none|pattern=green_close|rr=1.5|rsi_mode=not_bull|start=09:45|stop_mode=signal_extreme|target_mode=rr|time_exit=12:00|vwap_ext=0,fade_extreme,long,66,216.55999999999966,3.281212121212116,-35.59,0.45454545454545453,1.0960678543544602,-456.6400000000001,0.04067014121030085,0.01508089198569001,39,119.98999999999987,3.076666666666663,0.4358974358974359,27,96.56999999999991,3.576666666666663,0.48148148148148145,185.91,0.8584687846324358,480,False,True,False,False,False,False
human_window,fade|short|buffer_points=8|ema_ext=10|end=11:00|max_risk_points=120|min_reward_points=8|or_ext=0|or_location=beyond_or|pattern=close_prev_low|rr=1.5|rsi_mode=not_bear|start=10:00|stop_mode=signal_extreme|target_mode=rr|time_exit=12:00|vwap_ext=10,fade_extreme,short,46,215.35999999999973,4.681739130434777,-36.59,0.41304347826086957,1.1465851699587528,-391.35,0.06024942159353603,0.018651388962373536,27,304.31999999999994,11.271111111111109,0.4074074074074074,19,-88.96000000000006,-4.682105263157898,0.42105263157894735,231.66,1.0756872213967323,480,False,False,False,False,False,False
human_window,fade|short|buffer_points=0|ema_ext=0|end=11:00|max_risk_points=120|min_reward_points=8|or_ext=0|or_location=beyond_or|pattern=red_close|rsi_mode=not_bear|start=10:00|stop_mode=fixed|stop_points=30|target_mode=vwap|time_exit=12:00|vwap_ext=0,fade_extreme,short,56,214.91081696677503,3.8376931601209825,-62.34,0.35714285714285715,1.0957610669833768,-638.2863942452004,0.04063733435440941,0.013880292146315726,33,-232.3602487526649,-7.041219659171663,0.30303030303030304,23,447.27106571943966,19.446568074758247,0.43478260869565216,231.68890086904517,1.0780699833497167,480,False,False,False,False,False,False
human_window,ema_pullback|short|buffer_points=0|confirm_pattern=break_prev|end=12:00|max_risk_points=120|min_reward_points=8|min_slope=0|rr=1.5|rsi_threshold=50|start=09:45|stop_mode=fixed|stop_points=30|target_mode=rr|time_exit=12:00|touch_tolerance=5,ema_pullback,short,27,213.32,7.900740740740741,-34.34,0.48148148148148145,1.2525214262038917,-311.70000000000005,0.10807628045956323,0.02563254054685269,16,52.559999999999945,3.2849999999999966,0.4375,11,160.75999999999993,14.614545454545448,0.5454545454545454,87.66,0.4109319332458279,480,False,False,False,False,False,False
human_window,fade|short|buffer_points=0|ema_ext=20|end=11:00|max_risk_points=120|min_reward_points=8|or_ext=0|or_location=beyond_or|pattern=red_close|rsi_mode=not_bear|start=10:00|stop_mode=fixed|stop_points=30|target_mode=or_mid|time_exit=12:00|vwap_ext=20,fade_extreme,short,55,213.04999999999976,3.873636363636359,-62.34,0.2909090909090909,1.0876294596217595,-820.4600000000003,0.03532261437149007,0.011956761487755476,33,-353.72000000000014,-10.718787878787882,0.24242424242424243,22,566.7699999999998,25.762272727272716,0.36363636363636365,285.91,1.3419854494250192,480,False,False,False,False,False,False
human_window,inverse_orb|short|buffer_points=0|confirm_pattern=break_prev|end=12:00|max_risk_points=120|max_stop=80|min_reward_points=8|or_class=all|start=09:45|stop_mode=fixed|stop_points=30|target_mode=fixed|target_points=30|time_exit=12:00|touch_tolerance=5,inverse_orb,short,64,210.23999999999978,3.2849999999999966,57.66,0.546875,1.1162921907669845,-383.4000000000001,0.054560880263907104,0.01992281658525356,38,151.07999999999987,3.975789473684207,0.5526315789473685,26,59.15999999999991,2.275384615384612,0.5384615384615384,57.66,0.2742579908675802,480,False,False,False,False,False,False
human_window,inverse_orb|short|buffer_points=0|confirm_pattern=simple|end=12:00|max_risk_points=120|max_stop=80|min_reward_points=8|or_class=all|start=09:45|stop_mode=fixed|stop_points=30|target_mode=fixed|target_points=30|time_exit=12:00|touch_tolerance=5,inverse_orb,short,64,210.23999999999978,3.2849999999999966,57.66,0.546875,1.1162921907669845,-383.4000000000001,0.054560880263907104,0.01992281658525356,38,151.07999999999987,3.975789473684207,0.5526315789473685,26,59.15999999999991,2.275384615384612,0.5384615384615384,57.66,0.2742579908675802,480,False,False,False,False,False,False
human_window,fade|long|buffer_points=8|ema_ext=20|end=11:00|max_risk_points=120|min_reward_points=8|or_ext=0|or_location=none|pattern=green_close|rsi_mode=not_bull|start=10:00|stop_mode=signal_extreme|target_mode=vwap|time_exit=12:00|vwap_ext=20,fade_extreme,long,52,209.0917982466998,4.020996120128842,-46.84,0.40384615384615385,1.1062436730181808,-637.306798095853,0.04319415407815526,0.014216936585418232,31,766.0827726980066,24.71234750638731,0.4838709677419355,21,-556.9909744513069,-26.52337973577652,0.2857142857142857,233.3352730735534,1.1159465604588164,480,False,False,False,False,False,False
human_window,ema_pullback|short|buffer_points=0|confirm_pattern=break_prev|end=11:00|max_risk_points=120|min_reward_points=8|min_slope=0|rsi_threshold=50|start=09:45|stop_mode=fixed|stop_points=30|target_mode=fixed|target_points=30|time_exit=12:00|touch_tolerance=5,ema_pullback,short,14,207.23999999999992,14.802857142857137,57.66,0.6428571428571429,1.664870067372473,-71.70000000000002,0.24808113432171572,0.042367919489300514,8,101.27999999999997,12.659999999999997,0.625,6,105.95999999999998,17.659999999999997,0.6666666666666666,57.66,0.2782281412854662,480,False,True,False,True,False,False
human_window,ema_pullback|short|buffer_points=0|confirm_pattern=break_prev|end=11:00|max_risk_points=120|min_reward_points=8|min_slope=2|rsi_threshold=50|start=09:45|stop_mode=fixed|stop_points=30|target_mode=fixed|target_points=30|time_exit=12:00|touch_tolerance=5,ema_pullback,short,14,207.23999999999992,14.802857142857137,57.66,0.6428571428571429,1.664870067372473,-71.70000000000002,0.24808113432171572,0.042367919489300514,8,101.27999999999997,12.659999999999997,0.625,6,105.95999999999998,17.659999999999997,0.6666666666666666,57.66,0.2782281412854662,480,False,True,False,True,False,False
human_window,fade|long|buffer_points=8|ema_ext=0|end=11:00|max_risk_points=120|min_reward_points=8|or_ext=0|or_location=beyond_or|pattern=green_close|rsi_mode=not_bull|start=09:45|stop_mode=signal_extreme|target_mode=vwap|time_exit=12:00|vwap_ext=0,fade_extreme,long,43,206.13870902895977,4.793923465789762,-40.34,0.3023255813953488,1.1220333347318026,-780.1754399259888,0.04760114671119435,0.014247249312987861,25,695.5804767425798,27.823219069703192,0.44,18,-489.44176771362004,-27.191209317423336,0.1111111111111111,276.6460752785462,1.3420384583842577,480,False,False,False,False,False,False
human_window,fade|short|buffer_points=8|ema_ext=0|end=11:00|max_risk_points=120|min_reward_points=8|or_ext=0|or_location=none|pattern=red_close|rr=1.5|rsi_mode=not_bear|start=09:45|stop_mode=signal_extreme|target_mode=rr|time_exit=12:00|vwap_ext=0,fade_extreme,short,78,202.9799999999995,2.602307692307686,-30.34,0.4358974358974359,1.0914134908982818,-266.24,0.039960591995333555,0.01610862962204875,46,22.609999999999786,0.4915217391304301,0.391304347826087,32,180.3699999999999,5.636562499999997,0.5,167.91,0.8272243570795172,480,False,False,False,False,False,False
human_window,inverse_orb|short|buffer_points=0|confirm_pattern=break_prev|end=11:00|max_risk_points=120|max_stop=80|min_reward_points=8|or_class=tight|start=09:45|stop_mode=fixed|stop_points=30|target_mode=fixed|target_points=30|time_exit=12:00|touch_tolerance=5,inverse_orb,short,18,197.87999999999994,10.99333333333333,57.66,0.6111111111111112,1.4534579953251747,-138.72000000000003,0.18262637601916432,0.035365445645021844,10,96.59999999999997,9.659999999999997,0.6,8,101.27999999999997,12.659999999999997,0.625,57.66,0.29138872043662833,480,False,True,False,False,False,False
human_window,inverse_orb|short|buffer_points=0|confirm_pattern=simple|end=11:00|max_risk_points=120|max_stop=80|min_reward_points=8|or_class=tight|start=09:45|stop_mode=fixed|stop_points=30|target_mode=fixed|target_points=30|time_exit=12:00|touch_tolerance=5,inverse_orb,short,18,197.87999999999994,10.99333333333333,57.66,0.6111111111111112,1.4534579953251747,-138.72000000000003,0.18262637601916432,0.035365445645021844,10,96.59999999999997,9.659999999999997,0.6,8,101.27999999999997,12.659999999999997,0.625,57.66,0.29138872043662833,480,False,True,False,False,False,False
human_window,fade|long|buffer_points=8|ema_ext=0|end=11:00|max_risk_points=120|min_reward_points=8|or_ext=0|or_location=beyond_or|pattern=green_close|rr=1.5|rsi_mode=not_bull|start=09:45|stop_mode=signal_extreme|target_mode=rr|time_exit=12:00|vwap_ext=0,fade_extreme,long,43,197.3799999999998,4.5902325581395305,-35.34,0.4418604651162791,1.1462442392898953,-460.2600000000002,0.061792027083822,0.018494647214267104,25,187.49999999999994,7.499999999999997,0.48,18,9.879999999999939,0.5488888888888854,0.3888888888888889,172.41,0.8734927550917022,480,False,False,False,False,False,False
human_window,fade|short|buffer_points=8|ema_ext=20|end=11:00|max_risk_points=120|min_reward_points=8|or_ext=0|or_location=beyond_or|pattern=red_close|rr=1.5|rsi_mode=not_bear|start=10:00|stop_mode=signal_extreme|target_mode=rr|time_exit=12:00|vwap_ext=20,fade_extreme,short,55,192.04999999999967,3.491818181818176,-34.34,0.38181818181818183,1.1308634740657966,-501.09000000000026,0.049632862965724174,0.016800803536065712,33,-98.22000000000008,-2.9763636363636388,0.3333333333333333,22,290.26999999999975,13.194090909090898,0.45454545454545453,272.16,1.4171309554803462,480,False,False,False,False,False,False
human_window,ema_pullback|short|buffer_points=0|confirm_pattern=break_prev|end=12:00|max_risk_points=120|min_reward_points=8|min_slope=2|rr=1.5|rsi_threshold=50|start=09:45|stop_mode=fixed|stop_points=30|target_mode=rr|time_exit=12:00|touch_tolerance=5,ema_pullback,short,25,187.99999999999991,7.519999999999997,-34.34,0.48,1.2402801564377184,-311.70000000000005,0.10311381672044391,0.023532401420100206,15,-35.10000000000011,-2.3400000000000074,0.4,10,223.09999999999994,22.309999999999995,0.6,87.66,0.46627659574468105,480,False,False,False,False,False,False
human_window,ema_pullback|long|buffer_points=8|confirm_pattern=simple|end=12:00|max_risk_points=120|min_reward_points=8|min_slope=2|rr=1.5|rsi_threshold=50|start=09:45|stop_mode=signal_extreme|target_mode=rr|time_exit=12:00|touch_tolerance=5,ema_pullback,long,37,187.91999999999987,5.078918918918916,-36.84,0.43243243243243246,1.161701688264753,-375.58000000000004,0.05993173732767417,0.01663937887883197,22,-57.2300000000001,-2.601363636363641,0.45454545454545453,15,245.14999999999992,16.343333333333327,0.4,326.16,1.7356321839080473,480,False,False,False,False,False,False
human_window,fade|long|buffer_points=8|ema_ext=20|end=11:00|max_risk_points=120|min_reward_points=8|or_ext=0|or_location=beyond_or|pattern=green_close|rsi_mode=not_bull|start=09:45|stop_mode=signal_extreme|target_mode=vwap|time_exit=12:00|vwap_ext=20,fade_extreme,long,43,183.6387090289598,4.270667651836274,-40.34,0.3023255813953488,1.1072844009049254,-786.1754399259887,0.042273340978030975,0.012652611750323983,25,679.0804767425798,27.163219069703192,0.44,18,-495.44176771362004,-27.52454265075667,0.1111111111111111,276.6460752785462,1.5064692882093784,480,False,False,False,False,False,False
human_window,inverse_orb|short|buffer_points=0|confirm_pattern=break_prev|end=12:00|max_risk_points=120|max_stop=80|min_reward_points=8|or_class=all|or_stop_fraction=0.25|start=09:45|stop_mode=or_fraction|target_mode=fixed|target_points=30|time_exit=12:00|touch_tolerance=5,inverse_orb,short,64,178.6149999999998,2.790859374999997,57.66,0.546875,1.0971005471640163,-469.7750000000001,0.04486199009223812,0.01638128263206139,38,54.57999999999987,1.4363157894736809,0.5526315789473685,26,124.03499999999991,4.77057692307692,0.5384615384615384,57.66,0.3228172325952471,480,False,True,False,False,False,False
human_window,inverse_orb|short|buffer_points=0|confirm_pattern=simple|end=12:00|max_risk_points=120|max_stop=80|min_reward_points=8|or_class=all|or_stop_fraction=0.25|start=09:45|stop_mode=or_fraction|target_mode=fixed|target_points=30|time_exit=12:00|touch_tolerance=5,inverse_orb,short,64,178.6149999999998,2.790859374999997,57.66,0.546875,1.0971005471640163,-469.7750000000001,0.04486199009223812,0.01638128263206139,38,54.57999999999987,1.4363157894736809,0.5526315789473685,26,124.03499999999991,4.77057692307692,0.5384615384615384,57.66,0.3228172325952471,480,False,True,False,False,False,False
human_window,fade|long|buffer_points=8|ema_ext=10|end=11:00|max_risk_points=120|min_reward_points=8|or_ext=0|or_location=beyond_or|pattern=green_close|rsi_mode=not_bull|start=09:45|stop_mode=signal_extreme|target_mode=vwap|time_exit=12:00|vwap_ext=10,fade_extreme,long,43,178.1387090289598,4.142760675092088,-40.34,0.3023255813953488,1.1037378925162828,-778.6754399259887,0.040971672106082636,0.012263016074108006,25,666.0804767425798,26.643219069703193,0.44,18,-487.94176771362004,-27.10787598409,0.1111111111111111,276.6460752785462,1.5529812514447503,480,False,False,False,False,False,False
human_window,ema_pullback|short|buffer_points=0|confirm_pattern=break_prev|end=11:00|max_risk_points=120|min_reward_points=8|min_slope=0|rr=1.5|rsi_threshold=50|start=09:45|stop_mode=fixed|stop_points=30|target_mode=rr|time_exit=12:00|touch_tolerance=5,ema_pullback,short,14,177.23999999999995,12.659999999999997,12.659999999999997,0.5,1.4061597690086616,-187.02,0.16265975004811198,0.02777944083910496,8,-48.72000000000003,-6.090000000000003,0.375,6,225.95999999999995,37.65999999999999,0.6666666666666666,87.66,0.4945836154366961,480,False,False,False,False,False,False
human_window,ema_pullback|short|buffer_points=0|confirm_pattern=break_prev|end=11:00|max_risk_points=120|min_reward_points=8|min_slope=2|rr=1.5|rsi_threshold=50|start=09:45|stop_mode=fixed|stop_points=30|target_mode=rr|time_exit=12:00|touch_tolerance=5,ema_pullback,short,14,177.23999999999995,12.659999999999997,12.659999999999997,0.5,1.4061597690086616,-187.02,0.16265975004811198,0.02777944083910496,8,-48.72000000000003,-6.090000000000003,0.375,6,225.95999999999995,37.65999999999999,0.6666666666666666,87.66,0.4945836154366961,480,False,False,False,False,False,False
human_window,fade|long|buffer_points=8|ema_ext=20|end=11:00|max_risk_points=120|min_reward_points=8|or_ext=0|or_location=beyond_or|pattern=green_close|rr=1.5|rsi_mode=not_bull|start=09:45|stop_mode=signal_extreme|target_mode=rr|time_exit=12:00|vwap_ext=20,fade_extreme,long,43,174.87999999999982,4.066976744186042,-36.34,0.4418604651162791,1.127448694029851,-466.26000000000016,0.05443684912706232,0.01629320751519565,25,170.99999999999991,6.839999999999996,0.48,18,3.8799999999999386,0.21555555555555214,0.3888888888888889,172.41,0.9858760292772196,480,False,False,False,False,False,False
human_window,fade|long|buffer_points=0|ema_ext=20|end=11:00|max_risk_points=120|min_reward_points=8|or_ext=0|or_location=none|pattern=close_prev_high|rsi_mode=not_bull|start=10:00|stop_mode=fixed|stop_points=30|target_mode=vwap|time_exit=12:00|vwap_ext=20,fade_extreme,long,46,174.36074442064196,3.7904509656661296,-62.34,0.3695652173913043,1.0964459329929543,-452.40472692644664,0.040150899863322674,0.012429497756713495,27,321.05983356066304,11.891104946691224,0.4074074074074074,19,-146.69908914002102,-7.721004691580053,0.3157894736842105,233.3352730735534,1.3382328335937619,480,False,False,False,False,False,False
human_window,or_retest|long|buffer_points=0|confirm_pattern=break_prev|end=11:00|max_risk_points=120|max_stop=80|min_reward_points=8|or_class=all|rr=1.5|start=09:45|stop_mode=fixed|stop_points=30|target_mode=rr|time_exit=12:00|touch_tolerance=5,or_retest,long,55,171.29999999999984,3.1145454545454516,-62.34,0.43636363636363634,1.0886398211679968,-397.44000000000005,0.041485389436003724,0.014042870708723884,33,-107.22000000000011,-3.2490909090909126,0.3939393939393939,22,278.51999999999987,12.659999999999995,0.5,87.66,0.5117338003502632,480,False,False,False,False,False,False
human_window,fade|long|buffer_points=0|ema_ext=10|end=11:00|max_risk_points=120|min_reward_points=8|or_ext=0|or_location=none|pattern=green_close|rr=1.5|rsi_mode=not_bull|start=10:00|stop_mode=fixed|stop_points=30|target_mode=rr|time_exit=12:00|vwap_ext=10,fade_extreme,long,55,171.29999999999973,3.1145454545454494,-62.34,0.43636363636363634,1.0886398211679968,-348.72,0.04148538943600369,0.014042870708723874,33,-107.22000000000011,-3.2490909090909126,0.3939393939393939,22,278.51999999999987,12.659999999999995,0.5,87.66,0.5117338003502635,480,False,False,False,False,False,False
human_window,fade|short|buffer_points=0|ema_ext=20|end=11:00|max_risk_points=120|min_reward_points=8|or_ext=0|or_location=beyond_or|pattern=red_close|rr=1.5|rsi_mode=not_bear|start=10:00|stop_mode=fixed|stop_points=30|target_mode=rr|time_exit=12:00|vwap_ext=20,fade_extreme,short,55,171.29999999999973,3.1145454545454494,-62.34,0.43636363636363634,1.0886398211679968,-771.4800000000004,0.04148538943600369,0.014042870708723874,33,-407.22000000000014,-12.340000000000003,0.3333333333333333,22,578.5199999999998,26.296363636363626,0.5909090909090909,87.66,0.5117338003502635,480,False,False,False,False,False,False
human_window,fade|long|buffer_points=8|ema_ext=10|end=11:00|max_risk_points=120|min_reward_points=8|or_ext=0|or_location=beyond_or|pattern=green_close|rr=1.5|rsi_mode=not_bull|start=09:45|stop_mode=signal_extreme|target_mode=rr|time_exit=12:00|vwap_ext=10,fade_extreme,long,43,169.37999999999982,3.939069767441856,-35.34,0.4418604651162791,1.12294760681155,-458.76000000000016,0.05264150023409737,0.015755851063741656,25,157.99999999999994,6.319999999999998,0.48,18,11.379999999999939,0.6322222222222188,0.3888888888888889,172.41,1.0178887708111948,480,False,False,False,False,False,False
human_window,ema_pullback|short|buffer_points=0|confirm_pattern=simple|end=11:00|max_risk_points=120|min_reward_points=8|min_slope=0|rr=1.5|rsi_threshold=50|start=09:45|stop_mode=fixed|stop_points=30|target_mode=rr|time_exit=12:00|touch_tolerance=5,ema_pullback,short,24,153.83999999999992,6.409999999999997,-62.34,0.4583333333333333,1.189827496853483,-411.06000000000023,0.08395919977052675,0.018773847802338255,14,477.2399999999999,34.08857142857142,0.6428571428571429,10,-323.4000000000001,-32.34000000000001,0.2,87.66,0.5698127925117007,480,False,False,False,False,False,False
human_window,ema_pullback|short|buffer_points=0|confirm_pattern=simple|end=11:00|max_risk_points=120|min_reward_points=8|min_slope=2|rr=1.5|rsi_threshold=50|start=09:45|stop_mode=fixed|stop_points=30|target_mode=rr|time_exit=12:00|touch_tolerance=5,ema_pullback,short,24,153.83999999999992,6.409999999999997,-62.34,0.4583333333333333,1.189827496853483,-411.06000000000023,0.08395919977052675,0.018773847802338255,14,477.2399999999999,34.08857142857142,0.6428571428571429,10,-323.4000000000001,-32.34000000000001,0.2,87.66,0.5698127925117007,480,False,False,False,False,False,False
human_window,ema_pullback|short|buffer_points=8|confirm_pattern=break_prev|end=11:00|max_risk_points=120|min_reward_points=8|min_slope=0|rsi_threshold=50|start=09:45|stop_mode=signal_extreme|target_mode=fixed|target_points=30|time_exit=12:00|touch_tolerance=5,ema_pullback,short,14,150.23999999999995,10.731428571428568,57.66,0.6428571428571429,1.4074857607811224,-101.34,0.1627427015962011,0.027793607512925454,8,85.27999999999997,10.659999999999997,0.625,6,64.95999999999998,10.826666666666663,0.6666666666666666,57.66,0.38378594249201287,480,False,True,False,False,False,False
human_window,ema_pullback|short|buffer_points=8|confirm_pattern=break_prev|end=11:00|max_risk_points=120|min_reward_points=8|min_slope=2|rsi_threshold=50|start=09:45|stop_mode=signal_extreme|target_mode=fixed|target_points=30|time_exit=12:00|touch_tolerance=5,ema_pullback,short,14,150.23999999999995,10.731428571428568,57.66,0.6428571428571429,1.4074857607811224,-101.34,0.1627427015962011,0.027793607512925454,8,85.27999999999997,10.659999999999997,0.625,6,64.95999999999998,10.826666666666663,0.6666666666666666,57.66,0.38378594249201287,480,False,True,False,False,False,False
human_window,ema_pullback|short|buffer_points=0|confirm_pattern=break_prev|end=12:00|max_risk_points=120|min_reward_points=8|min_slope=2|rsi_threshold=50|start=09:45|stop_mode=fixed|stop_points=30|target_mode=fixed|target_points=30|time_exit=12:00|touch_tolerance=5,ema_pullback,short,25,149.49999999999991,5.979999999999997,57.66,0.56,1.2272934594216554,-205.74000000000004,0.10007670924130424,0.02283927963847835,15,24.89999999999995,1.6599999999999966,0.5333333333333333,10,124.59999999999997,12.459999999999997,0.6,57.66,0.3856856187290972,480,False,True,False,False,False,False
human_window,ema_pullback|long|buffer_points=8|confirm_pattern=simple|end=11:00|max_risk_points=120|min_reward_points=8|min_slope=2|rr=1.5|rsi_threshold=50|start=09:45|stop_mode=signal_extreme|target_mode=rr|time_exit=12:00|touch_tolerance=5,ema_pullback,long,28,147.22999999999993,5.258214285714283,-41.84,0.39285714285714285,1.1509617750799772,-375.58000000000015,0.05620129724481722,0.013573902866653748,16,-278.19000000000005,-17.386875000000003,0.3125,12,425.41999999999996,35.45166666666666,0.5,326.16,2.215309379881819,480,False,False,False,False,False,False
human_window,ema_pullback|short|buffer_points=0|confirm_pattern=break_prev|end=12:00|max_risk_points=120|min_reward_points=8|min_slope=0|rsi_threshold=50|start=09:45|stop_mode=fixed|stop_points=30|target_mode=fixed|target_points=30|time_exit=12:00|touch_tolerance=5,ema_pullback,short,27,144.8199999999999,5.3637037037037,57.66,0.5555555555555556,1.2011165426063766,-201.06000000000003,0.08967254201079476,0.021267710724843507,16,82.55999999999995,5.159999999999997,0.5625,11,62.25999999999996,5.659999999999997,0.5454545454545454,57.66,0.3981494268747413,480,False,True,False,False,False,False
human_window,fade|short|buffer_points=8|ema_ext=10|end=11:00|max_risk_points=120|min_reward_points=8|or_ext=0|or_location=beyond_or|pattern=close_prev_low|rsi_mode=not_bear|start=09:45|stop_mode=signal_extreme|target_mode=vwap|time_exit=12:00|vwap_ext=10,fade_extreme,short,49,140.18080472493924,2.860832749488556,-43.84,0.3469387755102041,1.0790026965615818,-496.3250508704276,0.03322244538516217,0.010614731605879757,29,512.7785638127539,17.6820194418191,0.41379310344827586,20,-372.59775908781467,-18.629887954390732,0.25,191.83241861273942,1.3684642415140236,480,False,False,False,False,False,False
human_window,fade|long|buffer_points=0|ema_ext=10|end=11:00|max_risk_points=120|min_reward_points=8|or_ext=0|or_location=none|pattern=close_prev_high|rsi_mode=not_bull|start=10:00|stop_mode=fixed|stop_points=30|target_mode=vwap|time_exit=12:00|vwap_ext=10,fade_extreme,long,50,133.805418134041,2.6761083626808198,-62.34,0.4,1.0715460475532252,-514.7447269264467,0.02956021710702863,0.00954051904714979,30,259.5299016046307,8.650996720154357,0.43333333333333335,20,-125.72448347058969,-6.286224173529485,0.35,233.3352730735534,1.7438402444944892,480,False,False,False,False,False,False
human_window,fade|long|buffer_points=0|ema_ext=20|end=11:00|max_risk_points=120|min_reward_points=8|or_ext=0|or_location=none|pattern=close_prev_high|rr=1.5|rsi_mode=not_bull|start=10:00|stop_mode=fixed|stop_points=30|target_mode=rr|time_exit=12:00|vwap_ext=20,fade_extreme,long,46,132.35999999999973,2.87739130434782,-62.34,0.43478260869565216,1.0816613607758943,-448.08000000000004,0.038272882197525705,0.011848120590982393,27,266.81999999999994,9.88222222222222,0.48148148148148145,19,-134.46000000000006,-7.076842105263161,0.3684210526315789,87.66,0.6622846781505,480,False,False,False,False,False,False
human_window,or_retest|short|buffer_points=0|confirm_pattern=break_prev|end=11:00|max_risk_points=120|max_stop=80|min_reward_points=8|or_class=all|rr=1.5|start=09:45|stop_mode=fixed|stop_points=30|target_mode=rr|time_exit=12:00|touch_tolerance=5,or_retest,short,46,132.35999999999962,2.877391304347818,-62.34,0.43478260869565216,1.0816613607758943,-459.7800000000005,0.03827288219752567,0.011848120590982383,27,566.8199999999998,20.993333333333325,0.5555555555555556,19,-434.46000000000015,-22.866315789473692,0.2631578947368421,87.66,0.6622846781505005,480,False,False,False,False,False,False
human_window,ema_pullback|long|buffer_points=0|confirm_pattern=break_prev|end=12:00|max_risk_points=120|min_reward_points=8|min_slope=0|rr=1.5|rsi_threshold=50|start=09:45|stop_mode=fixed|stop_points=30|target_mode=rr|time_exit=12:00|touch_tolerance=5,ema_pullback,long,30,132.29999999999993,4.4099999999999975,-46.09,0.4666666666666667,1.1371069703815782,-204.70000000000002,0.06075267859247434,0.015188169648118584,18,184.87999999999994,10.271111111111107,0.5,12,-52.58000000000004,-4.38166666666667,0.4166666666666667,87.66,0.6625850340136058,480,False,False,False,False,False,False
human_window,inverse_orb|short|buffer_points=0|confirm_pattern=break_prev|end=12:00|max_risk_points=120|max_stop=80|min_reward_points=8|or_class=tight|rr=1.5|start=09:45|stop_mode=fixed|stop_points=30|target_mode=rr|time_exit=12:00|touch_tolerance=5,inverse_orb,short,22,128.51999999999992,5.841818181818178,-62.34,0.45454545454545453,1.171799807507218,-235.74000000000004,0.07641649988415752,0.01635979523099234,13,-60.420000000000044,-4.647692307692311,0.38461538461538464,9,188.93999999999997,20.99333333333333,0.5555555555555556,87.66,0.682072829131653,480,False,False,False,False,False,False
human_window,inverse_orb|short|buffer_points=0|confirm_pattern=simple|end=12:00|max_risk_points=120|max_stop=80|min_reward_points=8|or_class=tight|rr=1.5|start=09:45|stop_mode=fixed|stop_points=30|target_mode=rr|time_exit=12:00|touch_tolerance=5,inverse_orb,short,22,128.51999999999992,5.841818181818178,-62.34,0.45454545454545453,1.171799807507218,-235.74000000000004,0.07641649988415752,0.01635979523099234,13,-60.420000000000044,-4.647692307692311,0.38461538461538464,9,188.93999999999997,20.99333333333333,0.5555555555555556,87.66,0.682072829131653,480,False,False,False,False,False,False
human_window,or_retest|long|buffer_points=0|confirm_pattern=simple|end=12:00|max_risk_points=120|max_stop=80|min_reward_points=8|or_class=all|or_stop_fraction=0.25|start=09:45|stop_mode=or_fraction|target_mode=fixed|target_points=30|time_exit=12:00|touch_tolerance=5,or_retest,long,68,115.00499999999977,1.6912499999999966,57.66,0.5294117647058824,1.0586534268687318,-542.0000000000001,0.02723407498388489,0.010250533434848526,40,83.89999999999986,2.0974999999999966,0.55,28,31.104999999999905,1.1108928571428538,0.5,57.66,0.5013695056736673,480,False,False,False,False,False,False
human_window,ema_pullback|short|buffer_points=8|confirm_pattern=break_prev|end=12:00|max_risk_points=120|min_reward_points=8|min_slope=0|rsi_threshold=50|start=09:45|stop_mode=signal_extreme|target_mode=fixed|target_points=30|time_exit=12:00|touch_tolerance=5,ema_pullback,short,27,108.31999999999991,4.011851851851849,57.66,0.5555555555555556,1.1431705834148398,-189.08000000000004,0.062261765278450364,0.014766674206701814,16,41.559999999999945,2.5974999999999966,0.5625,11,66.75999999999996,6.069090909090906,0.5454545454545454,57.66,0.5323116691285086,480,False,True,False,False,False,False
human_window,fade|short|buffer_points=0|ema_ext=20|end=11:00|max_risk_points=120|min_reward_points=8|or_ext=0|or_location=beyond_or|pattern=close_prev_low|rr=1.5|rsi_mode=not_bear|start=10:00|stop_mode=fixed|stop_points=30|target_mode=rr|time_exit=12:00|vwap_ext=20,fade_extreme,short,44,107.03999999999971,2.432727272727266,-62.34,0.4318181818181818,1.0686814244465834,-385.74,0.03236800452215745,0.00979990003529392,26,179.16000000000003,6.890769230769232,0.46153846153846156,18,-72.12000000000006,-4.00666666666667,0.3888888888888889,87.66,0.8189461883408093,480,False,False,False,False,False,False
human_window,fade|short|buffer_points=8|ema_ext=20|end=11:00|max_risk_points=120|min_reward_points=8|or_ext=0|or_location=beyond_or|pattern=red_close|rsi_mode=not_bear|start=09:45|stop_mode=signal_extreme|target_mode=vwap|time_exit=12:00|vwap_ext=20,fade_extreme,short,57,104.72952615696423,1.8373601080169162,-36.34,0.2631578947368421,1.0603704943318257,-478.8374723459092,0.023566583007214672,0.008121073227290701,34,-220.9513651482436,-6.4985695631836355,0.20588235294117646,23,325.6808913052078,14.16003875240034,0.34782608695652173,231.68890086904517,2.212259611695364,480,False,False,False,False,False,False
human_window,fade|long|buffer_points=0|ema_ext=0|end=11:00|max_risk_points=120|min_reward_points=8|or_ext=0|or_location=beyond_or|pattern=close_prev_high|rsi_mode=not_bull|start=09:45|stop_mode=fixed|stop_points=30|target_mode=vwap|time_exit=12:00|vwap_ext=0,fade_extreme,long,36,104.01578810893773,2.8893274474704924,-62.34,0.3055555555555556,1.0667409612505219,-387.1659060835309,0.027118442655377346,0.007426691383380234,21,61.70958191312755,2.9385515196727403,0.3333333333333333,15,42.30620619581023,2.820413746387349,0.26666666666666666,267.46723670982846,2.571409990468994,480,False,True,False,False,False,False
human_window,fade|long|buffer_points=0|ema_ext=10|end=11:00|max_risk_points=120|min_reward_points=8|or_ext=0|or_location=beyond_or|pattern=close_prev_high|rsi_mode=not_bull|start=09:45|stop_mode=fixed|stop_points=30|target_mode=vwap|time_exit=12:00|vwap_ext=10,fade_extreme,long,36,104.01578810893773,2.8893274474704924,-62.34,0.3055555555555556,1.0667409612505219,-387.1659060835309,0.027118442655377346,0.007426691383380234,21,61.70958191312755,2.9385515196727403,0.3333333333333333,15,42.30620619581023,2.820413746387349,0.26666666666666666,267.46723670982846,2.571409990468994,480,False,True,False,False,False,False
human_window,fade|long|buffer_points=0|ema_ext=20|end=11:00|max_risk_points=120|min_reward_points=8|or_ext=0|or_location=beyond_or|pattern=close_prev_high|rsi_mode=not_bull|start=09:45|stop_mode=fixed|stop_points=30|target_mode=vwap|time_exit=12:00|vwap_ext=20,fade_extreme,long,36,102.17317059958953,2.838143627766376,-62.34,0.3055555555555556,1.065558659351678,-389.0085235928791,0.026645209865164776,0.007297091246304966,21,59.86696440377935,2.8508078287513974,0.3333333333333333,15,42.30620619581023,2.820413746387349,0.26666666666666666,267.46723670982846,2.617783466444595,480,False,True,False,False,False,False
human_window,inverse_orb|short|buffer_points=0|confirm_pattern=break_prev|end=11:00|max_risk_points=120|max_stop=80|min_reward_points=8|or_class=all|or_stop_fraction=0.25|start=09:45|stop_mode=or_fraction|target_mode=fixed|target_points=30|time_exit=12:00|touch_tolerance=5,inverse_orb,short,59,98.18999999999983,1.6642372881355902,57.66,0.5423728813559322,1.0562071748724906,-469.77500000000003,0.026435247147104674,0.009268058410024661,35,-118.40000000000012,-3.382857142857146,0.5142857142857142,24,216.58999999999992,9.02458333333333,0.5833333333333334,57.66,0.5872288420409421,480,False,False,False,False,False,False
human_window,inverse_orb|short|buffer_points=0|confirm_pattern=simple|end=11:00|max_risk_points=120|max_stop=80|min_reward_points=8|or_class=all|or_stop_fraction=0.25|start=09:45|stop_mode=or_fraction|target_mode=fixed|target_points=30|time_exit=12:00|touch_tolerance=5,inverse_orb,short,59,98.18999999999983,1.6642372881355902,57.66,0.5423728813559322,1.0562071748724906,-469.77500000000003,0.026435247147104674,0.009268058410024661,35,-118.40000000000012,-3.382857142857146,0.5142857142857142,24,216.58999999999992,9.02458333333333,0.5833333333333334,57.66,0.5872288420409421,480,False,False,False,False,False,False
human_window,fade|short|buffer_points=8|ema_ext=20|end=11:00|max_risk_points=120|min_reward_points=8|or_ext=0|or_location=none|pattern=red_close|rr=1.5|rsi_mode=not_bear|start=09:45|stop_mode=signal_extreme|target_mode=rr|time_exit=12:00|vwap_ext=20,fade_extreme,short,71,98.10999999999976,1.3818309859154896,-29.34,0.43661971830985913,1.0529008950717136,-506.50000000000034,0.023861639143103085,0.009177171110547961,42,-382.7800000000002,-9.113809523809529,0.38095238095238093,29,480.8899999999999,16.582413793103445,0.5172413793103449,119.16,1.2145550912241392,480,False,False,False,False,False,False
human_window,inverse_orb|long|buffer_points=0|confirm_pattern=break_prev|end=12:00|max_risk_points=120|max_stop=80|min_reward_points=8|or_class=tight|rr=1.5|start=09:45|stop_mode=fixed|stop_points=30|target_mode=rr|time_exit=12:00|touch_tolerance=5,inverse_orb,long,19,94.53999999999994,4.975789473684207,-62.34,0.47368421052631576,1.1516522297080523,-244.40000000000003,0.06670917261877879,0.013272163893383409,11,-85.74000000000004,-7.7945454545454576,0.36363636363636365,8,180.27999999999997,22.534999999999997,0.625,87.66,0.9272265707636985,480,False,False,False,False,False,False
human_window,inverse_orb|long|buffer_points=0|confirm_pattern=simple|end=12:00|max_risk_points=120|max_stop=80|min_reward_points=8|or_class=tight|rr=1.5|start=09:45|stop_mode=fixed|stop_points=30|target_mode=rr|time_exit=12:00|touch_tolerance=5,inverse_orb,long,19,94.53999999999994,4.975789473684207,-62.34,0.47368421052631576,1.1516522297080523,-244.40000000000003,0.06670917261877879,0.013272163893383409,11,-85.74000000000004,-7.7945454545454576,0.36363636363636365,8,180.27999999999997,22.534999999999997,0.625,87.66,0.9272265707636985,480,False,False,False,False,False,False
human_window,fade|short|buffer_points=8|ema_ext=20|end=11:00|max_risk_points=120|min_reward_points=8|or_ext=0|or_location=none|pattern=close_prev_low|rr=1.5|rsi_mode=not_bear|start=09:45|stop_mode=signal_extreme|target_mode=rr|time_exit=12:00|vwap_ext=20,fade_extreme,short,61,93.50999999999968,1.5329508196721258,-37.84,0.4098360655737705,1.0464937053757881,-504.1400000000001,0.020309371642275066,0.007240037000185559,36,130.50999999999988,3.6252777777777743,0.3888888888888889,25,-37.000000000000085,-1.4800000000000033,0.44,231.66,2.477382098171327,480,False,False,False,False,False,False
human_window,inverse_orb|short|buffer_points=0|confirm_pattern=break_prev|end=11:00|max_risk_points=120|max_stop=80|min_reward_points=8|or_class=wide|start=09:45|stop_mode=fixed|stop_points=30|target_mode=fixed|target_points=30|time_exit=12:00|touch_tolerance=5,inverse_orb,short,12,91.91999999999996,7.659999999999997,57.66,0.5833333333333334,1.2948989412897012,-311.70000000000005,0.12396539455678361,0.01960064989204378,7,-196.38000000000002,-28.05428571428572,0.2857142857142857,5,288.29999999999995,57.65999999999999,1.0,57.66,0.6272845953002614,480,False,False,False,False,False,False
human_window,inverse_orb|short|buffer_points=0|confirm_pattern=break_prev|end=12:00|max_risk_points=120|max_stop=80|min_reward_points=8|or_class=wide|start=09:45|stop_mode=fixed|stop_points=30|target_mode=fixed|target_points=30|time_exit=12:00|touch_tolerance=5,inverse_orb,short,12,91.91999999999996,7.659999999999997,57.66,0.5833333333333334,1.2948989412897012,-311.70000000000005,0.12396539455678361,0.01960064989204378,7,-196.38000000000002,-28.05428571428572,0.2857142857142857,5,288.29999999999995,57.65999999999999,1.0,57.66,0.6272845953002614,480,False,False,False,False,False,False
human_window,inverse_orb|short|buffer_points=0|confirm_pattern=simple|end=11:00|max_risk_points=120|max_stop=80|min_reward_points=8|or_class=wide|start=09:45|stop_mode=fixed|stop_points=30|target_mode=fixed|target_points=30|time_exit=12:00|touch_tolerance=5,inverse_orb,short,12,91.91999999999996,7.659999999999997,57.66,0.5833333333333334,1.2948989412897012,-311.70000000000005,0.12396539455678361,0.01960064989204378,7,-196.38000000000002,-28.05428571428572,0.2857142857142857,5,288.29999999999995,57.65999999999999,1.0,57.66,0.6272845953002614,480,False,False,False,False,False,False
human_window,inverse_orb|short|buffer_points=0|confirm_pattern=simple|end=12:00|max_risk_points=120|max_stop=80|min_reward_points=8|or_class=wide|start=09:45|stop_mode=fixed|stop_points=30|target_mode=fixed|target_points=30|time_exit=12:00|touch_tolerance=5,inverse_orb,short,12,91.91999999999996,7.659999999999997,57.66,0.5833333333333334,1.2948989412897012,-311.70000000000005,0.12396539455678361,0.01960064989204378,7,-196.38000000000002,-28.05428571428572,0.2857142857142857,5,288.29999999999995,57.65999999999999,1.0,57.66,0.6272845953002614,480,False,False,False,False,False,False
human_window,fade|short|buffer_points=8|ema_ext=0|end=11:00|max_risk_points=120|min_reward_points=8|or_ext=0|or_location=beyond_or|pattern=close_prev_low|rr=1.5|rsi_mode=not_bear|start=10:00|stop_mode=signal_extreme|target_mode=rr|time_exit=12:00|vwap_ext=0,fade_extreme,short,48,91.42999999999984,1.9047916666666633,-38.84,0.3958333333333333,1.0576896382014818,-391.35,0.024764565706861176,0.007831243289857905,28,368.7299999999999,13.168928571428568,0.42857142857142855,20,-277.30000000000007,-13.865000000000004,0.35,231.66,2.5337416602865623,480,False,False,False,False,False,False
human_window,or_retest|long|buffer_points=0|confirm_pattern=break_prev|end=12:00|max_risk_points=120|max_stop=80|min_reward_points=8|or_class=all|or_stop_fraction=0.25|start=09:45|stop_mode=or_fraction|target_mode=fixed|target_points=30|time_exit=12:00|touch_tolerance=5,or_retest,long,65,90.77499999999978,1.3965384615384582,57.66,0.5384615384615384,1.047098958400893,-715.9250000000001,0.021883295173309048,0.008052834580747162,39,-112.38500000000013,-2.88166666666667,0.5128205128205128,26,203.15999999999988,7.813846153846149,0.5769230769230769,57.66,0.6351969154502907,480,False,False,False,False,False,False
human_window,fade|short|buffer_points=0|ema_ext=0|end=11:00|max_risk_points=120|min_reward_points=8|or_ext=0|or_location=none|pattern=red_close|rr=1.5|rsi_mode=not_bear|start=09:45|stop_mode=fixed|stop_points=30|target_mode=rr|time_exit=12:00|vwap_ext=0,fade_extreme,short,78,87.47999999999954,1.1215384615384556,-62.34,0.4230769230769231,1.0311838306063517,-508.5000000000001,0.015036693580909049,0.006061484966573753,46,-17.640000000000242,-0.3834782608695705,0.41304347826086957,32,105.11999999999989,3.2849999999999966,0.4375,87.66,1.0020576131687295,480,False,False,False,False,False,False
human_window,fade|short|buffer_points=8|ema_ext=20|end=11:00|max_risk_points=120|min_reward_points=8|or_ext=0|or_location=beyond_or|pattern=red_close|rr=1.5|rsi_mode=not_bear|start=09:45|stop_mode=signal_extreme|target_mode=rr|time_exit=12:00|vwap_ext=20,fade_extreme,short,57,85.61999999999986,1.5021052631578924,-32.34,0.38596491228070173,1.0577576902320565,-395.86000000000024,0.023406102938139675,0.008065771599893988,34,-192.81000000000006,-5.670882352941178,0.3235294117647059,23,278.42999999999995,12.105652173913041,0.4782608695652174,272.16,3.1786965662228504,480,False,False,False,False,False,False
human_window,inverse_orb|short|buffer_points=0|confirm_pattern=break_prev|end=11:00|max_risk_points=120|max_stop=80|min_reward_points=8|or_class=tight|rr=1.5|start=09:45|stop_mode=fixed|stop_points=30|target_mode=rr|time_exit=12:00|touch_tolerance=5,inverse_orb,short,18,77.87999999999994,4.3266666666666636,-62.34,0.4444444444444444,1.1249278152069295,-187.02,0.05641283147968689,0.010924297841661641,10,-23.400000000000034,-2.3400000000000034,0.4,8,101.27999999999997,12.659999999999997,0.5,87.66,1.1255778120184907,480,False,False,False,False,False,False
human_window,inverse_orb|short|buffer_points=0|confirm_pattern=simple|end=11:00|max_risk_points=120|max_stop=80|min_reward_points=8|or_class=tight|rr=1.5|start=09:45|stop_mode=fixed|stop_points=30|target_mode=rr|time_exit=12:00|touch_tolerance=5,inverse_orb,short,18,77.87999999999994,4.3266666666666636,-62.34,0.4444444444444444,1.1249278152069295,-187.02,0.05641283147968689,0.010924297841661641,10,-23.400000000000034,-2.3400000000000034,0.4,8,101.27999999999997,12.659999999999997,0.5,87.66,1.1255778120184907,480,False,False,False,False,False,False
human_window,fade|short|buffer_points=8|ema_ext=10|end=11:00|max_risk_points=120|min_reward_points=8|or_ext=0|or_location=beyond_or|pattern=red_close|rsi_mode=not_bear|start=10:00|stop_mode=signal_extreme|target_mode=vwap|time_exit=12:00|vwap_ext=10,fade_extreme,short,55,76.98695085524062,1.3997627428225567,-36.34,0.2727272727272727,1.0447312479549364,-498.9000000000001,0.017638452973775094,0.0059706445565547595,33,53.770230898714686,1.6294009363246875,0.2727272727272727,22,23.216719956525992,1.0553054525693633,0.2727272727272727,231.68890086904517,3.009456775404604,480,False,True,False,False,False,False
human_window,fade|short|buffer_points=8|ema_ext=20|end=11:00|max_risk_points=120|min_reward_points=8|or_ext=0|or_location=none|pattern=red_close|rsi_mode=not_bear|start=10:00|stop_mode=signal_extreme|target_mode=vwap|time_exit=12:00|vwap_ext=20,fade_extreme,short,67,76.01839486106331,1.1346029083740794,-36.34,0.3283582089552239,1.0362199327525554,-467.0263829214805,0.014979108495358228,0.005596322698536211,40,-66.27435843250873,-1.6568589608127184,0.325,27,142.29275329357208,5.270101973836002,0.3333333333333333,231.68890086904517,3.0478004868755315,480,False,False,False,False,False,False
human_window,ema_pullback|short|buffer_points=8|confirm_pattern=simple|end=11:00|max_risk_points=120|min_reward_points=8|min_slope=0|rr=1.5|rsi_threshold=50|start=09:45|stop_mode=signal_extreme|target_mode=rr|time_exit=12:00|touch_tolerance=5,ema_pullback,short,24,75.08999999999992,3.1287499999999966,-37.84,0.4583333333333333,1.0876277832236378,-507.3100000000002,0.03780919035483669,0.008454391980764421,14,490.2399999999999,35.01714285714285,0.6428571428571429,10,-415.1500000000001,-41.51500000000001,0.2,184.41,2.4558529764282886,480,False,False,False,False,False,False
human_window,ema_pullback|short|buffer_points=8|confirm_pattern=simple|end=11:00|max_risk_points=120|min_reward_points=8|min_slope=2|rr=1.5|rsi_threshold=50|start=09:45|stop_mode=signal_extreme|target_mode=rr|time_exit=12:00|touch_tolerance=5,ema_pullback,short,24,75.08999999999992,3.1287499999999966,-37.84,0.4583333333333333,1.0876277832236378,-507.3100000000002,0.03780919035483669,0.008454391980764421,14,490.2399999999999,35.01714285714285,0.6428571428571429,10,-415.1500000000001,-41.51500000000001,0.2,184.41,2.4558529764282886,480,False,False,False,False,False,False
human_window,inverse_orb|short|buffer_points=0|confirm_pattern=break_prev|end=11:00|max_risk_points=120|max_stop=80|min_reward_points=8|or_class=all|rr=1.5|start=09:45|stop_mode=fixed|stop_points=30|target_mode=rr|time_exit=12:00|touch_tolerance=5,inverse_orb,short,59,71.93999999999983,1.2193220338983022,-62.34,0.423728813559322,1.033941006624016,-559.1400000000001,0.016310140512863492,0.005718249355027672,35,68.09999999999991,1.945714285714283,0.42857142857142855,24,3.8399999999999466,0.15999999999999778,0.4166666666666667,87.66,1.2185154295246068,480,False,False,False,False,False,False
human_window,inverse_orb|short|buffer_points=0|confirm_pattern=simple|end=11:00|max_risk_points=120|max_stop=80|min_reward_points=8|or_class=all|rr=1.5|start=09:45|stop_mode=fixed|stop_points=30|target_mode=rr|time_exit=12:00|touch_tolerance=5,inverse_orb,short,59,71.93999999999983,1.2193220338983022,-62.34,0.423728813559322,1.033941006624016,-559.1400000000001,0.016310140512863492,0.005718249355027672,35,68.09999999999991,1.945714285714283,0.42857142857142855,24,3.8399999999999466,0.15999999999999778,0.4166666666666667,87.66,1.2185154295246068,480,False,False,False,False,False,False
human_window,fade|long|buffer_points=0|ema_ext=20|end=11:00|max_risk_points=120|min_reward_points=8|or_ext=0|or_location=none|pattern=close_prev_high|rsi_mode=not_bull|start=09:45|stop_mode=fixed|stop_points=30|target_mode=vwap|time_exit=12:00|vwap_ext=20,fade_extreme,long,48,70.62964002463497,1.4714508338465617,-62.34,0.375,1.0377658218504096,-525.7337196786006,0.016138090812459406,0.005103312405400895,28,173.6903625047602,6.203227232312864,0.39285714285714285,20,-103.06072248012504,-5.153036124006252,0.35,233.3352730735534,3.3036452258877183,480,False,False,False,False,False,False
human_window,ema_pullback|short|buffer_points=8|confirm_pattern=break_prev|end=12:00|max_risk_points=120|min_reward_points=8|min_slope=2|rsi_threshold=50|start=09:45|stop_mode=signal_extreme|target_mode=fixed|target_points=30|time_exit=12:00|touch_tolerance=5,ema_pullback,short,25,68.49999999999991,2.7399999999999967,57.66,0.56,1.0927254514443507,-246.74000000000004,0.0415132971498331,0.00947407053557438,15,-16.10000000000005,-1.0733333333333368,0.5333333333333333,10,84.59999999999997,8.459999999999997,0.6,57.66,0.8417518248175192,480,False,False,False,False,False,False
human_window,fade|long|buffer_points=8|ema_ext=0|end=11:00|max_risk_points=120|min_reward_points=8|or_ext=0|or_location=none|pattern=green_close|rsi_mode=not_bull|start=09:45|stop_mode=signal_extreme|target_mode=vwap|time_exit=12:00|vwap_ext=0,fade_extreme,long,56,66.98335152387952,1.1961312772121342,-35.84,0.42857142857142855,1.0374338326816437,-863.8673758113505,0.015019488277558779,0.005130131897001738,33,237.8682188075483,7.208127842652979,0.48484848484848486,23,-170.8848672836688,-7.429776838420382,0.34782608695652173,210.43432391338516,3.141591442141641,480,False,False,False,False,False,False
human_window,ema_pullback|long|buffer_points=0|confirm_pattern=break_prev|end=11:00|max_risk_points=120|min_reward_points=8|min_slope=0|rr=1.5|rsi_threshold=50|start=09:45|stop_mode=fixed|stop_points=30|target_mode=rr|time_exit=12:00|touch_tolerance=5,ema_pullback,long,23,66.17999999999992,2.8773913043478228,-62.34,0.43478260869565216,1.0816613607758936,-187.02,0.03784523880667746,0.008284275806672873,13,-60.420000000000044,-4.647692307692311,0.38461538461538464,10,126.59999999999997,12.659999999999997,0.5,87.66,1.3245693563009988,480,False,False,False,False,False,False
human_window,fade|long|buffer_points=0|ema_ext=10|end=11:00|max_risk_points=120|min_reward_points=8|or_ext=0|or_location=none|pattern=green_close|rsi_mode=not_bull|start=10:00|stop_mode=fixed|stop_points=30|target_mode=or_mid|time_exit=12:00|vwap_ext=10,fade_extreme,long,46,62.609999999999815,1.3610869565217352,-62.34,0.34782608695652173,1.0334777029194742,-830.4300000000005,0.013176366209346264,0.004079002333651599,27,543.5699999999998,20.132222222222214,0.4074074074074074,19,-480.96000000000015,-25.313684210526322,0.2631578947368421,374.66,5.984028110525493,480,False,False,False,False,False,False
human_window,inverse_orb|short|buffer_points=0|confirm_pattern=break_prev|end=12:00|max_risk_points=120|max_stop=80|min_reward_points=8|or_class=all|rr=1.5|start=09:45|stop_mode=fixed|stop_points=30|target_mode=rr|time_exit=12:00|touch_tolerance=5,inverse_orb,short,64,60.23999999999981,0.941249999999997,-62.34,0.421875,1.0261165881955097,-621.4800000000001,0.01260640477858142,0.004603208177513308,38,31.0799999999999,0.8178947368421026,0.42105263157894735,26,29.15999999999991,1.121538461538458,0.4230769230769231,87.66,1.4551792828685304,480,False,True,False,False,False,False
human_window,inverse_orb|short|buffer_points=0|confirm_pattern=simple|end=12:00|max_risk_points=120|max_stop=80|min_reward_points=8|or_class=all|rr=1.5|start=09:45|stop_mode=fixed|stop_points=30|target_mode=rr|time_exit=12:00|touch_tolerance=5,inverse_orb,short,64,60.23999999999981,0.941249999999997,-62.34,0.421875,1.0261165881955097,-621.4800000000001,0.01260640477858142,0.004603208177513308,38,31.0799999999999,0.8178947368421026,0.42105263157894735,26,29.15999999999991,1.121538461538458,0.4230769230769231,87.66,1.4551792828685304,480,False,True,False,False,False,False
human_window,fade|long|buffer_points=0|ema_ext=0|end=11:00|max_risk_points=120|min_reward_points=8|or_ext=0|or_location=none|pattern=close_prev_high|rr=1.5|rsi_mode=not_bull|start=10:00|stop_mode=fixed|stop_points=30|target_mode=rr|time_exit=12:00|vwap_ext=0,fade_extreme,long,52,58.319999999999794,1.1215384615384576,-62.34,0.4230769230769231,1.0311838306063528,-494.8800000000001,0.014987793634886904,0.00493308680792719,31,-132.54000000000008,-4.2754838709677445,0.3870967741935484,21,190.85999999999993,9.088571428571425,0.47619047619047616,87.66,1.5030864197530918,480,False,False,False,False,False,False
human_window,fade|long|buffer_points=0|ema_ext=20|end=11:00|max_risk_points=120|min_reward_points=8|or_ext=0|or_location=none|pattern=green_close|rr=1.5|rsi_mode=not_bull|start=10:00|stop_mode=fixed|stop_points=30|target_mode=rr|time_exit=12:00|vwap_ext=20,fade_extreme,long,52,58.319999999999766,1.121538461538457,-62.34,0.4230769230769231,1.0311838306063528,-348.72,0.014987793634886896,0.0049330868079271875,31,317.4599999999999,10.24064516129032,0.4838709677419355,21,-259.1400000000001,-12.340000000000005,0.3333333333333333,87.66,1.5030864197530924,480,False,False,False,False,False,False
human_window,fade|short|buffer_points=8|ema_ext=10|end=11:00|max_risk_points=120|min_reward_points=8|or_ext=0|or_location=none|pattern=red_close|rsi_mode=not_bear|start=10:00|stop_mode=signal_extreme|target_mode=vwap|time_exit=12:00|vwap_ext=10,fade_extreme,short,70,51.31775722283322,0.733110817469046,-34.34,0.35714285714285715,1.0237659228559408,-577.0957911792918,0.009851564180849513,0.0037621282143715427,42,-120.87634883824782,-2.878008305672567,0.3333333333333333,28,172.19410606108096,6.149789502181463,0.39285714285714285,231.68890086904517,4.514790072820212,480,False,False,False,False,False,False
human_window,fade|short|buffer_points=8|ema_ext=20|end=11:00|max_risk_points=120|min_reward_points=8|or_ext=0|or_location=none|pattern=red_close|rsi_mode=not_bear|start=09:45|stop_mode=signal_extreme|target_mode=vwap|time_exit=12:00|vwap_ext=20,fade_extreme,short,71,50.51619880316784,0.7114957577910963,-32.34,0.352112676056338,1.0243964179206275,-554.8381825535495,0.01039399081377195,0.003997522200691707,42,-431.7817707790032,-10.280518351881028,0.30952380952380953,29,482.29796958217094,16.630964468350722,0.41379310344827586,183.94281918950233,3.641264060786129,480,False,False,False,False,False,False
human_window,or_retest|long|buffer_points=0|confirm_pattern=simple|end=11:00|max_risk_points=120|max_stop=80|min_reward_points=8|or_class=all|or_stop_fraction=0.25|start=09:45|stop_mode=or_fraction|target_mode=fixed|target_points=30|time_exit=12:00|touch_tolerance=5,or_retest,long,60,47.599999999999795,0.7933333333333299,57.66,0.5333333333333333,1.0264809292803418,-484.7650000000001,0.012488118951711796,0.004415216797509825,36,84.25999999999985,2.3405555555555515,0.5555555555555556,24,-36.66000000000008,-1.5275000000000034,0.5,57.66,1.2113445378151313,480,False,False,False,False,False,False
human_window,inverse_orb|short|buffer_points=0|confirm_pattern=break_prev|end=11:00|max_risk_points=120|max_stop=80|min_reward_points=8|or_class=all|start=09:45|stop_mode=fixed|stop_points=30|target_mode=fixed|target_points=30|time_exit=12:00|touch_tolerance=5,inverse_orb,short,59,41.93999999999983,0.7108474576271158,57.66,0.5254237288135594,1.0240272239791013,-402.12000000000006,0.011761841115581335,0.004123639543145966,35,-21.90000000000012,-0.6257142857142891,0.5142857142857142,24,63.83999999999992,2.6599999999999966,0.5416666666666666,57.66,1.3748211731044404,480,False,False,False,False,False,False
human_window,inverse_orb|short|buffer_points=0|confirm_pattern=simple|end=11:00|max_risk_points=120|max_stop=80|min_reward_points=8|or_class=all|start=09:45|stop_mode=fixed|stop_points=30|target_mode=fixed|target_points=30|time_exit=12:00|touch_tolerance=5,inverse_orb,short,59,41.93999999999983,0.7108474576271158,57.66,0.5254237288135594,1.0240272239791013,-402.12000000000006,0.011761841115581335,0.004123639543145966,35,-21.90000000000012,-0.6257142857142891,0.5142857142857142,24,63.83999999999992,2.6599999999999966,0.5416666666666666,57.66,1.3748211731044404,480,False,False,False,False,False,False
human_window,inverse_orb|long|buffer_points=0|confirm_pattern=break_prev|end=12:00|max_risk_points=120|max_stop=80|min_reward_points=8|or_class=wide|or_stop_fraction=0.25|start=09:45|stop_mode=or_fraction|target_mode=fixed|target_points=30|time_exit=12:00|touch_tolerance=5,inverse_orb,long,8,34.40499999999997,4.300624999999997,57.66,0.625,1.1355087733118019,-167.68,0.05839523034096327,0.007538791820283227,4,86.76499999999999,21.691249999999997,0.75,4,-52.360000000000014,-13.090000000000003,0.5,57.66,1.67591919779102,480,False,False,False,False,False,False
human_window,inverse_orb|long|buffer_points=0|confirm_pattern=simple|end=12:00|max_risk_points=120|max_stop=80|min_reward_points=8|or_class=wide|or_stop_fraction=0.25|start=09:45|stop_mode=or_fraction|target_mode=fixed|target_points=30|time_exit=12:00|touch_tolerance=5,inverse_orb,long,8,34.40499999999997,4.300624999999997,57.66,0.625,1.1355087733118019,-167.68,0.05839523034096327,0.007538791820283227,4,86.76499999999999,21.691249999999997,0.75,4,-52.360000000000014,-13.090000000000003,0.5,57.66,1.67591919779102,480,False,False,False,False,False,False
human_window,fade|long|buffer_points=0|ema_ext=10|end=11:00|max_risk_points=120|min_reward_points=8|or_ext=0|or_location=none|pattern=close_prev_high|rr=1.5|rsi_mode=not_bull|start=10:00|stop_mode=fixed|stop_points=30|target_mode=rr|time_exit=12:00|vwap_ext=10,fade_extreme,long,50,32.99999999999983,0.6599999999999966,-62.34,0.42,1.0182536258338593,-510.4200000000001,0.008825251127943247,0.002848337553718535,30,79.79999999999993,2.6599999999999975,0.43333333333333335,20,-46.80000000000007,-2.3400000000000034,0.4,87.66,2.65636363636365,480,False,False,False,False,False,False
human_window,inverse_orb|long|buffer_points=0|confirm_pattern=break_prev|end=11:00|max_risk_points=120|max_stop=80|min_reward_points=8|or_class=all|rr=1.5|start=09:45|stop_mode=fixed|stop_points=30|target_mode=rr|time_exit=12:00|touch_tolerance=5,inverse_orb,long,50,32.99999999999977,0.6599999999999955,-62.34,0.42,1.0182536258338593,-533.82,0.008825251127943233,0.0028483375537185305,30,-70.20000000000007,-2.3400000000000025,0.4,20,103.19999999999993,5.159999999999997,0.45,87.66,2.6563636363636545,480,False,False,False,False,False,False
human_window,inverse_orb|long|buffer_points=0|confirm_pattern=simple|end=11:00|max_risk_points=120|max_stop=80|min_reward_points=8|or_class=all|rr=1.5|start=09:45|stop_mode=fixed|stop_points=30|target_mode=rr|time_exit=12:00|touch_tolerance=5,inverse_orb,long,50,32.99999999999977,0.6599999999999955,-62.34,0.42,1.0182536258338593,-533.82,0.008825251127943233,0.0028483375537185305,30,-70.20000000000007,-2.3400000000000025,0.4,20,103.19999999999993,5.159999999999997,0.45,87.66,2.6563636363636545,480,False,False,False,False,False,False
human_window,fade|long|buffer_points=8|ema_ext=10|end=11:00|max_risk_points=120|min_reward_points=8|or_ext=0|or_location=none|pattern=green_close|rr=1.5|rsi_mode=not_bull|start=09:45|stop_mode=signal_extreme|target_mode=rr|time_exit=12:00|vwap_ext=10,fade_extreme,long,59,30.689999999999912,0.5201694915254222,-35.34,0.4576271186440678,1.0150671615411806,-630.4100000000002,0.0066705822258992485,0.0023386709931054214,35,200.84999999999985,5.738571428571424,0.4857142857142857,24,-170.16000000000008,-7.090000000000003,0.4166666666666667,185.91,6.057673509286429,480,False,False,False,False,False,False
human_window,fade|short|buffer_points=8|ema_ext=0|end=11:00|max_risk_points=120|min_reward_points=8|or_ext=0|or_location=beyond_or|pattern=close_prev_low|rsi_mode=not_bear|start=09:45|stop_mode=signal_extreme|target_mode=vwap|time_exit=12:00|vwap_ext=0,fade_extreme,short,51,30.000804724939286,0.5882510730380253,-44.84,0.3333333333333333,1.0159192621752238,-569.9451446828689,0.006909096812936769,0.002252090028033767,30,466.93856381275384,15.564618793758461,0.4,21,-436.9377590878147,-20.806559956562605,0.23809523809523808,191.83241861273942,6.394242433546177,480,False,False,False,False,False,False
human_window,fade|short|buffer_points=8|ema_ext=20|end=11:00|max_risk_points=120|min_reward_points=8|or_ext=0|or_location=beyond_or|pattern=red_close|rsi_mode=not_bear|start=10:00|stop_mode=signal_extreme|target_mode=vwap|time_exit=12:00|vwap_ext=20,fade_extreme,short,55,29.942825831440672,0.5444150151171031,-36.34,0.2545454545454545,1.0172886045887508,-491.9000000000001,0.006882481154203416,0.0023297308839971575,33,-4.169379470890675,-0.12634483245123257,0.24242424242424243,22,34.11220530233135,1.5505547864696068,0.2727272727272727,231.68890086904517,7.737709933367958,480,False,False,False,False,False,False
human_window,fade|long|buffer_points=8|ema_ext=0|end=11:00|max_risk_points=120|min_reward_points=8|or_ext=0|or_location=beyond_or|pattern=green_close|rsi_mode=not_bull|start=09:45|stop_mode=signal_extreme|target_mode=or_mid|time_exit=12:00|vwap_ext=0,fade_extreme,long,43,25.87999999999991,0.601860465116277,-41.84,0.2558139534883721,1.0143627766554932,-997.2500000000007,0.00576665897905691,0.0017259884236839726,25,745.5,29.82,0.4,18,-719.6200000000001,-39.978888888888896,0.05555555555555555,294.66,11.38562596599695,480,False,False,False,False,False,False
human_window,fade|long|buffer_points=0|ema_ext=0|end=11:00|max_risk_points=120|min_reward_points=8|or_ext=0|or_location=beyond_or|pattern=green_close|rsi_mode=not_bull|start=09:45|stop_mode=fixed|stop_points=30|target_mode=vwap|time_exit=12:00|vwap_ext=0,fade_extreme,long,43,25.138709028959767,0.5846211402083666,-62.34,0.3023255813953488,1.0134417222911778,-833.6754399259887,0.005753691370355924,0.0017221071568044757,25,633.5804767425798,25.343219069703192,0.44,18,-608.44176771362,-33.80232042853444,0.1111111111111111,276.6460752785462,11.004784492308266,480,False,False,False,False,False,False
human_window,fade|long|buffer_points=0|ema_ext=10|end=11:00|max_risk_points=120|min_reward_points=8|or_ext=0|or_location=beyond_or|pattern=green_close|rsi_mode=not_bull|start=09:45|stop_mode=fixed|stop_points=30|target_mode=vwap|time_exit=12:00|vwap_ext=10,fade_extreme,long,43,25.138709028959767,0.5846211402083666,-62.34,0.3023255813953488,1.0134417222911778,-833.6754399259887,0.005753691370355924,0.0017221071568044757,25,633.5804767425798,25.343219069703192,0.44,18,-608.44176771362,-33.80232042853444,0.1111111111111111,276.6460752785462,11.004784492308266,480,False,False,False,False,False,False
human_window,fade|long|buffer_points=0|ema_ext=20|end=11:00|max_risk_points=120|min_reward_points=8|or_ext=0|or_location=beyond_or|pattern=green_close|rsi_mode=not_bull|start=09:45|stop_mode=fixed|stop_points=30|target_mode=vwap|time_exit=12:00|vwap_ext=20,fade_extreme,long,43,25.138709028959767,0.5846211402083666,-62.34,0.3023255813953488,1.0134417222911778,-833.6754399259887,0.005753691370355924,0.0017221071568044757,25,633.5804767425798,25.343219069703192,0.44,18,-608.44176771362,-33.80232042853444,0.1111111111111111,276.6460752785462,11.004784492308266,480,False,False,False,False,False,False
human_window,fade|long|buffer_points=0|ema_ext=20|end=11:00|max_risk_points=120|min_reward_points=8|or_ext=0|or_location=none|pattern=green_close|rr=1.5|rsi_mode=not_bull|start=09:45|stop_mode=fixed|stop_points=30|target_mode=rr|time_exit=12:00|vwap_ext=20,fade_extreme,long,55,21.299999999999812,0.3872727272727239,-62.34,0.41818181818181815,1.0106773339749762,-557.2200000000003,0.005186387625389182,0.0017556005104162672,33,192.7799999999999,5.841818181818178,0.45454545454545453,22,-171.48000000000005,-7.794545454545457,0.36363636363636365,87.66,4.115492957746515,480,False,False,False,False,False,False
human_window,fade|long|buffer_points=0|ema_ext=0|end=11:00|max_risk_points=120|min_reward_points=8|or_ext=0|or_location=beyond_or|pattern=green_close|rr=1.5|rsi_mode=not_bull|start=09:45|stop_mode=fixed|stop_points=30|target_mode=rr|time_exit=12:00|vwap_ext=0,fade_extreme,long,43,19.379999999999853,0.45069767441860126,-62.34,0.4186046511627907,1.0124350336862369,-385.74000000000007,0.006019309497085596,0.0018016079238033617,25,91.49999999999991,3.6599999999999966,0.44,18,-72.12000000000006,-4.00666666666667,0.3888888888888889,87.66,4.5232198142415205,480,False,False,False,False,False,False
human_window,fade|long|buffer_points=0|ema_ext=10|end=11:00|max_risk_points=120|min_reward_points=8|or_ext=0|or_location=beyond_or|pattern=green_close|rr=1.5|rsi_mode=not_bull|start=09:45|stop_mode=fixed|stop_points=30|target_mode=rr|time_exit=12:00|vwap_ext=10,fade_extreme,long,43,19.379999999999853,0.45069767441860126,-62.34,0.4186046511627907,1.0124350336862369,-385.74000000000007,0.006019309497085596,0.0018016079238033617,25,91.49999999999991,3.6599999999999966,0.44,18,-72.12000000000006,-4.00666666666667,0.3888888888888889,87.66,4.5232198142415205,480,False,False,False,False,False,False
human_window,fade|long|buffer_points=0|ema_ext=20|end=11:00|max_risk_points=120|min_reward_points=8|or_ext=0|or_location=beyond_or|pattern=green_close|rr=1.5|rsi_mode=not_bull|start=09:45|stop_mode=fixed|stop_points=30|target_mode=rr|time_exit=12:00|vwap_ext=20,fade_extreme,long,43,19.379999999999853,0.45069767441860126,-62.34,0.4186046511627907,1.0124350336862369,-385.74000000000007,0.006019309497085596,0.0018016079238033617,25,91.49999999999991,3.6599999999999966,0.44,18,-72.12000000000006,-4.00666666666667,0.3888888888888889,87.66,4.5232198142415205,480,False,False,False,False,False,False
human_window,fade|short|buffer_points=8|ema_ext=10|end=11:00|max_risk_points=120|min_reward_points=8|or_ext=0|or_location=none|pattern=red_close|rsi_mode=not_bear|start=09:45|stop_mode=signal_extreme|target_mode=or_mid|time_exit=12:00|vwap_ext=10,fade_extreme,short,61,17.509999999999792,0.2870491803278654,-34.84,0.32786885245901637,1.0086322494133422,-787.0700000000003,0.0035137985596244764,0.001252625242719234,36,-494.74000000000024,-13.742777777777784,0.2777777777777778,25,512.2499999999999,20.489999999999995,0.4,253.16,14.458023986293718,480,False,False,False,False,False,False
human_window,or_retest|short|buffer_points=0|confirm_pattern=simple|end=11:00|max_risk_points=120|max_stop=80|min_reward_points=8|or_class=all|or_stop_fraction=0.25|rr=1.5|start=09:45|stop_mode=or_fraction|target_mode=rr|time_exit=12:00|touch_tolerance=5,or_retest,short,48,10.61749999999978,0.22119791666666208,-44.9025,0.3958333333333333,1.0057156776718477,-526.9400000000002,0.002580983908607874,0.0008161787755444745,28,160.54249999999988,5.73366071428571,0.4642857142857143,20,-149.92500000000007,-7.496250000000003,0.3,171.0975,16.1146691782438,480,False,False,False,False,False,False
human_window,fade|long|buffer_points=0|ema_ext=0|end=11:00|max_risk_points=120|min_reward_points=8|or_ext=0|or_location=beyond_or|pattern=close_prev_high|rsi_mode=not_bull|start=10:00|stop_mode=fixed|stop_points=30|target_mode=vwap|time_exit=12:00|vwap_ext=0,fade_extreme,long,35,7.577528615985528,0.21650081759958653,-62.34,0.2857142857142857,1.004862065201146,-387.1659060835309,0.002030358112038348,0.0005482593520428946,21,-118.36029491147994,-5.6362045195942825,0.2857142857142857,14,125.93782352746538,8.995558823390384,0.2857142857142857,267.46723670982846,35.29742350897633,480,False,False,False,False,False,False
human_window,fade|long|buffer_points=0|ema_ext=10|end=11:00|max_risk_points=120|min_reward_points=8|or_ext=0|or_location=beyond_or|pattern=close_prev_high|rsi_mode=not_bull|start=10:00|stop_mode=fixed|stop_points=30|target_mode=vwap|time_exit=12:00|vwap_ext=10,fade_extreme,long,35,7.577528615985528,0.21650081759958653,-62.34,0.2857142857142857,1.004862065201146,-387.1659060835309,0.002030358112038348,0.0005482593520428946,21,-118.36029491147994,-5.6362045195942825,0.2857142857142857,14,125.93782352746538,8.995558823390384,0.2857142857142857,267.46723670982846,35.29742350897633,480,False,False,False,False,False,False
human_window,or_retest|long|buffer_points=0|confirm_pattern=simple|end=11:00|max_risk_points=120|max_stop=80|min_reward_points=8|or_class=all|or_stop_fraction=0.25|rr=1.5|start=09:45|stop_mode=or_fraction|target_mode=rr|time_exit=12:00|touch_tolerance=5,or_retest,long,60,6.974999999999795,0.11624999999999659,-44.215,0.4166666666666667,1.0029133512937785,-414.9775,0.001321760249474377,0.00046731281775307744,36,-69.55250000000012,-1.9320138888888923,0.4166666666666667,24,76.52749999999992,3.18864583333333,0.4166666666666667,207.66,29.77204301075356,480,False,False,False,False,False,False
human_window,fade|long|buffer_points=0|ema_ext=20|end=11:00|max_risk_points=120|min_reward_points=8|or_ext=0|or_location=beyond_or|pattern=close_prev_high|rsi_mode=not_bull|start=10:00|stop_mode=fixed|stop_points=30|target_mode=vwap|time_exit=12:00|vwap_ext=20,fade_extreme,long,35,5.734911106637327,0.16385460304678076,-62.34,0.2857142857142857,1.003679763302302,-389.0085235928791,0.0015370830049481735,0.00041505984945827825,21,-120.20291242082814,-5.723948210515625,0.2857142857142857,14,125.93782352746538,8.995558823390384,0.2857142857142857,267.46723670982846,46.638427647165095,480,False,False,False,False,False,False
human_window,fade|long|buffer_points=8|ema_ext=20|end=11:00|max_risk_points=120|min_reward_points=8|or_ext=0|or_location=beyond_or|pattern=green_close|rsi_mode=not_bull|start=09:45|stop_mode=signal_extreme|target_mode=or_mid|time_exit=12:00|vwap_ext=20,fade_extreme,long,43,3.37999999999991,0.07860465116278861,-42.34,0.2558139534883721,1.0018526841995639,-1003.2500000000007,0.0007511096019386849,0.00022481067158163453,25,729.0,29.16,0.4,18,-725.6200000000001,-40.31222222222223,0.05555555555555555,294.66,87.17751479290173,480,False,False,False,False,False,False
human_window,fade|long|buffer_points=0|ema_ext=0|end=11:00|max_risk_points=120|min_reward_points=8|or_ext=0|or_location=none|pattern=green_close|rsi_mode=not_bull|start=10:00|stop_mode=fixed|stop_points=30|target_mode=or_mid|time_exit=12:00|vwap_ext=0,fade_extreme,long,45,3.199999999999818,0.07111111111110707,-62.34,0.3333333333333333,1.0017110469468513,-835.4300000000004,0.0006826004809612205,0.0002090028595666717,27,322.06999999999994,11.928518518518516,0.3333333333333333,18,-318.8700000000001,-17.715000000000007,0.3333333333333333,374.66,117.08125000000666,480,False,False,False,False,False,False
human_window,fade|short|buffer_points=0|ema_ext=0|end=11:00|max_risk_points=120|min_reward_points=8|or_ext=0|or_location=none|pattern=close_prev_low|rr=1.5|rsi_mode=not_bear|start=10:00|stop_mode=fixed|stop_points=30|target_mode=rr|time_exit=12:00|vwap_ext=0,fade_extreme,short,69,2.539999999999651,0.03681159420289349,-62.34,0.42028985507246375,1.0010186076355467,-598.08,0.000497468535949321,0.0001886120972719191,41,-51.9400000000002,-1.2668292682926878,0.4146341463414634,28,54.48000000000002,1.9457142857142864,0.42857142857142855,87.66,34.51181102362679,480,False,False,False,False,False,False
human_window,fade|long|buffer_points=0|ema_ext=10|end=11:00|max_risk_points=120|min_reward_points=8|or_ext=0|or_location=none|pattern=close_prev_high|rsi_mode=not_bull|start=09:45|stop_mode=fixed|stop_points=30|target_mode=vwap|time_exit=12:00|vwap_ext=10,fade_extreme,long,50,1.6186894603812902,0.032373789207625805,-62.34,0.4,1.0008655167684646,-588.0737196786006,0.00036753714687412883,0.00011862210407967419,30,122.00739099897754,4.066913033299252,0.43333333333333335,20,-120.38870153859614,-6.019435076929807,0.35,233.3352730735534,144.15073353142742,480,False,False,False,False,False,False
human_window,or_retest|long|buffer_points=0|confirm_pattern=simple|end=12:00|max_risk_points=120|max_stop=80|min_reward_points=8|or_class=all|or_stop_fraction=0.25|rr=1.5|start=09:45|stop_mode=or_fraction|target_mode=rr|time_exit=12:00|touch_tolerance=5,or_retest,long,68,-0.1825000000003456,-0.0026838235294168473,-43.09,0.4117647058823529,0.9999298946499051,-498.9575000000001,-3.166236465357223e-05,-1.1917281115655906e-05,40,-61.975000000000165,-1.5493750000000042,0.425,28,61.792499999999905,2.2068749999999966,0.39285714285714285,207.66,,480,False,False,False,False,False,False
human_window,fade|long|buffer_points=8|ema_ext=10|end=11:00|max_risk_points=120|min_reward_points=8|or_ext=0|or_location=beyond_or|pattern=green_close|rsi_mode=not_bull|start=09:45|stop_mode=signal_extreme|target_mode=or_mid|time_exit=12:00|vwap_ext=10,fade_extreme,long,43,-2.12000000000009,-0.04930232558139744,-42.34,0.2558139534883721,0.998841454084421,-995.7500000000007,-0.0004707527935120226,-0.0001408985471430673,25,716.0,28.64,0.4,18,-718.1200000000001,-39.89555555555556,0.05555555555555555,294.66,,480,False,False,False,False,False,False
human_window,fade|short|buffer_points=8|ema_ext=10|end=11:00|max_risk_points=120|min_reward_points=8|or_ext=0|or_location=beyond_or|pattern=red_close|rsi_mode=not_bear|start=10:00|stop_mode=signal_extreme|target_mode=or_mid|time_exit=12:00|vwap_ext=10,fade_extreme,short,55,-3.9500000000002444,-0.07181818181818626,-36.84,0.23636363636363636,0.9979890850591566,-763.4600000000003,-0.0007720054978697497,-0.0002613250963868313,33,-291.22000000000014,-8.82484848484849,0.21212121212121213,22,287.26999999999975,13.057727272727261,0.2727272727272727,253.16,,480,False,False,False,False,False,False
human_window,ema_pullback|long|buffer_points=0|confirm_pattern=simple|end=12:00|max_risk_points=120|min_reward_points=8|min_slope=2|rr=1.5|rsi_threshold=50|start=09:45|stop_mode=fixed|stop_points=30|target_mode=rr|time_exit=12:00|touch_tolerance=5,ema_pullback,long,37,-4.080000000000123,-0.11027027027027358,-62.34,0.43243243243243246,0.9968041107908262,-327.9200000000001,-0.0015251447890886982,-0.0004234394516543539,22,235.51999999999992,10.705454545454542,0.5,15,-239.60000000000005,-15.973333333333336,0.3333333333333333,87.66,,480,False,False,False,False,False,False
human_window,fade|long|buffer_points=8|ema_ext=10|end=11:00|max_risk_points=120|min_reward_points=8|or_ext=0|or_location=none|pattern=green_close|rsi_mode=not_bull|start=09:45|stop_mode=signal_extreme|target_mode=vwap|time_exit=12:00|vwap_ext=10,fade_extreme,long,59,-6.205154785976305,-0.10517211501654754,-35.84,0.423728813559322,0.99677077229648,-817.2114350125944,-0.0013862251402947678,-0.0004860032326614232,35,485.7655430522294,13.879015515777983,0.5142857142857142,24,-491.97069783820575,-20.498779076591905,0.2916666666666667,206.36205102950422,,480,False,False,False,False,False,False
human_window,ema_pullback|long|buffer_points=8|confirm_pattern=simple|end=12:00|max_risk_points=120|min_reward_points=8|min_slope=2|rsi_threshold=50|start=09:45|stop_mode=signal_extreme|target_mode=fixed|target_points=30|time_exit=12:00|touch_tolerance=5,ema_pullback,long,37,-9.580000000000123,-0.2589189189189222,-29.84,0.4864864864864865,0.9903277265109138,-294.56000000000006,-0.004634768010432759,-0.0012867916796643574,22,106.01999999999992,4.819090909090906,0.5454545454545454,15,-115.60000000000005,-7.70666666666667,0.4,57.66,,480,False,False,False,False,False,False
human_window,inverse_orb|long|buffer_points=0|confirm_pattern=break_prev|end=11:00|max_risk_points=120|max_stop=80|min_reward_points=8|or_class=tight|rr=1.5|start=09:45|stop_mode=fixed|stop_points=30|target_mode=rr|time_exit=12:00|touch_tolerance=5,inverse_orb,long,17,-9.780000000000058,-0.5752941176470623,-62.34,0.4117647058823529,0.9843118383060632,-261.06000000000006,-0.007560214304907973,-0.0014227806443386788,10,-173.40000000000003,-17.340000000000003,0.3,7,163.61999999999998,23.374285714285712,0.5714285714285714,87.66,,480,False,False,False,False,False,False
human_window,inverse_orb|long|buffer_points=0|confirm_pattern=simple|end=11:00|max_risk_points=120|max_stop=80|min_reward_points=8|or_class=tight|rr=1.5|start=09:45|stop_mode=fixed|stop_points=30|target_mode=rr|time_exit=12:00|touch_tolerance=5,inverse_orb,long,17,-9.780000000000058,-0.5752941176470623,-62.34,0.4117647058823529,0.9843118383060632,-261.06000000000006,-0.007560214304907973,-0.0014227806443386788,10,-173.40000000000003,-17.340000000000003,0.3,7,163.61999999999998,23.374285714285712,0.5714285714285714,87.66,,480,False,False,False,False,False,False
human_window,fade|short|buffer_points=0|ema_ext=0|end=11:00|max_risk_points=120|min_reward_points=8|or_ext=0|or_location=none|pattern=close_prev_low|rr=1.5|rsi_mode=not_bear|start=09:45|stop_mode=fixed|stop_points=30|target_mode=rr|time_exit=12:00|vwap_ext=0,fade_extreme,short,70,-13.80000000000021,-0.19714285714286015,-62.34,0.4142857142857143,0.9946008122256387,-570.8400000000005,-0.0026489418542608298,-0.0010115813798905779,42,531.7199999999998,12.659999999999995,0.5,28,-545.5200000000002,-19.48285714285715,0.2857142857142857,87.66,,480,False,False,False,False,False,False
human_window,fade|long|buffer_points=8|ema_ext=20|end=11:00|max_risk_points=120|min_reward_points=8|or_ext=0|or_location=beyond_or|pattern=close_prev_high|rsi_mode=not_bull|start=09:45|stop_mode=signal_extreme|target_mode=vwap|time_exit=12:00|vwap_ext=20,fade_extreme,long,36,-14.723049416165253,-0.40897359489347923,-52.09,0.3333333333333333,0.9918121583084016,-682.5085235928791,-0.003541602547805601,-0.000969907802575448,21,-168.13303559622065,-8.00633502839146,0.3333333333333333,15,153.40998618005543,10.227332412003696,0.3333333333333333,267.46723670982846,,480,False,False,False,False,False,False
human_window,fade|short|buffer_points=8|ema_ext=10|end=11:00|max_risk_points=120|min_reward_points=8|or_ext=0|or_location=beyond_or|pattern=red_close|rsi_mode=not_bear|start=09:45|stop_mode=signal_extreme|target_mode=vwap|time_exit=12:00|vwap_ext=10,fade_extreme,short,57,-15.799929407573586,-0.27719174399251906,-36.34,0.24561403508771928,0.9910488072156155,-610.366927910447,-0.003594310801727562,-0.0012386038830294302,34,-364.48082071278145,-10.720024138611219,0.17647058823529413,23,348.6808913052078,15.16003875240034,0.34782608695652173,231.68890086904517,,480,False,False,False,False,False,False
human_window,fade|short|buffer_points=8|ema_ext=0|end=11:00|max_risk_points=120|min_reward_points=8|or_ext=0|or_location=none|pattern=red_close|rsi_mode=not_bear|start=09:45|stop_mode=signal_extreme|target_mode=or_mid|time_exit=12:00|vwap_ext=0,fade_extreme,short,61,-16.99000000000015,-0.2785245901639369,-34.84,0.3442622950819672,0.9914109499014205,-864.9100000000003,-0.0034679064155144716,-0.0012362652672740723,36,-569.7400000000002,-15.826111111111118,0.2777777777777778,25,552.7499999999999,22.109999999999996,0.44,253.16,,480,False,False,False,False,False,False
human_window,fade|short|buffer_points=8|ema_ext=0|end=11:00|max_risk_points=120|min_reward_points=8|or_ext=0|or_location=none|pattern=red_close|rsi_mode=not_bear|start=10:00|stop_mode=signal_extreme|target_mode=vwap|time_exit=12:00|vwap_ext=0,fade_extreme,short,64,-17.14405805621749,-0.26787590712839826,-35.59,0.34375,0.9915889583098411,-677.4694082578116,-0.0035359533472056836,-0.001291147607033633,38,-213.493566490588,-5.618251749752315,0.3157894736842105,26,196.34950843437053,7.551904170552713,0.38461538461538464,231.68890086904517,,480,False,False,False,False,False,False
human_window,fade|short|buffer_points=0|ema_ext=10|end=11:00|max_risk_points=120|min_reward_points=8|or_ext=0|or_location=beyond_or|pattern=close_prev_low|rr=1.5|rsi_mode=not_bear|start=10:00|stop_mode=fixed|stop_points=30|target_mode=rr|time_exit=12:00|vwap_ext=10,fade_extreme,short,46,-17.640000000000242,-0.3834782608695705,-62.34,0.41304347826086957,0.9895198374505403,-448.08000000000004,-0.005135420143062037,-0.0015897699270814945,27,-33.180000000000035,-1.2288888888888903,0.4074074074074074,19,15.539999999999935,0.8178947368421019,0.42105263157894735,87.66,,480,False,False,False,False,False,False
human_window,inverse_orb|long|buffer_points=0|confirm_pattern=break_prev|end=12:00|max_risk_points=120|max_stop=80|min_reward_points=8|or_class=wide|start=09:45|stop_mode=fixed|stop_points=30|target_mode=fixed|target_points=30|time_exit=12:00|touch_tolerance=5,inverse_orb,long,8,-18.720000000000027,-2.3400000000000034,-2.3400000000000034,0.5,0.9249278152069297,-191.70000000000002,-0.03648115952104598,-0.004709697442511575,4,110.63999999999999,27.659999999999997,0.75,4,-129.36,-32.34,0.25,57.66,,480,False,False,False,False,False,False
human_window,inverse_orb|long|buffer_points=0|confirm_pattern=simple|end=12:00|max_risk_points=120|max_stop=80|min_reward_points=8|or_class=wide|start=09:45|stop_mode=fixed|stop_points=30|target_mode=fixed|target_points=30|time_exit=12:00|touch_tolerance=5,inverse_orb,long,8,-18.720000000000027,-2.3400000000000034,-2.3400000000000034,0.5,0.9249278152069297,-191.70000000000002,-0.03648115952104598,-0.004709697442511575,4,110.63999999999999,27.659999999999997,0.75,4,-129.36,-32.34,0.25,57.66,,480,False,False,False,False,False,False
human_window,fade|long|buffer_points=0|ema_ext=20|end=11:00|max_risk_points=120|min_reward_points=8|or_ext=0|or_location=none|pattern=close_prev_high|rsi_mode=not_bull|start=09:45|stop_mode=fixed|stop_points=30|target_mode=or_mid|time_exit=12:00|vwap_ext=20,fade_extreme,long,47,-18.730000000000185,-0.3985106382978763,-62.34,0.3617021276595745,0.9899850283392154,-837.0400000000004,-0.004231658007913799,-0.0013241551444138086,28,156.72999999999996,5.597499999999998,0.35714285714285715,19,-175.46000000000006,-9.234736842105267,0.3684210526315789,332.16,,480,False,False,False,False,False,False
human_window,fade|long|buffer_points=8|ema_ext=20|end=11:00|max_risk_points=120|min_reward_points=8|or_ext=0|or_location=none|pattern=green_close|rr=1.5|rsi_mode=not_bull|start=10:00|stop_mode=signal_extreme|target_mode=rr|time_exit=12:00|vwap_ext=20,fade_extreme,long,52,-20.180000000000177,-0.3880769230769265,-42.09,0.4423076923076923,0.9892479993180104,-547.7500000000002,-0.004923772506772819,-0.0016206119319562453,31,441.4599999999997,14.240645161290313,0.5483870967741935,21,-461.6400000000002,-21.982857142857153,0.2857142857142857,183.66,,480,False,False,False,False,False,False
human_window,fade|short|buffer_points=8|ema_ext=20|end=11:00|max_risk_points=120|min_reward_points=8|or_ext=0|or_location=beyond_or|pattern=close_prev_low|rsi_mode=not_bear|start=09:45|stop_mode=signal_extreme|target_mode=or_mid|time_exit=12:00|vwap_ext=20,fade_extreme,short,49,-21.16000000000028,-0.4318367346938833,-45.84,0.2653061224489796,0.989842744954974,-766.9000000000004,-0.00405466505811675,-0.001295485050684148,29,124.88999999999993,4.306551724137929,0.27586206896551724,20,-146.05000000000004,-7.302500000000002,0.25,294.66,,480,False,False,False,False,False,False
human_window,fade|long|buffer_points=8|ema_ext=0|end=11:00|max_risk_points=120|min_reward_points=8|or_ext=0|or_location=none|pattern=close_prev_high|rsi_mode=not_bull|start=09:45|stop_mode=signal_extreme|target_mode=or_mid|time_exit=12:00|vwap_ext=0,fade_extreme,long,47,-21.980000000000214,-0.46765957446808964,-45.34,0.46808510638297873,0.9893739424703893,-1002.3900000000002,-0.004422193018124032,-0.0013837766718361535,28,-311.02,-11.107857142857142,0.39285714285714285,19,289.03999999999996,15.212631578947367,0.5789473684210527,332.16,,480,False,False,False,False,False,False
human_window,inverse_orb|long|buffer_points=0|confirm_pattern=break_prev|end=11:00|max_risk_points=120|max_stop=80|min_reward_points=8|or_class=wide|or_stop_fraction=0.25|start=09:45|stop_mode=or_fraction|target_mode=fixed|target_points=30|time_exit=12:00|touch_tolerance=5,inverse_orb,long,7,-23.255000000000024,-3.3221428571428606,57.66,0.5714285714285714,0.9084070186494416,-167.68,-0.0436764745102311,-0.005274435392275823,4,86.76499999999999,21.691249999999997,0.75,3,-110.02000000000001,-36.67333333333334,0.3333333333333333,57.66,,480,False,False,False,False,False,False
human_window,inverse_orb|long|buffer_points=0|confirm_pattern=simple|end=11:00|max_risk_points=120|max_stop=80|min_reward_points=8|or_class=wide|or_stop_fraction=0.25|start=09:45|stop_mode=or_fraction|target_mode=fixed|target_points=30|time_exit=12:00|touch_tolerance=5,inverse_orb,long,7,-23.255000000000024,-3.3221428571428606,57.66,0.5714285714285714,0.9084070186494416,-167.68,-0.0436764745102311,-0.005274435392275823,4,86.76499999999999,21.691249999999997,0.75,3,-110.02000000000001,-36.67333333333334,0.3333333333333333,57.66,,480,False,False,False,False,False,False
human_window,fade|long|buffer_points=8|ema_ext=0|end=11:00|max_risk_points=120|min_reward_points=8|or_ext=0|or_location=none|pattern=close_prev_high|rsi_mode=not_bull|start=09:45|stop_mode=signal_extreme|target_mode=vwap|time_exit=12:00|vwap_ext=0,fade_extreme,long,44,-25.152003373297134,-0.5716364403022076,-41.59,0.4772727272727273,0.9862656426111789,-980.5587633707562,-0.005969273548239541,-0.0018072873172032236,26,-372.17637423961776,-14.314475932292991,0.4230769230769231,18,347.02437086632085,19.279131714795604,0.5555555555555556,226.40395246592757,,480,False,False,False,False,False,False
human_window,fade|long|buffer_points=8|ema_ext=0|end=11:00|max_risk_points=120|min_reward_points=8|or_ext=0|or_location=none|pattern=green_close|rsi_mode=not_bull|start=10:00|stop_mode=signal_extreme|target_mode=or_mid|time_exit=12:00|vwap_ext=0,fade_extreme,long,45,-27.300000000000097,-0.6066666666666688,-49.34,0.3333333333333333,0.9865926726254796,-1056.6200000000003,-0.0054288743989894615,-0.0016622465193978596,27,183.56999999999996,6.798888888888888,0.3333333333333333,18,-210.87000000000006,-11.715000000000003,0.3333333333333333,374.66,,480,False,False,False,False,False,False
human_window,or_retest|short|buffer_points=0|confirm_pattern=break_prev|end=12:00|max_risk_points=120|max_stop=80|min_reward_points=8|or_class=all|rr=1.5|start=09:45|stop_mode=fixed|stop_points=30|target_mode=rr|time_exit=12:00|touch_tolerance=5,or_retest,short,51,-29.34000000000023,-0.5752941176470634,-62.34,0.4117647058823529,0.984311838306064,-584.4600000000003,-0.007716111413797819,-0.0025151446043821177,30,529.7999999999998,17.659999999999993,0.5333333333333333,21,-559.1400000000002,-26.625714285714295,0.23809523809523808,87.66,,480,False,False,False,False,False,False
human_window,fade|short|buffer_points=0|ema_ext=20|end=11:00|max_risk_points=120|min_reward_points=8|or_ext=0|or_location=beyond_or|pattern=close_prev_low|rsi_mode=not_bear|start=09:45|stop_mode=fixed|stop_points=30|target_mode=vwap|time_exit=12:00|vwap_ext=20,fade_extreme,short,49,-32.95465702530461,-0.672544020924584,-62.34,0.3469387755102041,0.983480381263382,-713.3250508704275,-0.007588320429612823,-0.002424504992511138,29,555.6431020625099,19.160106967672757,0.4482758620689655,20,-588.5977590878147,-29.429887954390733,0.2,191.83241861273942,,480,False,False,False,False,False,False
human_window,fade|short|buffer_points=8|ema_ext=20|end=11:00|max_risk_points=120|min_reward_points=8|or_ext=0|or_location=beyond_or|pattern=close_prev_low|rsi_mode=not_bear|start=10:00|stop_mode=signal_extreme|target_mode=vwap|time_exit=12:00|vwap_ext=20,fade_extreme,short,44,-36.11392566574176,-0.8207710378577673,-41.59,0.3181818181818182,0.97676365611521,-398.42834497960723,-0.010204160240003375,-0.003089462936391376,26,177.4370331525534,6.824501275098208,0.34615384615384615,18,-213.5509588182951,-11.86394215657195,0.2777777777777778,162.23990618755866,,480,False,False,False,False,False,False
human_window,inverse_orb|short|buffer_points=0|confirm_pattern=break_prev|end=11:00|max_risk_points=120|max_stop=80|min_reward_points=8|or_class=wide|or_stop_fraction=0.25|start=09:45|stop_mode=or_fraction|target_mode=fixed|target_points=30|time_exit=12:00|touch_tolerance=5,inverse_orb,short,12,-42.08000000000004,-3.50666666666667,57.66,0.5833333333333334,0.9055867175229972,-445.7,-0.04592214743359912,-0.007260929046811458,7,-330.38,-47.19714285714286,0.2857142857142857,5,288.29999999999995,57.65999999999999,1.0,57.66,,480,False,False,False,False,False,False
human_window,inverse_orb|short|buffer_points=0|confirm_pattern=break_prev|end=12:00|max_risk_points=120|max_stop=80|min_reward_points=8|or_class=wide|or_stop_fraction=0.25|start=09:45|stop_mode=or_fraction|target_mode=fixed|target_points=30|time_exit=12:00|touch_tolerance=5,inverse_orb,short,12,-42.08000000000004,-3.50666666666667,57.66,0.5833333333333334,0.9055867175229972,-445.7,-0.04592214743359912,-0.007260929046811458,7,-330.38,-47.19714285714286,0.2857142857142857,5,288.29999999999995,57.65999999999999,1.0,57.66,,480,False,False,False,False,False,False
human_window,inverse_orb|short|buffer_points=0|confirm_pattern=simple|end=11:00|max_risk_points=120|max_stop=80|min_reward_points=8|or_class=wide|or_stop_fraction=0.25|start=09:45|stop_mode=or_fraction|target_mode=fixed|target_points=30|time_exit=12:00|touch_tolerance=5,inverse_orb,short,12,-42.08000000000004,-3.50666666666667,57.66,0.5833333333333334,0.9055867175229972,-445.7,-0.04592214743359912,-0.007260929046811458,7,-330.38,-47.19714285714286,0.2857142857142857,5,288.29999999999995,57.65999999999999,1.0,57.66,,480,False,False,False,False,False,False
human_window,inverse_orb|short|buffer_points=0|confirm_pattern=simple|end=12:00|max_risk_points=120|max_stop=80|min_reward_points=8|or_class=wide|or_stop_fraction=0.25|start=09:45|stop_mode=or_fraction|target_mode=fixed|target_points=30|time_exit=12:00|touch_tolerance=5,inverse_orb,short,12,-42.08000000000004,-3.50666666666667,57.66,0.5833333333333334,0.9055867175229972,-445.7,-0.04592214743359912,-0.007260929046811458,7,-330.38,-47.19714285714286,0.2857142857142857,5,288.29999999999995,57.65999999999999,1.0,57.66,,480,False,False,False,False,False,False
human_window,inverse_orb|long|buffer_points=0|confirm_pattern=break_prev|end=12:00|max_risk_points=120|max_stop=80|min_reward_points=8|or_class=wide|rr=1.5|start=09:45|stop_mode=fixed|stop_points=30|target_mode=rr|time_exit=12:00|touch_tolerance=5,inverse_orb,long,8,-48.72000000000003,-6.090000000000003,-62.34,0.375,0.8436958614051973,-311.70000000000005,-0.07844665278603888,-0.010127419326868142,4,200.64000000000001,50.160000000000004,0.75,4,-249.36,-62.34,0.0,87.66,,480,False,False,False,False,False,False
human_window,inverse_orb|long|buffer_points=0|confirm_pattern=simple|end=12:00|max_risk_points=120|max_stop=80|min_reward_points=8|or_class=wide|rr=1.5|start=09:45|stop_mode=fixed|stop_points=30|target_mode=rr|time_exit=12:00|touch_tolerance=5,inverse_orb,long,8,-48.72000000000003,-6.090000000000003,-62.34,0.375,0.8436958614051973,-311.70000000000005,-0.07844665278603888,-0.010127419326868142,4,200.64000000000001,50.160000000000004,0.75,4,-249.36,-62.34,0.0,87.66,,480,False,False,False,False,False,False
human_window,fade|short|buffer_points=0|ema_ext=10|end=11:00|max_risk_points=120|min_reward_points=8|or_ext=0|or_location=beyond_or|pattern=close_prev_low|rsi_mode=not_bear|start=09:45|stop_mode=fixed|stop_points=30|target_mode=or_mid|time_exit=12:00|vwap_ext=10,fade_extreme,short,49,-48.91000000000034,-0.9981632653061293,-62.34,0.2653061224489796,0.9782064306847751,-950.4000000000007,-0.009144405490170064,-0.0029216816777984673,29,313.1399999999999,10.797931034482755,0.3103448275862069,20,-362.0500000000002,-18.10250000000001,0.2,294.66,,480,False,False,False,False,False,False
human_window,fade|short|buffer_points=0|ema_ext=20|end=11:00|max_risk_points=120|min_reward_points=8|or_ext=0|or_location=beyond_or|pattern=close_prev_low|rsi_mode=not_bear|start=09:45|stop_mode=fixed|stop_points=30|target_mode=or_mid|time_exit=12:00|vwap_ext=20,fade_extreme,short,49,-48.91000000000034,-0.9981632653061293,-62.34,0.2653061224489796,0.9782064306847751,-950.4000000000007,-0.009144405490170064,-0.0029216816777984673,29,313.1399999999999,10.797931034482755,0.3103448275862069,20,-362.0500000000002,-18.10250000000001,0.2,294.66,,480,False,False,False,False,False,False
human_window,fade|short|buffer_points=8|ema_ext=10|end=11:00|max_risk_points=120|min_reward_points=8|or_ext=0|or_location=beyond_or|pattern=red_close|rr=1.5|rsi_mode=not_bear|start=09:45|stop_mode=signal_extreme|target_mode=rr|time_exit=12:00|vwap_ext=10,fade_extreme,short,57,-51.38000000000014,-0.9014035087719322,-33.34,0.3684210526315789,0.9665547049940117,-485.11000000000024,-0.014176280725590372,-0.004885163616121365,34,-294.06000000000006,-8.648823529411766,0.29411764705882354,23,242.67999999999992,10.551304347826084,0.4782608695652174,272.16,,480,False,False,False,False,False,False
human_window,fade|long|buffer_points=0|ema_ext=10|end=11:00|max_risk_points=120|min_reward_points=8|or_ext=0|or_location=none|pattern=close_prev_high|rsi_mode=not_bull|start=09:45|stop_mode=fixed|stop_points=30|target_mode=or_mid|time_exit=12:00|vwap_ext=10,fade_extreme,long,45,-53.0500000000001,-1.178888888888891,-62.34,0.35555555555555557,0.9706559136216303,-804.6200000000003,-0.012449132728911747,-0.00381175286575196,27,-62.680000000000035,-2.3214814814814826,0.2962962962962963,18,9.629999999999942,0.5349999999999968,0.4444444444444444,332.16,,480,False,False,False,False,False,False
human_window,fade|short|buffer_points=8|ema_ext=0|end=11:00|max_risk_points=120|min_reward_points=8|or_ext=0|or_location=beyond_or|pattern=red_close|rsi_mode=not_bear|start=10:00|stop_mode=signal_extreme|target_mode=or_mid|time_exit=12:00|vwap_ext=0,fade_extreme,short,56,-53.29000000000005,-0.9516071428571438,-36.84,0.23214285714285715,0.9735352251169537,-802.3000000000002,-0.010290244607683867,-0.0035147876621539277,33,-282.72000000000014,-8.567272727272732,0.21212121212121213,23,229.42999999999975,9.975217391304337,0.2608695652173913,253.16,,480,False,False,False,False,False,False
human_window,ema_pullback|long|buffer_points=8|confirm_pattern=simple|end=11:00|max_risk_points=120|min_reward_points=8|min_slope=2|rsi_threshold=50|start=09:45|stop_mode=signal_extreme|target_mode=fixed|target_points=30|time_exit=12:00|touch_tolerance=5,ema_pullback,long,28,-54.020000000000095,-1.9292857142857176,-35.84,0.4642857142857143,0.9327775012443997,-294.56000000000006,-0.03347838254381999,-0.008085797571592458,16,-128.44000000000005,-8.027500000000003,0.4375,12,74.41999999999996,6.2016666666666636,0.5,57.66,,480,False,False,False,False,False,False
human_window,fade|short|buffer_points=0|ema_ext=10|end=11:00|max_risk_points=120|min_reward_points=8|or_ext=0|or_location=beyond_or|pattern=close_prev_low|rr=1.5|rsi_mode=not_bear|start=09:45|stop_mode=fixed|stop_points=30|target_mode=rr|time_exit=12:00|vwap_ext=10,fade_extreme,short,49,-54.66000000000017,-1.115510204081636,-62.34,0.40816326530612246,0.9697653579370087,-485.1,-0.014975693748109238,-0.004784806413408302,29,292.13999999999993,10.073793103448274,0.4827586206896552,20,-346.8000000000002,-17.34000000000001,0.3,87.66,,480,False,False,False,False,False,False
human_window,fade|long|buffer_points=0|ema_ext=10|end=11:00|max_risk_points=120|min_reward_points=8|or_ext=0|or_location=none|pattern=green_close|rsi_mode=not_bull|start=09:45|stop_mode=fixed|stop_points=30|target_mode=vwap|time_exit=12:00|vwap_ext=10,fade_extreme,long,59,-58.731267397752816,-0.9954452101314036,-62.34,0.4406779661016949,0.9714511489302298,-784.8888116462097,-0.012871566112779387,-0.004512703282019407,35,298.2011032242093,8.520031520691694,0.4857142857142857,24,-356.93237062196226,-14.872182109248428,0.375,206.36205102950422,,480,False,False,False,False,False,False
human_window,fade|short|buffer_points=0|ema_ext=20|end=11:00|max_risk_points=120|min_reward_points=8|or_ext=0|or_location=beyond_or|pattern=red_close|rsi_mode=not_bear|start=09:45|stop_mode=fixed|stop_points=30|target_mode=vwap|time_exit=12:00|vwap_ext=20,fade_extreme,short,57,-68.11678624647462,-1.1950313376574495,-62.34,0.3333333333333333,0.9712456367262399,-707.8643514234683,-0.013060431149400734,-0.004500640492166436,34,-504.97824422580265,-14.852301300758901,0.2647058823529412,23,436.86145797932795,18.993976433883823,0.43478260869565216,231.68890086904517,,480,False,False,False,False,False,False
human_window,inverse_orb|long|buffer_points=0|confirm_pattern=break_prev|end=12:00|max_risk_points=120|max_stop=80|min_reward_points=8|or_class=all|start=09:45|stop_mode=fixed|stop_points=30|target_mode=fixed|target_points=30|time_exit=12:00|touch_tolerance=5,inverse_orb,long,55,-68.70000000000027,-1.2490909090909141,57.66,0.509090909090909,0.9591844009553347,-497.22000000000014,-0.020631467895728374,-0.0069837848970379654,33,-137.2200000000001,-4.158181818181822,0.48484848484848486,22,68.51999999999992,3.114545454545451,0.5454545454545454,57.66,,480,False,False,False,False,False,False
human_window,inverse_orb|long|buffer_points=0|confirm_pattern=simple|end=12:00|max_risk_points=120|max_stop=80|min_reward_points=8|or_class=all|start=09:45|stop_mode=fixed|stop_points=30|target_mode=fixed|target_points=30|time_exit=12:00|touch_tolerance=5,inverse_orb,long,55,-68.70000000000027,-1.2490909090909141,57.66,0.509090909090909,0.9591844009553347,-497.22000000000014,-0.020631467895728374,-0.0069837848970379654,33,-137.2200000000001,-4.158181818181822,0.48484848484848486,22,68.51999999999992,3.114545454545451,0.5454545454545454,57.66,,480,False,False,False,False,False,False
human_window,or_retest|short|buffer_points=0|confirm_pattern=break_prev|end=12:00|max_risk_points=120|max_stop=80|min_reward_points=8|or_class=all|or_stop_fraction=0.25|rr=1.5|start=09:45|stop_mode=or_fraction|target_mode=rr|time_exit=12:00|touch_tolerance=5,or_retest,short,51,-70.0275000000002,-1.3730882352941216,-44.965,0.37254901960784315,0.9655821943055986,-542.0300000000002,-0.015916497059071385,-0.005188143295494953,30,365.4249999999999,12.18083333333333,0.4666666666666667,21,-435.4525000000001,-20.73583333333334,0.23809523809523808,171.0975,,480,False,False,False,False,False,False
human_window,fade|short|buffer_points=8|ema_ext=0|end=11:00|max_risk_points=120|min_reward_points=8|or_ext=0|or_location=none|pattern=close_prev_low|rr=1.5|rsi_mode=not_bear|start=09:45|stop_mode=signal_extreme|target_mode=rr|time_exit=12:00|vwap_ext=0,fade_extreme,short,70,-71.30000000000024,-1.018571428571432,-39.34,0.4,0.9714432188658988,-500.09000000000026,-0.013116789236752486,-0.005009056629350026,42,404.2199999999998,9.62428571428571,0.4523809523809524,28,-475.5200000000002,-16.98285714285715,0.32142857142857145,231.66,,480,False,False,False,False,False,False
human_window,fade|long|buffer_points=8|ema_ext=10|end=11:00|max_risk_points=120|min_reward_points=8|or_ext=0|or_location=none|pattern=close_prev_high|rsi_mode=not_bull|start=09:45|stop_mode=signal_extreme|target_mode=vwap|time_exit=12:00|vwap_ext=10,fade_extreme,long,50,-72.35511913778504,-1.4471023827557008,-45.59,0.44,0.9649275726179175,-819.2196486998441,-0.015134833778622278,-0.00488474659768513,30,61.42980241656616,2.0476600805522054,0.4666666666666667,20,-133.78492155435094,-6.689246077717547,0.4,233.3352730735534,,480,False,False,False,False,False,False
human_window,inverse_orb|long|buffer_points=0|confirm_pattern=break_prev|end=11:00|max_risk_points=120|max_stop=80|min_reward_points=8|or_class=wide|start=09:45|stop_mode=fixed|stop_points=30|target_mode=fixed|target_points=30|time_exit=12:00|touch_tolerance=5,inverse_orb,long,7,-76.38000000000002,-10.911428571428575,-62.34,0.42857142857142855,0.6936958614051972,-191.70000000000002,-0.17011178047725817,-0.020542949165508514,4,110.63999999999999,27.659999999999997,0.75,3,-187.02,-62.34,0.0,57.66,,480,False,False,False,False,False,False
human_window,inverse_orb|long|buffer_points=0|confirm_pattern=simple|end=11:00|max_risk_points=120|max_stop=80|min_reward_points=8|or_class=wide|start=09:45|stop_mode=fixed|stop_points=30|target_mode=fixed|target_points=30|time_exit=12:00|touch_tolerance=5,inverse_orb,long,7,-76.38000000000002,-10.911428571428575,-62.34,0.42857142857142855,0.6936958614051972,-191.70000000000002,-0.17011178047725817,-0.020542949165508514,4,110.63999999999999,27.659999999999997,0.75,3,-187.02,-62.34,0.0,57.66,,480,False,False,False,False,False,False
human_window,fade|long|buffer_points=0|ema_ext=0|end=11:00|max_risk_points=120|min_reward_points=8|or_ext=0|or_location=beyond_or|pattern=close_prev_high|rr=1.5|rsi_mode=not_bull|start=10:00|stop_mode=fixed|stop_points=30|target_mode=rr|time_exit=12:00|vwap_ext=0,fade_extreme,long,35,-81.90000000000012,-2.3400000000000034,-62.34,0.4,0.937439846005775,-434.46000000000004,-0.03138516483035535,-0.008474963126763456,21,-109.14000000000007,-5.19714285714286,0.38095238095238093,14,27.239999999999952,1.9457142857142824,0.42857142857142855,87.66,,480,False,False,False,False,False,False
human_window,fade|long|buffer_points=0|ema_ext=10|end=11:00|max_risk_points=120|min_reward_points=8|or_ext=0|or_location=beyond_or|pattern=close_prev_high|rr=1.5|rsi_mode=not_bull|start=10:00|stop_mode=fixed|stop_points=30|target_mode=rr|time_exit=12:00|vwap_ext=10,fade_extreme,long,35,-81.90000000000012,-2.3400000000000034,-62.34,0.4,0.937439846005775,-434.46000000000004,-0.03138516483035535,-0.008474963126763456,21,-109.14000000000007,-5.19714285714286,0.38095238095238093,14,27.239999999999952,1.9457142857142824,0.42857142857142855,87.66,,480,False,False,False,False,False,False
human_window,fade|long|buffer_points=0|ema_ext=20|end=11:00|max_risk_points=120|min_reward_points=8|or_ext=0|or_location=beyond_or|pattern=close_prev_high|rr=1.5|rsi_mode=not_bull|start=10:00|stop_mode=fixed|stop_points=30|target_mode=rr|time_exit=12:00|vwap_ext=20,fade_extreme,long,35,-81.90000000000012,-2.3400000000000034,-62.34,0.4,0.937439846005775,-434.46000000000004,-0.03138516483035535,-0.008474963126763456,21,-109.14000000000007,-5.19714285714286,0.38095238095238093,14,27.239999999999952,1.9457142857142824,0.42857142857142855,87.66,,480,False,False,False,False,False,False
human_window,fade|long|buffer_points=8|ema_ext=20|end=11:00|max_risk_points=120|min_reward_points=8|or_ext=0|or_location=beyond_or|pattern=close_prev_high|rr=1.5|rsi_mode=not_bull|start=09:45|stop_mode=signal_extreme|target_mode=rr|time_exit=12:00|vwap_ext=20,fade_extreme,long,36,-85.74000000000012,-2.38166666666667,-50.09,0.4166666666666667,0.9466007324182262,-716.6500000000001,-0.02563051877947909,-0.007019206648040239,21,11.859999999999928,0.5647619047619014,0.42857142857142855,15,-97.60000000000005,-6.50666666666667,0.4,152.16,,480,False,False,False,False,False,False
human_window,fade|short|buffer_points=8|ema_ext=0|end=11:00|max_risk_points=120|min_reward_points=8|or_ext=0|or_location=beyond_or|pattern=red_close|rr=1.5|rsi_mode=not_bear|start=09:45|stop_mode=signal_extreme|target_mode=rr|time_exit=12:00|vwap_ext=0,fade_extreme,short,58,-88.97000000000014,-1.5339655172413817,-33.84,0.3620689655172414,0.9440292404282896,-467.11000000000024,-0.024052468540312944,-0.008360900082028543,34,-270.56000000000006,-7.9576470588235315,0.29411764705882354,24,181.58999999999992,7.566249999999997,0.4583333333333333,272.16,,480,False,False,False,False,False,False
human_window,inverse_orb|long|buffer_points=0|confirm_pattern=break_prev|end=12:00|max_risk_points=120|max_stop=80|min_reward_points=8|or_class=wide|or_stop_fraction=0.25|rr=1.5|start=09:45|stop_mode=or_fraction|target_mode=rr|time_exit=12:00|touch_tolerance=5,inverse_orb,long,8,-91.28250000000003,-11.410312500000003,-83.84,0.375,0.823250072611095,-516.45,-0.08772836324928793,-0.011325682995150898,4,338.9525,84.738125,0.75,4,-430.235,-107.55875,0.0,180.66,,480,False,False,False,False,False,False
human_window,inverse_orb|long|buffer_points=0|confirm_pattern=simple|end=12:00|max_risk_points=120|max_stop=80|min_reward_points=8|or_class=wide|or_stop_fraction=0.25|rr=1.5|start=09:45|stop_mode=or_fraction|target_mode=rr|time_exit=12:00|touch_tolerance=5,inverse_orb,long,8,-91.28250000000003,-11.410312500000003,-83.84,0.375,0.823250072611095,-516.45,-0.08772836324928793,-0.011325682995150898,4,338.9525,84.738125,0.75,4,-430.235,-107.55875,0.0,180.66,,480,False,False,False,False,False,False
human_window,ema_pullback|long|buffer_points=0|confirm_pattern=break_prev|end=12:00|max_risk_points=120|min_reward_points=8|min_slope=0|rsi_threshold=50|start=09:45|stop_mode=fixed|stop_points=30|target_mode=fixed|target_points=30|time_exit=12:00|touch_tolerance=5,ema_pullback,long,30,-94.7000000000001,-3.1566666666666703,-14.59,0.5,0.8950808774651003,-191.70000000000002,-0.05334551773872977,-0.013336379434682442,18,-42.12000000000006,-2.3400000000000034,0.5,12,-52.58000000000004,-4.38166666666667,0.5,57.66,,480,False,False,False,False,False,False
human_window,ema_pullback|long|buffer_points=0|confirm_pattern=simple|end=11:00|max_risk_points=120|min_reward_points=8|min_slope=2|rr=1.5|rsi_threshold=50|start=09:45|stop_mode=fixed|stop_points=30|target_mode=rr|time_exit=12:00|touch_tolerance=5,ema_pullback,long,28,-95.5200000000001,-3.411428571428575,-62.34,0.39285714285714285,0.9098680858291343,-261.06000000000006,-0.04572830648242901,-0.011044435286701591,16,52.559999999999945,3.2849999999999966,0.4375,12,-148.08000000000004,-12.340000000000003,0.3333333333333333,87.66,,480,False,False,False,False,False,False
human_window,fade|short|buffer_points=8|ema_ext=20|end=11:00|max_risk_points=120|min_reward_points=8|or_ext=0|or_location=beyond_or|pattern=red_close|rsi_mode=not_bear|start=10:00|stop_mode=signal_extreme|target_mode=or_mid|time_exit=12:00|vwap_ext=20,fade_extreme,short,55,-95.95000000000024,-1.744545454545459,-36.84,0.21818181818181817,0.9514206731742882,-748.9600000000002,-0.01892303684156063,-0.006405478251382489,33,-383.22000000000014,-11.612727272727277,0.18181818181818182,22,287.26999999999975,13.057727272727261,0.2727272727272727,253.16,,480,False,False,False,False,False,False
human_window,or_retest|long|buffer_points=0|confirm_pattern=break_prev|end=11:00|max_risk_points=120|max_stop=80|min_reward_points=8|or_class=all|or_stop_fraction=0.25|start=09:45|stop_mode=or_fraction|target_mode=fixed|target_points=30|time_exit=12:00|touch_tolerance=5,or_retest,long,55,-98.20000000000019,-1.785454545454549,57.66,0.5272727272727272,0.944530429183095,-642.6500000000001,-0.027096315089003776,-0.009172146016965982,33,-171.7200000000001,-5.203636363636367,0.5151515151515151,22,73.51999999999992,3.3418181818181782,0.5454545454545454,57.66,,480,False,False,False,False,False,False
human_window,ema_pullback|short|buffer_points=0|confirm_pattern=simple|end=12:00|max_risk_points=120|min_reward_points=8|min_slope=0|rr=1.5|rsi_threshold=50|start=09:45|stop_mode=fixed|stop_points=30|target_mode=rr|time_exit=12:00|touch_tolerance=5,ema_pullback,short,38,-100.4200000000001,-2.642631578947371,-62.34,0.42105263157894735,0.9252538184416592,-499.10000000000014,-0.037218988791896494,-0.010472147465048858,22,311.0199999999999,14.137272727272723,0.5454545454545454,16,-411.44000000000005,-25.715000000000003,0.25,87.66,,480,False,False,False,False,False,False
human_window,ema_pullback|short|buffer_points=0|confirm_pattern=simple|end=12:00|max_risk_points=120|min_reward_points=8|min_slope=2|rr=1.5|rsi_threshold=50|start=09:45|stop_mode=fixed|stop_points=30|target_mode=rr|time_exit=12:00|touch_tolerance=5,ema_pullback,short,38,-100.4200000000001,-2.642631578947371,-62.34,0.42105263157894735,0.9252538184416592,-499.10000000000014,-0.037218988791896494,-0.010472147465048858,22,311.0199999999999,14.137272727272723,0.5454545454545454,16,-411.44000000000005,-25.715000000000003,0.25,87.66,,480,False,False,False,False,False,False
human_window,fade|short|buffer_points=8|ema_ext=10|end=11:00|max_risk_points=120|min_reward_points=8|or_ext=0|or_location=none|pattern=red_close|rr=1.5|rsi_mode=not_bear|start=09:45|stop_mode=signal_extreme|target_mode=rr|time_exit=12:00|vwap_ext=10,fade_extreme,short,73,-102.5700000000003,-1.4050684931506892,-32.84,0.3972602739726027,0.9528513509786435,-309.7800000000001,-0.022094400620187603,-0.008616344126362202,43,-133.37000000000018,-3.101627906976748,0.37209302325581395,30,30.799999999999898,1.0266666666666633,0.43333333333333335,167.91,,480,False,False,False,False,False,False
human_window,fade|short|buffer_points=0|ema_ext=20|end=11:00|max_risk_points=120|min_reward_points=8|or_ext=0|or_location=beyond_or|pattern=red_close|rr=1.5|rsi_mode=not_bear|start=09:45|stop_mode=fixed|stop_points=30|target_mode=rr|time_exit=12:00|vwap_ext=20,fade_extreme,short,57,-103.38000000000014,-1.8136842105263182,-62.34,0.40350877192982454,0.9512257260940951,-547.4400000000002,-0.02442859435196455,-0.00841812338731288,34,-469.5600000000002,-13.810588235294123,0.3235294117647059,23,366.17999999999984,15.920869565217384,0.5217391304347826,87.66,,480,False,False,False,False,False,False
human_window,fade|long|buffer_points=8|ema_ext=10|end=11:00|max_risk_points=120|min_reward_points=8|or_ext=0|or_location=none|pattern=green_close|rsi_mode=not_bull|start=10:00|stop_mode=signal_extreme|target_mode=or_mid|time_exit=12:00|vwap_ext=10,fade_extreme,long,46,-103.64000000000019,-2.2530434782608735,-49.34,0.32608695652173914,0.9510564145187346,-1012.7100000000004,-0.020286479411603858,-0.006280077188717781,27,332.31999999999994,12.308148148148145,0.37037037037037035,19,-435.96000000000015,-22.945263157894743,0.2631578947368421,374.66,,480,False,False,False,False,False,False
human_window,inverse_orb|long|buffer_points=0|confirm_pattern=break_prev|end=12:00|max_risk_points=120|max_stop=80|min_reward_points=8|or_class=tight|start=09:45|stop_mode=fixed|stop_points=30|target_mode=fixed|target_points=30|time_exit=12:00|touch_tolerance=5,inverse_orb,long,19,-104.46000000000006,-5.497894736842109,-62.34,0.47368421052631576,0.8324350336862365,-268.08000000000004,-0.08931141554901272,-0.01776900684243965,11,-205.74000000000004,-18.703636363636367,0.36363636363636365,8,101.27999999999997,12.659999999999997,0.625,57.66,,480,False,False,False,False,False,False
human_window,inverse_orb|long|buffer_points=0|confirm_pattern=simple|end=12:00|max_risk_points=120|max_stop=80|min_reward_points=8|or_class=tight|start=09:45|stop_mode=fixed|stop_points=30|target_mode=fixed|target_points=30|time_exit=12:00|touch_tolerance=5,inverse_orb,long,19,-104.46000000000006,-5.497894736842109,-62.34,0.47368421052631576,0.8324350336862365,-268.08000000000004,-0.08931141554901272,-0.01776900684243965,11,-205.74000000000004,-18.703636363636367,0.36363636363636365,8,101.27999999999997,12.659999999999997,0.625,57.66,,480,False,False,False,False,False,False
human_window,fade|short|buffer_points=8|ema_ext=10|end=11:00|max_risk_points=120|min_reward_points=8|or_ext=0|or_location=beyond_or|pattern=close_prev_low|rsi_mode=not_bear|start=09:45|stop_mode=signal_extreme|target_mode=or_mid|time_exit=12:00|vwap_ext=10,fade_extreme,short,49,-107.66000000000028,-2.197142857142863,-45.84,0.2653061224489796,0.9503811516587242,-793.4000000000003,-0.02042089796505319,-0.006524575434983069,29,38.389999999999844,1.3237931034482704,0.27586206896551724,20,-146.05000000000004,-7.302500000000002,0.25,294.66,,480,False,False,False,False,False,False
human_window,fade|long|buffer_points=8|ema_ext=20|end=11:00|max_risk_points=120|min_reward_points=8|or_ext=0|or_location=none|pattern=close_prev_high|rsi_mode=not_bull|start=09:45|stop_mode=signal_extreme|target_mode=vwap|time_exit=12:00|vwap_ext=20,fade_extreme,long,48,-109.0000425640979,-2.270834220085373,-48.84,0.3958333333333333,0.9491689629707245,-724.2292036217816,-0.022889992541907402,-0.007238451205669459,28,7.456899931782061,0.2663178547065022,0.39285714285714285,20,-116.45694249587984,-5.822847124793992,0.4,233.3352730735534,,480,False,False,False,False,False,False
human_window,ema_pullback|long|buffer_points=8|confirm_pattern=break_prev|end=11:00|max_risk_points=120|min_reward_points=8|min_slope=0|rsi_threshold=50|start=09:45|stop_mode=signal_extreme|target_mode=fixed|target_points=30|time_exit=12:00|touch_tolerance=5,ema_pullback,long,23,-111.82000000000008,-4.861739130434786,-36.34,0.43478260869565216,0.8375700880276572,-192.08000000000007,-0.08398140117149601,-0.018383424490711862,13,-263.4200000000001,-20.26307692307693,0.3076923076923077,10,151.59999999999997,15.159999999999997,0.6,57.66,,480,False,False,False,False,False,False
human_window,ema_pullback|long|buffer_points=0|confirm_pattern=break_prev|end=11:00|max_risk_points=120|min_reward_points=8|min_slope=0|rsi_threshold=50|start=09:45|stop_mode=fixed|stop_points=30|target_mode=fixed|target_points=30|time_exit=12:00|touch_tolerance=5,ema_pullback,long,23,-113.82000000000008,-4.9486956521739165,-62.34,0.4782608695652174,0.8478504972730186,-187.02,-0.08074168194246736,-0.017674253972154597,13,-210.42000000000004,-16.18615384615385,0.38461538461538464,10,96.59999999999997,9.659999999999997,0.6,57.66,,480,False,False,False,False,False,False
human_window,fade|long|buffer_points=8|ema_ext=20|end=11:00|max_risk_points=120|min_reward_points=8|or_ext=0|or_location=beyond_or|pattern=close_prev_high|rsi_mode=not_bull|start=10:00|stop_mode=signal_extreme|target_mode=vwap|time_exit=12:00|vwap_ext=20,fade_extreme,long,35,-128.66130890911748,-3.6760373974033564,-51.34,0.3142857142857143,0.929137994498355,-676.0085235928792,-0.031606889601944334,-0.008534835658058536,21,-454.20291242082817,-21.62871011527753,0.2857142857142857,14,325.5416035117106,23.2529716794079,0.35714285714285715,267.46723670982846,,480,False,False,False,False,False,False
human_window,fade|long|buffer_points=8|ema_ext=10|end=11:00|max_risk_points=120|min_reward_points=8|or_ext=0|or_location=beyond_or|pattern=close_prev_high|rsi_mode=not_bull|start=09:45|stop_mode=signal_extreme|target_mode=vwap|time_exit=12:00|vwap_ext=10,fade_extreme,long,36,-131.47686367494532,-3.6521351020818145,-53.34,0.3055555555555556,0.9291229845418089,-799.2623378516594,-0.0316571250136574,-0.008669660737870599,21,-284.8868498550007,-13.566040469285749,0.2857142857142857,15,153.40998618005543,10.227332412003696,0.3333333333333333,267.46723670982846,,480,False,False,False,False,False,False
human_window,fade|long|buffer_points=0|ema_ext=20|end=11:00|max_risk_points=120|min_reward_points=8|or_ext=0|or_location=beyond_or|pattern=close_prev_high|rsi_mode=not_bull|start=09:45|stop_mode=fixed|stop_points=30|target_mode=or_mid|time_exit=12:00|vwap_ext=20,fade_extreme,long,36,-133.24000000000007,-3.701111111111113,-62.34,0.2222222222222222,0.923667445804116,-784.4600000000004,-0.030135772037284934,-0.008253021066327188,21,-28.390000000000015,-1.3519047619047626,0.23809523809523808,15,-104.85,-6.989999999999999,0.2,408.41,,480,False,False,False,False,False,False
human_window,inverse_orb|long|buffer_points=0|confirm_pattern=break_prev|end=11:00|max_risk_points=120|max_stop=80|min_reward_points=8|or_class=wide|rr=1.5|start=09:45|stop_mode=fixed|stop_points=30|target_mode=rr|time_exit=12:00|touch_tolerance=5,inverse_orb,long,7,-136.38000000000002,-19.482857142857146,-62.34,0.2857142857142857,0.5624639076034648,-311.70000000000005,-0.2661865038974419,-0.03214507427274045,4,50.639999999999986,12.659999999999997,0.5,3,-187.02,-62.34,0.0,87.66,,480,False,False,False,False,False,False
human_window,inverse_orb|long|buffer_points=0|confirm_pattern=simple|end=11:00|max_risk_points=120|max_stop=80|min_reward_points=8|or_class=wide|rr=1.5|start=09:45|stop_mode=fixed|stop_points=30|target_mode=rr|time_exit=12:00|touch_tolerance=5,inverse_orb,long,7,-136.38000000000002,-19.482857142857146,-62.34,0.2857142857142857,0.5624639076034648,-311.70000000000005,-0.2661865038974419,-0.03214507427274045,4,50.639999999999986,12.659999999999997,0.5,3,-187.02,-62.34,0.0,87.66,,480,False,False,False,False,False,False
human_window,fade|long|buffer_points=0|ema_ext=0|end=11:00|max_risk_points=120|min_reward_points=8|or_ext=0|or_location=none|pattern=green_close|rsi_mode=not_bull|start=09:45|stop_mode=fixed|stop_points=30|target_mode=vwap|time_exit=12:00|vwap_ext=0,fade_extreme,long,56,-138.59846493775623,-2.4749725881742184,-62.34,0.42857142857142855,0.9305229061709196,-791.8847524449659,-0.03055848631590659,-0.010437710158711496,33,45.803778979528175,1.3879933024099447,0.45454545454545453,23,-184.40224391728444,-8.017488865968888,0.391304347826087,210.43432391338516,,480,False,False,False,False,False,False
human_window,fade|long|buffer_points=8|ema_ext=0|end=11:00|max_risk_points=120|min_reward_points=8|or_ext=0|or_location=none|pattern=close_prev_high|rsi_mode=not_bull|start=10:00|stop_mode=signal_extreme|target_mode=vwap|time_exit=12:00|vwap_ext=0,fade_extreme,long,44,-140.22851474296579,-3.1870116987037678,-50.09,0.4090909090909091,0.9322515195652972,-708.3227591668368,-0.03040068609809981,-0.009204264802971858,26,-131.99369657555866,-5.076680637521487,0.38461538461538464,18,-8.234818167407127,-0.4574898981892848,0.4444444444444444,233.3352730735534,,480,False,False,False,False,False,False
human_window,fade|short|buffer_points=8|ema_ext=0|end=11:00|max_risk_points=120|min_reward_points=8|or_ext=0|or_location=beyond_or|pattern=red_close|rsi_mode=not_bear|start=10:00|stop_mode=signal_extreme|target_mode=vwap|time_exit=12:00|vwap_ext=0,fade_extreme,short,56,-140.95664971857988,-2.5170830306889265,-36.59,0.25,0.9229020446985258,-498.2863942452003,-0.032300778478690104,-0.011032816225776829,33,-106.3333696751059,-3.2222233234880577,0.24242424242424243,23,-34.62328004347401,-1.5053600018901745,0.2608695652173913,231.68890086904517,,480,False,False,False,False,False,False
human_window,fade|long|buffer_points=0|ema_ext=20|end=11:00|max_risk_points=120|min_reward_points=8|or_ext=0|or_location=none|pattern=close_prev_high|rr=1.5|rsi_mode=not_bull|start=09:45|stop_mode=fixed|stop_points=30|target_mode=rr|time_exit=12:00|vwap_ext=20,fade_extreme,long,48,-142.32000000000022,-2.9650000000000047,-62.34,0.3958333333333333,0.9212770900401582,-432.5400000000001,-0.03999697871227411,-0.012648155225605464,28,54.47999999999993,1.9457142857142833,0.42857142857142855,20,-196.80000000000004,-9.840000000000002,0.35,87.66,,480,False,False,False,False,False,False
human_window,fade|short|buffer_points=0|ema_ext=0|end=11:00|max_risk_points=120|min_reward_points=8|or_ext=0|or_location=beyond_or|pattern=close_prev_low|rr=1.5|rsi_mode=not_bear|start=10:00|stop_mode=fixed|stop_points=30|target_mode=rr|time_exit=12:00|vwap_ext=0,fade_extreme,short,48,-142.32000000000033,-2.965000000000007,-62.34,0.3958333333333333,0.9212770900401582,-448.08000000000004,-0.03999697871227414,-0.012648155225605471,28,54.47999999999996,1.9457142857142844,0.42857142857142855,20,-196.80000000000007,-9.840000000000003,0.35,87.66,,480,False,False,False,False,False,False
human_window,fade|long|buffer_points=0|ema_ext=0|end=11:00|max_risk_points=120|min_reward_points=8|or_ext=0|or_location=beyond_or|pattern=close_prev_high|rsi_mode=not_bull|start=09:45|stop_mode=fixed|stop_points=30|target_mode=or_mid|time_exit=12:00|vwap_ext=0,fade_extreme,long,36,-142.74000000000007,-3.9650000000000016,-62.34,0.2222222222222222,0.9182249415646916,-793.9600000000004,-0.032331461176608366,-0.00885433530176546,21,-37.890000000000015,-1.804285714285715,0.23809523809523808,15,-104.85,-6.989999999999999,0.2,408.41,,480,False,False,False,False,False,False
human_window,fade|long|buffer_points=0|ema_ext=10|end=11:00|max_risk_points=120|min_reward_points=8|or_ext=0|or_location=beyond_or|pattern=close_prev_high|rsi_mode=not_bull|start=09:45|stop_mode=fixed|stop_points=30|target_mode=or_mid|time_exit=12:00|vwap_ext=10,fade_extreme,long,36,-142.74000000000007,-3.9650000000000016,-62.34,0.2222222222222222,0.9182249415646916,-793.9600000000004,-0.032331461176608366,-0.00885433530176546,21,-37.890000000000015,-1.804285714285715,0.23809523809523808,15,-104.85,-6.989999999999999,0.2,408.41,,480,False,False,False,False,False,False
human_window,ema_pullback|long|buffer_points=8|confirm_pattern=simple|end=12:00|max_risk_points=120|min_reward_points=8|min_slope=0|rr=1.5|rsi_threshold=50|start=09:45|stop_mode=signal_extreme|target_mode=rr|time_exit=12:00|touch_tolerance=5,ema_pullback,long,41,-146.1900000000001,-3.5656097560975635,-38.84,0.36585365853658536,0.8988542488272658,-663.9600000000003,-0.04299609245676304,-0.01256609381667681,24,-506.6600000000001,-21.110833333333336,0.2916666666666667,17,360.46999999999997,21.204117647058823,0.47058823529411764,326.16,,480,False,False,False,False,False,False
human_window,fade|long|buffer_points=8|ema_ext=0|end=11:00|max_risk_points=120|min_reward_points=8|or_ext=0|or_location=none|pattern=close_prev_high|rr=1.5|rsi_mode=not_bull|start=09:45|stop_mode=signal_extreme|target_mode=rr|time_exit=12:00|vwap_ext=0,fade_extreme,long,57,-148.8800000000003,-2.611929824561409,-51.34,0.43859649122807015,0.9467502181781764,-1040.7900000000006,-0.025245327865587034,-0.008699570751543836,34,-349.8100000000002,-10.288529411764712,0.4117647058823529,23,200.92999999999992,8.736086956521735,0.4782608695652174,220.41,,480,False,False,False,False,False,False
human_window,fade|long|buffer_points=8|ema_ext=20|end=11:00|max_risk_points=120|min_reward_points=8|or_ext=0|or_location=none|pattern=close_prev_high|rr=1.5|rsi_mode=not_bull|start=09:45|stop_mode=signal_extreme|target_mode=rr|time_exit=12:00|vwap_ext=20,fade_extreme,long,48,-149.32000000000005,-3.1108333333333342,-50.84,0.4166666666666667,0.9327847599841549,-908.5100000000001,-0.03221287920578954,-0.010186606828217077,28,96.97999999999996,3.463571428571427,0.4642857142857143,20,-246.30000000000015,-12.315000000000008,0.35,220.41,,480,False,False,False,False,False,False
human_window,fade|long|buffer_points=8|ema_ext=20|end=11:00|max_risk_points=120|min_reward_points=8|or_ext=0|or_location=none|pattern=close_prev_high|rsi_mode=not_bull|start=10:00|stop_mode=signal_extreme|target_mode=vwap|time_exit=12:00|vwap_ext=20,fade_extreme,long,46,-152.75542386774111,-3.3207700840813286,-50.84,0.3695652173913043,0.9288967287290114,-642.4002108696279,-0.03238585701398025,-0.01002567659690802,27,-21.160114711965235,-0.7837079522950087,0.37037037037037035,19,-131.59530915577582,-6.92606890293557,0.3684210526315789,233.3352730735534,,480,False,False,False,False,False,False
human_window,fade|short|buffer_points=0|ema_ext=20|end=11:00|max_risk_points=120|min_reward_points=8|or_ext=0|or_location=none|pattern=red_close|rsi_mode=not_bear|start=09:45|stop_mode=fixed|stop_points=30|target_mode=or_mid|time_exit=12:00|vwap_ext=20,fade_extreme,short,68,-156.87000000000032,-2.306911764705887,-62.34,0.38235294117647056,0.940086621751684,-1027.9100000000005,-0.026909793220337378,-0.010128478213163105,40,-601.3500000000001,-15.033750000000003,0.35,28,444.48,15.874285714285715,0.42857142857142855,253.16,,480,False,False,False,False,False,False
human_window,fade|long|buffer_points=8|ema_ext=0|end=11:00|max_risk_points=120|min_reward_points=8|or_ext=0|or_location=none|pattern=green_close|rsi_mode=not_bull|start=09:45|stop_mode=signal_extreme|target_mode=or_mid|time_exit=12:00|vwap_ext=0,fade_extreme,long,46,-158.64000000000019,-3.448695652173917,-37.59,0.391304347826087,0.9085922374850192,-753.2900000000002,-0.038991464016034934,-0.012070571672566607,27,68.31999999999996,2.530370370370369,0.4074074074074074,19,-226.96000000000006,-11.94526315789474,0.3684210526315789,294.66,,480,False,False,False,False,False,False
human_window,ema_pullback|short|buffer_points=8|confirm_pattern=simple|end=11:00|max_risk_points=120|min_reward_points=8|min_slope=0|rsi_threshold=50|start=09:45|stop_mode=signal_extreme|target_mode=fixed|target_points=30|time_exit=12:00|touch_tolerance=5,ema_pullback,short,24,-159.16000000000008,-6.63166666666667,-32.59,0.4583333333333333,0.7994000655390584,-499.06000000000006,-0.10606346305902523,-0.023716511332901816,14,282.23999999999995,20.159999999999997,0.6428571428571429,10,-441.4000000000001,-44.14000000000001,0.2,57.66,,480,False,False,False,False,False,False
human_window,ema_pullback|short|buffer_points=8|confirm_pattern=simple|end=11:00|max_risk_points=120|min_reward_points=8|min_slope=2|rsi_threshold=50|start=09:45|stop_mode=signal_extreme|target_mode=fixed|target_points=30|time_exit=12:00|touch_tolerance=5,ema_pullback,short,24,-159.16000000000008,-6.63166666666667,-32.59,0.4583333333333333,0.7994000655390584,-499.06000000000006,-0.10606346305902523,-0.023716511332901816,14,282.23999999999995,20.159999999999997,0.6428571428571429,10,-441.4000000000001,-44.14000000000001,0.2,57.66,,480,False,False,False,False,False,False
human_window,fade|long|buffer_points=0|ema_ext=0|end=11:00|max_risk_points=120|min_reward_points=8|or_ext=0|or_location=beyond_or|pattern=green_close|rsi_mode=not_bull|start=09:45|stop_mode=fixed|stop_points=30|target_mode=or_mid|time_exit=12:00|vwap_ext=0,fade_extreme,long,43,-167.1200000000001,-3.886511627906979,-62.34,0.2558139534883721,0.9162255373756819,-1071.2500000000005,-0.03695553805244425,-0.011060968075480475,25,692.0,27.68,0.4,18,-859.1200000000001,-47.728888888888896,0.05555555555555555,294.66,,480,False,False,False,False,False,False
human_window,fade|long|buffer_points=0|ema_ext=10|end=11:00|max_risk_points=120|min_reward_points=8|or_ext=0|or_location=beyond_or|pattern=green_close|rsi_mode=not_bull|start=09:45|stop_mode=fixed|stop_points=30|target_mode=or_mid|time_exit=12:00|vwap_ext=10,fade_extreme,long,43,-167.1200000000001,-3.886511627906979,-62.34,0.2558139534883721,0.9162255373756819,-1071.2500000000005,-0.03695553805244425,-0.011060968075480475,25,692.0,27.68,0.4,18,-859.1200000000001,-47.728888888888896,0.05555555555555555,294.66,,480,False,False,False,False,False,False
human_window,fade|long|buffer_points=0|ema_ext=20|end=11:00|max_risk_points=120|min_reward_points=8|or_ext=0|or_location=beyond_or|pattern=green_close|rsi_mode=not_bull|start=09:45|stop_mode=fixed|stop_points=30|target_mode=or_mid|time_exit=12:00|vwap_ext=20,fade_extreme,long,43,-167.1200000000001,-3.886511627906979,-62.34,0.2558139534883721,0.9162255373756819,-1071.2500000000005,-0.03695553805244425,-0.011060968075480475,25,692.0,27.68,0.4,18,-859.1200000000001,-47.728888888888896,0.05555555555555555,294.66,,480,False,False,False,False,False,False
human_window,fade|long|buffer_points=0|ema_ext=0|end=11:00|max_risk_points=120|min_reward_points=8|or_ext=0|or_location=none|pattern=green_close|rsi_mode=not_bull|start=09:45|stop_mode=fixed|stop_points=30|target_mode=or_mid|time_exit=12:00|vwap_ext=0,fade_extreme,long,46,-168.64000000000019,-3.666086956521743,-62.34,0.391304347826087,0.9033869563224715,-794.7900000000003,-0.04280940862560877,-0.013252491234058281,27,112.81999999999996,4.178518518518517,0.4074074074074074,19,-281.4600000000001,-14.81368421052632,0.3684210526315789,294.66,,480,False,False,False,False,False,False
human_window,ema_pullback|long|buffer_points=0|confirm_pattern=simple|end=12:00|max_risk_points=120|min_reward_points=8|min_slope=2|rsi_threshold=50|start=09:45|stop_mode=fixed|stop_points=30|target_mode=fixed|target_points=30|time_exit=12:00|touch_tolerance=5,ema_pullback,long,37,-171.08000000000013,-4.623783783783788,-29.84,0.4864864864864865,0.851487898885378,-321.06000000000006,-0.07797932704485386,-0.021650091008066332,22,68.51999999999992,3.114545454545451,0.5454545454545454,15,-239.60000000000005,-15.973333333333336,0.4,57.66,,480,False,False,False,False,False,False
human_window,fade|long|buffer_points=8|ema_ext=0|end=11:00|max_risk_points=120|min_reward_points=8|or_ext=0|or_location=beyond_or|pattern=close_prev_high|rsi_mode=not_bull|start=09:45|stop_mode=signal_extreme|target_mode=vwap|time_exit=12:00|vwap_ext=0,fade_extreme,long,36,-172.9768636749453,-4.804912879859591,-53.34,0.3055555555555556,0.9087915298312974,-840.7623378516594,-0.04124957815525153,-0.0112966622216018,21,-326.3868498550007,-15.542230945476225,0.2857142857142857,15,153.40998618005543,10.227332412003696,0.3333333333333333,267.46723670982846,,480,False,False,False,False,False,False
human_window,fade|short|buffer_points=0|ema_ext=0|end=11:00|max_risk_points=120|min_reward_points=8|or_ext=0|or_location=beyond_or|pattern=close_prev_low|rsi_mode=not_bear|start=09:45|stop_mode=fixed|stop_points=30|target_mode=or_mid|time_exit=12:00|vwap_ext=0,fade_extreme,short,51,-173.59000000000034,-3.403725490196085,-62.34,0.2549019607843137,0.9267218817013658,-1075.0800000000006,-0.031626032234924106,-0.010308825270646688,30,250.79999999999987,8.359999999999996,0.3,21,-424.3900000000002,-20.20904761904763,0.19047619047619047,294.66,,480,False,False,False,False,False,False
human_window,inverse_orb|long|buffer_points=0|confirm_pattern=break_prev|end=12:00|max_risk_points=120|max_stop=80|min_reward_points=8|or_class=all|or_stop_fraction=0.25|start=09:45|stop_mode=or_fraction|target_mode=fixed|target_points=30|time_exit=12:00|touch_tolerance=5,inverse_orb,long,55,-175.32500000000044,-3.187727272727281,-34.715,0.4909090909090909,0.8987815685176475,-542.6650000000001,-0.051615090083149844,-0.017471790587260585,33,-22.470000000000113,-0.6809090909090943,0.5151515151515151,22,-152.85500000000008,-6.947954545454549,0.45454545454545453,57.66,,480,False,False,False,False,False,False
human_window,inverse_orb|long|buffer_points=0|confirm_pattern=simple|end=12:00|max_risk_points=120|max_stop=80|min_reward_points=8|or_class=all|or_stop_fraction=0.25|start=09:45|stop_mode=or_fraction|target_mode=fixed|target_points=30|time_exit=12:00|touch_tolerance=5,inverse_orb,long,55,-175.32500000000044,-3.187727272727281,-34.715,0.4909090909090909,0.8987815685176475,-542.6650000000001,-0.051615090083149844,-0.017471790587260585,33,-22.470000000000113,-0.6809090909090943,0.5151515151515151,22,-152.85500000000008,-6.947954545454549,0.45454545454545453,57.66,,480,False,False,False,False,False,False
human_window,ema_pullback|short|buffer_points=0|confirm_pattern=simple|end=11:00|max_risk_points=120|min_reward_points=8|min_slope=0|rsi_threshold=50|start=09:45|stop_mode=fixed|stop_points=30|target_mode=fixed|target_points=30|time_exit=12:00|touch_tolerance=5,ema_pullback,short,24,-176.16000000000008,-7.340000000000003,-62.34,0.4583333333333333,0.7826312282520171,-441.06000000000006,-0.12017560965594129,-0.026872083242816484,14,207.23999999999995,14.802857142857139,0.6428571428571429,10,-383.4000000000001,-38.34000000000001,0.2,57.66,,480,False,False,False,False,False,False
human_window,ema_pullback|short|buffer_points=0|confirm_pattern=simple|end=11:00|max_risk_points=120|min_reward_points=8|min_slope=2|rsi_threshold=50|start=09:45|stop_mode=fixed|stop_points=30|target_mode=fixed|target_points=30|time_exit=12:00|touch_tolerance=5,ema_pullback,short,24,-176.16000000000008,-7.340000000000003,-62.34,0.4583333333333333,0.7826312282520171,-441.06000000000006,-0.12017560965594129,-0.026872083242816484,14,207.23999999999995,14.802857142857139,0.6428571428571429,10,-383.4000000000001,-38.34000000000001,0.2,57.66,,480,False,False,False,False,False,False
human_window,fade|long|buffer_points=0|ema_ext=20|end=11:00|max_risk_points=120|min_reward_points=8|or_ext=0|or_location=none|pattern=green_close|rsi_mode=not_bull|start=10:00|stop_mode=fixed|stop_points=30|target_mode=or_mid|time_exit=12:00|vwap_ext=20,fade_extreme,long,46,-177.39000000000016,-3.8563043478260903,-62.34,0.30434782608695654,0.911077358036574,-1172.0900000000006,-0.03729747540331152,-0.011546164306021437,27,707.57,26.206296296296298,0.4444444444444444,19,-884.9600000000002,-46.57684210526317,0.10526315789473684,374.66,,480,False,False,False,False,False,False
human_window,ema_pullback|long|buffer_points=8|confirm_pattern=break_prev|end=12:00|max_risk_points=120|min_reward_points=8|min_slope=0|rsi_threshold=50|start=09:45|stop_mode=signal_extreme|target_mode=fixed|target_points=30|time_exit=12:00|touch_tolerance=5,ema_pullback,long,30,-178.2000000000001,-5.940000000000003,-35.84,0.43333333333333335,0.7953558878247086,-175.72000000000003,-0.10735233290520967,-0.026838083226302416,18,-86.62000000000006,-4.812222222222226,0.4444444444444444,12,-91.58000000000004,-7.63166666666667,0.4166666666666667,57.66,,480,False,False,False,False,False,False
human_window,fade|short|buffer_points=0|ema_ext=0|end=11:00|max_risk_points=120|min_reward_points=8|or_ext=0|or_location=beyond_or|pattern=close_prev_low|rr=1.5|rsi_mode=not_bear|start=09:45|stop_mode=fixed|stop_points=30|target_mode=rr|time_exit=12:00|vwap_ext=0,fade_extreme,short,51,-179.34000000000023,-3.5164705882352987,-62.34,0.39215686274509803,0.9071998509733308,-584.46,-0.047543371457154475,-0.01549724307774622,30,229.79999999999993,7.6599999999999975,0.4666666666666667,21,-409.1400000000002,-19.482857142857153,0.2857142857142857,87.66,,480,False,False,False,False,False,False
human_window,ema_pullback|long|buffer_points=8|confirm_pattern=simple|end=11:00|max_risk_points=120|min_reward_points=8|min_slope=0|rr=1.5|rsi_threshold=50|start=09:45|stop_mode=signal_extreme|target_mode=rr|time_exit=12:00|touch_tolerance=5,ema_pullback,long,32,-179.38000000000008,-5.6056250000000025,-45.84,0.3125,0.8574629712033568,-702.1900000000003,-0.06205860944867821,-0.0160234640589014,19,-515.9600000000002,-27.15578947368422,0.21052631578947367,13,336.5799999999999,25.890769230769227,0.46153846153846156,326.16,,480,False,False,False,False,False,False
human_window,fade|short|buffer_points=0|ema_ext=10|end=11:00|max_risk_points=120|min_reward_points=8|or_ext=0|or_location=none|pattern=close_prev_low|rr=1.5|rsi_mode=not_bear|start=10:00|stop_mode=fixed|stop_points=30|target_mode=rr|time_exit=12:00|vwap_ext=10,fade_extreme,short,61,-180.24000000000026,-2.95475409836066,-62.34,0.39344262295081966,0.9201092159852486,-612.4600000000002,-0.04047157787323121,-0.01442761137169586,36,-121.74000000000012,-3.38166666666667,0.3888888888888889,25,-58.50000000000003,-2.340000000000001,0.4,87.66,,480,False,False,False,False,False,False
human_window,fade|long|buffer_points=8|ema_ext=20|end=11:00|max_risk_points=120|min_reward_points=8|or_ext=0|or_location=none|pattern=green_close|rr=1.5|rsi_mode=not_bull|start=09:45|stop_mode=signal_extreme|target_mode=rr|time_exit=12:00|vwap_ext=20,fade_extreme,long,55,-185.20000000000016,-3.3672727272727303,-40.34,0.4,0.9074564515645458,-917.1100000000005,-0.043863051455202785,-0.014847713106941277,33,371.02999999999986,11.243333333333329,0.48484848484848486,22,-556.2300000000002,-25.28318181818183,0.2727272727272727,185.91,,480,False,False,False,False,False,False
human_window,ema_pullback|long|buffer_points=0|confirm_pattern=simple|end=11:00|max_risk_points=120|min_reward_points=8|min_slope=2|rsi_threshold=50|start=09:45|stop_mode=fixed|stop_points=30|target_mode=fixed|target_points=30|time_exit=12:00|touch_tolerance=5,ema_pullback,long,28,-185.5200000000001,-6.625714285714289,-62.34,0.4642857142857143,0.801604106512672,-321.06000000000006,-0.10871639685463712,-0.026257504421813183,16,-157.44000000000005,-9.840000000000003,0.4375,12,-28.08000000000004,-2.3400000000000034,0.5,57.66,,480,False,False,False,False,False,False
human_window,fade|short|buffer_points=8|ema_ext=10|end=11:00|max_risk_points=120|min_reward_points=8|or_ext=0|or_location=none|pattern=red_close|rsi_mode=not_bear|start=09:45|stop_mode=signal_extreme|target_mode=vwap|time_exit=12:00|vwap_ext=10,fade_extreme,short,73,-196.14665784788727,-2.6869405184642092,-32.84,0.3972602739726027,0.9056515479624974,-834.5578098198621,-0.041562682547917756,-0.016208558077850547,43,-643.3917410426487,-14.962598628898808,0.32558139534883723,30,447.2450831947615,14.908169439825382,0.5,183.94281918950233,,480,False,False,False,False,False,False
human_window,fade|short|buffer_points=0|ema_ext=10|end=11:00|max_risk_points=120|min_reward_points=8|or_ext=0|or_location=none|pattern=red_close|rr=1.5|rsi_mode=not_bear|start=09:45|stop_mode=fixed|stop_points=30|target_mode=rr|time_exit=12:00|vwap_ext=10,fade_extreme,short,73,-200.82000000000025,-2.7509589041095923,-62.34,0.3972602739726027,0.9267871204829814,-633.1800000000002,-0.03722161259532337,-0.01451563355678488,43,-280.62000000000023,-6.5260465116279125,0.37209302325581395,30,79.79999999999993,2.6599999999999975,0.43333333333333335,87.66,,480,False,False,False,False,False,False
human_window,fade|short|buffer_points=8|ema_ext=0|end=11:00|max_risk_points=120|min_reward_points=8|or_ext=0|or_location=beyond_or|pattern=close_prev_low|rsi_mode=not_bear|start=09:45|stop_mode=signal_extreme|target_mode=or_mid|time_exit=12:00|vwap_ext=0,fade_extreme,short,51,-217.84000000000034,-4.271372549019614,-47.34,0.2549019607843137,0.9044527878171161,-903.5800000000004,-0.04032085233486347,-0.013142989876063138,30,-7.450000000000159,-0.24833333333333865,0.26666666666666666,21,-210.39000000000007,-10.018571428571432,0.23809523809523808,294.66,,480,False,False,False,False,False,False
human_window,inverse_orb|long|buffer_points=0|confirm_pattern=break_prev|end=11:00|max_risk_points=120|max_stop=80|min_reward_points=8|or_class=tight|start=09:45|stop_mode=fixed|stop_points=30|target_mode=fixed|target_points=30|time_exit=12:00|touch_tolerance=5,inverse_orb,long,17,-219.78000000000006,-12.92823529411765,-62.34,0.4117647058823529,0.6474494706448506,-330.42000000000013,-0.21237013035949184,-0.039966606596722,10,-263.40000000000003,-26.340000000000003,0.3,7,43.619999999999976,6.231428571428568,0.5714285714285714,57.66,,480,False,False,False,False,False,False
human_window,inverse_orb|long|buffer_points=0|confirm_pattern=simple|end=11:00|max_risk_points=120|max_stop=80|min_reward_points=8|or_class=tight|start=09:45|stop_mode=fixed|stop_points=30|target_mode=fixed|target_points=30|time_exit=12:00|touch_tolerance=5,inverse_orb,long,17,-219.78000000000006,-12.92823529411765,-62.34,0.4117647058823529,0.6474494706448506,-330.42000000000013,-0.21237013035949184,-0.039966606596722,10,-263.40000000000003,-26.340000000000003,0.3,7,43.619999999999976,6.231428571428568,0.5714285714285714,57.66,,480,False,False,False,False,False,False
human_window,fade|short|buffer_points=0|ema_ext=10|end=11:00|max_risk_points=120|min_reward_points=8|or_ext=0|or_location=beyond_or|pattern=red_close|rsi_mode=not_bear|start=09:45|stop_mode=fixed|stop_points=30|target_mode=vwap|time_exit=12:00|vwap_ext=10,fade_extreme,short,57,-220.64624181101246,-3.870986698438815,-62.34,0.3157894736842105,0.9092461350036551,-860.3938069880062,-0.04253414678906356,-0.014657318824225347,34,-657.5076997903404,-19.338461758539424,0.23529411764705882,23,436.86145797932795,18.993976433883823,0.43478260869565216,231.68890086904517,,480,False,False,False,False,False,False
human_window,fade|short|buffer_points=8|ema_ext=20|end=11:00|max_risk_points=120|min_reward_points=8|or_ext=0|or_location=none|pattern=close_prev_low|rsi_mode=not_bear|start=09:45|stop_mode=signal_extreme|target_mode=vwap|time_exit=12:00|vwap_ext=20,fade_extreme,short,61,-221.4768360143157,-3.630767803513372,-40.84,0.3442622950819672,0.9012190196626754,-559.3540647140179,-0.046110805528380885,-0.01643792550621921,36,-99.57639991206307,-2.7660111086684185,0.3333333333333333,25,-121.90043610225266,-4.876017444090106,0.36,191.83241861273942,,480,False,False,False,False,False,False
human_window,fade|long|buffer_points=8|ema_ext=20|end=11:00|max_risk_points=120|min_reward_points=8|or_ext=0|or_location=none|pattern=close_prev_high|rr=1.5|rsi_mode=not_bull|start=10:00|stop_mode=signal_extreme|target_mode=rr|time_exit=12:00|vwap_ext=20,fade_extreme,long,46,-224.6400000000003,-4.8834782608695715,-50.84,0.41304347826086957,0.893164913348679,-925.2800000000002,-0.05319968494902906,-0.01646900485375822,27,77.81999999999991,2.882222222222219,0.4444444444444444,19,-302.46000000000015,-15.91894736842106,0.3684210526315789,146.91,,480,False,False,False,False,False,False
human_window,fade|long|buffer_points=8|ema_ext=20|end=11:00|max_risk_points=120|min_reward_points=8|or_ext=0|or_location=beyond_or|pattern=close_prev_high|rsi_mode=not_bull|start=09:45|stop_mode=signal_extreme|target_mode=or_mid|time_exit=12:00|vwap_ext=20,fade_extreme,long,36,-225.49000000000007,-6.263611111111113,-61.09,0.25,0.888215231164299,-1113.9600000000003,-0.0471328823026625,-0.012907871418702144,21,-292.39,-13.923333333333332,0.23809523809523808,15,66.89999999999998,4.459999999999998,0.26666666666666666,408.41,,480,False,False,False,False,False,False
human_window,or_retest|short|buffer_points=0|confirm_pattern=break_prev|end=12:00|max_risk_points=120|max_stop=80|min_reward_points=8|or_class=all|or_stop_fraction=0.25|start=09:45|stop_mode=or_fraction|target_mode=fixed|target_points=30|time_exit=12:00|touch_tolerance=5,or_retest,short,51,-225.71500000000017,-4.425784313725494,-36.34,0.47058823529411764,0.8597655873828481,-600.5500000000001,-0.07330013107368318,-0.023892919539861238,30,317.17499999999984,10.572499999999994,0.6,21,-542.8900000000002,-25.851904761904773,0.2857142857142857,57.66,,480,False,False,False,False,False,False
human_window,fade|short|buffer_points=8|ema_ext=10|end=11:00|max_risk_points=120|min_reward_points=8|or_ext=0|or_location=beyond_or|pattern=close_prev_low|rsi_mode=not_bear|start=10:00|stop_mode=signal_extreme|target_mode=vwap|time_exit=12:00|vwap_ext=10,fade_extreme,short,46,-226.72932691598618,-4.928898411217091,-42.84,0.32608695652173914,0.8652458028243101,-515.5493609427552,-0.0631333079377126,-0.019544152486169513,27,-48.480332900922605,-1.7955678852193557,0.3333333333333333,19,-178.24899401506357,-9.38152600079282,0.3157894736842105,162.23990618755866,,480,False,False,False,False,False,False
human_window,fade|long|buffer_points=0|ema_ext=0|end=11:00|max_risk_points=120|min_reward_points=8|or_ext=0|or_location=none|pattern=green_close|rr=1.5|rsi_mode=not_bull|start=10:00|stop_mode=fixed|stop_points=30|target_mode=rr|time_exit=12:00|vwap_ext=0,fade_extreme,long,59,-228.0600000000001,-3.865423728813561,-62.34,0.3898305084745763,0.8983798524222008,-395.5200000000001,-0.05238786304619417,-0.01836690884661081,35,-381.9000000000002,-10.911428571428578,0.34285714285714286,24,153.83999999999997,6.409999999999999,0.4583333333333333,87.66,,480,False,False,False,False,False,False
human_window,fade|short|buffer_points=0|ema_ext=10|end=11:00|max_risk_points=120|min_reward_points=8|or_ext=0|or_location=beyond_or|pattern=close_prev_low|rsi_mode=not_bear|start=09:45|stop_mode=fixed|stop_points=30|target_mode=vwap|time_exit=12:00|vwap_ext=10,fade_extreme,short,49,-232.47163344838597,-4.744319049967061,-62.34,0.32653061224489793,0.8869971935678314,-713.3250508704273,-0.05470436966985427,-0.017478310069663695,29,356.12612563942866,12.280211228945817,0.41379310344827586,20,-588.5977590878147,-29.429887954390733,0.2,191.83241861273942,,480,False,False,False,False,False,False
human_window,fade|short|buffer_points=8|ema_ext=20|end=11:00|max_risk_points=120|min_reward_points=8|or_ext=0|or_location=beyond_or|pattern=red_close|rsi_mode=not_bear|start=09:45|stop_mode=signal_extreme|target_mode=or_mid|time_exit=12:00|vwap_ext=20,fade_extreme,short,57,-235.38000000000014,-4.129473684210529,-37.34,0.21052631578947367,0.8849728778771445,-832.9000000000003,-0.04731503600834965,-0.0163048190761499,34,-805.0600000000002,-23.678235294117652,0.11764705882352941,23,569.6799999999998,24.768695652173907,0.34782608695652173,253.16,,480,False,False,False,False,False,False
human_window,fade|long|buffer_points=0|ema_ext=10|end=11:00|max_risk_points=120|min_reward_points=8|or_ext=0|or_location=none|pattern=green_close|rsi_mode=not_bull|start=09:45|stop_mode=fixed|stop_points=30|target_mode=or_mid|time_exit=12:00|vwap_ext=10,fade_extreme,long,51,-240.0900000000003,-4.707647058823535,-62.34,0.39215686274509803,0.8757645378620886,-846.3900000000003,-0.05637845731459865,-0.018377128726347322,30,269.79999999999995,8.993333333333332,0.4666666666666667,21,-509.8900000000002,-24.2804761904762,0.2857142857142857,294.66,,480,False,False,False,False,False,False
human_window,fade|long|buffer_points=8|ema_ext=10|end=11:00|max_risk_points=120|min_reward_points=8|or_ext=0|or_location=none|pattern=green_close|rr=1.5|rsi_mode=not_bull|start=10:00|stop_mode=signal_extreme|target_mode=rr|time_exit=12:00|vwap_ext=10,fade_extreme,long,55,-240.9500000000002,-4.380909090909094,-48.34,0.43636363636363634,0.8869861728673011,-557.6300000000001,-0.05526619061255679,-0.018707693958930946,33,-40.47000000000011,-1.2263636363636399,0.45454545454545453,22,-200.48000000000008,-9.112727272727277,0.4090909090909091,183.66,,480,False,False,False,False,False,False
human_window,or_retest|short|buffer_points=0|confirm_pattern=break_prev|end=11:00|max_risk_points=120|max_stop=80|min_reward_points=8|or_class=all|or_stop_fraction=0.25|start=09:45|stop_mode=or_fraction|target_mode=fixed|target_points=30|time_exit=12:00|touch_tolerance=5,or_retest,short,46,-242.6400000000002,-5.274782608695657,-39.59,0.45652173913043476,0.8330650154798762,-528.21,-0.0885203942912298,-0.027403222493434368,27,285.56999999999994,10.576666666666664,0.5925925925925926,19,-528.2100000000002,-27.800526315789483,0.2631578947368421,57.66,,480,False,False,False,False,False,False
human_window,fade|long|buffer_points=8|ema_ext=10|end=11:00|max_risk_points=120|min_reward_points=8|or_ext=0|or_location=beyond_or|pattern=close_prev_high|rsi_mode=not_bull|start=10:00|stop_mode=signal_extreme|target_mode=vwap|time_exit=12:00|vwap_ext=10,fade_extreme,long,35,-245.41512316789746,-7.011860661939927,-52.84,0.2857142857142857,0.8689371838889737,-792.7623378516593,-0.06039872295390132,-0.016309519249133722,21,-570.9567266796082,-27.18841555617182,0.23809523809523808,14,325.5416035117106,23.2529716794079,0.35714285714285715,267.46723670982846,,480,False,False,False,False,False,False
human_window,ema_pullback|short|buffer_points=8|confirm_pattern=simple|end=12:00|max_risk_points=120|min_reward_points=8|min_slope=0|rr=1.5|rsi_threshold=50|start=09:45|stop_mode=signal_extreme|target_mode=rr|time_exit=12:00|touch_tolerance=5,ema_pullback,short,38,-245.92000000000013,-6.471578947368425,-41.84,0.39473684210526316,0.8325730858784605,-547.6,-0.08209960557535119,-0.023100014382836112,22,209.51999999999992,9.52363636363636,0.5,16,-455.44000000000005,-28.465000000000003,0.25,184.41,,480,False,False,False,False,False,False
human_window,ema_pullback|short|buffer_points=8|confirm_pattern=simple|end=12:00|max_risk_points=120|min_reward_points=8|min_slope=2|rr=1.5|rsi_threshold=50|start=09:45|stop_mode=signal_extreme|target_mode=rr|time_exit=12:00|touch_tolerance=5,ema_pullback,short,38,-245.92000000000013,-6.471578947368425,-41.84,0.39473684210526316,0.8325730858784605,-547.6,-0.08209960557535119,-0.023100014382836112,22,209.51999999999992,9.52363636363636,0.5,16,-455.44000000000005,-28.465000000000003,0.25,184.41,,480,False,False,False,False,False,False
human_window,fade|short|buffer_points=8|ema_ext=0|end=11:00|max_risk_points=120|min_reward_points=8|or_ext=0|or_location=beyond_or|pattern=red_close|rsi_mode=not_bear|start=09:45|stop_mode=signal_extreme|target_mode=vwap|time_exit=12:00|vwap_ext=0,fade_extreme,short,58,-248.24352998139418,-4.280060861748176,-36.34,0.22413793103448276,0.86843145538404,-595.2644212866022,-0.05648118883140953,-0.01963347651997209,34,-524.584421286602,-15.428953567253002,0.14705882352941177,24,276.34089130520783,11.51420380438366,0.3333333333333333,231.68890086904517,,480,False,False,False,False,False,False
human_window,ema_pullback|long|buffer_points=0|confirm_pattern=simple|end=12:00|max_risk_points=120|min_reward_points=8|min_slope=0|rr=1.5|rsi_threshold=50|start=09:45|stop_mode=fixed|stop_points=30|target_mode=rr|time_exit=12:00|touch_tolerance=5,ema_pullback,long,41,-253.4400000000001,-6.181463414634149,-62.34,0.3902439024390244,0.83391874180865,-403.4200000000001,-0.08694883784590261,-0.025411780261691445,24,-39.160000000000025,-1.6316666666666677,0.4166666666666667,17,-214.28000000000006,-12.604705882352945,0.35294117647058826,87.66,,480,False,False,False,False,False,False
human_window,fade|long|buffer_points=8|ema_ext=20|end=11:00|max_risk_points=120|min_reward_points=8|or_ext=0|or_location=none|pattern=close_prev_high|rsi_mode=not_bull|start=09:45|stop_mode=signal_extreme|target_mode=or_mid|time_exit=12:00|vwap_ext=20,fade_extreme,long,47,-255.98000000000027,-5.44638297872341,-51.34,0.3617021276595745,0.8845741083104117,-1019.8700000000003,-0.05220211744042586,-0.0163348981011137,28,-215.76999999999995,-7.706071428571427,0.32142857142857145,19,-40.210000000000065,-2.1163157894736875,0.42105263157894735,332.16,,480,False,False,False,False,False,False
human_window,fade|long|buffer_points=8|ema_ext=20|end=11:00|max_risk_points=120|min_reward_points=8|or_ext=0|or_location=none|pattern=green_close|rsi_mode=not_bull|start=10:00|stop_mode=signal_extreme|target_mode=or_mid|time_exit=12:00|vwap_ext=20,fade_extreme,long,46,-258.64000000000016,-5.622608695652177,-49.34,0.2826086956521739,0.8801049498892094,-1202.1800000000003,-0.05101152515970306,-0.015791617116862118,27,578.32,21.41925925925926,0.4074074074074074,19,-836.9600000000002,-44.05052631578948,0.10526315789473684,374.66,,480,False,False,False,False,False,False
human_window,inverse_orb|long|buffer_points=0|confirm_pattern=break_prev|end=12:00|max_risk_points=120|max_stop=80|min_reward_points=8|or_class=tight|or_stop_fraction=0.25|start=09:45|stop_mode=or_fraction|target_mode=fixed|target_points=30|time_exit=12:00|touch_tolerance=5,inverse_orb,long,19,-265.58500000000004,-13.978157894736844,-43.34,0.3157894736842105,0.5657147061949649,-289.72,-0.27716036344624745,-0.05514260819017858,11,-217.61500000000004,-19.78318181818182,0.2727272727272727,8,-47.97000000000003,-5.996250000000003,0.375,57.66,,480,False,False,False,False,False,False
human_window,inverse_orb|long|buffer_points=0|confirm_pattern=simple|end=12:00|max_risk_points=120|max_stop=80|min_reward_points=8|or_class=tight|or_stop_fraction=0.25|start=09:45|stop_mode=or_fraction|target_mode=fixed|target_points=30|time_exit=12:00|touch_tolerance=5,inverse_orb,long,19,-265.58500000000004,-13.978157894736844,-43.34,0.3157894736842105,0.5657147061949649,-289.72,-0.27716036344624745,-0.05514260819017858,11,-217.61500000000004,-19.78318181818182,0.2727272727272727,8,-47.97000000000003,-5.996250000000003,0.375,57.66,,480,False,False,False,False,False,False
human_window,fade|long|buffer_points=0|ema_ext=10|end=11:00|max_risk_points=120|min_reward_points=8|or_ext=0|or_location=none|pattern=close_prev_high|rr=1.5|rsi_mode=not_bull|start=09:45|stop_mode=fixed|stop_points=30|target_mode=rr|time_exit=12:00|vwap_ext=10,fade_extreme,long,50,-267.0000000000002,-5.340000000000004,-62.34,0.38,0.8618398584246643,-473.4000000000001,-0.07260648172480895,-0.02343364121224152,30,-220.20000000000024,-7.340000000000008,0.36666666666666664,20,-46.80000000000007,-2.3400000000000034,0.4,87.66,,480,False,False,False,False,False,False
human_window,inverse_orb|long|buffer_points=0|confirm_pattern=break_prev|end=11:00|max_risk_points=120|max_stop=80|min_reward_points=8|or_class=wide|or_stop_fraction=0.25|rr=1.5|start=09:45|stop_mode=or_fraction|target_mode=rr|time_exit=12:00|touch_tolerance=5,inverse_orb,long,7,-271.9425,-38.84892857142857,-84.215,0.2857142857142857,0.4734388614580307,-516.45,-0.34460284007291636,-0.04161474652752915,4,40.327499999999986,10.081874999999997,0.5,3,-312.27,-104.08999999999999,0.0,139.785,,480,False,False,False,False,False,False
human_window,inverse_orb|long|buffer_points=0|confirm_pattern=simple|end=11:00|max_risk_points=120|max_stop=80|min_reward_points=8|or_class=wide|or_stop_fraction=0.25|rr=1.5|start=09:45|stop_mode=or_fraction|target_mode=rr|time_exit=12:00|touch_tolerance=5,inverse_orb,long,7,-271.9425,-38.84892857142857,-84.215,0.2857142857142857,0.4734388614580307,-516.45,-0.34460284007291636,-0.04161474652752915,4,40.327499999999986,10.081874999999997,0.5,3,-312.27,-104.08999999999999,0.0,139.785,,480,False,False,False,False,False,False
human_window,fade|long|buffer_points=8|ema_ext=0|end=11:00|max_risk_points=120|min_reward_points=8|or_ext=0|or_location=beyond_or|pattern=close_prev_high|rsi_mode=not_bull|start=10:00|stop_mode=signal_extreme|target_mode=vwap|time_exit=12:00|vwap_ext=0,fade_extreme,long,35,-286.9151231678975,-8.197574947654214,-52.84,0.2857142857142857,0.8500965918663026,-834.2623378516595,-0.06994405444033525,-0.01888705334263065,21,-612.4567266796083,-29.1646060323623,0.23809523809523808,14,325.5416035117106,23.2529716794079,0.35714285714285715,267.46723670982846,,480,False,False,False,False,False,False
human_window,fade|short|buffer_points=0|ema_ext=20|end=11:00|max_risk_points=120|min_reward_points=8|or_ext=0|or_location=none|pattern=close_prev_low|rr=1.5|rsi_mode=not_bear|start=10:00|stop_mode=fixed|stop_points=30|target_mode=rr|time_exit=12:00|vwap_ext=20,fade_extreme,short,56,-290.54000000000025,-5.18821428571429,-62.34,0.375,0.8636858402927654,-759.7800000000002,-0.07118799160439487,-0.024315328169925984,33,-356.72000000000014,-10.809696969696974,0.3333333333333333,23,66.17999999999984,2.8773913043478188,0.43478260869565216,87.66,,480,False,False,False,False,False,False
human_window,or_retest|short|buffer_points=0|confirm_pattern=simple|end=12:00|max_risk_points=120|max_stop=80|min_reward_points=8|or_class=all|or_stop_fraction=0.25|rr=1.5|start=09:45|stop_mode=or_fraction|target_mode=rr|time_exit=12:00|touch_tolerance=5,or_retest,short,55,-291.7000000000003,-5.303636363636369,-48.965,0.36363636363636365,0.8704865080862683,-683.8700000000002,-0.06330835243926772,-0.021429978606284983,33,168.7174999999999,5.112651515151512,0.45454545454545453,22,-460.41750000000013,-20.928068181818187,0.22727272727272727,171.0975,,480,False,False,False,False,False,False
human_window,or_retest|short|buffer_points=0|confirm_pattern=simple|end=11:00|max_risk_points=120|max_stop=80|min_reward_points=8|or_class=all|rr=1.5|start=09:45|stop_mode=fixed|stop_points=30|target_mode=rr|time_exit=12:00|touch_tolerance=5,or_retest,short,48,-292.32000000000016,-6.090000000000003,-62.34,0.375,0.8436958614051976,-623.4000000000001,-0.08298482860003861,-0.02624210696148041,28,54.479999999999905,1.9457142857142824,0.42857142857142855,20,-346.80000000000007,-17.340000000000003,0.3,87.66,,480,False,False,False,False,False,False
human_window,inverse_orb|long|buffer_points=0|confirm_pattern=break_prev|end=12:00|max_risk_points=120|max_stop=80|min_reward_points=8|or_class=tight|or_stop_fraction=0.25|rr=1.5|start=09:45|stop_mode=or_fraction|target_mode=rr|time_exit=12:00|touch_tolerance=5,inverse_orb,long,19,-293.08500000000004,-15.425526315789476,-43.34,0.3157894736842105,0.5207466335265596,-324.83,-0.3116632270743323,-0.06200714634717098,11,-228.49000000000004,-20.771818181818187,0.2727272727272727,8,-64.59500000000003,-8.074375000000003,0.375,72.66,,480,False,False,False,False,False,False
human_window,inverse_orb|long|buffer_points=0|confirm_pattern=simple|end=12:00|max_risk_points=120|max_stop=80|min_reward_points=8|or_class=tight|or_stop_fraction=0.25|rr=1.5|start=09:45|stop_mode=or_fraction|target_mode=rr|time_exit=12:00|touch_tolerance=5,inverse_orb,long,19,-293.08500000000004,-15.425526315789476,-43.34,0.3157894736842105,0.5207466335265596,-324.83,-0.3116632270743323,-0.06200714634717098,11,-228.49000000000004,-20.771818181818187,0.2727272727272727,8,-64.59500000000003,-8.074375000000003,0.375,72.66,,480,False,False,False,False,False,False
human_window,fade|long|buffer_points=0|ema_ext=0|end=11:00|max_risk_points=120|min_reward_points=8|or_ext=0|or_location=beyond_or|pattern=close_prev_high|rr=1.5|rsi_mode=not_bull|start=09:45|stop_mode=fixed|stop_points=30|target_mode=rr|time_exit=12:00|vwap_ext=0,fade_extreme,long,36,-294.2400000000001,-8.173333333333337,-62.34,0.3611111111111111,0.7947859563962006,-434.4600000000001,-0.1118555739182173,-0.03063291050884706,21,-109.14000000000007,-5.19714285714286,0.38095238095238093,15,-185.10000000000005,-12.340000000000003,0.3333333333333333,87.66,,480,False,False,False,False,False,False
human_window,fade|long|buffer_points=0|ema_ext=10|end=11:00|max_risk_points=120|min_reward_points=8|or_ext=0|or_location=beyond_or|pattern=close_prev_high|rr=1.5|rsi_mode=not_bull|start=09:45|stop_mode=fixed|stop_points=30|target_mode=rr|time_exit=12:00|vwap_ext=10,fade_extreme,long,36,-294.2400000000001,-8.173333333333337,-62.34,0.3611111111111111,0.7947859563962006,-434.4600000000001,-0.1118555739182173,-0.03063291050884706,21,-109.14000000000007,-5.19714285714286,0.38095238095238093,15,-185.10000000000005,-12.340000000000003,0.3333333333333333,87.66,,480,False,False,False,False,False,False
human_window,fade|long|buffer_points=0|ema_ext=20|end=11:00|max_risk_points=120|min_reward_points=8|or_ext=0|or_location=beyond_or|pattern=close_prev_high|rr=1.5|rsi_mode=not_bull|start=09:45|stop_mode=fixed|stop_points=30|target_mode=rr|time_exit=12:00|vwap_ext=20,fade_extreme,long,36,-294.2400000000001,-8.173333333333337,-62.34,0.3611111111111111,0.7947859563962006,-434.4600000000001,-0.1118555739182173,-0.03063291050884706,21,-109.14000000000007,-5.19714285714286,0.38095238095238093,15,-185.10000000000005,-12.340000000000003,0.3333333333333333,87.66,,480,False,False,False,False,False,False
human_window,fade|long|buffer_points=0|ema_ext=20|end=11:00|max_risk_points=120|min_reward_points=8|or_ext=0|or_location=none|pattern=close_prev_high|rsi_mode=not_bull|start=10:00|stop_mode=fixed|stop_points=30|target_mode=or_mid|time_exit=12:00|vwap_ext=20,fade_extreme,long,45,-301.0500000000001,-6.690000000000003,-62.34,0.3111111111111111,0.8442205594709559,-937.0900000000003,-0.07073795005485004,-0.021658985385607992,27,61.069999999999965,2.2618518518518504,0.3333333333333333,18,-362.12000000000006,-20.117777777777782,0.2777777777777778,332.16,,480,False,False,False,False,False,False
human_window,fade|short|buffer_points=0|ema_ext=20|end=11:00|max_risk_points=120|min_reward_points=8|or_ext=0|or_location=none|pattern=close_prev_low|rr=1.5|rsi_mode=not_bear|start=09:45|stop_mode=fixed|stop_points=30|target_mode=rr|time_exit=12:00|vwap_ext=20,fade_extreme,short,61,-302.24000000000024,-4.9547540983606595,-62.34,0.3770491803278688,0.8696353551125335,-720.9800000000001,-0.06793358347262707,-0.0242174729263026,36,-93.74000000000018,-2.603888888888894,0.3888888888888889,25,-208.50000000000009,-8.340000000000003,0.36,87.66,,480,False,False,False,False,False,False
human_window,fade|long|buffer_points=8|ema_ext=10|end=11:00|max_risk_points=120|min_reward_points=8|or_ext=0|or_location=none|pattern=close_prev_high|rsi_mode=not_bull|start=10:00|stop_mode=signal_extreme|target_mode=vwap|time_exit=12:00|vwap_ext=10,fade_extreme,long,50,-309.6880125360914,-6.1937602507218275,-46.84,0.38,0.8627901975436452,-748.0533650359106,-0.06320594291619085,-0.020399630357978652,30,-199.06730904974688,-6.635576968324896,0.36666666666666664,20,-110.6207034863445,-5.531035174317225,0.4,233.3352730735534,,480,False,False,False,False,False,False
human_window,fade|long|buffer_points=8|ema_ext=10|end=11:00|max_risk_points=120|min_reward_points=8|or_ext=0|or_location=none|pattern=green_close|rsi_mode=not_bull|start=09:45|stop_mode=signal_extreme|target_mode=or_mid|time_exit=12:00|vwap_ext=10,fade_extreme,long,51,-310.84000000000026,-6.094901960784319,-38.84,0.37254901960784315,0.8413579805856956,-778.58,-0.07081608021775225,-0.02308321802412971,30,239.79999999999998,7.993333333333333,0.4666666666666667,21,-550.6400000000002,-26.22095238095239,0.23809523809523808,294.66,,480,False,False,False,False,False,False
human_window,inverse_orb|short|buffer_points=0|confirm_pattern=break_prev|end=11:00|max_risk_points=120|max_stop=80|min_reward_points=8|or_class=all|or_stop_fraction=0.25|rr=1.5|start=09:45|stop_mode=or_fraction|target_mode=rr|time_exit=12:00|touch_tolerance=5,inverse_orb,short,59,-335.1850000000005,-5.681101694915263,-48.59,0.423728813559322,0.8649161128597392,-886.2775000000003,-0.06726559327517685,-0.02358296270090221,35,-548.9000000000001,-15.682857142857145,0.37142857142857144,24,213.71499999999992,8.904791666666663,0.5,180.66,,480,False,False,False,False,False,False
human_window,inverse_orb|short|buffer_points=0|confirm_pattern=simple|end=11:00|max_risk_points=120|max_stop=80|min_reward_points=8|or_class=all|or_stop_fraction=0.25|rr=1.5|start=09:45|stop_mode=or_fraction|target_mode=rr|time_exit=12:00|touch_tolerance=5,inverse_orb,short,59,-335.1850000000005,-5.681101694915263,-48.59,0.423728813559322,0.8649161128597392,-886.2775000000003,-0.06726559327517685,-0.02358296270090221,35,-548.9000000000001,-15.682857142857145,0.37142857142857144,24,213.71499999999992,8.904791666666663,0.5,180.66,,480,False,False,False,False,False,False
human_window,fade|short|buffer_points=8|ema_ext=0|end=11:00|max_risk_points=120|min_reward_points=8|or_ext=0|or_location=beyond_or|pattern=close_prev_low|rsi_mode=not_bear|start=10:00|stop_mode=signal_extreme|target_mode=vwap|time_exit=12:00|vwap_ext=0,fade_extreme,short,48,-336.9093269159862,-7.0189443107497125,-44.34,0.3125,0.8120680714690606,-515.5493609427552,-0.09107143552260244,-0.028799316603259066,28,53.9971470728309,1.9284695383153891,0.35714285714285715,20,-390.9064739888172,-19.54532369944086,0.25,162.23990618755866,,480,False,False,False,False,False,False
human_window,fade|short|buffer_points=8|ema_ext=20|end=11:00|max_risk_points=120|min_reward_points=8|or_ext=0|or_location=none|pattern=close_prev_low|rsi_mode=not_bear|start=10:00|stop_mode=signal_extreme|target_mode=vwap|time_exit=12:00|vwap_ext=20,fade_extreme,short,56,-338.81758520707757,-6.050314021554956,-38.34,0.32142857142857145,0.8277858387090318,-623.6455797789176,-0.08367881152373721,-0.028581755394591596,33,-224.6286206177891,-6.806927897508761,0.30303030303030304,23,-114.1889645892883,-4.964737590838622,0.34782608695652173,162.23990618755866,,480,False,False,False,False,False,False
human_window,ema_pullback|long|buffer_points=0|confirm_pattern=simple|end=11:00|max_risk_points=120|min_reward_points=8|min_slope=0|rr=1.5|rsi_threshold=50|start=09:45|stop_mode=fixed|stop_points=30|target_mode=rr|time_exit=12:00|touch_tolerance=5,ema_pullback,long,32,-344.8800000000001,-10.777500000000003,-62.34,0.34375,0.7365598790045375,-397.4400000000003,-0.14889380160317006,-0.03844421426417259,19,-284.46000000000015,-14.971578947368428,0.3157894736842105,13,-60.420000000000044,-4.647692307692311,0.38461538461538464,87.66,,480,False,False,False,False,False,False
human_window,or_retest|short|buffer_points=0|confirm_pattern=break_prev|end=11:00|max_risk_points=120|max_stop=80|min_reward_points=8|or_class=all|start=09:45|stop_mode=fixed|stop_points=30|target_mode=fixed|target_points=30|time_exit=12:00|touch_tolerance=5,or_retest,short,46,-347.6400000000002,-7.5573913043478305,-62.34,0.45652173913043476,0.7769393647738211,-584.4600000000002,-0.12505359596330715,-0.03871279089101471,27,236.8199999999999,8.771111111111107,0.5925925925925926,19,-584.4600000000002,-30.761052631578956,0.2631578947368421,57.66,,480,False,False,False,False,False,False
human_window,fade|long|buffer_points=0|ema_ext=20|end=11:00|max_risk_points=120|min_reward_points=8|or_ext=0|or_location=beyond_or|pattern=close_prev_high|rsi_mode=not_bull|start=10:00|stop_mode=fixed|stop_points=30|target_mode=or_mid|time_exit=12:00|vwap_ext=20,fade_extreme,long,35,-348.9000000000001,-9.968571428571432,-62.34,0.2,0.800116870617352,-784.46,-0.08403598914648523,-0.02269231062469117,21,-306.39,-14.59,0.19047619047619047,14,-42.50999999999996,-3.036428571428569,0.21428571428571427,408.41,,480,False,False,False,False,False,False
human_window,ema_pullback|long|buffer_points=8|confirm_pattern=simple|end=12:00|max_risk_points=120|min_reward_points=8|min_slope=0|rsi_threshold=50|start=09:45|stop_mode=signal_extreme|target_mode=fixed|target_points=30|time_exit=12:00|touch_tolerance=5,ema_pullback,long,41,-350.4400000000001,-8.547317073170735,-36.84,0.4146341463414634,0.7248559270134886,-551.4200000000002,-0.1530607810979844,-0.044733742650340975,24,-350.1600000000001,-14.590000000000003,0.375,17,-0.28000000000005465,-0.01647058823529733,0.47058823529411764,57.66,,480,False,False,False,False,False,False
human_window,inverse_orb|long|buffer_points=0|confirm_pattern=break_prev|end=11:00|max_risk_points=120|max_stop=80|min_reward_points=8|or_class=all|start=09:45|stop_mode=fixed|stop_points=30|target_mode=fixed|target_points=30|time_exit=12:00|touch_tolerance=5,inverse_orb,long,50,-357.0000000000002,-7.140000000000004,-62.34,0.46,0.7879014722133107,-612.5400000000003,-0.11818278168700629,-0.03814332877352019,30,-190.2000000000001,-6.340000000000003,0.4666666666666667,20,-166.80000000000013,-8.340000000000007,0.45,57.66,,480,False,False,False,False,False,False
human_window,inverse_orb|long|buffer_points=0|confirm_pattern=simple|end=11:00|max_risk_points=120|max_stop=80|min_reward_points=8|or_class=all|start=09:45|stop_mode=fixed|stop_points=30|target_mode=fixed|target_points=30|time_exit=12:00|touch_tolerance=5,inverse_orb,long,50,-357.0000000000002,-7.140000000000004,-62.34,0.46,0.7879014722133107,-612.5400000000003,-0.11818278168700629,-0.03814332877352019,30,-190.2000000000001,-6.340000000000003,0.4666666666666667,20,-166.80000000000013,-8.340000000000007,0.45,57.66,,480,False,False,False,False,False,False
human_window,fade|short|buffer_points=0|ema_ext=0|end=11:00|max_risk_points=120|min_reward_points=8|or_ext=0|or_location=beyond_or|pattern=close_prev_low|rsi_mode=not_bear|start=09:45|stop_mode=fixed|stop_points=30|target_mode=vwap|time_exit=12:00|vwap_ext=0,fade_extreme,short,51,-357.15163344838595,-7.002973204870313,-62.34,0.3137254901960784,0.8363116396496695,-800.4451446828688,-0.08169481507015759,-0.02662925174489785,30,293.78612563942863,9.79287085464762,0.4,21,-650.9377590878147,-30.997036147038795,0.19047619047619047,191.83241861273942,,480,False,False,False,False,False,False
human_window,fade|long|buffer_points=0|ema_ext=0|end=11:00|max_risk_points=120|min_reward_points=8|or_ext=0|or_location=beyond_or|pattern=close_prev_high|rsi_mode=not_bull|start=10:00|stop_mode=fixed|stop_points=30|target_mode=or_mid|time_exit=12:00|vwap_ext=0,fade_extreme,long,35,-358.4000000000001,-10.240000000000002,-62.34,0.2,0.7946743663779277,-793.96,-0.08647369819543425,-0.023350567301541215,21,-315.89,-15.042380952380952,0.19047619047619047,14,-42.50999999999996,-3.036428571428569,0.21428571428571427,408.41,,480,False,False,False,False,False,False
human_window,fade|long|buffer_points=0|ema_ext=10|end=11:00|max_risk_points=120|min_reward_points=8|or_ext=0|or_location=beyond_or|pattern=close_prev_high|rsi_mode=not_bull|start=10:00|stop_mode=fixed|stop_points=30|target_mode=or_mid|time_exit=12:00|vwap_ext=10,fade_extreme,long,35,-358.4000000000001,-10.240000000000002,-62.34,0.2,0.7946743663779277,-793.96,-0.08647369819543425,-0.023350567301541215,21,-315.89,-15.042380952380952,0.19047619047619047,14,-42.50999999999996,-3.036428571428569,0.21428571428571427,408.41,,480,False,False,False,False,False,False
human_window,fade|long|buffer_points=8|ema_ext=10|end=11:00|max_risk_points=120|min_reward_points=8|or_ext=0|or_location=beyond_or|pattern=close_prev_high|rsi_mode=not_bull|start=09:45|stop_mode=signal_extreme|target_mode=or_mid|time_exit=12:00|vwap_ext=10,fade_extreme,long,36,-363.9900000000001,-10.110833333333337,-64.34,0.2222222222222222,0.8245002458992684,-1252.4600000000003,-0.07644063525137884,-0.020934130118602387,21,-430.89,-20.518571428571427,0.19047619047619047,15,66.89999999999998,4.459999999999998,0.26666666666666666,408.41,,480,False,False,False,False,False,False
human_window,fade|short|buffer_points=8|ema_ext=10|end=11:00|max_risk_points=120|min_reward_points=8|or_ext=0|or_location=none|pattern=close_prev_low|rr=1.5|rsi_mode=not_bear|start=09:45|stop_mode=signal_extreme|target_mode=rr|time_exit=12:00|vwap_ext=10,fade_extreme,short,65,-370.85000000000025,-5.705384615384619,-38.34,0.35384615384615387,0.8438710383617931,-598.5300000000001,-0.07594122391792787,-0.02794561373080815,39,-143.5100000000001,-3.6797435897435924,0.358974358974359,26,-227.3400000000001,-8.743846153846157,0.34615384615384615,231.66,,480,False,False,False,False,False,False
human_window,fade|short|buffer_points=0|ema_ext=20|end=11:00|max_risk_points=120|min_reward_points=8|or_ext=0|or_location=none|pattern=red_close|rsi_mode=not_bear|start=09:45|stop_mode=fixed|stop_points=30|target_mode=vwap|time_exit=12:00|vwap_ext=20,fade_extreme,short,71,-371.82923825996215,-5.2370315247881996,-62.34,0.39436619718309857,0.8612898365825955,-750.6873466172625,-0.06924148629553038,-0.026630231220574403,42,-527.2060643702439,-12.552525342148664,0.38095238095238093,29,155.37682611028188,5.35782159000972,0.41379310344827586,183.94281918950233,,480,False,False,False,False,False,False
human_window,inverse_orb|long|buffer_points=0|confirm_pattern=break_prev|end=11:00|max_risk_points=120|max_stop=80|min_reward_points=8|or_class=tight|or_stop_fraction=0.25|rr=1.5|start=09:45|stop_mode=or_fraction|target_mode=rr|time_exit=12:00|touch_tolerance=5,inverse_orb,long,17,-376.7800000000001,-22.16352941176471,-44.09,0.23529411764705882,0.38388834836357083,-396.1000000000001,-0.4705725502319256,-0.08855853673254098,10,-286.90000000000003,-28.690000000000005,0.2,7,-89.88000000000002,-12.840000000000003,0.2857142857142857,72.66,,480,False,False,False,False,False,False
human_window,inverse_orb|long|buffer_points=0|confirm_pattern=simple|end=11:00|max_risk_points=120|max_stop=80|min_reward_points=8|or_class=tight|or_stop_fraction=0.25|rr=1.5|start=09:45|stop_mode=or_fraction|target_mode=rr|time_exit=12:00|touch_tolerance=5,inverse_orb,long,17,-376.7800000000001,-22.16352941176471,-44.09,0.23529411764705882,0.38388834836357083,-396.1000000000001,-0.4705725502319256,-0.08855853673254098,10,-286.90000000000003,-28.690000000000005,0.2,7,-89.88000000000002,-12.840000000000003,0.2857142857142857,72.66,,480,False,False,False,False,False,False
human_window,inverse_orb|long|buffer_points=0|confirm_pattern=break_prev|end=11:00|max_risk_points=120|max_stop=80|min_reward_points=8|or_class=tight|or_stop_fraction=0.25|start=09:45|stop_mode=or_fraction|target_mode=fixed|target_points=30|time_exit=12:00|touch_tolerance=5,inverse_orb,long,17,-380.9050000000001,-22.40617647058824,-44.09,0.23529411764705882,0.37714313746331,-395.3500000000001,-0.48384304851405446,-0.09105595378119334,10,-275.27500000000003,-27.527500000000003,0.2,7,-105.63000000000002,-15.090000000000003,0.2857142857142857,57.66,,480,False,False,False,False,False,False
human_window,inverse_orb|long|buffer_points=0|confirm_pattern=simple|end=11:00|max_risk_points=120|max_stop=80|min_reward_points=8|or_class=tight|or_stop_fraction=0.25|start=09:45|stop_mode=or_fraction|target_mode=fixed|target_points=30|time_exit=12:00|touch_tolerance=5,inverse_orb,long,17,-380.9050000000001,-22.40617647058824,-44.09,0.23529411764705882,0.37714313746331,-395.3500000000001,-0.48384304851405446,-0.09105595378119334,10,-275.27500000000003,-27.527500000000003,0.2,7,-105.63000000000002,-15.090000000000003,0.2857142857142857,57.66,,480,False,False,False,False,False,False
human_window,fade|short|buffer_points=8|ema_ext=10|end=11:00|max_risk_points=120|min_reward_points=8|or_ext=0|or_location=beyond_or|pattern=red_close|rsi_mode=not_bear|start=09:45|stop_mode=signal_extreme|target_mode=or_mid|time_exit=12:00|vwap_ext=10,fade_extreme,short,57,-385.8800000000001,-6.769824561403511,-37.34,0.19298245614035087,0.8141805994298486,-1001.9000000000004,-0.07901407136365017,-0.027228345294442246,34,-978.5600000000002,-28.78117647058824,0.08823529411764706,23,592.6799999999998,25.768695652173907,0.34782608695652173,253.16,,480,False,False,False,False,False,False
human_window,inverse_orb|short|buffer_points=0|confirm_pattern=break_prev|end=12:00|max_risk_points=120|max_stop=80|min_reward_points=8|or_class=all|or_stop_fraction=0.25|rr=1.5|start=09:45|stop_mode=or_fraction|target_mode=rr|time_exit=12:00|touch_tolerance=5,inverse_orb,short,64,-394.32250000000033,-6.161289062500005,-45.965,0.421875,0.8516164902133805,-835.9300000000003,-0.07445105209063675,-0.027185680440022605,38,-515.4825000000002,-13.565328947368426,0.39473684210526316,26,121.15999999999991,4.659999999999997,0.46153846153846156,180.66,,480,False,False,False,False,False,False
human_window,inverse_orb|short|buffer_points=0|confirm_pattern=simple|end=12:00|max_risk_points=120|max_stop=80|min_reward_points=8|or_class=all|or_stop_fraction=0.25|rr=1.5|start=09:45|stop_mode=or_fraction|target_mode=rr|time_exit=12:00|touch_tolerance=5,inverse_orb,short,64,-394.32250000000033,-6.161289062500005,-45.965,0.421875,0.8516164902133805,-835.9300000000003,-0.07445105209063675,-0.027185680440022605,38,-515.4825000000002,-13.565328947368426,0.39473684210526316,26,121.15999999999991,4.659999999999997,0.46153846153846156,180.66,,480,False,False,False,False,False,False
human_window,ema_pullback|long|buffer_points=8|confirm_pattern=simple|end=11:00|max_risk_points=120|min_reward_points=8|min_slope=0|rsi_threshold=50|start=09:45|stop_mode=signal_extreme|target_mode=fixed|target_points=30|time_exit=12:00|touch_tolerance=5,ema_pullback,long,32,-394.8800000000001,-12.340000000000003,-38.09,0.375,0.6366580787633418,-592.4400000000004,-0.21696890929123164,-0.05602113148864852,19,-526.9600000000002,-27.73473684210527,0.2631578947368421,13,132.07999999999996,10.159999999999997,0.5384615384615384,57.66,,480,False,False,False,False,False,False
human_window,fade|short|buffer_points=0|ema_ext=10|end=11:00|max_risk_points=120|min_reward_points=8|or_ext=0|or_location=beyond_or|pattern=red_close|rr=1.5|rsi_mode=not_bear|start=09:45|stop_mode=fixed|stop_points=30|target_mode=rr|time_exit=12:00|vwap_ext=10,fade_extreme,short,57,-403.3800000000002,-7.076842105263162,-62.34,0.3684210526315789,0.8202598652550528,-697.4400000000004,-0.09694352126774372,-0.033406855583846866,34,-619.5600000000002,-18.222352941176474,0.29411764705882354,23,216.17999999999992,9.399130434782606,0.4782608695652174,87.66,,480,False,False,False,False,False,False
human_window,or_retest|short|buffer_points=0|confirm_pattern=simple|end=11:00|max_risk_points=120|max_stop=80|min_reward_points=8|or_class=all|or_stop_fraction=0.25|start=09:45|stop_mode=or_fraction|target_mode=fixed|target_points=30|time_exit=12:00|touch_tolerance=5,or_retest,short,48,-404.44500000000016,-8.425937500000003,-43.09,0.4375,0.7496169454065952,-626.7800000000002,-0.14002388742072988,-0.04427944110805062,28,66.1049999999999,2.360892857142854,0.5357142857142857,20,-470.5500000000002,-23.52750000000001,0.3,57.66,,480,False,False,False,False,False,False
human_window,fade|long|buffer_points=8|ema_ext=0|end=11:00|max_risk_points=120|min_reward_points=8|or_ext=0|or_location=beyond_or|pattern=close_prev_high|rsi_mode=not_bull|start=09:45|stop_mode=signal_extreme|target_mode=or_mid|time_exit=12:00|vwap_ext=0,fade_extreme,long,36,-405.4900000000001,-11.263611111111114,-64.34,0.2222222222222222,0.8083260853123583,-1293.9600000000003,-0.08456821090778135,-0.02315995838102315,21,-472.3900000000001,-22.49476190476191,0.19047619047619047,15,66.89999999999998,4.459999999999998,0.26666666666666666,408.41,,480,False,False,False,False,False,False
human_window,fade|long|buffer_points=8|ema_ext=10|end=11:00|max_risk_points=120|min_reward_points=8|or_ext=0|or_location=beyond_or|pattern=close_prev_high|rr=1.5|rsi_mode=not_bull|start=09:45|stop_mode=signal_extreme|target_mode=rr|time_exit=12:00|vwap_ext=10,fade_extreme,long,36,-413.99000000000024,-11.499722222222228,-51.59,0.3611111111111111,0.7626639607411487,-851.2100000000003,-0.12664725118916068,-0.03468377816116314,21,-316.3900000000001,-15.066190476190481,0.3333333333333333,15,-97.60000000000005,-6.50666666666667,0.4,152.16,,480,False,False,False,False,False,False
human_window,or_retest|short|buffer_points=0|confirm_pattern=break_prev|end=12:00|max_risk_points=120|max_stop=80|min_reward_points=8|or_class=all|start=09:45|stop_mode=fixed|stop_points=30|target_mode=fixed|target_points=30|time_exit=12:00|touch_tolerance=5,or_retest,short,51,-419.34000000000026,-8.222352941176476,-62.34,0.45098039215686275,0.7597621339199783,-646.8000000000002,-0.13634588187295774,-0.04444332005228312,30,169.7999999999999,5.659999999999997,0.5666666666666667,21,-589.1400000000002,-28.054285714285726,0.2857142857142857,57.66,,480,False,False,False,False,False,False
human_window,ema_pullback|long|buffer_points=0|confirm_pattern=simple|end=12:00|max_risk_points=120|min_reward_points=8|min_slope=0|rsi_threshold=50|start=09:45|stop_mode=fixed|stop_points=30|target_mode=fixed|target_points=30|time_exit=12:00|touch_tolerance=5,ema_pullback,long,41,-420.4400000000001,-10.254634146341466,-62.34,0.43902439024390244,0.6999686010333116,-464.4600000000004,-0.1742100991214225,-0.050914869800639806,24,-296.1600000000001,-12.340000000000003,0.4166666666666667,17,-124.28000000000006,-7.310588235294121,0.47058823529411764,57.66,,480,False,False,False,False,False,False
human_window,ema_pullback|short|buffer_points=0|confirm_pattern=simple|end=12:00|max_risk_points=120|min_reward_points=8|min_slope=0|rsi_threshold=50|start=09:45|stop_mode=fixed|stop_points=30|target_mode=fixed|target_points=30|time_exit=12:00|touch_tolerance=5,ema_pullback,short,38,-420.9200000000002,-11.076842105263163,-62.34,0.42105263157894735,0.686694256706464,-547.1000000000001,-0.18592843778089685,-0.052313888194932344,22,68.51999999999992,3.114545454545451,0.5454545454545454,16,-489.44000000000005,-30.590000000000003,0.25,57.66,,480,False,False,False,False,False,False
human_window,ema_pullback|short|buffer_points=0|confirm_pattern=simple|end=12:00|max_risk_points=120|min_reward_points=8|min_slope=2|rsi_threshold=50|start=09:45|stop_mode=fixed|stop_points=30|target_mode=fixed|target_points=30|time_exit=12:00|touch_tolerance=5,ema_pullback,short,38,-420.9200000000002,-11.076842105263163,-62.34,0.42105263157894735,0.686694256706464,-547.1000000000001,-0.18592843778089685,-0.052313888194932344,22,68.51999999999992,3.114545454545451,0.5454545454545454,16,-489.44000000000005,-30.590000000000003,0.25,57.66,,480,False,False,False,False,False,False
human_window,fade|long|buffer_points=0|ema_ext=10|end=11:00|max_risk_points=120|min_reward_points=8|or_ext=0|or_location=none|pattern=close_prev_high|rsi_mode=not_bull|start=10:00|stop_mode=fixed|stop_points=30|target_mode=or_mid|time_exit=12:00|vwap_ext=10,fade_extreme,long,46,-422.64000000000016,-9.187826086956525,-62.34,0.30434782608695654,0.7881376323387876,-893.6800000000003,-0.09903501992042835,-0.0306582308771989,27,-103.93000000000004,-3.8492592592592607,0.2962962962962963,19,-318.7100000000001,-16.774210526315795,0.3157894736842105,332.16,,480,False,False,False,False,False,False
human_window,or_retest|short|buffer_points=0|confirm_pattern=simple|end=12:00|max_risk_points=120|max_stop=80|min_reward_points=8|or_class=all|rr=1.5|start=09:45|stop_mode=fixed|stop_points=30|target_mode=rr|time_exit=12:00|touch_tolerance=5,or_retest,short,55,-428.7000000000003,-7.794545454545459,-62.34,0.36363636363636365,0.8035198680049498,-709.1400000000001,-0.10703572118872107,-0.03623176290021154,33,192.7799999999999,5.841818181818178,0.45454545454545453,22,-621.4800000000002,-28.24909090909092,0.22727272727272727,87.66,,480,False,False,False,False,False,False
human_window,fade|long|buffer_points=0|ema_ext=0|end=11:00|max_risk_points=120|min_reward_points=8|or_ext=0|or_location=none|pattern=close_prev_high|rsi_mode=not_bull|start=10:00|stop_mode=fixed|stop_points=30|target_mode=or_mid|time_exit=12:00|vwap_ext=0,fade_extreme,long,45,-432.8000000000001,-9.61777777777778,-62.34,0.3111111111111111,0.7760460326823772,-872.7600000000002,-0.10573359821670548,-0.032374170537422226,27,-220.68000000000004,-8.173333333333334,0.25925925925925924,18,-212.12000000000006,-11.784444444444448,0.3888888888888889,332.16,,480,False,False,False,False,False,False
human_window,fade|long|buffer_points=8|ema_ext=0|end=11:00|max_risk_points=120|min_reward_points=8|or_ext=0|or_location=none|pattern=green_close|rr=1.5|rsi_mode=not_bull|start=10:00|stop_mode=signal_extreme|target_mode=rr|time_exit=12:00|vwap_ext=0,fade_extreme,long,59,-432.8100000000003,-7.335762711864412,-46.84,0.4067796610169492,0.8113213304851997,-770.0100000000001,-0.09590714953603456,-0.033624541465135944,35,-186.90000000000012,-5.340000000000003,0.42857142857142855,24,-245.91000000000008,-10.246250000000003,0.375,183.66,,480,False,False,False,False,False,False
human_window,fade|long|buffer_points=8|ema_ext=10|end=11:00|max_risk_points=120|min_reward_points=8|or_ext=0|or_location=none|pattern=close_prev_high|rsi_mode=not_bull|start=09:45|stop_mode=signal_extreme|target_mode=or_mid|time_exit=12:00|vwap_ext=10,fade_extreme,long,45,-433.05000000000024,-9.623333333333338,-52.84,0.35555555555555557,0.8100957743514181,-1235.8900000000003,-0.08944006712904205,-0.027385315878303427,27,-641.9300000000001,-23.775185185185187,0.25925925925925924,18,208.87999999999994,11.604444444444441,0.5,332.16,,480,False,False,False,False,False,False
human_window,fade|long|buffer_points=8|ema_ext=0|end=11:00|max_risk_points=120|min_reward_points=8|or_ext=0|or_location=none|pattern=close_prev_high|rr=1.5|rsi_mode=not_bull|start=10:00|stop_mode=signal_extreme|target_mode=rr|time_exit=12:00|vwap_ext=0,fade_extreme,long,52,-433.9300000000004,-8.3448076923077,-53.59,0.38461538461538464,0.8279339223119261,-1119.0200000000004,-0.08757703980164164,-0.028825132654427082,31,-512.0400000000001,-16.51741935483871,0.3225806451612903,21,78.10999999999993,3.719523809523806,0.47619047619047616,225.66,,480,False,False,False,False,False,False
human_window,ema_pullback|long|buffer_points=0|confirm_pattern=simple|end=11:00|max_risk_points=120|min_reward_points=8|min_slope=0|rsi_threshold=50|start=09:45|stop_mode=fixed|stop_points=30|target_mode=fixed|target_points=30|time_exit=12:00|touch_tolerance=5,ema_pullback,long,32,-434.8800000000001,-13.590000000000003,-62.34,0.40625,0.6328453472468466,-517.4400000000003,-0.22695803889046115,-0.058600313660710085,19,-464.46000000000015,-24.445263157894743,0.3157894736842105,13,29.579999999999956,2.275384615384612,0.5384615384615384,57.66,,480,False,False,False,False,False,False
human_window,fade|long|buffer_points=8|ema_ext=20|end=11:00|max_risk_points=120|min_reward_points=8|or_ext=0|or_location=beyond_or|pattern=close_prev_high|rr=1.5|rsi_mode=not_bull|start=10:00|stop_mode=signal_extreme|target_mode=rr|time_exit=12:00|vwap_ext=20,fade_extreme,long,35,-445.9000000000002,-12.740000000000006,-50.34,0.37142857142857144,0.7429941555522257,-774.6000000000004,-0.13929504653231628,-0.03761396154785828,21,-397.3900000000001,-18.92333333333334,0.3333333333333333,14,-48.51000000000005,-3.4650000000000034,0.42857142857142855,131.91,,480,False,False,False,False,False,False
human_window,fade|short|buffer_points=8|ema_ext=0|end=11:00|max_risk_points=120|min_reward_points=8|or_ext=0|or_location=beyond_or|pattern=red_close|rsi_mode=not_bear|start=09:45|stop_mode=signal_extreme|target_mode=or_mid|time_exit=12:00|vwap_ext=0,fade_extreme,short,58,-449.72000000000037,-7.753793103448282,-37.34,0.1896551724137931,0.789897593063238,-1040.7400000000005,-0.09093136162699239,-0.03160873186932338,34,-970.0600000000002,-28.53117647058824,0.08823529411764706,24,520.3399999999999,21.68083333333333,0.3333333333333333,253.16,,480,False,False,False,False,False,False
human_window,fade|long|buffer_points=8|ema_ext=0|end=11:00|max_risk_points=120|min_reward_points=8|or_ext=0|or_location=beyond_or|pattern=close_prev_high|rr=1.5|rsi_mode=not_bull|start=09:45|stop_mode=signal_extreme|target_mode=rr|time_exit=12:00|vwap_ext=0,fade_extreme,long,36,-455.49000000000024,-12.652500000000007,-51.59,0.3611111111111111,0.7449406995105893,-892.7100000000003,-0.1373521013142277,-0.03761542210526874,21,-357.8900000000001,-17.042380952380956,0.3333333333333333,15,-97.60000000000005,-6.50666666666667,0.4,152.16,,480,False,False,False,False,False,False
human_window,fade|short|buffer_points=0|ema_ext=0|end=11:00|max_risk_points=120|min_reward_points=8|or_ext=0|or_location=beyond_or|pattern=red_close|rsi_mode=not_bear|start=09:45|stop_mode=fixed|stop_points=30|target_mode=vwap|time_exit=12:00|vwap_ext=0,fade_extreme,short,58,-456.089842384833,-7.8636179721522925,-62.34,0.29310344827586204,0.8215569057235955,-980.0713941766029,-0.0878602841810885,-0.030541191894108855,34,-830.611300364161,-24.429744128357676,0.20588235294117646,24,374.52145797932803,15.605060749138667,0.4166666666666667,231.68890086904517,,480,False,False,False,False,False,False
human_window,inverse_orb|short|buffer_points=0|confirm_pattern=break_prev|end=11:00|max_risk_points=120|max_stop=80|min_reward_points=8|or_class=wide|or_stop_fraction=0.25|rr=1.5|start=09:45|stop_mode=or_fraction|target_mode=rr|time_exit=12:00|touch_tolerance=5,inverse_orb,short,12,-459.33000000000015,-38.27750000000001,-89.715,0.25,0.5081119285507758,-770.2125000000001,-0.3166734926350943,-0.05007047556637272,7,-371.755,-53.10785714285714,0.14285714285714285,5,-87.57500000000002,-17.515000000000004,0.4,180.66,,480,False,False,False,False,False,False
human_window,inverse_orb|short|buffer_points=0|confirm_pattern=break_prev|end=12:00|max_risk_points=120|max_stop=80|min_reward_points=8|or_class=wide|or_stop_fraction=0.25|rr=1.5|start=09:45|stop_mode=or_fraction|target_mode=rr|time_exit=12:00|touch_tolerance=5,inverse_orb,short,12,-459.33000000000015,-38.27750000000001,-89.715,0.25,0.5081119285507758,-770.2125000000001,-0.3166734926350943,-0.05007047556637272,7,-371.755,-53.10785714285714,0.14285714285714285,5,-87.57500000000002,-17.515000000000004,0.4,180.66,,480,False,False,False,False,False,False
human_window,inverse_orb|short|buffer_points=0|confirm_pattern=simple|end=11:00|max_risk_points=120|max_stop=80|min_reward_points=8|or_class=wide|or_stop_fraction=0.25|rr=1.5|start=09:45|stop_mode=or_fraction|target_mode=rr|time_exit=12:00|touch_tolerance=5,inverse_orb,short,12,-459.33000000000015,-38.27750000000001,-89.715,0.25,0.5081119285507758,-770.2125000000001,-0.3166734926350943,-0.05007047556637272,7,-371.755,-53.10785714285714,0.14285714285714285,5,-87.57500000000002,-17.515000000000004,0.4,180.66,,480,False,False,False,False,False,False
human_window,inverse_orb|short|buffer_points=0|confirm_pattern=simple|end=12:00|max_risk_points=120|max_stop=80|min_reward_points=8|or_class=wide|or_stop_fraction=0.25|rr=1.5|start=09:45|stop_mode=or_fraction|target_mode=rr|time_exit=12:00|touch_tolerance=5,inverse_orb,short,12,-459.33000000000015,-38.27750000000001,-89.715,0.25,0.5081119285507758,-770.2125000000001,-0.3166734926350943,-0.05007047556637272,7,-371.755,-53.10785714285714,0.14285714285714285,5,-87.57500000000002,-17.515000000000004,0.4,180.66,,480,False,False,False,False,False,False
human_window,fade|short|buffer_points=0|ema_ext=20|end=11:00|max_risk_points=120|min_reward_points=8|or_ext=0|or_location=none|pattern=close_prev_low|rsi_mode=not_bear|start=09:45|stop_mode=fixed|stop_points=30|target_mode=vwap|time_exit=12:00|vwap_ext=20,fade_extreme,short,61,-461.3528724747182,-7.56316184384784,-62.34,0.3442622950819672,0.8149852131557918,-701.9789290260853,-0.09406024936770144,-0.03353130257616148,36,-136.95243637246537,-3.804234343679594,0.3611111111111111,25,-324.4004361022527,-12.976017444090107,0.32,191.83241861273942,,480,False,False,False,False,False,False
human_window,inverse_orb|long|buffer_points=0|confirm_pattern=break_prev|end=11:00|max_risk_points=120|max_stop=80|min_reward_points=8|or_class=all|or_stop_fraction=0.25|start=09:45|stop_mode=or_fraction|target_mode=fixed|target_points=30|time_exit=12:00|touch_tolerance=5,inverse_orb,long,50,-463.6250000000002,-9.272500000000004,-43.2775,0.44,0.7323405373106757,-657.9850000000002,-0.1506603395144099,-0.04862541548943874,30,-30.575000000000102,-1.01916666666667,0.5,20,-433.0500000000002,-21.65250000000001,0.35,57.66,,480,False,False,False,False,False,False
human_window,inverse_orb|long|buffer_points=0|confirm_pattern=simple|end=11:00|max_risk_points=120|max_stop=80|min_reward_points=8|or_class=all|or_stop_fraction=0.25|start=09:45|stop_mode=or_fraction|target_mode=fixed|target_points=30|time_exit=12:00|touch_tolerance=5,inverse_orb,long,50,-463.6250000000002,-9.272500000000004,-43.2775,0.44,0.7323405373106757,-657.9850000000002,-0.1506603395144099,-0.04862541548943874,30,-30.575000000000102,-1.01916666666667,0.5,20,-433.0500000000002,-21.65250000000001,0.35,57.66,,480,False,False,False,False,False,False
human_window,fade|short|buffer_points=8|ema_ext=0|end=11:00|max_risk_points=120|min_reward_points=8|or_ext=0|or_location=none|pattern=red_close|rsi_mode=not_bear|start=09:45|stop_mode=signal_extreme|target_mode=vwap|time_exit=12:00|vwap_ext=0,fade_extreme,short,65,-464.85845165020316,-7.151668486926202,-34.34,0.36923076923076925,0.76808562408942,-1076.5608026252355,-0.11047562407238969,-0.04065392889023657,39,-1002.3808026252356,-25.702071862185527,0.2564102564102564,26,537.5223509750322,20.673936575962777,0.5384615384615384,183.94281918950233,,480,False,False,False,False,False,False
human_window,fade|short|buffer_points=0|ema_ext=0|end=11:00|max_risk_points=120|min_reward_points=8|or_ext=0|or_location=beyond_or|pattern=red_close|rr=1.5|rsi_mode=not_bear|start=09:45|stop_mode=fixed|stop_points=30|target_mode=rr|time_exit=12:00|vwap_ext=0,fade_extreme,short,58,-465.72000000000025,-8.029655172413797,-62.34,0.3620689655172414,0.7980906797076189,-697.4400000000004,-0.11041969708070673,-0.03838308957071547,34,-619.5600000000002,-18.222352941176474,0.29411764705882354,24,153.83999999999992,6.409999999999997,0.4583333333333333,87.66,,480,False,False,False,False,False,False
human_window,or_retest|short|buffer_points=0|confirm_pattern=simple|end=12:00|max_risk_points=120|max_stop=80|min_reward_points=8|or_class=all|or_stop_fraction=0.25|start=09:45|stop_mode=or_fraction|target_mode=fixed|target_points=30|time_exit=12:00|touch_tolerance=5,or_retest,short,55,-494.7000000000004,-8.994545454545461,-43.34,0.43636363636363634,0.7366571912229711,-748.6400000000006,-0.14885772528331265,-0.05038857820951589,33,73.15499999999989,2.2168181818181782,0.5454545454545454,22,-567.8550000000002,-25.81159090909092,0.2727272727272727,57.66,,480,False,False,False,False,False,False
human_window,fade|short|buffer_points=0|ema_ext=20|end=11:00|max_risk_points=120|min_reward_points=8|or_ext=0|or_location=beyond_or|pattern=close_prev_low|rsi_mode=not_bear|start=10:00|stop_mode=fixed|stop_points=30|target_mode=vwap|time_exit=12:00|vwap_ext=20,fade_extreme,short,44,-504.26636383906714,-11.460599178160617,-62.34,0.29545454545454547,0.7390654973045493,-634.4283449796073,-0.13932300512856635,-0.04218213458114305,26,-72.21540502077181,-2.7775155777219926,0.34615384615384615,18,-432.05095881829516,-24.00283104546084,0.2222222222222222,162.23990618755866,,480,False,False,False,False,False,False
human_window,fade|long|buffer_points=8|ema_ext=20|end=11:00|max_risk_points=120|min_reward_points=8|or_ext=0|or_location=beyond_or|pattern=close_prev_high|rsi_mode=not_bull|start=10:00|stop_mode=signal_extreme|target_mode=or_mid|time_exit=12:00|vwap_ext=20,fade_extreme,long,35,-514.1500000000001,-14.690000000000003,-63.84,0.22857142857142856,0.7540164005013924,-1107.4600000000003,-0.11250203823188068,-0.030379022409299426,21,-676.3900000000001,-32.209047619047624,0.19047619047619047,14,162.23999999999998,11.588571428571427,0.2857142857142857,408.41,,480,False,False,False,False,False,False
human_window,inverse_orb|long|buffer_points=0|confirm_pattern=break_prev|end=12:00|max_risk_points=120|max_stop=80|min_reward_points=8|or_class=all|or_stop_fraction=0.25|rr=1.5|start=09:45|stop_mode=or_fraction|target_mode=rr|time_exit=12:00|touch_tolerance=5,inverse_orb,long,55,-519.2000000000004,-9.440000000000007,-44.965,0.38181818181818183,0.7759954439751318,-1128.1025000000004,-0.11707932300433072,-0.03963153818649838,33,-170.97000000000008,-5.180909090909093,0.3939393939393939,22,-348.23000000000025,-15.828636363636376,0.36363636363636365,180.66,,480,False,False,False,False,False,False
human_window,inverse_orb|long|buffer_points=0|confirm_pattern=simple|end=12:00|max_risk_points=120|max_stop=80|min_reward_points=8|or_class=all|or_stop_fraction=0.25|rr=1.5|start=09:45|stop_mode=or_fraction|target_mode=rr|time_exit=12:00|touch_tolerance=5,inverse_orb,long,55,-519.2000000000004,-9.440000000000007,-44.965,0.38181818181818183,0.7759954439751318,-1128.1025000000004,-0.11707932300433072,-0.03963153818649838,33,-170.97000000000008,-5.180909090909093,0.3939393939393939,22,-348.23000000000025,-15.828636363636376,0.36363636363636365,180.66,,480,False,False,False,False,False,False
human_window,fade|short|buffer_points=8|ema_ext=10|end=11:00|max_risk_points=120|min_reward_points=8|or_ext=0|or_location=none|pattern=close_prev_low|rsi_mode=not_bear|start=10:00|stop_mode=signal_extreme|target_mode=vwap|time_exit=12:00|vwap_ext=10,fade_extreme,short,61,-525.0256717064063,-8.606978224695187,-37.84,0.3442622950819672,0.7488035636063318,-721.9766793541565,-0.12661843619372182,-0.045137889004895314,36,-489.817835932658,-13.606050998129389,0.3333333333333333,25,-35.207835773748315,-1.4083134309499326,0.36,162.23990618755866,,480,False,False,False,False,False,False
human_window,fade|short|buffer_points=0|ema_ext=20|end=11:00|max_risk_points=120|min_reward_points=8|or_ext=0|or_location=beyond_or|pattern=red_close|rsi_mode=not_bear|start=09:45|stop_mode=fixed|stop_points=30|target_mode=or_mid|time_exit=12:00|vwap_ext=20,fade_extreme,short,57,-526.1300000000002,-9.230350877192986,-62.34,0.24561403508771928,0.8037282419738716,-958.9000000000005,-0.09485434830498951,-0.03268692403459305,34,-896.5600000000002,-26.369411764705887,0.17647058823529413,23,370.4299999999999,16.10565217391304,0.34782608695652173,253.16,,480,False,False,False,False,False,False
human_window,fade|short|buffer_points=0|ema_ext=10|end=11:00|max_risk_points=120|min_reward_points=8|or_ext=0|or_location=none|pattern=red_close|rsi_mode=not_bear|start=09:45|stop_mode=fixed|stop_points=30|target_mode=or_mid|time_exit=12:00|vwap_ext=10,fade_extreme,short,61,-530.2400000000002,-8.692459016393446,-62.34,0.32786885245901637,0.7925459909074547,-1084.3200000000004,-0.10122865228644286,-0.03608674856819278,36,-742.4900000000002,-20.62472222222223,0.3055555555555556,25,212.24999999999991,8.489999999999997,0.36,253.16,,480,False,False,False,False,False,False
human_window,ema_pullback|short|buffer_points=8|confirm_pattern=simple|end=12:00|max_risk_points=120|min_reward_points=8|min_slope=0|rsi_threshold=50|start=09:45|stop_mode=signal_extreme|target_mode=fixed|target_points=30|time_exit=12:00|touch_tolerance=5,ema_pullback,short,38,-540.4200000000002,-14.221578947368426,-40.09,0.39473684210526316,0.6154470156263342,-668.0600000000003,-0.22833021834423475,-0.06424429558248058,22,26.019999999999925,1.1827272727272693,0.5,16,-566.44,-35.4025,0.25,57.66,,480,False,False,False,False,False,False
human_window,ema_pullback|short|buffer_points=8|confirm_pattern=simple|end=12:00|max_risk_points=120|min_reward_points=8|min_slope=2|rsi_threshold=50|start=09:45|stop_mode=signal_extreme|target_mode=fixed|target_points=30|time_exit=12:00|touch_tolerance=5,ema_pullback,short,38,-540.4200000000002,-14.221578947368426,-40.09,0.39473684210526316,0.6154470156263342,-668.0600000000003,-0.22833021834423475,-0.06424429558248058,22,26.019999999999925,1.1827272727272693,0.5,16,-566.44,-35.4025,0.25,57.66,,480,False,False,False,False,False,False
human_window,fade|short|buffer_points=8|ema_ext=0|end=11:00|max_risk_points=120|min_reward_points=8|or_ext=0|or_location=none|pattern=close_prev_low|rsi_mode=not_bear|start=09:45|stop_mode=signal_extreme|target_mode=vwap|time_exit=12:00|vwap_ext=0,fade_extreme,short,58,-550.0797477915394,-9.484133582612747,-42.84,0.3620689655172414,0.746866315187872,-763.9246376098599,-0.12583172318639632,-0.043740477737144796,34,-285.144058902976,-8.386589967734588,0.35294117647058826,24,-264.9356888885634,-11.038987037023475,0.375,191.83241861273942,,480,False,False,False,False,False,False
human_window,fade|short|buffer_points=0|ema_ext=10|end=11:00|max_risk_points=120|min_reward_points=8|or_ext=0|or_location=none|pattern=close_prev_low|rr=1.5|rsi_mode=not_bear|start=09:45|stop_mode=fixed|stop_points=30|target_mode=rr|time_exit=12:00|vwap_ext=10,fade_extreme,short,65,-551.6000000000003,-8.48615384615385,-62.34,0.35384615384615387,0.7851840889795855,-785.1000000000001,-0.11790610338078271,-0.04338827123915009,39,-130.76000000000022,-3.3528205128205184,0.38461538461538464,26,-420.84000000000015,-16.18615384615385,0.3076923076923077,87.66,,480,False,False,False,False,False,False
human_window,fade|short|buffer_points=8|ema_ext=10|end=11:00|max_risk_points=120|min_reward_points=8|or_ext=0|or_location=none|pattern=close_prev_low|rsi_mode=not_bear|start=09:45|stop_mode=signal_extreme|target_mode=vwap|time_exit=12:00|vwap_ext=10,fade_extreme,short,65,-583.9493957078757,-8.983836857044242,-38.34,0.35384615384615387,0.7553913258152058,-810.3365249722474,-0.12188727721423592,-0.044853303541830945,39,-588.5906024011402,-15.092066728234366,0.3333333333333333,26,4.641206693264451,0.17850794974094042,0.38461538461538464,191.83241861273942,,480,False,False,False,False,False,False
human_window,fade|short|buffer_points=8|ema_ext=0|end=11:00|max_risk_points=120|min_reward_points=8|or_ext=0|or_location=none|pattern=close_prev_low|rsi_mode=not_bear|start=10:00|stop_mode=signal_extreme|target_mode=vwap|time_exit=12:00|vwap_ext=0,fade_extreme,short,57,-584.3996400273857,-10.252625263638345,-41.34,0.3333333333333333,0.7192303139071476,-777.0978968577732,-0.14577690932211343,-0.050234900625626175,34,-512.2298394504057,-15.065583513247228,0.3235294117647059,23,-72.16980057697984,-3.1378174163904275,0.34782608695652173,162.23990618755866,,480,False,False,False,False,False,False
human_window,fade|short|buffer_points=8|ema_ext=20|end=11:00|max_risk_points=120|min_reward_points=8|or_ext=0|or_location=none|pattern=close_prev_low|rsi_mode=not_bear|start=09:45|stop_mode=signal_extreme|target_mode=or_mid|time_exit=12:00|vwap_ext=20,fade_extreme,short,57,-589.1300000000002,-10.335614035087723,-45.84,0.24561403508771928,0.7659972513723279,-1109.2900000000004,-0.10858774763855616,-0.0374194701832382,34,-720.0600000000002,-21.178235294117652,0.17647058823529413,23,130.92999999999992,5.69260869565217,0.34782608695652173,294.66,,480,False,False,False,False,False,False
human_window,fade|long|buffer_points=8|ema_ext=20|end=11:00|max_risk_points=120|min_reward_points=8|or_ext=0|or_location=none|pattern=close_prev_high|rsi_mode=not_bull|start=10:00|stop_mode=signal_extreme|target_mode=or_mid|time_exit=12:00|vwap_ext=20,fade_extreme,long,45,-592.3000000000004,-13.162222222222232,-52.84,0.3111111111111111,0.7462339977035528,-1100.5100000000002,-0.12440445331019072,-0.03809092904248262,27,-325.43000000000006,-12.052962962962965,0.2962962962962963,18,-266.87000000000006,-14.826111111111114,0.3333333333333333,332.16,,480,False,False,False,False,False,False
human_window,or_retest|short|buffer_points=0|confirm_pattern=simple|end=11:00|max_risk_points=120|max_stop=80|min_reward_points=8|or_class=all|start=09:45|stop_mode=fixed|stop_points=30|target_mode=fixed|target_points=30|time_exit=12:00|touch_tolerance=5,or_retest,short,48,-592.3200000000002,-12.340000000000003,-62.34,0.4166666666666667,0.6606627251478071,-818.2800000000004,-0.20639988349018495,-0.06526937406223682,28,-65.5200000000001,-2.3400000000000034,0.5,20,-526.8000000000002,-26.34000000000001,0.3,57.66,,480,False,False,False,False,False,False
human_window,fade|short|buffer_points=0|ema_ext=0|end=11:00|max_risk_points=120|min_reward_points=8|or_ext=0|or_location=none|pattern=close_prev_low|rsi_mode=not_bear|start=09:45|stop_mode=fixed|stop_points=30|target_mode=vwap|time_exit=12:00|vwap_ext=0,fade_extreme,short,58,-619.4843506463066,-10.68076466631563,-62.34,0.3793103448275862,0.7239669773971115,-769.0464180480049,-0.1423708631474405,-0.04948966295799683,34,-266.7658393411209,-7.846054098268262,0.38235294117647056,24,-352.71851130518576,-14.696604637716073,0.375,191.83241861273942,,480,False,False,False,False,False,False
human_window,fade|short|buffer_points=0|ema_ext=10|end=11:00|max_risk_points=120|min_reward_points=8|or_ext=0|or_location=none|pattern=red_close|rsi_mode=not_bear|start=09:45|stop_mode=fixed|stop_points=30|target_mode=vwap|time_exit=12:00|vwap_ext=10,fade_extreme,short,73,-622.866479537807,-8.532417527915165,-62.34,0.4246575342465753,0.7621085294400116,-1063.2104192606794,-0.12118254153400208,-0.04725860175677744,43,-876.1904192606794,-20.376521378155335,0.37209302325581395,30,253.32393972287244,8.444131324095748,0.5,183.94281918950233,,480,False,False,False,False,False,False
human_window,fade|long|buffer_points=8|ema_ext=20|end=11:00|max_risk_points=120|min_reward_points=8|or_ext=0|or_location=none|pattern=green_close|rsi_mode=not_bull|start=09:45|stop_mode=signal_extreme|target_mode=or_mid|time_exit=12:00|vwap_ext=20,fade_extreme,long,50,-623.5000000000002,-12.470000000000004,-41.34,0.3,0.6938224317422906,-1146.3900000000008,-0.1505984864115906,-0.048605452486344534,30,128.04999999999993,4.268333333333331,0.4,20,-751.5500000000002,-37.57750000000001,0.15,294.66,,480,False,False,False,False,False,False
human_window,fade|short|buffer_points=0|ema_ext=10|end=11:00|max_risk_points=120|min_reward_points=8|or_ext=0|or_location=beyond_or|pattern=close_prev_low|rsi_mode=not_bear|start=10:00|stop_mode=fixed|stop_points=30|target_mode=vwap|time_exit=12:00|vwap_ext=10,fade_extreme,short,46,-628.8817650893116,-13.67134271933286,-62.34,0.30434782608695654,0.68475208278728,-730.4681110725124,-0.1745586237958002,-0.054038042242407235,27,-232.1327710742478,-8.597510039786956,0.3333333333333333,19,-396.74899401506366,-20.881526000792825,0.2631578947368421,162.23990618755866,,480,False,False,False,False,False,False
human_window,fade|long|buffer_points=8|ema_ext=0|end=11:00|max_risk_points=120|min_reward_points=8|or_ext=0|or_location=none|pattern=close_prev_high|rsi_mode=not_bull|start=10:00|stop_mode=signal_extreme|target_mode=or_mid|time_exit=12:00|vwap_ext=0,fade_extreme,long,45,-629.8000000000002,-13.99555555555556,-57.84,0.3333333333333333,0.7329318972097365,-1191.6600000000003,-0.13249680537278305,-0.0405686957140214,27,-559.4300000000001,-20.719629629629633,0.25925925925925924,18,-70.37000000000006,-3.909444444444448,0.4444444444444444,332.16,,480,False,False,False,False,False,False
human_window,fade|short|buffer_points=0|ema_ext=0|end=11:00|max_risk_points=120|min_reward_points=8|or_ext=0|or_location=none|pattern=red_close|rsi_mode=not_bear|start=09:45|stop_mode=fixed|stop_points=30|target_mode=or_mid|time_exit=12:00|vwap_ext=0,fade_extreme,short,61,-632.9900000000002,-10.376885245901644,-62.34,0.32786885245901637,0.7523455167179198,-1185.6600000000003,-0.12263699698011828,-0.04371855571737612,36,-861.7400000000002,-23.93722222222223,0.2777777777777778,25,228.74999999999991,9.149999999999997,0.4,253.16,,480,False,False,False,False,False,False
human_window,fade|long|buffer_points=8|ema_ext=10|end=11:00|max_risk_points=120|min_reward_points=8|or_ext=0|or_location=none|pattern=close_prev_high|rsi_mode=not_bull|start=10:00|stop_mode=signal_extreme|target_mode=or_mid|time_exit=12:00|vwap_ext=10,fade_extreme,long,46,-647.8900000000003,-14.084565217391312,-54.59,0.30434782608695654,0.7294122069178662,-1142.6600000000003,-0.13365856473993534,-0.041376627578854235,27,-424.43000000000006,-15.719629629629631,0.25925925925925924,19,-223.46000000000006,-11.76105263157895,0.3684210526315789,332.16,,480,False,False,False,False,False,False
human_window,fade|long|buffer_points=8|ema_ext=10|end=11:00|max_risk_points=120|min_reward_points=8|or_ext=0|or_location=beyond_or|pattern=close_prev_high|rsi_mode=not_bull|start=10:00|stop_mode=signal_extreme|target_mode=or_mid|time_exit=12:00|vwap_ext=10,fade_extreme,long,35,-652.6500000000001,-18.64714285714286,-66.34,0.2,0.6960205307822006,-1245.9600000000003,-0.14381873761353509,-0.03883549775190326,21,-814.8900000000001,-38.80428571428572,0.14285714285714285,14,162.23999999999998,11.588571428571427,0.2857142857142857,408.41,,480,False,False,False,False,False,False
human_window,fade|long|buffer_points=0|ema_ext=20|end=11:00|max_risk_points=120|min_reward_points=8|or_ext=0|or_location=none|pattern=green_close|rsi_mode=not_bull|start=09:45|stop_mode=fixed|stop_points=30|target_mode=or_mid|time_exit=12:00|vwap_ext=20,fade_extreme,long,50,-662.7500000000002,-13.255000000000004,-62.34,0.32,0.6873171790371585,-1269.0500000000006,-0.15999959738363567,-0.051639648005559396,30,69.54999999999993,2.3183333333333307,0.4,20,-732.3000000000002,-36.61500000000001,0.2,294.66,,480,False,False,False,False,False,False
human_window,fade|long|buffer_points=8|ema_ext=10|end=11:00|max_risk_points=120|min_reward_points=8|or_ext=0|or_location=none|pattern=close_prev_high|rr=1.5|rsi_mode=not_bull|start=10:00|stop_mode=signal_extreme|target_mode=rr|time_exit=12:00|vwap_ext=10,fade_extreme,long,50,-663.5000000000005,-13.270000000000008,-54.59,0.34,0.7353642679940332,-1201.1300000000006,-0.14204243910941491,-0.04584400009378709,30,-448.70000000000005,-14.956666666666669,0.3,20,-214.80000000000015,-10.740000000000007,0.4,225.66,,480,False,False,False,False,False,False
human_window,or_retest|short|buffer_points=0|confirm_pattern=simple|end=12:00|max_risk_points=120|max_stop=80|min_reward_points=8|or_class=all|start=09:45|stop_mode=fixed|stop_points=30|target_mode=fixed|target_points=30|time_exit=12:00|touch_tolerance=5,or_retest,short,55,-668.7000000000004,-12.158181818181825,-62.34,0.41818181818181815,0.6647918671799808,-947.6400000000007,-0.20352919044001058,-0.06889495664996301,33,-17.220000000000113,-0.5218181818181852,0.5151515151515151,22,-651.4800000000002,-29.612727272727284,0.2727272727272727,57.66,,480,False,False,False,False,False,False
human_window,fade|long|buffer_points=8|ema_ext=20|end=11:00|max_risk_points=120|min_reward_points=8|or_ext=0|or_location=none|pattern=green_close|rsi_mode=not_bull|start=09:45|stop_mode=signal_extreme|target_mode=vwap|time_exit=12:00|vwap_ext=20,fade_extreme,long,55,-672.6683197929266,-12.23033308714412,-42.34,0.3090909090909091,0.69485473739445,-1261.2874544979595,-0.1609772953670796,-0.05449107207652421,33,246.15911782553408,7.459367206834366,0.42424242424242425,22,-918.8274376184606,-41.764883528111845,0.13636363636363635,206.36205102950422,,480,False,False,False,False,False,False
human_window,fade|long|buffer_points=0|ema_ext=20|end=11:00|max_risk_points=120|min_reward_points=8|or_ext=0|or_location=none|pattern=green_close|rsi_mode=not_bull|start=09:45|stop_mode=fixed|stop_points=30|target_mode=vwap|time_exit=12:00|vwap_ext=20,fade_extreme,long,55,-691.6126159430675,-12.5747748353285,-62.34,0.32727272727272727,0.7001566752754869,-1337.9474544979596,-0.1634534757121594,-0.055329263085700596,33,168.65911782553408,5.110882358349517,0.42424242424242425,22,-860.2717337686015,-39.10326062584552,0.18181818181818182,206.36205102950422,,480,False,False,False,False,False,False
human_window,fade|long|buffer_points=8|ema_ext=0|end=11:00|max_risk_points=120|min_reward_points=8|or_ext=0|or_location=beyond_or|pattern=close_prev_high|rsi_mode=not_bull|start=10:00|stop_mode=signal_extreme|target_mode=or_mid|time_exit=12:00|vwap_ext=0,fade_extreme,long,35,-694.1500000000001,-19.832857142857147,-66.34,0.2,0.6828221812000804,-1287.4600000000003,-0.15192650711088831,-0.04102484574168688,21,-856.3900000000001,-40.78047619047619,0.14285714285714285,14,162.23999999999998,11.588571428571427,0.2857142857142857,408.41,,480,False,False,False,False,False,False
human_window,fade|short|buffer_points=0|ema_ext=10|end=11:00|max_risk_points=120|min_reward_points=8|or_ext=0|or_location=beyond_or|pattern=close_prev_low|rsi_mode=not_bear|start=10:00|stop_mode=fixed|stop_points=30|target_mode=or_mid|time_exit=12:00|vwap_ext=10,fade_extreme,short,46,-697.1400000000004,-15.155217391304358,-62.34,0.2391304347826087,0.6804894816444382,-1124.0600000000004,-0.16463756830542045,-0.050966785125339455,27,-268.68000000000006,-9.951111111111114,0.25925925925925924,19,-428.46000000000015,-22.550526315789483,0.21052631578947367,253.16,,480,False,False,False,False,False,False
human_window,fade|short|buffer_points=0|ema_ext=10|end=11:00|max_risk_points=120|min_reward_points=8|or_ext=0|or_location=beyond_or|pattern=red_close|rsi_mode=not_bear|start=09:45|stop_mode=fixed|stop_points=30|target_mode=or_mid|time_exit=12:00|vwap_ext=10,fade_extreme,short,57,-708.6300000000003,-12.4321052631579,-62.34,0.22807017543859648,0.7416550004374834,-1141.4000000000005,-0.1295407351559745,-0.044639895219289,34,-1079.0600000000002,-31.737058823529416,0.14705882352941177,23,370.4299999999999,16.10565217391304,0.34782608695652173,253.16,,480,False,False,False,False,False,False
human_window,fade|short|buffer_points=0|ema_ext=10|end=11:00|max_risk_points=120|min_reward_points=8|or_ext=0|or_location=none|pattern=close_prev_low|rsi_mode=not_bear|start=09:45|stop_mode=fixed|stop_points=30|target_mode=vwap|time_exit=12:00|vwap_ext=10,fade_extreme,short,65,-712.6082545849004,-10.963203916690775,-62.34,0.36923076923076925,0.7211952336185904,-802.4828279905441,-0.14736129735242925,-0.054227489132020246,39,-566.9666388615425,-14.537606124654936,0.358974358974359,26,-145.64161572335792,-5.601600604744535,0.38461538461538464,191.83241861273942,,480,False,False,False,False,False,False
human_window,fade|short|buffer_points=8|ema_ext=0|end=11:00|max_risk_points=120|min_reward_points=8|or_ext=0|or_location=none|pattern=close_prev_low|rsi_mode=not_bear|start=09:45|stop_mode=signal_extreme|target_mode=or_mid|time_exit=12:00|vwap_ext=0,fade_extreme,short,54,-730.1100000000006,-13.520555555555566,-48.09,0.2777777777777778,0.7013571884356745,-973.9300000000009,-0.14335997871786482,-0.048084398649910334,32,-422.8800000000001,-13.215000000000003,0.3125,22,-307.23000000000013,-13.965000000000005,0.22727272727272727,294.66,,480,False,False,False,False,False,False
human_window,fade|short|buffer_points=0|ema_ext=20|end=11:00|max_risk_points=120|min_reward_points=8|or_ext=0|or_location=none|pattern=close_prev_low|rsi_mode=not_bear|start=09:45|stop_mode=fixed|stop_points=30|target_mode=or_mid|time_exit=12:00|vwap_ext=20,fade_extreme,short,57,-730.6300000000003,-12.818070175438603,-62.34,0.24561403508771928,0.7274399206153801,-1175.750000000001,-0.13525561902749322,-0.046609251166727705,34,-664.5600000000002,-19.54588235294118,0.20588235294117646,23,-66.07000000000008,-2.8726086956521772,0.30434782608695654,294.66,,480,False,False,False,False,False,False
human_window,fade|short|buffer_points=8|ema_ext=10|end=11:00|max_risk_points=120|min_reward_points=8|or_ext=0|or_location=beyond_or|pattern=close_prev_low|rsi_mode=not_bear|start=10:00|stop_mode=signal_extreme|target_mode=or_mid|time_exit=12:00|vwap_ext=10,fade_extreme,short,46,-732.3900000000003,-15.921521739130442,-46.59,0.2391304347826087,0.6485483948366045,-943.5600000000006,-0.17760151548043468,-0.05498002898484226,27,-504.4300000000002,-18.6825925925926,0.2222222222222222,19,-227.96000000000006,-11.997894736842108,0.2631578947368421,253.16,,480,False,False,False,False,False,False
human_window,fade|short|buffer_points=0|ema_ext=0|end=11:00|max_risk_points=120|min_reward_points=8|or_ext=0|or_location=none|pattern=close_prev_low|rsi_mode=not_bear|start=09:45|stop_mode=fixed|stop_points=30|target_mode=or_mid|time_exit=12:00|vwap_ext=0,fade_extreme,short,54,-743.8600000000005,-13.775185185185194,-62.34,0.2777777777777778,0.6940434178162761,-1039.8500000000004,-0.15028680355496868,-0.05040772633051006,32,-283.1300000000001,-8.847812500000003,0.34375,22,-460.73000000000013,-20.942272727272734,0.18181818181818182,294.66,,480,False,False,False,False,False,False
human_window,fade|short|buffer_points=0|ema_ext=0|end=11:00|max_risk_points=120|min_reward_points=8|or_ext=0|or_location=beyond_or|pattern=close_prev_low|rsi_mode=not_bear|start=10:00|stop_mode=fixed|stop_points=30|target_mode=vwap|time_exit=12:00|vwap_ext=0,fade_extreme,short,48,-753.5617650893114,-15.699203439360653,-62.34,0.2916666666666667,0.6444725485056751,-855.1481110725125,-0.2031926560608649,-0.064255159697155,28,-129.6552911004943,-4.63054611073194,0.35714285714285715,20,-623.9064739888172,-31.19532369944086,0.2,162.23990618755866,,480,False,False,False,False,False,False
human_window,fade|short|buffer_points=0|ema_ext=0|end=11:00|max_risk_points=120|min_reward_points=8|or_ext=0|or_location=beyond_or|pattern=red_close|rsi_mode=not_bear|start=09:45|stop_mode=fixed|stop_points=30|target_mode=or_mid|time_exit=12:00|vwap_ext=0,fade_extreme,short,58,-770.9700000000005,-13.29258620689656,-62.34,0.22413793103448276,0.7251737782055394,-1203.7400000000005,-0.13940760054649148,-0.04845960059737793,34,-1079.0600000000002,-31.737058823529416,0.14705882352941177,24,308.0899999999999,12.83708333333333,0.3333333333333333,253.16,,480,False,False,False,False,False,False
human_window,fade|long|buffer_points=8|ema_ext=10|end=11:00|max_risk_points=120|min_reward_points=8|or_ext=0|or_location=beyond_or|pattern=close_prev_high|rr=1.5|rsi_mode=not_bull|start=10:00|stop_mode=signal_extreme|target_mode=rr|time_exit=12:00|vwap_ext=10,fade_extreme,long,35,-774.1500000000002,-22.118571428571435,-52.84,0.3142857142857143,0.5868247173980339,-993.9100000000005,-0.25106871399049224,-0.06779630136896275,21,-725.6400000000002,-34.554285714285726,0.23809523809523808,14,-48.51000000000005,-3.4650000000000034,0.42857142857142855,131.91,,480,False,False,False,False,False,False
human_window,fade|short|buffer_points=0|ema_ext=20|end=11:00|max_risk_points=120|min_reward_points=8|or_ext=0|or_location=none|pattern=close_prev_low|rsi_mode=not_bear|start=10:00|stop_mode=fixed|stop_points=30|target_mode=vwap|time_exit=12:00|vwap_ext=20,fade_extreme,short,56,-776.3460598408051,-13.863322497157233,-62.34,0.32142857142857145,0.6722784814004672,-887.7958349577796,-0.1868245759231806,-0.06381274104520375,33,-422.1570952515166,-12.792639250045957,0.3333333333333333,23,-354.1889645892883,-15.399520199534273,0.30434782608695654,162.23990618755866,,480,False,False,False,False,False,False
human_window,fade|long|buffer_points=8|ema_ext=0|end=11:00|max_risk_points=120|min_reward_points=8|or_ext=0|or_location=beyond_or|pattern=close_prev_high|rr=1.5|rsi_mode=not_bull|start=10:00|stop_mode=signal_extreme|target_mode=rr|time_exit=12:00|vwap_ext=0,fade_extreme,long,35,-815.6500000000002,-23.30428571428572,-52.84,0.3142857142857143,0.5741086906576996,-1035.4100000000005,-0.2608262618876826,-0.07043114044287882,21,-767.1400000000002,-36.5304761904762,0.23809523809523808,14,-48.51000000000005,-3.4650000000000034,0.42857142857142855,131.91,,480,False,False,False,False,False,False
human_window,fade|short|buffer_points=0|ema_ext=0|end=11:00|max_risk_points=120|min_reward_points=8|or_ext=0|or_location=beyond_or|pattern=close_prev_low|rsi_mode=not_bear|start=10:00|stop_mode=fixed|stop_points=30|target_mode=or_mid|time_exit=12:00|vwap_ext=0,fade_extreme,short,48,-821.8200000000003,-17.121250000000007,-62.34,0.22916666666666666,0.6437062664204145,-1248.7400000000005,-0.18902894086652872,-0.05977619968275133,28,-238.02000000000007,-8.500714285714288,0.2857142857142857,20,-583.8000000000002,-29.19000000000001,0.15,253.16,,480,False,False,False,False,False,False
human_window,fade|short|buffer_points=8|ema_ext=20|end=11:00|max_risk_points=120|min_reward_points=8|or_ext=0|or_location=beyond_or|pattern=close_prev_low|rsi_mode=not_bear|start=10:00|stop_mode=signal_extreme|target_mode=or_mid|time_exit=12:00|vwap_ext=20,fade_extreme,short,44,-835.7100000000003,-18.993409090909097,-45.84,0.20454545454545456,0.5816010814058277,-1033.2200000000005,-0.2177700270000921,-0.06593314993586491,26,-491.59000000000015,-18.907307692307697,0.19230769230769232,18,-344.1200000000001,-19.117777777777786,0.2222222222222222,253.16,,480,False,False,False,False,False,False
human_window,fade|short|buffer_points=8|ema_ext=0|end=11:00|max_risk_points=120|min_reward_points=8|or_ext=0|or_location=beyond_or|pattern=close_prev_low|rsi_mode=not_bear|start=10:00|stop_mode=signal_extreme|target_mode=or_mid|time_exit=12:00|vwap_ext=0,fade_extreme,short,48,-842.5700000000002,-17.55354166666667,-47.34,0.22916666666666666,0.6159802741923722,-1053.7400000000007,-0.19928202687796165,-0.06301851016692527,28,-473.77000000000015,-16.92035714285715,0.25,20,-368.80000000000007,-18.440000000000005,0.2,253.16,,480,False,False,False,False,False,False
human_window,fade|short|buffer_points=0|ema_ext=0|end=11:00|max_risk_points=120|min_reward_points=8|or_ext=0|or_location=none|pattern=red_close|rsi_mode=not_bear|start=09:45|stop_mode=fixed|stop_points=30|target_mode=vwap|time_exit=12:00|vwap_ext=0,fade_extreme,short,65,-860.2843388848214,-13.235143675151098,-62.34,0.38461538461538464,0.6550030723111883,-1360.565546387964,-0.18908621017876465,-0.06958184130912733,39,-1235.885546387964,-31.68937298430677,0.28205128205128205,26,375.6012075031432,14.44620028858243,0.5384615384615384,183.94281918950233,,480,False,False,False,False,False,False
human_window,fade|long|buffer_points=8|ema_ext=10|end=11:00|max_risk_points=120|min_reward_points=8|or_ext=0|or_location=none|pattern=close_prev_high|rr=1.5|rsi_mode=not_bull|start=09:45|stop_mode=signal_extreme|target_mode=rr|time_exit=12:00|vwap_ext=10,fade_extreme,long,50,-863.0000000000007,-17.260000000000012,-58.59,0.34,0.6759561733540601,-1390.6800000000003,-0.1806419964619692,-0.058301953660238826,30,-747.2000000000003,-24.906666666666677,0.3,20,-115.80000000000015,-5.790000000000008,0.4,220.41,,480,False,False,False,False,False,False
human_window,fade|short|buffer_points=0|ema_ext=10|end=11:00|max_risk_points=120|min_reward_points=8|or_ext=0|or_location=none|pattern=close_prev_low|rsi_mode=not_bear|start=10:00|stop_mode=fixed|stop_points=30|target_mode=vwap|time_exit=12:00|vwap_ext=10,fade_extreme,short,61,-883.0032272487248,-14.475462741782373,-62.34,0.36065573770491804,0.6368125057588556,-994.453002365699,-0.20957460821267862,-0.07471072687452253,36,-351.597275735347,-9.766590992648528,0.4166666666666667,25,-531.4059515133778,-21.25623806053511,0.28,162.23990618755866,,480,False,False,False,False,False,False
human_window,fade|short|buffer_points=0|ema_ext=20|end=11:00|max_risk_points=120|min_reward_points=8|or_ext=0|or_location=beyond_or|pattern=close_prev_low|rsi_mode=not_bear|start=10:00|stop_mode=fixed|stop_points=30|target_mode=or_mid|time_exit=12:00|vwap_ext=20,fade_extreme,short,44,-886.9600000000004,-20.158181818181827,-62.34,0.20454545454545456,0.5934919107200145,-1240.2200000000003,-0.22183189096790618,-0.06716294032390972,26,-342.34000000000003,-13.166923076923078,0.23076923076923078,18,-544.6200000000001,-30.256666666666675,0.16666666666666666,253.16,,480,False,False,False,False,False,False
human_window,fade|short|buffer_points=0|ema_ext=0|end=11:00|max_risk_points=120|min_reward_points=8|or_ext=0|or_location=none|pattern=close_prev_low|rsi_mode=not_bear|start=10:00|stop_mode=fixed|stop_points=30|target_mode=vwap|time_exit=12:00|vwap_ext=0,fade_extreme,short,57,-946.1738586388558,-16.59954137962905,-62.34,0.3333333333333333,0.6005885134834203,-974.2088842021016,-0.23732015649662425,-0.08178081517507874,34,-441.80594232224644,-12.994292421242543,0.38235294117647056,23,-504.36791631660935,-21.92903983985258,0.2608695652173913,162.23990618755866,,480,False,False,False,False,False,False
human_window,inverse_orb|long|buffer_points=0|confirm_pattern=break_prev|end=11:00|max_risk_points=120|max_stop=80|min_reward_points=8|or_class=all|or_stop_fraction=0.25|rr=1.5|start=09:45|stop_mode=or_fraction|target_mode=rr|time_exit=12:00|touch_tolerance=5,inverse_orb,long,50,-958.1875000000001,-19.163750000000004,-48.965,0.32,0.5865979092332847,-1211.7975000000004,-0.25133640628709336,-0.08111847632046115,30,-337.57500000000016,-11.252500000000005,0.36666666666666664,20,-620.6125000000002,-31.030625000000008,0.25,139.785,,480,False,False,False,False,False,False
human_window,inverse_orb|long|buffer_points=0|confirm_pattern=simple|end=11:00|max_risk_points=120|max_stop=80|min_reward_points=8|or_class=all|or_stop_fraction=0.25|rr=1.5|start=09:45|stop_mode=or_fraction|target_mode=rr|time_exit=12:00|touch_tolerance=5,inverse_orb,long,50,-958.1875000000001,-19.163750000000004,-48.965,0.32,0.5865979092332847,-1211.7975000000004,-0.25133640628709336,-0.08111847632046115,30,-337.57500000000016,-11.252500000000005,0.36666666666666664,20,-620.6125000000002,-31.030625000000008,0.25,139.785,,480,False,False,False,False,False,False
human_window,fade|short|buffer_points=8|ema_ext=10|end=11:00|max_risk_points=120|min_reward_points=8|or_ext=0|or_location=none|pattern=close_prev_low|rsi_mode=not_bear|start=09:45|stop_mode=signal_extreme|target_mode=or_mid|time_exit=12:00|vwap_ext=10,fade_extreme,short,56,-973.0400000000002,-17.375714285714288,-47.84,0.23214285714285715,0.6331086074536597,-1216.860000000001,-0.1864379263845695,-0.06368067508567613,33,-739.7200000000001,-22.41575757575758,0.21212121212121213,23,-233.32000000000008,-10.14434782608696,0.2608695652173913,294.66,,480,False,False,False,False,False,False
human_window,fade|short|buffer_points=0|ema_ext=10|end=11:00|max_risk_points=120|min_reward_points=8|or_ext=0|or_location=none|pattern=close_prev_low|rsi_mode=not_bear|start=09:45|stop_mode=fixed|stop_points=30|target_mode=or_mid|time_exit=12:00|vwap_ext=10,fade_extreme,short,56,-980.0400000000002,-17.500714285714288,-62.34,0.23214285714285715,0.6343980124001164,-1212.360000000001,-0.1917857462986451,-0.06550730333116782,33,-616.7200000000001,-18.68848484848485,0.24242424242424243,23,-363.32000000000005,-15.796521739130437,0.21739130434782608,294.66,,480,False,False,False,False,False,False
human_window,fade|short|buffer_points=0|ema_ext=0|end=11:00|max_risk_points=120|min_reward_points=8|or_ext=0|or_location=none|pattern=close_prev_low|rsi_mode=not_bear|start=10:00|stop_mode=fixed|stop_points=30|target_mode=or_mid|time_exit=12:00|vwap_ext=0,fade_extreme,short,55,-999.2000000000005,-18.167272727272735,-62.34,0.2727272727272727,0.5992941931344241,-1423.7300000000012,-0.22522887275838827,-0.07624033383841718,33,-744.4700000000001,-22.559696969696972,0.24242424242424243,22,-254.7300000000001,-11.578636363636369,0.3181818181818182,253.16,,480,False,False,False,False,False,False
human_window,fade|short|buffer_points=8|ema_ext=0|end=11:00|max_risk_points=120|min_reward_points=8|or_ext=0|or_location=none|pattern=close_prev_low|rsi_mode=not_bear|start=10:00|stop_mode=signal_extreme|target_mode=or_mid|time_exit=12:00|vwap_ext=0,fade_extreme,short,55,-1130.7,-20.55818181818182,-47.34,0.2545454545454545,0.543509330060478,-1415.54,-0.2600224424331067,-0.08801801284974174,33,-1062.47,-32.196060606060605,0.18181818181818182,22,-68.23000000000008,-3.1013636363636397,0.36363636363636365,253.16,,480,False,False,False,False,False,False
human_window,fade|short|buffer_points=0|ema_ext=10|end=11:00|max_risk_points=120|min_reward_points=8|or_ext=0|or_location=none|pattern=close_prev_low|rsi_mode=not_bear|start=10:00|stop_mode=fixed|stop_points=30|target_mode=or_mid|time_exit=12:00|vwap_ext=10,fade_extreme,short,53,-1161.27,-21.91075471698113,-62.34,0.24528301886792453,0.5342998075072185,-1360.2300000000007,-0.28242272716007655,-0.09384625759804743,31,-857.0400000000003,-27.646451612903235,0.22580645161290322,22,-304.2300000000001,-13.828636363636367,0.2727272727272727,253.16,,480,False,False,False,False,False,False
human_window,fade|short|buffer_points=8|ema_ext=10|end=11:00|max_risk_points=120|min_reward_points=8|or_ext=0|or_location=none|pattern=close_prev_low|rsi_mode=not_bear|start=10:00|stop_mode=signal_extreme|target_mode=or_mid|time_exit=12:00|vwap_ext=10,fade_extreme,short,53,-1325.0199999999998,-25.00037735849056,-47.34,0.22641509433962265,0.46147030612410783,-1392.2,-0.33400295717295553,-0.1109858539804998,31,-1169.29,-37.719032258064516,0.16129032258064516,22,-155.73000000000008,-7.078636363636367,0.3181818181818182,253.16,,480,False,False,False,False,False,False
human_window,fade|short|buffer_points=0|ema_ext=20|end=11:00|max_risk_points=120|min_reward_points=8|or_ext=0|or_location=none|pattern=close_prev_low|rsi_mode=not_bear|start=10:00|stop_mode=fixed|stop_points=30|target_mode=or_mid|time_exit=12:00|vwap_ext=20,fade_extreme,short,52,-1368.6799999999998,-26.320769230769226,-62.34,0.21153846153846154,0.4645101215208495,-1567.6399999999999,-0.3466405498843543,-0.1140933726060099,31,-1082.2900000000002,-34.9125806451613,0.16129032258064516,21,-286.3900000000001,-13.637619047619053,0.2857142857142857,253.16,,480,False,False,False,False,False,False
human_window,fade|short|buffer_points=8|ema_ext=20|end=11:00|max_risk_points=120|min_reward_points=8|or_ext=0|or_location=none|pattern=close_prev_low|rsi_mode=not_bear|start=10:00|stop_mode=signal_extreme|target_mode=or_mid|time_exit=12:00|vwap_ext=20,fade_extreme,short,52,-1425.9299999999998,-27.421730769230766,-44.84,0.19230769230769232,0.40986557849255867,-1474.6599999999987,-0.38132652993128197,-0.12550992628681565,31,-1332.04,-42.969032258064516,0.0967741935483871,21,-93.89000000000007,-4.470952380952385,0.3333333333333333,253.16,,480,False,False,False,False,False,False
