scope,rule_id,family,direction,trades,total_pnl,avg_pnl,median_pnl,win_rate,profit_factor,max_drawdown,sharpe_trade,adjusted_t,is_trades,is_pnl,is_avg,is_win_rate,oos_trades,oos_pnl,oos_avg,oos_win_rate,largest_day_pnl,largest_day_concentration,rules_tried,passes_n80,passes_oos,passes_concentration,passes_pf,passes_adjusted_t,passes_all_core
full_history,or_retest_slip_filter|long|buffer_points=0|confirm_pattern=break_prev|end=11:00|max_risk_points=120|max_signal_volume_ratio=2|max_stop=120|min_reward_points=8|or_class=normal_tight|rr=2|start=10:00|stop_mode=fixed|stop_points=40|target_mode=rr|time_exit=15:55|touch_tolerance=5,or_retest,long,150,3668.4999999999995,24.456666666666663,-86.34,0.48,1.5447307306237115,-556.0800000000004,0.20796064888256047,0.07504133538324721,90,2215.8999999999987,24.621111111111098,0.4777777777777778,60,1452.6,24.209999999999997,0.48333333333333334,153.66,0.041886329562491484,1152,True,True,True,True,False,True
full_history,or_retest_slip_filter|long|buffer_points=0|confirm_pattern=break_prev|end=11:00|max_risk_points=120|max_stop=120|min_reward_points=8|min_signal_rsi=60|or_class=normal_tight|rr=2|start=10:10|stop_mode=fixed|stop_points=40|target_mode=rr|time_exit=15:55|touch_tolerance=5,or_retest,long,86,2712.2599999999984,31.537906976744168,36.16,0.5116279069767442,1.7479455530185197,-450.72000000000014,0.2677065146023612,0.07314454216917249,51,1901.6599999999999,37.28745098039215,0.5294117647058824,35,810.5999999999998,23.159999999999993,0.4857142857142857,153.66,0.05665386061808237,1152,True,True,True,True,False,True
full_history,or_retest_slip_filter|long|buffer_points=0|confirm_pattern=break_prev|end=11:00|max_risk_points=120|max_stop=120|min_reward_points=8|min_signal_rsi=55|or_class=normal_tight|rr=2|start=10:10|stop_mode=fixed|stop_points=40|target_mode=rr|time_exit=15:55|touch_tolerance=5,or_retest,long,102,2666.8199999999983,26.145294117647044,-86.34,0.49019607843137253,1.5939888811674767,-728.7600000000001,0.22282183946960712,0.06630275912035265,61,1278.2599999999998,20.95508196721311,0.45901639344262296,41,1388.5599999999997,33.867317073170724,0.5365853658536586,153.66,0.05761918689675347,1152,True,True,True,True,False,True
full_history,or_retest_slip_filter|long|buffer_points=0|confirm_pattern=break_prev|end=11:00|max_risk_points=120|max_stop=120|min_reward_points=8|min_signal_rsi=50|or_class=normal_tight|rr=2|start=10:10|stop_mode=fixed|stop_points=40|target_mode=rr|time_exit=15:55|touch_tolerance=5,or_retest,long,112,2627.4199999999987,23.459107142857132,-86.34,0.4732142857142857,1.515781125467701,-747.7800000000002,0.19898272593918062,0.062043765529229175,67,1240.2199999999998,18.510746268656714,0.44776119402985076,45,1387.2,30.826666666666668,0.5111111111111111,153.66,0.058483226891779795,1152,True,True,True,True,False,True
full_history,or_retest_slip_filter|long|buffer_points=0|confirm_pattern=break_prev|end=11:00|max_risk_points=120|max_signal_volume_ratio=2|max_stop=120|min_reward_points=8|or_class=normal|rr=2|start=10:00|stop_mode=fixed|stop_points=40|target_mode=rr|time_exit=15:55|touch_tolerance=5,or_retest,long,82,2506.119999999999,30.56243902439023,-28.340000000000003,0.5,1.7079555020706563,-450.72,0.2568193578338325,0.0685185939494897,49,1658.3399999999997,33.843673469387745,0.5102040816326531,33,847.7799999999999,25.690303030303028,0.48484848484848486,153.66,0.061313903564075165,1152,True,True,True,True,False,True
full_history,or_retest_slip_filter|long|buffer_points=0|confirm_pattern=break_prev|end=11:00|max_close_vwap_delta=65|max_risk_points=120|max_stop=120|min_reward_points=8|or_class=normal|rr=1.25|start=10:00|stop_mode=fixed|stop_points=40|target_mode=rr|time_exit=15:55|touch_tolerance=5,or_retest,long,95,2186.699999999999,23.017894736842095,93.66,0.6105263157894737,1.6845031271716462,-417.0600000000003,0.261677399135887,0.07514529222935913,57,1507.6200000000001,26.449473684210528,0.631578947368421,38,679.0799999999997,17.870526315789466,0.5789473684210527,93.66,0.04283166415146113,1152,True,True,True,True,False,True
full_history,or_retest_slip_shape|long|buffer_points=0|confirm_pattern=break_prev|end=11:00|max_risk_points=120|max_stop=120|min_reward_points=8|or_class=normal|rr=1.25|start=10:00|stop_mode=fixed|stop_points=40|target_mode=rr|time_exit=15:55|touch_tolerance=10,or_retest,long,114,2166.239999999999,19.002105263157883,93.66,0.5877192982456141,1.5338222465364533,-496.079999999999,0.21411591508466002,0.06735582120190309,68,1457.88,21.439411764705884,0.6029411764705882,46,708.3599999999996,15.399130434782599,0.5652173913043478,93.66,0.043236206514513646,1152,True,True,True,True,False,True
full_history,or_retest_slip_filter|long|buffer_points=0|confirm_pattern=break_prev|end=11:00|max_risk_points=120|max_signal_volume_ratio=2.25|max_stop=120|min_reward_points=8|or_class=normal|rr=1.5|start=10:00|stop_mode=fixed|stop_points=40|target_mode=rr|time_exit=15:55|touch_tolerance=5,or_retest,long,90,1958.3999999999999,21.759999999999998,113.66,0.5444444444444444,1.5532297157578938,-577.0600000000003,0.21822170181980627,0.060994819929347056,54,1266.6400000000006,23.456296296296305,0.5555555555555556,36,691.7599999999998,19.21555555555555,0.5277777777777778,113.66,0.05803717320261438,1152,True,True,True,True,False,True
full_history,or_retest_slip_filter|long|buffer_points=0|confirm_pattern=break_prev|end=11:00|max_risk_points=120|max_stop=120|min_reward_points=8|min_signal_rsi=60|or_class=normal_tight|rr=1.5|start=10:10|stop_mode=fixed|stop_points=40|target_mode=rr|time_exit=15:55|touch_tolerance=5,or_retest,long,86,1955.2599999999998,22.735581395348834,113.66,0.5581395348837209,1.595948697316606,-490.7200000000001,0.23073661088474506,0.06304338088260449,51,1125.6599999999996,22.071764705882345,0.5490196078431373,35,829.5999999999998,23.702857142857138,0.5714285714285714,113.66,0.058130376522815386,1152,True,True,True,True,False,True
full_history,or_retest_slip_filter|long|buffer_points=0|confirm_pattern=break_prev|end=11:00|max_close_vwap_delta=65|max_risk_points=120|max_stop=120|min_reward_points=8|or_class=normal|rr=1.5|start=10:00|stop_mode=fixed|stop_points=40|target_mode=rr|time_exit=15:55|touch_tolerance=5,or_retest,long,95,1926.7000000000003,20.28105263157895,113.66,0.5368421052631579,1.5071651188746387,-577.0600000000002,0.2031700275998802,0.058343865945838846,57,1207.6200000000001,21.186315789473685,0.543859649122807,38,719.0799999999997,18.923157894736836,0.5263157894736842,113.66,0.05899205896091762,1152,True,True,True,True,False,True
full_history,or_retest_slip_filter|long|buffer_points=0|confirm_pattern=break_prev|end=11:00|max_risk_points=120|max_signal_volume_ratio=2.5|max_stop=120|min_reward_points=8|or_class=normal|rr=1.25|start=10:00|stop_mode=fixed|stop_points=40|target_mode=rr|time_exit=15:55|touch_tolerance=5,or_retest,long,94,1913.04,20.35148936170213,93.66,0.5957446808510638,1.5830803555100392,-503.4000000000003,0.2299235918442001,0.06567819709030928,56,1233.96,22.035,0.6071428571428571,38,679.0799999999997,17.870526315789466,0.5789473684210527,93.66,0.04895872537950069,1152,True,True,True,True,False,True
full_history,or_retest_slip_filter|long|buffer_points=0|confirm_pattern=break_prev|end=11:00|max_risk_points=120|max_stop=120|min_reward_points=8|min_signal_rsi=60|or_class=normal_tight|rr=1.25|start=10:10|stop_mode=fixed|stop_points=40|target_mode=rr|time_exit=15:55|touch_tolerance=5,or_retest,long,86,1819.7599999999998,21.159999999999997,93.66,0.6046511627906976,1.619902165174617,-330.72,0.24081710133128065,0.06579763906585327,51,1125.6599999999996,22.071764705882345,0.6078431372549019,35,694.0999999999998,19.831428571428564,0.6,93.66,0.05146832549347167,1152,True,True,True,True,False,True
full_history,or_retest_slip_filter|long|buffer_points=0|confirm_pattern=break_prev|end=11:00|max_risk_points=120|max_signal_rsi=70|max_stop=120|min_reward_points=8|or_class=normal|rr=1.25|start=10:00|stop_mode=fixed|stop_points=40|target_mode=rr|time_exit=15:55|touch_tolerance=5,or_retest,long,82,1689.1199999999997,20.599024390243898,93.66,0.5975609756097561,1.5928359340451066,-510.72000000000014,0.23281598009492954,0.0621145685419803,49,938.3399999999998,19.149795918367342,0.5918367346938775,33,750.7799999999999,22.750909090909087,0.6060606060606061,93.66,0.05544899119067918,1152,True,True,True,True,False,True
full_history,or_retest_slip_filter|long|buffer_points=0|confirm_pattern=break_prev|end=11:00|max_risk_points=120|max_signal_rsi=70|max_stop=120|min_reward_points=8|or_class=normal|rr=1.5|start=10:00|stop_mode=fixed|stop_points=40|target_mode=rr|time_exit=15:55|touch_tolerance=5,or_retest,long,82,1649.12,20.11121951219512,113.66,0.5365853658536586,1.5026395035538804,-490.7200000000002,0.20143221615472431,0.053741479394172,49,898.34,18.333469387755102,0.5306122448979592,33,750.7799999999999,22.750909090909087,0.5454545454545454,113.66,0.0689216066750752,1152,True,True,True,True,False,True
full_history,or_retest_slip_shape|long|buffer_points=0|confirm_pattern=break_prev|end=11:00|max_risk_points=120|max_stop=120|min_reward_points=8|or_class=normal_tight|rr=1.25|start=10:00|stop_mode=fixed|stop_points=60|target_mode=rr|time_exit=15:55|touch_tolerance=5,or_retest,long,183,4365.279999999997,23.853989071038235,143.66,0.5683060109289617,1.4432044315569743,-993.4000000000002,0.18162282152583817,0.07238852434158739,109,2418.939999999998,22.1921100917431,0.5596330275229358,74,1946.3399999999997,26.301891891891888,0.581081081081081,143.66,0.032909687351097776,1152,True,True,True,False,False,False
full_history,or_retest_slip_shape|long|buffer_points=0|confirm_pattern=break_prev|end=11:00|max_risk_points=120|max_stop=120|min_reward_points=8|or_class=normal_tight|rr=1.25|start=10:00|stop_mode=fixed|stop_points=60|target_mode=rr|time_exit=15:55|touch_tolerance=10,or_retest,long,196,4342.859999999997,22.15744897959182,143.66,0.5612244897959183,1.4045989561886165,-993.4000000000001,0.1682255738054801,0.0693895090039976,117,2488.2199999999975,21.266837606837587,0.5555555555555556,79,1854.64,23.47645569620253,0.569620253164557,143.66,0.03307958350027403,1152,True,True,True,False,False,False
full_history,or_retest_slip_shape|long|buffer_points=0|confirm_pattern=break_prev|end=11:00|max_risk_points=120|max_stop=120|min_reward_points=8|or_class=normal_tight|rr=1.5|start=10:00|stop_mode=fixed|stop_points=60|target_mode=rr|time_exit=15:55|touch_tolerance=5,or_retest,long,183,4341.279999999997,23.72284153005463,42.66,0.5300546448087432,1.4044517567967922,-1200.4599999999998,0.16504279930345633,0.06578030554977546,109,3310.439999999998,30.371009174311908,0.5412844036697247,74,1030.8399999999995,13.930270270270263,0.5135135135135135,173.66,0.040002027051929415,1152,True,False,True,False,False,False
full_history,or_retest_slip_shape|long|buffer_points=0|confirm_pattern=break_prev|end=11:30|max_risk_points=120|max_stop=120|min_reward_points=8|or_class=normal_tight|rr=1.5|start=10:00|stop_mode=fixed|stop_points=60|target_mode=rr|time_exit=15:55|touch_tolerance=5,or_retest,long,195,4035.199999999998,20.693333333333324,31.16,0.5230769230769231,1.3473195319036126,-1326.8000000000004,0.14440948427843414,0.05941372519428941,117,2909.7199999999984,24.869401709401696,0.5299145299145299,78,1125.4799999999993,14.429230769230761,0.5128205128205128,173.66,0.04303628072957972,1152,True,False,True,False,False,False
full_history,or_retest_slip_shape|long|buffer_points=0|confirm_pattern=break_prev|end=11:30|max_risk_points=120|max_stop=120|min_reward_points=8|or_class=normal_tight|rr=1.25|start=10:00|stop_mode=fixed|stop_points=60|target_mode=rr|time_exit=15:55|touch_tolerance=5,or_retest,long,195,3969.199999999998,20.354871794871784,143.66,0.558974358974359,1.3697872316638935,-1050.4600000000005,0.1551745061406843,0.06384272827417758,117,1988.2199999999996,16.99333333333333,0.5470085470085471,78,1980.98,25.39717948717949,0.5769230769230769,143.66,0.036193691423964544,1152,True,True,True,False,False,False
full_history,or_retest_slip_shape|long|buffer_points=0|confirm_pattern=break_prev|end=10:45|max_risk_points=120|max_stop=120|min_reward_points=8|or_class=normal_tight|rr=1.5|start=10:00|stop_mode=fixed|stop_points=60|target_mode=rr|time_exit=15:55|touch_tolerance=5,or_retest,long,168,3849.379999999999,22.912976190476186,40.66,0.5297619047619048,1.3897964226114288,-947.7799999999987,0.15964885961965158,0.06096691531836936,100,2947.4999999999995,29.474999999999994,0.54,68,901.8799999999994,13.26294117647058,0.5147058823529411,173.66,0.045113758579303685,1152,True,False,True,False,False,False
full_history,or_retest_slip_shape|long|buffer_points=0|confirm_pattern=break_prev|end=11:30|max_risk_points=120|max_stop=120|min_reward_points=8|or_class=normal_tight|rr=1.25|start=10:00|stop_mode=fixed|stop_points=60|target_mode=rr|time_exit=15:55|touch_tolerance=10,or_retest,long,209,3820.439999999998,18.279617224880372,134.66,0.5502392344497608,1.3252972039582918,-1050.4600000000005,0.1389355183600387,0.05917798715609943,125,2195.4999999999986,17.56399999999999,0.552,84,1624.94,19.34452380952381,0.5476190476190477,143.66,0.03760299860749026,1152,True,True,True,False,False,False
full_history,or_retest_slip_shape|long|buffer_points=0|confirm_pattern=break_prev|end=10:45|max_risk_points=120|max_stop=120|min_reward_points=8|or_class=normal_tight|rr=1.25|start=10:00|stop_mode=fixed|stop_points=60|target_mode=rr|time_exit=15:55|touch_tolerance=10,or_retest,long,183,3808.279999999999,20.81027322404371,143.66,0.5573770491803278,1.3760135228533852,-800.5800000000017,0.15784786516157567,0.06291265565374325,109,2418.9399999999987,22.192110091743107,0.5596330275229358,74,1389.3399999999997,18.77486486486486,0.5540540540540541,143.66,0.037723066581238786,1152,True,True,True,False,False,False
full_history,or_retest_slip_shape|long|buffer_points=0|confirm_pattern=break_prev|end=11:00|max_risk_points=120|max_stop=120|min_reward_points=8|or_class=normal_tight|rr=1.5|start=10:20|stop_mode=fixed|stop_points=60|target_mode=rr|time_exit=15:55|touch_tolerance=5,or_retest,long,131,3804.959999999999,29.0454961832061,91.66,0.5419847328244275,1.504442588394384,-631.7000000000007,0.2003539668647719,0.06756275553089824,78,3815.979999999998,48.922820512820486,0.6025641025641025,53,-11.02000000000018,-0.2079245283018902,0.4528301886792453,173.66,0.04564042723182373,1152,True,False,True,True,False,False
full_history,or_retest_slip_shape|long|buffer_points=0|confirm_pattern=break_prev|end=11:00|max_risk_points=120|max_stop=120|min_reward_points=8|or_class=normal_tight|rr=1.5|start=10:20|stop_mode=fixed|stop_points=60|target_mode=rr|time_exit=15:55|touch_tolerance=10,or_retest,long,143,3788.88,26.495664335664337,89.66,0.5314685314685315,1.4495970230014903,-910.560000000005,0.1821423734260526,0.06417306326484469,85,3831.5999999999985,45.077647058823516,0.5882352941176471,58,-42.720000000000255,-0.7365517241379355,0.4482758620689655,173.66,0.045834125124047206,1152,True,False,True,False,False,False
full_history,or_retest_slip_shape|long|buffer_points=0|confirm_pattern=break_prev|end=11:00|max_risk_points=120|max_stop=120|min_reward_points=8|or_class=normal_tight|rr=2|start=10:20|stop_mode=fixed|stop_points=60|target_mode=rr|time_exit=15:55|touch_tolerance=5,or_retest,long,131,3740.4599999999996,28.553129770992363,-25.84,0.48854961832061067,1.4556657627564633,-1010.7200000000012,0.17620516515104842,0.05941937004130796,78,3945.479999999998,50.5830769230769,0.5384615384615384,53,-205.02000000000007,-3.868301886792454,0.41509433962264153,233.66,0.06246825256786599,1152,True,False,True,False,False,False
full_history,or_retest_slip_shape|long|buffer_points=0|confirm_pattern=break_prev|end=11:00|max_risk_points=120|max_stop=120|min_reward_points=8|or_class=normal_tight|rr=1.5|start=10:00|stop_mode=fixed|stop_points=60|target_mode=rr|time_exit=15:55|touch_tolerance=10,or_retest,long,196,3689.859999999998,18.8258163265306,30.91,0.5153061224489796,1.3108349900596423,-1200.4600000000005,0.13132466845957258,0.05416866210282269,117,3097.7199999999975,26.476239316239294,0.5299145299145299,79,592.139999999999,7.49544303797467,0.4936708860759494,173.66,0.04706411625373323,1152,True,False,True,False,False,False
full_history,or_retest_slip_shape|long|buffer_points=0|confirm_pattern=break_prev|end=11:00|max_risk_points=120|max_stop=120|min_reward_points=8|or_class=normal_tight|rr=2.5|start=10:20|stop_mode=fixed|stop_points=60|target_mode=rr|time_exit=15:55|touch_tolerance=5,or_retest,long,131,3586.459999999999,27.37755725190839,-114.84,0.46564885496183206,1.423016406590944,-1010.7200000000012,0.15944073300153366,0.0537661192040212,78,3409.4799999999987,43.71128205128203,0.5,53,176.97999999999993,3.3392452830188666,0.41509433962264153,293.66,0.08188018268710653,1152,True,False,True,False,False,False
full_history,or_retest_slip_shape|long|buffer_points=0|confirm_pattern=break_prev|end=11:00|max_risk_points=120|max_stop=120|min_reward_points=8|or_class=normal_tight|rr=2|start=10:00|stop_mode=fixed|stop_points=60|target_mode=rr|time_exit=15:55|touch_tolerance=5,or_retest,long,183,3582.779999999999,19.578032786885238,-100.34,0.46994535519125685,1.3038576946106264,-1678.4599999999991,0.12302040147285037,0.04903164289440572,109,3028.9399999999982,27.78844036697246,0.47706422018348627,74,553.8399999999995,7.484324324324317,0.4594594594594595,233.66,0.06521751265776857,1152,True,False,True,False,False,False
full_history,or_retest_slip_shape|long|buffer_points=0|confirm_pattern=break_prev|end=10:45|max_risk_points=120|max_stop=120|min_reward_points=8|or_class=normal_tight|rr=1.5|start=10:00|stop_mode=fixed|stop_points=60|target_mode=rr|time_exit=15:55|touch_tolerance=10,or_retest,long,183,3545.279999999999,19.373114754098353,31.16,0.5191256830601093,1.3219346882883145,-1350.7400000000052,0.13526602192108197,0.0539123202588885,109,2908.4399999999982,26.682935779816496,0.5321100917431193,74,636.8399999999989,8.605945945945932,0.5,173.66,0.048983437133315294,1152,True,False,True,False,False,False
full_history,or_retest_slip_shape|long|buffer_points=0|confirm_pattern=break_prev|end=10:45|max_risk_points=120|max_stop=120|min_reward_points=8|or_class=normal_tight|rr=1.25|start=10:00|stop_mode=fixed|stop_points=60|target_mode=rr|time_exit=15:55|touch_tolerance=5,or_retest,long,168,3543.379999999999,21.091547619047613,143.66,0.5595238095238095,1.3833308451414266,-740.7199999999999,0.160302131799139,0.06121638775269518,100,2205.999999999999,22.05999999999999,0.56,68,1337.38,19.66735294117647,0.5588235294117647,143.66,0.040543210155275476,1152,True,True,True,False,False,False
full_history,or_retest_slip_shape|long|buffer_points=0|confirm_pattern=break_prev|end=11:00|max_risk_points=120|max_stop=120|min_reward_points=8|or_class=normal_tight|rr=1.5|start=10:00|stop_mode=fixed|stop_points=60|target_mode=rr|time_exit=12:00|touch_tolerance=5,or_retest,long,183,3493.7799999999997,19.091693989071036,16.16,0.5573770491803278,1.4241547934694985,-1130.6200000000003,0.15754881284851585,0.06279346382828062,109,2232.439999999999,20.481100917431185,0.5412844036697247,74,1261.3399999999995,17.045135135135126,0.581081081081081,173.66,0.04970547658982535,1152,True,True,True,False,False,False
full_history,or_retest_slip_shape|long|buffer_points=0|confirm_pattern=break_prev|end=10:45|max_risk_points=120|max_stop=120|min_reward_points=8|or_class=normal_tight|rr=2|start=10:00|stop_mode=fixed|stop_points=60|target_mode=rr|time_exit=15:55|touch_tolerance=5,or_retest,long,168,3486.879999999999,20.75523809523809,-98.09,0.47023809523809523,1.3226722288747448,-1425.7799999999993,0.12945314896429688,0.049435737839940395,100,2957.9999999999995,29.579999999999995,0.48,68,528.8799999999995,7.777647058823523,0.45588235294117646,233.66,0.06701119625567845,1152,True,False,True,False,False,False
full_history,or_retest_slip_shape|long|buffer_points=0|confirm_pattern=break_prev|end=11:00|max_risk_points=120|max_stop=120|min_reward_points=8|or_class=normal_tight|rr=2.5|start=10:10|stop_mode=fixed|stop_points=40|target_mode=rr|time_exit=15:55|touch_tolerance=10,or_retest,long,166,3456.0599999999977,20.819638554216855,-86.34,0.41566265060240964,1.4167703750868255,-1059.4800000000005,0.15947644016130766,0.06053747981366558,99,1897.8399999999992,19.170101010101003,0.3939393939393939,67,1558.2199999999998,23.25701492537313,0.44776119402985076,193.66,0.056034906801386584,1152,True,True,True,False,False,False
full_history,or_retest_slip_shape|long|buffer_points=0|confirm_pattern=break_prev|end=11:00|max_risk_points=120|max_stop=120|min_reward_points=8|or_class=normal_tight|rr=2.5|start=10:00|stop_mode=fixed|stop_points=40|target_mode=rr|time_exit=15:55|touch_tolerance=5,or_retest,long,183,3431.779999999999,18.75289617486338,-86.34,0.41530054644808745,1.3734100222188852,-1115.440000000006,0.14488578025236257,0.05774642053480029,109,2980.939999999998,27.348073394495394,0.43119266055045874,74,450.83999999999946,6.0924324324324255,0.3918918918918919,193.66,0.056431356322375,1152,True,False,True,False,False,False
full_history,or_retest_slip_shape|long|buffer_points=0|confirm_pattern=break_prev|end=10:45|max_risk_points=120|max_stop=120|min_reward_points=8|or_class=normal_tight|rr=2|start=10:20|stop_mode=fixed|stop_points=60|target_mode=rr|time_exit=15:55|touch_tolerance=5,or_retest,long,112,3429.919999999999,30.62428571428571,-17.09,0.49107142857142855,1.492000149181367,-1025.4800000000032,0.18754024863249874,0.058475946384434214,67,3767.2199999999993,56.22716417910447,0.5522388059701493,45,-337.3000000000003,-7.495555555555562,0.4,233.66,0.0681240378784345,1152,True,False,True,False,False,False
full_history,or_retest_slip_filter|long|buffer_points=0|confirm_pattern=break_prev|end=11:00|max_risk_points=120|max_stop=120|min_reward_points=8|or_class=normal_tight|rr=2|start=10:00|stop_mode=fixed|stop_points=40|target_mode=rr|time_exit=15:55|touch_tolerance=5,or_retest,long,183,3396.279999999998,18.558907103825124,-86.34,0.453551912568306,1.3933611304146394,-834.1200000000006,0.1584889082055338,0.06316815306096181,109,2210.439999999998,20.279266055045852,0.45871559633027525,74,1185.8399999999997,16.02486486486486,0.44594594594594594,153.66,0.04524361948955919,1152,True,True,True,False,False,False
full_history,or_retest_slip_shape|long|buffer_points=0|confirm_pattern=break_prev|end=11:00|max_risk_points=120|max_stop=120|min_reward_points=8|or_class=normal_tight|rr=2|start=10:00|stop_mode=fixed|stop_points=40|target_mode=rr|time_exit=15:55|touch_tolerance=5,or_retest,long,183,3396.279999999998,18.558907103825124,-86.34,0.453551912568306,1.3933611304146394,-834.1200000000006,0.1584889082055338,0.06316815306096181,109,2210.439999999998,20.279266055045852,0.45871559633027525,74,1185.8399999999997,16.02486486486486,0.44594594594594594,153.66,0.04524361948955919,1152,True,True,True,False,False,False
full_history,or_retest_slip_shape|long|buffer_points=0|confirm_pattern=break_prev|end=11:00|max_risk_points=120|max_stop=120|min_reward_points=8|or_class=normal_tight|rr=2.5|start=10:20|stop_mode=fixed|stop_points=40|target_mode=rr|time_exit=15:55|touch_tolerance=10,or_retest,long,143,3382.8799999999983,23.656503496503486,-86.34,0.4195804195804196,1.4720591888052552,-949.74,0.17822209920113602,0.0627918579960265,85,2659.0999999999985,31.28352941176469,0.43529411764705883,58,723.78,12.47896551724138,0.39655172413793105,193.66,0.05724707941162562,1152,True,False,True,False,False,False
full_history,or_retest_slip_shape|long|buffer_points=0|confirm_pattern=break_prev|end=10:45|max_risk_points=120|max_stop=120|min_reward_points=8|or_class=normal_tight|rr=2.5|start=10:20|stop_mode=fixed|stop_points=60|target_mode=rr|time_exit=15:55|touch_tolerance=5,or_retest,long,112,3374.42,30.12875,-120.59,0.4642857142857143,1.4660221795633137,-930.4800000000032,0.1720756065002015,0.05365399701209043,67,3389.7199999999993,50.592835820895516,0.5074626865671642,45,-15.300000000000097,-0.34000000000000213,0.4,293.66,0.08702532583377293,1152,True,False,True,False,False,False
full_history,or_retest_slip_shape|long|buffer_points=0|confirm_pattern=break_prev|end=11:00|max_risk_points=120|max_stop=120|min_reward_points=8|or_class=normal_tight|rr=2.5|start=10:00|stop_mode=fixed|stop_points=60|target_mode=rr|time_exit=15:55|touch_tolerance=5,or_retest,long,183,3373.2799999999997,18.433224043715846,-126.34,0.453551912568306,1.2779564930784446,-1990.1399999999994,0.11025531069234988,0.043943922766925075,109,2842.4399999999996,26.077431192660548,0.45871559633027525,74,530.8399999999997,7.17351351351351,0.44594594594594594,293.66,0.08705473604325761,1152,True,False,True,False,False,False
full_history,or_retest_slip_shape|long|buffer_points=0|confirm_pattern=break_prev|end=11:00|max_risk_points=120|max_stop=120|min_reward_points=8|or_class=normal_tight|rr=1.25|start=10:00|stop_mode=fixed|stop_points=60|target_mode=rr|time_exit=12:00|touch_tolerance=10,or_retest,long,196,3353.3599999999988,17.10897959183673,29.91,0.5612244897959183,1.384064577310897,-920.6200000000003,0.1489050085652322,0.06142018243031804,117,1943.2199999999993,16.608717948717942,0.5470085470085471,79,1410.1399999999994,17.84987341772151,0.5822784810126582,143.66,0.042840613593530086,1152,True,True,True,False,False,False
full_history,or_retest_slip_shape|long|buffer_points=0|confirm_pattern=break_prev|end=11:00|max_risk_points=120|max_stop=120|min_reward_points=8|or_class=normal_tight|rr=2|start=10:20|stop_mode=fixed|stop_points=60|target_mode=rr|time_exit=15:55|touch_tolerance=10,or_retest,long,143,3304.379999999999,23.107552447552443,-126.34,0.46853146853146854,1.3535669345933592,-974.6200000000063,0.14216596998288036,0.050088431451802196,85,3421.0999999999985,40.24823529411763,0.5058823529411764,58,-116.72000000000023,-2.0124137931034523,0.41379310344827586,233.66,0.0707122062232552,1152,True,False,True,False,False,False
full_history,or_retest_slip_filter|long|buffer_points=0|confirm_pattern=break_prev|end=11:00|max_risk_points=120|max_signal_ema_slope=30|max_stop=120|min_reward_points=8|or_class=normal_tight|rr=2|start=10:00|stop_mode=fixed|stop_points=40|target_mode=rr|time_exit=15:55|touch_tolerance=5,or_retest,long,160,3302.5999999999985,20.641249999999992,-86.34,0.4625,1.4447802360597093,-796.0800000000003,0.17580321729291262,0.06551799075501988,96,1973.3599999999992,20.555833333333325,0.4583333333333333,64,1329.2399999999998,20.769374999999997,0.46875,153.66,0.046526978744019884,1152,True,True,True,False,False,False
full_history,or_retest_slip_shape|long|buffer_points=0|confirm_pattern=break_prev|end=11:00|max_risk_points=120|max_stop=120|min_reward_points=8|or_class=normal_tight|rr=1.5|start=10:00|stop_mode=fixed|stop_points=60|target_mode=rr|time_exit=12:00|touch_tolerance=10,or_retest,long,196,3294.8599999999988,16.810510204081627,15.66,0.5459183673469388,1.363821268382312,-1130.6200000000003,0.1384357835005227,0.057101847408720555,117,2297.719999999999,19.63863247863247,0.5384615384615384,79,997.1399999999992,12.622025316455685,0.5569620253164557,173.66,0.052706336536302016,1152,True,True,True,False,False,False
full_history,or_retest_slip_shape|long|buffer_points=0|confirm_pattern=break_prev|end=11:30|max_risk_points=120|max_stop=120|min_reward_points=8|or_class=normal_tight|rr=1.5|start=10:00|stop_mode=fixed|stop_points=60|target_mode=rr|time_exit=15:55|touch_tolerance=10,or_retest,long,209,3257.4399999999982,15.585837320574154,11.66,0.507177033492823,1.2528769896720264,-1395.4399999999991,0.10908923771703166,0.046465306961736515,125,2534.9999999999977,20.279999999999983,0.52,84,722.4399999999994,8.600476190476183,0.4880952380952381,173.66,0.05331180313374923,1152,True,False,True,False,False,False
full_history,or_retest_slip_shape|long|buffer_points=0|confirm_pattern=break_prev|end=11:00|max_risk_points=120|max_stop=120|min_reward_points=8|or_class=normal_tight|rr=1.25|start=10:20|stop_mode=fixed|stop_points=60|target_mode=rr|time_exit=15:55|touch_tolerance=5,or_retest,long,131,3253.459999999999,24.835572519083964,143.66,0.5725190839694656,1.462300747136073,-614.3800000000002,0.1886958032729942,0.06363142505106742,78,2880.4799999999987,36.92923076923075,0.6153846153846154,53,372.9799999999998,7.037358490566033,0.5094339622641509,143.66,0.04415606769408569,1152,True,False,True,False,False,False
full_history,or_retest_slip_shape|long|buffer_points=0|confirm_pattern=break_prev|end=10:45|max_risk_points=120|max_stop=120|min_reward_points=8|or_class=normal_tight|rr=1.5|start=10:20|stop_mode=fixed|stop_points=60|target_mode=rr|time_exit=15:55|touch_tolerance=10,or_retest,long,126,3249.6599999999985,25.79095238095237,81.91,0.5317460317460317,1.4366320190902053,-1118.5400000000045,0.177461979877404,0.05869003324059496,75,3594.999999999998,47.93333333333331,0.6,51,-345.34000000000043,-6.771372549019616,0.43137254901960786,173.66,0.05343943674107447,1152,True,False,True,False,False,False
full_history,or_retest_slip_shape|long|buffer_points=0|confirm_pattern=break_prev|end=10:45|max_risk_points=120|max_stop=120|min_reward_points=8|or_class=normal_tight|rr=2.5|start=10:00|stop_mode=fixed|stop_points=60|target_mode=rr|time_exit=15:55|touch_tolerance=5,or_retest,long,168,3231.38,19.234404761904763,-126.34,0.4523809523809524,1.2897765996369923,-1737.4599999999994,0.1140791540141887,0.04356469654054542,100,2725.4999999999995,27.254999999999995,0.46,68,505.8799999999999,7.439411764705881,0.4411764705882353,293.66,0.09087758171431401,1152,True,False,True,False,False,False
full_history,or_retest_slip_shape|long|buffer_points=0|confirm_pattern=break_prev|end=10:45|max_risk_points=120|max_stop=120|min_reward_points=8|or_class=normal_tight|rr=1.5|start=10:20|stop_mode=fixed|stop_points=60|target_mode=rr|time_exit=15:55|touch_tolerance=5,or_retest,long,112,3218.4199999999987,28.735892857142847,90.66,0.5446428571428571,1.500388691260976,-658.4200000000019,0.19864320913677658,0.06193790256659175,67,3405.7199999999993,50.83164179104477,0.6119402985074627,45,-187.3000000000003,-4.162222222222229,0.4444444444444444,173.66,0.05395815337960865,1152,True,False,True,True,False,False
full_history,or_retest_slip_shape|long|buffer_points=0|confirm_pattern=break_prev|end=11:00|max_risk_points=120|max_stop=120|min_reward_points=8|or_class=normal_tight|rr=2.5|start=10:20|stop_mode=fixed|stop_points=60|target_mode=rr|time_exit=15:55|touch_tolerance=10,or_retest,long,143,3213.88,22.474685314685317,-126.34,0.44755244755244755,1.3342443756656017,-1130.1399999999987,0.1305874251864041,0.046009036450173034,85,3115.1000000000004,36.648235294117654,0.47058823529411764,58,98.77999999999977,1.7031034482758582,0.41379310344827586,293.66,0.09137242211905859,1152,True,False,True,False,False,False
full_history,or_retest_slip_shape|long|buffer_points=0|confirm_pattern=break_prev|end=11:30|max_risk_points=120|max_stop=120|min_reward_points=8|or_class=normal_tight|rr=2|start=10:00|stop_mode=fixed|stop_points=40|target_mode=rr|time_exit=15:55|touch_tolerance=5,or_retest,long,195,3192.199999999998,16.3702564102564,-86.34,0.4461538461538462,1.3423373570466455,-958.5000000000002,0.1403971163698706,0.05776293525144782,117,1631.7199999999996,13.946324786324782,0.4358974358974359,78,1560.48,20.006153846153847,0.46153846153846156,153.66,0.048136081699141686,1152,True,True,True,False,False,False
full_history,or_retest_slip_shape|long|buffer_points=0|confirm_pattern=break_prev|end=11:00|max_risk_points=120|max_stop=120|min_reward_points=8|or_class=normal_tight|rr=1.25|start=10:00|stop_mode=fixed|stop_points=60|target_mode=rr|time_exit=12:00|touch_tolerance=5,or_retest,long,183,3183.2799999999997,17.39497267759563,30.66,0.5683060109289617,1.3960111266477238,-920.6200000000003,0.1522943664991518,0.06069922471082261,109,1762.9400000000003,16.17376146788991,0.5504587155963303,74,1420.3399999999997,19.19378378378378,0.5945945945945946,143.66,0.04512955190872308,1152,True,True,True,False,False,False
full_history,or_retest_slip_shape|long|buffer_points=0|confirm_pattern=break_prev|end=11:00|max_risk_points=120|max_stop=120|min_reward_points=8|or_class=normal_tight|rr=2|start=10:00|stop_mode=fixed|stop_points=60|target_mode=rr|time_exit=15:55|touch_tolerance=10,or_retest,long,196,3173.3599999999988,16.190612244897952,-126.34,0.45918367346938777,1.245463349432706,-1678.4599999999994,0.10179633894772513,0.04198884758244208,117,3058.2199999999984,26.138632478632466,0.4700854700854701,79,115.1399999999991,1.4574683544303684,0.4430379746835443,233.66,0.0736317341871077,1152,True,False,True,False,False,False
full_history,or_retest_slip_shape|long|buffer_points=0|confirm_pattern=break_prev|end=11:30|max_risk_points=120|max_stop=120|min_reward_points=8|or_class=normal_tight|rr=1.25|start=10:00|stop_mode=fixed|stop_points=60|target_mode=rr|time_exit=12:00|touch_tolerance=10,or_retest,long,209,3153.9399999999987,15.090622009569373,16.66,0.5502392344497608,1.3375920260830656,-1046.9600000000005,0.13239261851212825,0.056391114168301545,125,1930.4999999999998,15.443999999999999,0.544,84,1223.4399999999994,14.564761904761898,0.5595238095238095,143.66,0.045549376335631005,1152,True,True,True,False,False,False
full_history,or_retest_slip_filter|long|buffer_points=0|confirm_pattern=break_prev|end=11:00|max_risk_points=120|max_signal_volume_ratio=2.25|max_stop=120|min_reward_points=8|or_class=normal_tight|rr=2|start=10:00|stop_mode=fixed|stop_points=40|target_mode=rr|time_exit=15:55|touch_tolerance=5,or_retest,long,161,3135.7599999999984,19.476770186335393,-86.34,0.45962732919254656,1.4174567800649127,-680.4600000000006,0.1665470569425007,0.062262085160912375,96,2132.859999999999,22.217291666666657,0.46875,65,1002.8999999999997,15.429230769230765,0.4461538461538462,153.66,0.04900247467918466,1152,True,True,True,False,False,False
full_history,or_retest_slip_shape|long|buffer_points=0|confirm_pattern=break_prev|end=11:30|max_risk_points=120|max_stop=120|min_reward_points=8|or_class=normal_tight|rr=1.5|start=10:00|stop_mode=fixed|stop_points=60|target_mode=rr|time_exit=12:00|touch_tolerance=5,or_retest,long,195,3125.6999999999994,16.029230769230765,14.16,0.5384615384615384,1.3548061205957136,-1256.9600000000003,0.13411225101261004,0.05517718220977484,117,2074.72,17.73264957264957,0.5299145299145299,78,1050.9799999999996,13.474102564102559,0.5512820512820513,173.66,0.05555875483891609,1152,True,True,True,False,False,False
full_history,or_retest_slip_shape|long|buffer_points=0|confirm_pattern=break_prev|end=11:00|max_risk_points=120|max_stop=120|min_reward_points=8|or_class=normal_tight|rr=1.5|start=10:10|stop_mode=fixed|stop_points=60|target_mode=rr|time_exit=15:55|touch_tolerance=5,or_retest,long,153,3123.4799999999987,20.414901960784306,29.66,0.5032679738562091,1.3341392236067366,-963.4000000000002,0.1406098854149322,0.05124309236213622,91,2387.559999999998,26.236923076923055,0.5164835164835165,62,735.9199999999995,11.869677419354831,0.4838709677419355,173.66,0.05559824298538812,1152,True,False,True,False,False,False
full_history,or_retest_slip_shape|long|buffer_points=0|confirm_pattern=break_prev|end=11:00|max_risk_points=120|max_stop=120|min_reward_points=8|or_class=normal_tight|rr=1.5|start=10:10|stop_mode=fixed|stop_points=60|target_mode=rr|time_exit=15:55|touch_tolerance=10,or_retest,long,166,3118.0599999999986,18.783493975903607,3.41,0.5,1.3047295699271517,-1247.7800000000004,0.12948889181422943,0.04915416450460581,99,2276.8399999999983,22.99838383838382,0.5050505050505051,67,841.2199999999995,12.555522388059693,0.4925373134328358,173.66,0.05569488720550601,1152,True,False,True,False,False,False
full_history,or_retest_slip_shape|long|buffer_points=0|confirm_pattern=break_prev|end=11:30|max_risk_points=120|max_stop=120|min_reward_points=8|or_class=normal_tight|rr=1.5|start=10:20|stop_mode=fixed|stop_points=60|target_mode=rr|time_exit=15:55|touch_tolerance=5,or_retest,long,151,3115.6599999999994,20.633509933774832,31.66,0.5231788079470199,1.3439305528878525,-710.7200000000003,0.14360007492688406,0.05198965082452388,90,3104.399999999999,34.493333333333325,0.5666666666666667,61,11.259999999999849,0.18459016393442376,0.45901639344262296,173.66,0.055737789104074266,1152,True,False,True,False,False,False
full_history,or_retest_slip_shape|long|buffer_points=0|confirm_pattern=break_prev|end=11:00|max_risk_points=120|max_stop=120|min_reward_points=8|or_class=normal_tight|rr=2|start=10:10|stop_mode=fixed|stop_points=40|target_mode=rr|time_exit=15:55|touch_tolerance=10,or_retest,long,166,3105.059999999998,18.705180722891555,-86.34,0.45180722891566266,1.3993933968234364,-920.4600000000003,0.15999240632276196,0.06073334129045789,99,1597.3399999999997,16.13474747474747,0.43434343434343436,67,1507.7199999999996,22.503283582089544,0.47761194029850745,153.66,0.049486966435431226,1152,True,True,True,False,False,False
full_history,or_retest_slip_shape|long|buffer_points=0|confirm_pattern=break_prev|end=10:45|max_risk_points=120|max_stop=120|min_reward_points=8|or_class=normal_tight|rr=2|start=10:20|stop_mode=fixed|stop_points=60|target_mode=rr|time_exit=15:55|touch_tolerance=10,or_retest,long,126,3101.159999999998,24.61238095238094,-126.34,0.46825396825396826,1.3765929387306033,-1252.2600000000057,0.1499742168278176,0.049599310099760464,75,3476.499999999999,46.353333333333325,0.52,51,-375.34000000000054,-7.359607843137265,0.39215686274509803,233.66,0.07534599956145448,1152,True,False,True,False,False,False
full_history,or_retest_slip_shape|long|buffer_points=0|confirm_pattern=break_prev|end=11:30|max_risk_points=120|max_stop=120|min_reward_points=8|or_class=normal_tight|rr=2|start=10:00|stop_mode=fixed|stop_points=60|target_mode=rr|time_exit=15:55|touch_tolerance=5,or_retest,long,195,3096.699999999999,15.880512820512815,-126.34,0.46153846153846156,1.241897560480249,-1804.7999999999993,0.1002407112284783,0.041241571493502945,117,2688.2199999999984,22.976239316239305,0.4700854700854701,78,408.4799999999995,5.236923076923071,0.44871794871794873,233.66,0.07545451609778153,1152,True,False,True,False,False,False
full_history,or_retest_slip_shape|long|buffer_points=0|confirm_pattern=break_prev|end=11:00|max_risk_points=120|max_stop=120|min_reward_points=8|or_class=normal_tight|rr=1.25|start=10:20|stop_mode=fixed|stop_points=60|target_mode=rr|time_exit=15:55|touch_tolerance=10,or_retest,long,143,3087.379999999999,21.590069930069923,143.66,0.5594405594405595,1.3897262279851346,-897.5400000000045,0.16333504869007576,0.0575467982314953,85,2806.0999999999985,33.01294117647057,0.6,58,281.27999999999975,4.849655172413788,0.5,143.66,0.046531363162292956,1152,True,False,True,False,False,False
full_history,or_retest_slip_shape|long|buffer_points=0|confirm_pattern=break_prev|end=10:45|max_risk_points=120|max_stop=120|min_reward_points=8|or_class=normal_tight|rr=2.5|start=10:20|stop_mode=fixed|stop_points=40|target_mode=rr|time_exit=15:55|touch_tolerance=10,or_retest,long,126,3084.659999999999,24.481428571428562,-86.34,0.42063492063492064,1.489409502413205,-692.0200000000041,0.18358898740489427,0.060716350515439964,75,2402.499999999999,32.033333333333324,0.44,51,682.1599999999995,13.375686274509794,0.39215686274509803,193.66,0.0627816355773408,1152,True,False,True,False,False,False
full_history,or_retest_slip_shape|long|buffer_points=0|confirm_pattern=break_prev|end=11:00|max_risk_points=120|max_stop=120|min_reward_points=8|or_class=normal_tight|rr=2.5|start=10:10|stop_mode=fixed|stop_points=40|target_mode=rr|time_exit=15:55|touch_tolerance=5,or_retest,long,153,3081.479999999998,20.140392156862735,-86.34,0.4117647058823529,1.4008116439692506,-1059.4800000000002,0.15452307907705054,0.05631354004635363,91,1748.5599999999993,19.214945054945048,0.3956043956043956,62,1332.9200000000003,21.49870967741936,0.43548387096774194,193.66,0.0628464244453964,1152,True,True,True,False,False,False
full_history,or_retest_slip_shape|long|buffer_points=0|confirm_pattern=break_prev|end=10:45|max_risk_points=120|max_stop=120|min_reward_points=8|or_class=normal_tight|rr=2.5|start=10:10|stop_mode=fixed|stop_points=40|target_mode=rr|time_exit=15:55|touch_tolerance=10,or_retest,long,150,3071.4999999999995,20.476666666666663,-86.34,0.41333333333333333,1.408693060401148,-800.4600000000005,0.15667770587780325,0.056536197290351704,90,1554.8999999999999,17.276666666666664,0.3888888888888889,60,1516.6,25.276666666666664,0.45,193.66,0.06305062672961095,1152,True,True,True,False,False,False
full_history,or_retest_slip_shape|long|buffer_points=0|confirm_pattern=break_prev|end=10:45|max_risk_points=120|max_stop=120|min_reward_points=8|or_class=normal_tight|rr=2|start=10:00|stop_mode=fixed|stop_points=60|target_mode=rr|time_exit=15:55|touch_tolerance=10,or_retest,long,183,3062.779999999999,16.73650273224043,-126.34,0.45901639344262296,1.2537585980052464,-1425.7799999999988,0.10474083611633932,0.04174604546426564,109,2738.9399999999987,25.12788990825687,0.46788990825688076,74,323.8399999999994,4.376216216216208,0.44594594594594594,233.66,0.0762901677560909,1152,True,False,True,False,False,False
full_history,or_retest_slip_shape|long|buffer_points=0|confirm_pattern=break_prev|end=11:00|max_risk_points=120|max_stop=120|min_reward_points=8|or_class=normal_tight|rr=2.5|start=10:20|stop_mode=fixed|stop_points=40|target_mode=rr|time_exit=15:55|touch_tolerance=5,or_retest,long,131,3018.96,23.045496183206108,-86.34,0.4198473282442748,1.4600782707289413,-1166.8000000000004,0.17429839679372383,0.058776375413370684,78,2423.479999999999,31.0702564102564,0.4358974358974359,53,595.4799999999997,11.235471698113201,0.39622641509433965,193.66,0.0641479184884861,1152,True,False,True,False,False,False
full_history,or_retest_slip_shape|long|buffer_points=0|confirm_pattern=break_prev|end=11:30|max_risk_points=120|max_stop=120|min_reward_points=8|or_class=normal_tight|rr=2.5|start=10:00|stop_mode=fixed|stop_points=60|target_mode=rr|time_exit=15:55|touch_tolerance=5,or_retest,long,195,3007.2,15.42153846153846,-126.34,0.4461538461538462,1.228741465551864,-2116.4799999999996,0.09239304239843744,0.038012841458120714,117,2458.2199999999993,21.010427350427346,0.452991452991453,78,548.9799999999996,7.038205128205123,0.4358974358974359,293.66,0.09765230114392127,1152,True,False,True,False,False,False
full_history,or_retest_slip_shape|long|buffer_points=0|confirm_pattern=break_prev|end=10:45|max_risk_points=120|max_stop=120|min_reward_points=8|or_class=normal_tight|rr=2.5|start=10:20|stop_mode=fixed|stop_points=60|target_mode=rr|time_exit=15:55|touch_tolerance=10,or_retest,long,126,2999.1599999999994,23.80285714285714,-126.34,0.4444444444444444,1.3526639464741368,-1078.2400000000052,0.13631210658697973,0.045080991839559735,75,3219.0,42.92,0.48,51,-219.84000000000037,-4.310588235294125,0.39215686274509803,293.66,0.09791408260979743,1152,True,False,True,False,False,False
full_history,or_retest_slip_shape|long|buffer_points=0|confirm_pattern=break_prev|end=11:30|max_risk_points=120|max_stop=120|min_reward_points=8|or_class=normal_tight|rr=1.25|start=10:00|stop_mode=fixed|stop_points=60|target_mode=rr|time_exit=12:00|touch_tolerance=5,or_retest,long,195,2994.1999999999994,15.35487179487179,16.16,0.5538461538461539,1.3493171620634699,-1046.9600000000005,0.1357007297522385,0.055830722659592456,117,1608.2199999999998,13.745470085470084,0.5384615384615384,78,1385.9799999999996,17.768974358974354,0.5769230769230769,143.66,0.047979426891991195,1152,True,True,True,False,False,False
full_history,or_retest_slip_shape|long|buffer_points=0|confirm_pattern=break_prev|end=10:45|max_risk_points=120|max_stop=120|min_reward_points=8|or_class=normal_tight|rr=2.5|start=10:00|stop_mode=fixed|stop_points=40|target_mode=rr|time_exit=15:55|touch_tolerance=5,or_retest,long,168,2960.879999999999,17.62428571428571,-86.34,0.4107142857142857,1.3483527576397172,-1222.4200000000021,0.13629448390100565,0.05204831577344155,100,2357.9999999999995,23.579999999999995,0.42,68,602.8799999999997,8.86588235294117,0.39705882352941174,193.66,0.06540623058009783,1152,True,False,True,False,False,False
full_history,or_retest_slip_shape|long|buffer_points=0|confirm_pattern=break_prev|end=11:30|max_risk_points=120|max_stop=120|min_reward_points=8|or_class=normal_tight|rr=2.5|start=10:20|stop_mode=fixed|stop_points=60|target_mode=rr|time_exit=15:55|touch_tolerance=5,or_retest,long,151,2957.16,19.583841059602648,-126.34,0.4503311258278146,1.2921886980372936,-1259.159999999999,0.11505586020894273,0.04165536822055166,90,2817.8999999999996,31.309999999999995,0.4777777777777778,61,139.26000000000005,2.282950819672132,0.4098360655737705,293.66,0.09930473833001936,1152,True,False,True,False,False,False
full_history,or_retest_slip_shape|long|buffer_points=0|confirm_pattern=break_prev|end=11:30|max_risk_points=120|max_stop=120|min_reward_points=8|or_class=normal_tight|rr=2|start=10:20|stop_mode=fixed|stop_points=60|target_mode=rr|time_exit=15:55|touch_tolerance=5,or_retest,long,151,2931.159999999999,19.411655629139066,-126.34,0.47019867549668876,1.297543446483677,-1156.0800000000017,0.1213045990765565,0.04391769121715373,90,3293.8999999999996,36.59888888888889,0.5111111111111111,61,-362.74000000000024,-5.946557377049184,0.4098360655737705,233.66,0.0797158804022981,1152,True,False,True,False,False,False
full_history,or_retest_slip_shape|long|buffer_points=0|confirm_pattern=break_prev|end=11:00|max_risk_points=120|max_stop=120|min_reward_points=8|or_class=normal_tight|rr=2.5|start=10:00|stop_mode=fixed|stop_points=60|target_mode=rr|time_exit=15:55|touch_tolerance=10,or_retest,long,196,2925.86,14.927857142857144,-126.34,0.44387755102040816,1.2204359808514391,-1990.1399999999996,0.08950144107292726,0.036917460946703784,117,2730.2199999999993,23.33521367521367,0.452991452991453,79,195.63999999999922,2.476455696202522,0.43037974683544306,293.66,0.10036707156186557,1152,True,False,True,False,False,False
full_history,or_retest_slip_filter|long|buffer_points=0|confirm_pattern=break_prev|end=11:00|max_risk_points=120|max_signal_volume_ratio=2.5|max_stop=120|min_reward_points=8|or_class=normal_tight|rr=2|start=10:00|stop_mode=fixed|stop_points=40|target_mode=rr|time_exit=15:55|touch_tolerance=5,or_retest,long,169,2925.039999999999,17.307928994082836,-86.34,0.44970414201183434,1.3642812486767737,-680.4600000000006,0.1482274522253585,0.056773511506051165,101,1941.1599999999994,19.219405940594054,0.45544554455445546,68,983.8799999999998,14.468823529411761,0.4411764705882353,153.66,0.05253261493859915,1152,True,True,True,False,False,False
full_history,or_retest_slip_shape|long|buffer_points=0|confirm_pattern=break_prev|end=11:30|max_risk_points=120|max_stop=120|min_reward_points=8|or_class=normal_tight|rr=1.5|start=10:00|stop_mode=fixed|stop_points=60|target_mode=rr|time_exit=12:00|touch_tolerance=10,or_retest,long,209,2916.4399999999987,13.954258373205736,13.66,0.5311004784688995,1.3004526714207123,-1292.7800000000027,0.11637740126294611,0.04956961645582863,125,2260.499999999999,18.083999999999993,0.536,84,655.9399999999993,7.808809523809515,0.5238095238095238,173.66,0.05954519894117488,1152,True,False,True,False,False,False
full_history,or_retest_slip_shape|long|buffer_points=0|confirm_pattern=break_prev|end=11:00|max_risk_points=120|max_stop=120|min_reward_points=8|or_class=normal_tight|rr=1.25|start=10:10|stop_mode=fixed|stop_points=60|target_mode=rr|time_exit=15:55|touch_tolerance=5,or_retest,long,153,2908.979999999998,19.012941176470576,143.66,0.5424836601307189,1.3386551491303638,-993.4000000000003,0.14408180670812934,0.05250838023984382,91,1631.059999999999,17.923736263736252,0.5384615384615384,62,1277.9199999999996,20.6116129032258,0.5483870967741935,143.66,0.04938500780342253,1152,True,True,True,False,False,False
full_history,or_retest_slip_shape|long|buffer_points=0|confirm_pattern=break_prev|end=10:45|max_risk_points=120|max_stop=120|min_reward_points=8|or_class=normal_tight|rr=2.5|start=10:20|stop_mode=fixed|stop_points=40|target_mode=rr|time_exit=15:55|touch_tolerance=5,or_retest,long,112,2893.4199999999996,25.83410714285714,-86.34,0.42857142857142855,1.5236238996988647,-735.0999999999993,0.19397362908722326,0.0604819051761298,67,2253.2199999999993,33.63014925373133,0.44776119402985076,45,640.1999999999997,14.22666666666666,0.4,193.66,0.06693117487264207,1152,True,False,True,True,False,False
full_history,or_retest_slip_filter|long|buffer_points=0|confirm_pattern=break_prev|end=11:00|max_risk_points=120|max_signal_volume_ratio=2|max_stop=120|min_reward_points=8|or_class=normal_tight|rr=2|start=10:10|stop_mode=fixed|stop_points=40|target_mode=rr|time_exit=15:55|touch_tolerance=5,or_retest,long,132,2887.62,21.87590909090909,-86.34,0.4621212121212121,1.4774788181836214,-575.1000000000005,0.18612465793808844,0.06300349454744841,79,1790.64,22.666329113924053,0.45569620253164556,53,1096.9799999999998,20.6977358490566,0.4716981132075472,153.66,0.053213372950734514,1152,True,True,True,False,False,False
full_history,or_retest_slip_shape|long|buffer_points=0|confirm_pattern=break_prev|end=11:30|max_risk_points=120|max_stop=120|min_reward_points=8|or_class=normal_tight|rr=1.5|start=10:10|stop_mode=fixed|stop_points=60|target_mode=rr|time_exit=15:55|touch_tolerance=5,or_retest,long,169,2806.5399999999995,16.606745562130175,-3.84,0.4970414201183432,1.2676744651832637,-1232.1600000000003,0.1151890166233294,0.04411925633514001,101,2228.6599999999985,22.06594059405939,0.5148514851485149,68,577.8799999999995,8.49823529411764,0.47058823529411764,173.66,0.06187690180792008,1152,True,False,True,False,False,False
full_history,or_retest_slip_shape|long|buffer_points=0|confirm_pattern=break_prev|end=11:30|max_risk_points=120|max_stop=120|min_reward_points=8|or_class=normal_tight|rr=1.5|start=10:20|stop_mode=fixed|stop_points=60|target_mode=rr|time_exit=15:55|touch_tolerance=10,or_retest,long,163,2799.579999999999,17.17533742331288,25.66,0.50920245398773,1.2780201992114961,-1053.9200000000053,0.11923407320249271,0.044850567538588265,97,2820.0199999999986,29.072371134020603,0.5463917525773195,66,-20.440000000000452,-0.3096969696969766,0.45454545454545453,173.66,0.062030733181405805,1152,True,False,True,False,False,False
full_history,or_retest_slip_shape|long|buffer_points=0|confirm_pattern=break_prev|end=11:30|max_risk_points=120|max_stop=120|min_reward_points=8|or_class=normal_tight|rr=2.5|start=10:00|stop_mode=fixed|stop_points=40|target_mode=rr|time_exit=15:55|touch_tolerance=5,or_retest,long,195,2787.699999999999,14.29589743589743,-86.34,0.4,1.2772787946424127,-1166.8000000000004,0.11155149295618978,0.04589511402681146,117,2402.2199999999984,20.531794871794858,0.41025641025641024,78,385.47999999999945,4.942051282051275,0.38461538461538464,193.66,0.06946945510636011,1152,True,False,True,False,False,False
full_history,or_retest_slip_shape|long|buffer_points=0|confirm_pattern=break_prev|end=10:45|max_risk_points=120|max_stop=120|min_reward_points=8|or_class=normal_tight|rr=2.5|start=10:10|stop_mode=fixed|stop_points=40|target_mode=rr|time_exit=15:55|touch_tolerance=5,or_retest,long,136,2783.2599999999993,20.465147058823526,-86.34,0.4117647058823529,1.407821589227365,-714.1200000000006,0.1566645943185143,0.05382872251414791,81,1491.9599999999994,18.419259259259253,0.3950617283950617,55,1291.3000000000002,23.47818181818182,0.43636363636363634,193.66,0.06958027636656297,1152,True,True,True,False,False,False
full_history,or_retest_slip_shape|long|buffer_points=0|confirm_pattern=break_prev|end=10:45|max_risk_points=120|max_stop=120|min_reward_points=8|or_class=normal_tight|rr=2.5|start=10:00|stop_mode=fixed|stop_points=60|target_mode=rr|time_exit=15:55|touch_tolerance=10,or_retest,long,183,2769.28,15.132677595628417,-126.34,0.4426229508196721,1.2230649521373087,-1737.4599999999991,0.09026603190243691,0.0359768931717564,109,2408.4399999999996,22.095779816513758,0.44954128440366975,74,360.8399999999997,4.876216216216212,0.43243243243243246,293.66,0.10604200369771204,1152,True,False,True,False,False,False
full_history,or_retest_slip_shape|long|buffer_points=0|confirm_pattern=break_prev|end=11:00|max_risk_points=120|max_stop=120|min_reward_points=8|or_class=normal_tight|rr=1.25|start=10:10|stop_mode=fixed|stop_points=60|target_mode=rr|time_exit=15:55|touch_tolerance=10,or_retest,long,166,2753.5599999999986,16.587710843373486,112.91,0.536144578313253,1.290638345482142,-993.4000000000001,0.1257404444218826,0.04773124862990195,99,1430.3399999999995,14.447878787878782,0.5252525252525253,67,1323.2199999999998,19.74955223880597,0.5522388059701493,143.66,0.0521724603785645,1152,True,True,True,False,False,False
full_history,or_retest_slip_filter|long|buffer_points=0|confirm_pattern=break_prev|end=11:00|max_close_vwap_delta=65|max_risk_points=120|max_stop=120|min_reward_points=8|or_class=normal_tight|rr=2|start=10:00|stop_mode=fixed|stop_points=40|target_mode=rr|time_exit=15:55|touch_tolerance=5,or_retest,long,171,2752.3599999999974,16.095672514619867,-86.34,0.4444444444444444,1.3355595381783154,-987.7800000000003,0.13802530406524277,0.053177819821489586,102,1854.819999999999,18.18450980392156,0.45098039215686275,69,897.5399999999995,13.007826086956515,0.43478260869565216,153.66,0.0558284526733422,1152,True,True,True,False,False,False
full_history,or_retest_slip_shape|long|buffer_points=0|confirm_pattern=break_prev|end=10:45|max_risk_points=120|max_stop=120|min_reward_points=8|or_class=normal_tight|rr=1.25|start=10:00|stop_mode=fixed|stop_points=60|target_mode=rr|time_exit=12:00|touch_tolerance=10,or_retest,long,183,2735.279999999999,14.946885245901633,17.66,0.5519125683060109,1.3272304423559136,-816.7600000000002,0.12958755236514455,0.051649080274950354,109,1667.4399999999996,15.297614678899079,0.5412844036697247,74,1067.8399999999992,14.43027027027026,0.5675675675675675,143.66,0.05252113129186045,1152,True,True,True,False,False,False
full_history,or_retest_slip_shape|long|buffer_points=0|confirm_pattern=break_prev|end=10:45|max_risk_points=120|max_stop=120|min_reward_points=8|or_class=normal_tight|rr=1.5|start=10:00|stop_mode=fixed|stop_points=60|target_mode=rr|time_exit=12:00|touch_tolerance=10,or_retest,long,183,2723.279999999999,14.881311475409829,13.66,0.5355191256830601,1.31360103179447,-1208.740000000003,0.12179108950189667,0.048541682003009005,109,1984.4399999999994,18.20587155963302,0.5321100917431193,74,738.8399999999991,9.984324324324312,0.5405405405405406,173.66,0.06376869069651306,1152,True,False,True,False,False,False
full_history,or_retest_slip_shape|long|buffer_points=0|confirm_pattern=break_prev|end=11:30|max_risk_points=120|max_stop=120|min_reward_points=8|or_class=normal_tight|rr=2|start=10:10|stop_mode=fixed|stop_points=40|target_mode=rr|time_exit=15:55|touch_tolerance=10,or_retest,long,182,2710.119999999998,14.89076923076922,-86.34,0.43956043956043955,1.3106446680375687,-1112.1600000000003,0.12848342982279404,0.051068908516860974,109,1240.4399999999994,11.380183486238526,0.42201834862385323,73,1469.6799999999996,20.13260273972602,0.4657534246575342,153.66,0.056698596372116404,1152,True,True,True,False,False,False
full_history,or_retest_slip_filter|long|buffer_points=0|confirm_pattern=break_prev|end=11:00|max_risk_points=120|max_stop=120|min_reward_points=8|or_class=normal_tight|rr=2|start=10:10|stop_mode=fixed|stop_points=40|target_mode=rr|time_exit=15:55|touch_tolerance=5,or_retest,long,153,2690.4799999999987,17.58483660130718,-86.34,0.4444444444444444,1.3707733862521354,-920.4600000000003,0.15033908732860338,0.05478874913300206,91,1328.0599999999993,14.594065934065926,0.42857142857142855,62,1362.42,21.97451612903226,0.46774193548387094,153.66,0.05711248550444533,1152,True,True,True,False,False,False
full_history,or_retest_slip_shape|long|buffer_points=0|confirm_pattern=break_prev|end=11:00|max_risk_points=120|max_stop=120|min_reward_points=8|or_class=normal_tight|rr=2|start=10:10|stop_mode=fixed|stop_points=40|target_mode=rr|time_exit=15:55|touch_tolerance=5,or_retest,long,153,2690.4799999999987,17.58483660130718,-86.34,0.4444444444444444,1.3707733862521354,-920.4600000000003,0.15033908732860338,0.05478874913300206,91,1328.0599999999993,14.594065934065926,0.42857142857142855,62,1362.42,21.97451612903226,0.46774193548387094,153.66,0.05711248550444533,1152,True,True,True,False,False,False
full_history,or_retest_slip_shape|long|buffer_points=0|confirm_pattern=break_prev|end=11:00|max_risk_points=120|max_stop=120|min_reward_points=8|or_class=normal_tight|rr=2|start=10:00|stop_mode=fixed|stop_points=40|target_mode=rr|time_exit=15:55|touch_tolerance=10,or_retest,long,196,2666.8599999999988,13.606428571428566,-86.34,0.4336734693877551,1.2782692351837588,-920.4600000000002,0.11710726693619715,0.04830428316980477,117,1279.7199999999993,10.937777777777772,0.4188034188034188,79,1387.1399999999999,17.55873417721519,0.45569620253164556,153.66,0.05761832267160633,1152,True,True,True,False,False,False
full_history,or_retest_slip_shape|long|buffer_points=0|confirm_pattern=break_prev|end=11:00|max_risk_points=120|max_stop=120|min_reward_points=8|or_class=normal_tight|rr=2|start=10:00|stop_mode=fixed|stop_points=60|target_mode=rr|time_exit=12:00|touch_tolerance=10,or_retest,long,196,2656.8599999999988,13.5554081632653,11.41,0.5204081632653061,1.2766997571329186,-1370.6200000000003,0.10569502693313931,0.04359697433123526,117,2029.7199999999993,17.348034188034184,0.5128205128205128,79,627.1399999999993,7.938481012658219,0.5316455696202531,233.66,0.087945921124937,1152,True,False,True,False,False,False
full_history,or_retest_slip_shape|long|buffer_points=0|confirm_pattern=break_prev|end=11:00|max_risk_points=120|max_stop=120|min_reward_points=8|or_class=normal_tight|rr=1.25|start=10:00|stop_mode=fixed|stop_points=40|target_mode=rr|time_exit=15:55|touch_tolerance=10,or_retest,long,196,2646.359999999999,13.501836734693873,93.66,0.5561224489795918,1.3523040425582893,-905.8200000000003,0.15085670754280234,0.06222521718641162,117,1187.2199999999998,10.147179487179486,0.5384615384615384,79,1459.1399999999996,18.470126582278475,0.5822784810126582,93.66,0.03539201015734821,1152,True,True,True,False,False,False
full_history,or_retest_slip_filter|long|buffer_points=0|confirm_pattern=break_prev|end=11:00|max_risk_points=120|max_signal_volume_ratio=2|max_stop=120|min_reward_points=8|or_class=normal_tight|rr=1.5|start=10:00|stop_mode=fixed|stop_points=40|target_mode=rr|time_exit=15:55|touch_tolerance=5,or_retest,long,150,2629.5,17.53,113.66,0.5266666666666666,1.4289461578365248,-636.0800000000002,0.1764818423302493,0.06368239948528158,90,958.3999999999996,10.648888888888886,0.4888888888888889,60,1671.1000000000001,27.85166666666667,0.5833333333333334,113.66,0.04322494770868986,1152,True,True,True,False,False,False
full_history,or_retest_slip_shape|long|buffer_points=0|confirm_pattern=break_prev|end=11:30|max_risk_points=120|max_stop=120|min_reward_points=8|or_class=normal_tight|rr=2.5|start=10:10|stop_mode=fixed|stop_points=40|target_mode=rr|time_exit=15:55|touch_tolerance=10,or_retest,long,182,2621.1199999999994,14.40175824175824,-86.34,0.3956043956043956,1.2784012575810682,-1318.5000000000005,0.11212569520146702,0.044567123391169715,109,1580.9399999999996,14.504036697247702,0.3853211009174312,73,1040.1799999999996,14.249041095890405,0.410958904109589,193.66,0.07388444634354781,1152,True,True,True,False,False,False
full_history,or_retest_slip_shape|long|buffer_points=0|confirm_pattern=break_prev|end=11:00|max_risk_points=120|max_stop=120|min_reward_points=8|or_class=normal_tight|rr=2.5|start=10:00|stop_mode=fixed|stop_points=40|target_mode=rr|time_exit=15:55|touch_tolerance=10,or_retest,long,196,2620.3599999999983,13.36918367346938,-86.34,0.3979591836734694,1.2584150877898876,-1416.599999999998,0.10485753049750945,0.04325152467607076,117,2168.2199999999984,18.531794871794858,0.4017094017094017,79,452.1399999999993,5.723291139240498,0.3924050632911392,193.66,0.07390587552855338,1152,True,False,True,False,False,False
full_history,or_retest_slip_shape|long|buffer_points=0|confirm_pattern=break_prev|end=11:00|max_risk_points=120|max_stop=120|min_reward_points=8|or_class=normal_tight|rr=2|start=10:00|stop_mode=fixed|stop_points=60|target_mode=rr|time_exit=12:00|touch_tolerance=5,or_retest,long,183,2602.2799999999993,14.220109289617483,13.66,0.5300546448087432,1.2962947781671776,-1370.6200000000001,0.11217431122049935,0.044708769471080614,109,1770.9399999999998,16.247155963302752,0.5137614678899083,74,831.3399999999992,11.234324324324314,0.5540540540540541,233.66,0.08979049141522052,1152,True,True,True,False,False,False
full_history,or_retest_slip_filter|long|buffer_points=0|confirm_pattern=break_prev|end=11:00|max_risk_points=120|max_signal_volume_ratio=2.25|max_stop=120|min_reward_points=8|or_class=normal_tight|rr=1.5|start=10:00|stop_mode=fixed|stop_points=40|target_mode=rr|time_exit=15:55|touch_tolerance=5,or_retest,long,161,2563.7599999999993,15.923975155279498,113.66,0.515527950310559,1.3806893438582104,-840.4600000000003,0.15967566078218517,0.0596932769167917,96,1240.3599999999992,12.920416666666659,0.5,65,1323.3999999999999,20.36,0.5384615384615384,113.66,0.04433332293194372,1152,True,True,True,False,False,False
full_history,or_retest_slip_shape|long|buffer_points=0|confirm_pattern=break_prev|end=11:30|max_risk_points=120|max_stop=120|min_reward_points=8|or_class=normal_tight|rr=2|start=10:00|stop_mode=fixed|stop_points=60|target_mode=rr|time_exit=15:55|touch_tolerance=10,or_retest,long,209,2560.939999999998,12.253301435406687,-126.34,0.44976076555023925,1.1820776247591558,-1804.7999999999995,0.07744199059263666,0.032985525794475105,125,2495.4999999999977,19.96399999999998,0.464,84,65.43999999999946,0.7790476190476125,0.42857142857142855,233.66,0.0912399353362438,1152,True,False,True,False,False,False
full_history,or_retest_slip_shape|long|buffer_points=0|confirm_pattern=break_prev|end=10:45|max_risk_points=120|max_stop=120|min_reward_points=8|or_class=normal_tight|rr=2|start=10:00|stop_mode=fixed|stop_points=40|target_mode=rr|time_exit=15:55|touch_tolerance=5,or_retest,long,168,2550.3799999999987,15.180833333333325,-86.34,0.44047619047619047,1.314242554177201,-873.2200000000005,0.13026114193303628,0.049744295251627095,100,1787.5,17.875,0.45,68,762.8799999999997,11.21882352941176,0.4264705882352941,153.66,0.060249845121119236,1152,True,True,True,False,False,False
full_history,or_retest_slip_shape|long|buffer_points=0|confirm_pattern=break_prev|end=11:30|max_risk_points=120|max_stop=120|min_reward_points=8|or_class=normal_tight|rr=1.25|start=10:10|stop_mode=fixed|stop_points=60|target_mode=rr|time_exit=15:55|touch_tolerance=5,or_retest,long,169,2547.539999999998,15.074201183431942,89.66,0.5325443786982249,1.2619077482352987,-1211.4400000000003,0.11449223605884051,0.043852378109809256,101,1487.6599999999994,14.729306930693063,0.5346534653465347,68,1059.8799999999994,15.586470588235287,0.5294117647058824,143.66,0.05639165626447479,1152,True,True,True,False,False,False
full_history,or_retest_slip_shape|long|buffer_points=0|confirm_pattern=break_prev|end=10:45|max_risk_points=120|max_stop=120|min_reward_points=8|or_class=normal_tight|rr=2.5|start=10:00|stop_mode=fixed|stop_points=40|target_mode=rr|time_exit=15:55|touch_tolerance=10,or_retest,long,183,2536.7799999999984,13.862185792349718,-86.34,0.3989071038251366,1.2684593730818887,-1523.579999999999,0.10840467852057706,0.043206325305943864,109,2018.939999999999,18.522385321100906,0.4036697247706422,74,517.8399999999992,6.997837837837827,0.3918918918918919,193.66,0.076340873075316,1152,True,False,True,False,False,False
full_history,or_retest_slip_shape|long|buffer_points=0|confirm_pattern=break_prev|end=11:30|max_risk_points=120|max_stop=120|min_reward_points=8|or_class=normal_tight|rr=2|start=10:10|stop_mode=fixed|stop_points=40|target_mode=rr|time_exit=15:55|touch_tolerance=5,or_retest,long,169,2535.5399999999995,15.003195266272186,-86.34,0.4378698224852071,1.312266311978127,-1112.1600000000003,0.12926523010041815,0.049510673753474434,101,1211.1599999999996,11.991683168316827,0.42574257425742573,68,1324.38,19.476176470588236,0.45588235294117646,153.66,0.0606024752123808,1152,True,True,True,False,False,False
full_history,or_retest_slip_filter|long|buffer_points=0|confirm_pattern=break_prev|end=11:00|max_risk_points=120|max_stop=120|min_reward_points=8|or_class=normal|rr=2|start=10:00|stop_mode=fixed|stop_points=40|target_mode=rr|time_exit=15:55|touch_tolerance=5,or_retest,long,104,2527.639999999999,24.30423076923076,-86.34,0.47115384615384615,1.5322804135868757,-823.8399999999997,0.20444725487358426,0.06142875504788025,62,2092.9199999999996,33.75677419354838,0.5161290322580645,42,434.7199999999997,10.350476190476183,0.40476190476190477,153.66,0.060791884920320956,1152,True,False,True,True,False,False
full_history,or_retest_slip_shape|long|buffer_points=0|confirm_pattern=break_prev|end=11:00|max_risk_points=120|max_stop=120|min_reward_points=8|or_class=normal|rr=2|start=10:00|stop_mode=fixed|stop_points=40|target_mode=rr|time_exit=15:55|touch_tolerance=5,or_retest,long,104,2527.639999999999,24.30423076923076,-86.34,0.47115384615384615,1.5322804135868757,-823.8399999999997,0.20444725487358426,0.06142875504788025,62,2092.9199999999996,33.75677419354838,0.5161290322580645,42,434.7199999999997,10.350476190476183,0.40476190476190477,153.66,0.060791884920320956,1152,True,False,True,True,False,False
full_history,or_retest_slip_shape|long|buffer_points=0|confirm_pattern=break_prev|end=11:30|max_risk_points=120|max_stop=120|min_reward_points=8|or_class=normal_tight|rr=2.5|start=10:10|stop_mode=fixed|stop_points=40|target_mode=rr|time_exit=15:55|touch_tolerance=5,or_retest,long,169,2526.5399999999995,14.949940828402363,-86.34,0.39644970414201186,1.2896020027097101,-1318.5000000000005,0.11629548400978335,0.04454305123920682,101,1711.6599999999999,16.947128712871287,0.39603960396039606,68,814.8799999999997,11.983529411764701,0.39705882352941174,193.66,0.07665028062092824,1152,True,True,True,False,False,False
full_history,or_retest_slip_shape|long|buffer_points=0|confirm_pattern=break_prev|end=11:30|max_risk_points=120|max_stop=120|min_reward_points=8|or_class=normal_tight|rr=1.25|start=10:20|stop_mode=fixed|stop_points=60|target_mode=rr|time_exit=15:55|touch_tolerance=5,or_retest,long,151,2519.6599999999994,16.68649006622516,91.66,0.5496688741721855,1.2945723564993532,-815.1000000000004,0.1270564025471655,0.04600010137049455,90,2214.3999999999987,24.60444444444443,0.5777777777777777,61,305.25999999999976,5.004262295081963,0.5081967213114754,143.66,0.05701562909281412,1152,True,False,True,False,False,False
full_history,or_retest_slip_filter|long|buffer_points=0|confirm_pattern=break_prev|end=11:00|max_risk_points=120|max_stop=120|min_reward_points=8|or_class=normal_tight|rr=2|signal_vs_ema=above|start=10:10|stop_mode=fixed|stop_points=40|target_mode=rr|time_exit=15:55|touch_tolerance=5,or_retest,long,130,2516.2999999999997,19.356153846153845,-86.34,0.45384615384615384,1.4160796608263715,-747.7800000000004,0.16565114737657724,0.05564676026880645,78,1730.48,22.185641025641026,0.46153846153846156,52,785.8199999999997,15.111923076923071,0.4423076923076923,153.66,0.06106585065373764,1152,True,True,True,False,False,False
full_history,or_retest_slip_filter|long|buffer_points=0|confirm_pattern=break_prev|end=11:00|max_risk_points=120|max_signal_ema_slope=30|max_stop=120|min_reward_points=8|or_class=normal_tight|rr=1.25|start=10:00|stop_mode=fixed|stop_points=40|target_mode=rr|time_exit=15:55|touch_tolerance=5,or_retest,long,160,2514.5999999999985,15.716249999999992,93.66,0.56875,1.4220926367948747,-747.7800000000001,0.17611746487141247,0.0656351039129016,96,1200.3599999999994,12.503749999999995,0.5520833333333334,64,1314.2399999999998,20.534999999999997,0.59375,93.66,0.03724648055356719,1152,True,True,True,False,False,False
full_history,or_retest_slip_filter|long|buffer_points=0|confirm_pattern=break_prev|end=11:00|max_risk_points=120|max_stop=120|min_reward_points=8|or_class=normal_tight|rr=1.25|start=10:00|stop_mode=fixed|stop_points=40|target_mode=rr|time_exit=15:55|touch_tolerance=5,or_retest,long,183,2508.7799999999997,13.70918032786885,93.66,0.5573770491803278,1.3587281977367678,-905.8200000000003,0.15320804052880435,0.06106338332360119,109,1337.9399999999998,12.274678899082566,0.5504587155963303,74,1170.8399999999997,15.822162162162158,0.5675675675675675,93.66,0.037332886901202976,1152,True,True,True,False,False,False
full_history,or_retest_slip_shape|long|buffer_points=0|confirm_pattern=break_prev|end=11:00|max_risk_points=120|max_stop=120|min_reward_points=8|or_class=normal_tight|rr=1.25|start=10:00|stop_mode=fixed|stop_points=40|target_mode=rr|time_exit=15:55|touch_tolerance=5,or_retest,long,183,2508.7799999999997,13.70918032786885,93.66,0.5573770491803278,1.3587281977367678,-905.8200000000003,0.15320804052880435,0.06106338332360119,109,1337.9399999999998,12.274678899082566,0.5504587155963303,74,1170.8399999999997,15.822162162162158,0.5675675675675675,93.66,0.037332886901202976,1152,True,True,True,False,False,False
full_history,or_retest_slip_shape|long|buffer_points=0|confirm_pattern=break_prev|end=11:30|max_risk_points=120|max_stop=120|min_reward_points=8|or_class=normal_tight|rr=1.5|start=10:10|stop_mode=fixed|stop_points=60|target_mode=rr|time_exit=15:55|touch_tolerance=10,or_retest,long,182,2501.1199999999985,13.742417582417575,-79.34,0.489010989010989,1.217571562038411,-1532.1600000000003,0.09544217477575462,0.0379358466612833,109,1817.9399999999991,16.678348623853203,0.4954128440366973,73,683.1799999999994,9.358630136986292,0.4794520547945205,173.66,0.06943289406345961,1152,True,False,True,False,False,False
full_history,or_retest_slip_shape|long|buffer_points=0|confirm_pattern=break_prev|end=10:45|max_risk_points=120|max_stop=120|min_reward_points=8|or_class=normal_tight|rr=1.5|start=10:00|stop_mode=fixed|stop_points=60|target_mode=rr|time_exit=12:00|touch_tolerance=5,or_retest,long,168,2464.879999999999,14.671904761904758,13.66,0.5357142857142857,1.3084562421317925,-942.4400000000003,0.12003163204260484,0.0458378366353603,100,1578.4999999999995,15.784999999999995,0.52,68,886.3799999999994,13.034999999999991,0.5588235294117647,173.66,0.07045373405601897,1152,True,True,True,False,False,False
full_history,or_retest_slip_filter|long|buffer_points=0|confirm_pattern=break_prev|end=11:00|max_close_vwap_delta=65|max_risk_points=120|max_stop=120|min_reward_points=8|or_class=normal_tight|rr=1.25|start=10:00|stop_mode=fixed|stop_points=40|target_mode=rr|time_exit=15:55|touch_tolerance=5,or_retest,long,171,2464.8599999999988,14.414385964912274,93.66,0.5614035087719298,1.3806439657169325,-999.4800000000004,0.16123222163172116,0.06211888529727372,102,1222.3200000000002,11.983529411764707,0.5490196078431373,69,1242.5400000000002,18.007826086956523,0.5797101449275363,93.66,0.03799810131204208,1152,True,True,True,False,False,False
full_history,or_retest_slip_filter|long|buffer_points=0|confirm_pattern=break_prev|end=11:00|max_risk_points=120|max_signal_volume_ratio=2.25|max_stop=120|min_reward_points=8|or_class=normal_tight|rr=2|start=10:10|stop_mode=fixed|stop_points=40|target_mode=rr|time_exit=15:55|touch_tolerance=5,or_retest,long,139,2459.24,17.692374100719423,-86.34,0.4460431654676259,1.37455983234029,-834.1200000000003,0.15149787718821925,0.052624466744482595,83,1538.7799999999995,18.53951807228915,0.4457831325301205,56,920.4599999999998,16.436785714285712,0.44642857142857145,153.66,0.062482718238154884,1152,True,True,True,False,False,False
full_history,or_retest_slip_shape|long|buffer_points=0|confirm_pattern=break_prev|end=10:45|max_risk_points=120|max_stop=120|min_reward_points=8|or_class=normal_tight|rr=1.5|start=10:10|stop_mode=fixed|stop_points=60|target_mode=rr|time_exit=15:55|touch_tolerance=10,or_retest,long,150,2452.499999999999,16.349999999999994,-40.59,0.49333333333333335,1.2616323726455752,-995.1000000000001,0.11289481854103368,0.04073740867173734,90,1913.8999999999996,21.26555555555555,0.5,60,538.5999999999995,8.976666666666658,0.48333333333333334,173.66,0.070809378185525,1152,True,False,True,False,False,False
full_history,or_retest_slip_shape|long|buffer_points=0|confirm_pattern=break_prev|end=11:00|max_risk_points=120|max_stop=120|min_reward_points=8|or_class=normal_tight|rr=1.5|start=10:10|stop_mode=fixed|stop_points=40|target_mode=rr|time_exit=15:55|touch_tolerance=10,or_retest,long,166,2448.0599999999986,14.747349397590353,45.91,0.5120481927710844,1.3500458995015394,-1117.0000000000007,0.1482772237355831,0.05628624158928953,99,781.3399999999996,7.892323232323228,0.47474747474747475,67,1666.7199999999996,24.876417910447756,0.5671641791044776,113.66,0.04642860060619432,1152,True,True,True,False,False,False
full_history,or_retest_slip_filter|long|buffer_points=0|confirm_pattern=break_prev|end=11:00|max_risk_points=120|max_signal_ema_slope=20|max_stop=120|min_reward_points=8|or_class=normal_tight|rr=2|start=10:00|stop_mode=fixed|stop_points=40|target_mode=rr|time_exit=15:55|touch_tolerance=5,or_retest,long,138,2438.079999999999,17.667246376811587,-86.34,0.45652173913043476,1.3765083777314486,-709.7400000000004,0.15193180365432585,0.05258501440713362,82,1262.1199999999994,15.391707317073164,0.43902439024390244,56,1175.9599999999996,20.99928571428571,0.48214285714285715,153.66,0.06302500328127053,1152,True,True,True,False,False,False
full_history,or_retest_slip_shape|long|buffer_points=0|confirm_pattern=break_prev|end=11:30|max_risk_points=120|max_stop=120|min_reward_points=8|or_class=normal_tight|rr=2.5|start=10:00|stop_mode=fixed|stop_points=60|target_mode=rr|time_exit=15:55|touch_tolerance=10,or_retest,long,209,2433.4399999999996,11.643253588516744,-126.34,0.4354066985645933,1.1688702106575104,-2116.48,0.06998088431178992,0.029807553330198196,125,2167.4999999999995,17.339999999999996,0.448,84,265.9399999999998,3.165952380952379,0.4166666666666667,293.66,0.12067690183444016,1152,True,False,True,False,False,False
full_history,or_retest_slip_filter|long|buffer_points=0|confirm_pattern=break_prev|end=11:00|max_risk_points=120|max_signal_volume_ratio=2.25|max_stop=120|min_reward_points=8|or_class=normal_tight|rr=1.25|start=10:00|stop_mode=fixed|stop_points=40|target_mode=rr|time_exit=15:55|touch_tolerance=5,or_retest,long,161,2428.259999999999,15.082360248447198,93.66,0.5652173913043478,1.4017770276978052,-740.4600000000003,0.16885592041234482,0.0631252325297307,96,1200.3599999999992,12.503749999999991,0.5520833333333334,65,1227.8999999999999,18.89076923076923,0.5846153846153846,93.66,0.038570828494477544,1152,True,True,True,False,False,False
full_history,or_retest_slip_shape|long|buffer_points=0|confirm_pattern=break_prev|end=11:30|max_risk_points=120|max_stop=120|min_reward_points=8|or_class=normal_tight|rr=1.25|start=10:00|stop_mode=fixed|stop_points=40|target_mode=rr|time_exit=15:55|touch_tolerance=10,or_retest,long,209,2423.939999999998,11.59779904306219,93.66,0.5454545454545454,1.2955195493946814,-1128.2400000000005,0.12931220688499753,0.05507904824118961,125,1036.4999999999989,8.291999999999991,0.528,84,1387.4399999999996,16.51714285714285,0.5714285714285714,93.66,0.03863957028639326,1152,True,True,True,False,False,False
full_history,or_retest_slip_filter|long|buffer_points=0|confirm_pattern=break_prev|end=11:00|max_risk_points=120|max_signal_volume_ratio=2|max_stop=120|min_reward_points=8|or_class=normal_tight|rr=1.25|start=10:00|stop_mode=fixed|stop_points=40|target_mode=rr|time_exit=15:55|touch_tolerance=5,or_retest,long,150,2413.999999999999,16.093333333333327,93.66,0.5733333333333334,1.4368629835533928,-676.0800000000002,0.181009653636997,0.06531623265827571,90,818.3999999999996,9.09333333333333,0.5333333333333333,60,1595.6,26.59333333333333,0.6333333333333333,93.66,0.038798674399337214,1152,True,True,True,False,False,False
full_history,or_retest_slip_filter|long|buffer_points=0|confirm_pattern=break_prev|end=11:00|max_risk_points=120|max_stop=120|min_reward_points=8|or_class=normal_tight|prior_day_zombie=no|rr=2|start=10:00|stop_mode=fixed|stop_points=40|target_mode=rr|time_exit=15:55|touch_tolerance=5,or_retest,long,120,2411.699999999999,20.09749999999999,-86.34,0.4583333333333333,1.429732185812797,-744.9,0.1707076095370432,0.055095644067320565,72,1374.5199999999995,19.09055555555555,0.4583333333333333,48,1037.1799999999996,21.607916666666657,0.4583333333333333,153.66,0.06371439233735542,1152,True,True,True,False,False,False
full_history,or_retest_slip_shape|long|buffer_points=0|confirm_pattern=break_prev|end=11:30|max_risk_points=120|max_stop=120|min_reward_points=8|or_class=normal_tight|rr=2|start=10:00|stop_mode=fixed|stop_points=40|target_mode=rr|time_exit=15:55|touch_tolerance=10,or_retest,long,209,2376.439999999998,11.370526315789464,-86.34,0.4258373205741627,1.2293683885414257,-1063.8600000000006,0.09834874173534286,0.04189051614685348,125,1038.9999999999986,8.311999999999989,0.416,84,1337.4399999999998,15.92190476190476,0.44047619047619047,153.66,0.06465974314520886,1152,True,True,True,False,False,False
full_history,or_retest_slip_shape|long|buffer_points=0|confirm_pattern=break_prev|end=11:00|max_risk_points=120|max_stop=120|min_reward_points=8|or_class=normal_tight|rr=2.5|start=10:00|stop_mode=fixed|stop_points=40|target_mode=rr|time_exit=12:00|touch_tolerance=5,or_retest,long,183,2375.7799999999997,12.982404371584698,-36.34,0.4644808743169399,1.3002064742437909,-1152.6200000000003,0.11569117825943413,0.046110470056476706,109,1640.4399999999998,15.049908256880732,0.45871559633027525,74,735.3399999999995,9.93702702702702,0.47297297297297297,193.66,0.08151428162540303,1152,True,True,True,False,False,False
full_history,or_retest_slip_filter|long|buffer_points=0|confirm_pattern=break_prev|end=11:00|max_risk_points=120|max_signal_ema_slope=20|max_stop=120|min_reward_points=8|or_class=normal_tight|rr=1.25|start=10:00|stop_mode=fixed|stop_points=40|target_mode=rr|time_exit=15:55|touch_tolerance=5,or_retest,long,138,2370.079999999999,17.17449275362318,93.66,0.5797101449275363,1.4732852475777394,-589.7400000000002,0.19355995410361862,0.06699290556926858,82,969.1199999999995,11.818536585365848,0.5487804878048781,56,1400.9599999999996,25.01714285714285,0.625,93.66,0.03951765341254305,1152,True,True,True,False,False,False
full_history,or_retest_slip_filter|long|buffer_points=0|confirm_pattern=break_prev|end=11:00|max_close_vwap_delta=65|max_risk_points=120|max_stop=120|min_reward_points=8|or_class=normal_tight|rr=2|start=10:10|stop_mode=fixed|stop_points=40|target_mode=rr|time_exit=15:55|touch_tolerance=5,or_retest,long,143,2353.879999999999,16.460699300699297,-86.34,0.4405594405594406,1.344906003194279,-1006.8000000000003,0.14109020116372276,0.04970941267000195,85,1366.0999999999997,16.071764705882348,0.43529411764705883,58,987.7799999999999,17.030689655172413,0.4482758620689655,153.66,0.0652794534980543,1152,True,True,True,False,False,False
full_history,or_retest_slip_shape|long|buffer_points=0|confirm_pattern=break_prev|end=10:45|max_risk_points=120|max_stop=120|min_reward_points=8|or_class=normal_tight|rr=2|start=10:10|stop_mode=fixed|stop_points=40|target_mode=rr|time_exit=15:55|touch_tolerance=10,or_retest,long,150,2345.499999999999,15.636666666666661,-86.34,0.44,1.3271241802718523,-661.4400000000005,0.1343779776872038,0.048489475994290404,90,1414.3999999999994,15.715555555555548,0.43333333333333335,60,931.0999999999995,15.518333333333324,0.45,153.66,0.06551268386271586,1152,True,True,True,False,False,False
full_history,or_retest_slip_shape|long|buffer_points=0|confirm_pattern=break_prev|end=11:00|max_risk_points=120|max_stop=120|min_reward_points=8|or_class=normal_tight|rr=1.5|start=10:10|stop_mode=fixed|stop_points=60|target_mode=rr|time_exit=12:00|touch_tolerance=10,or_retest,long,166,2341.5599999999995,14.105783132530117,13.66,0.536144578313253,1.3092932206882337,-1229.44,0.1184561719706857,0.04496612861577612,99,1445.84,14.604444444444443,0.5151515151515151,67,895.7199999999995,13.368955223880588,0.5671641791044776,173.66,0.0741642323920805,1152,True,True,True,False,False,False
full_history,or_retest_slip_shape|long|buffer_points=0|confirm_pattern=break_prev|end=11:30|max_risk_points=120|max_stop=120|min_reward_points=8|or_class=normal|rr=2|start=10:00|stop_mode=fixed|stop_points=40|target_mode=rr|time_exit=15:55|touch_tolerance=5,or_retest,long,109,2335.939999999999,21.430642201834853,-86.34,0.45871559633027525,1.4585615403038044,-996.5199999999979,0.1806215920128374,0.05555928847765023,65,1833.8999999999999,28.213846153846152,0.49230769230769234,44,502.0399999999995,11.40999999999999,0.4090909090909091,153.66,0.06578079916436212,1152,True,False,True,False,False,False
full_history,or_retest_slip_shape|long|buffer_points=0|confirm_pattern=break_prev|end=11:00|max_risk_points=120|max_stop=120|min_reward_points=8|or_class=normal|rr=2.5|start=10:00|stop_mode=fixed|stop_points=40|target_mode=rr|time_exit=15:55|touch_tolerance=5,or_retest,long,104,2332.139999999999,22.424423076923066,-86.34,0.41346153846153844,1.4468779820416415,-1329.080000000001,0.16827728709976028,0.050561032261180056,62,2412.919999999999,38.91806451612902,0.46774193548387094,42,-80.78000000000023,-1.9233333333333387,0.3333333333333333,193.66,0.08303961168712001,1152,True,False,True,False,False,False
full_history,or_retest_slip_shape|long|buffer_points=0|confirm_pattern=break_prev|end=10:45|max_risk_points=120|max_stop=120|min_reward_points=8|or_class=normal_tight|rr=1.25|start=10:00|stop_mode=fixed|stop_points=40|target_mode=rr|time_exit=15:55|touch_tolerance=10,or_retest,long,183,2328.779999999999,12.725573770491797,93.66,0.5519125683060109,1.328929303886506,-733.1400000000002,0.14204807254555674,0.05661540918015508,109,1337.9399999999996,12.274678899082565,0.5504587155963303,74,990.8399999999992,13.38972972972972,0.5540540540540541,93.66,0.04021848349779715,1152,True,True,True,False,False,False
full_history,or_retest_slip_filter|long|buffer_points=0|confirm_pattern=break_prev|end=11:00|max_risk_points=120|max_signal_ema_slope=30|max_stop=120|min_reward_points=8|or_class=normal_tight|rr=2|start=10:10|stop_mode=fixed|stop_points=40|target_mode=rr|time_exit=15:55|touch_tolerance=5,or_retest,long,138,2305.579999999999,16.707101449275356,-86.34,0.4420289855072464,1.3511563158728412,-968.7600000000002,0.14325223968899037,0.0495809363590428,82,1385.1199999999992,16.891707317073163,0.43902439024390244,56,920.4599999999997,16.43678571428571,0.44642857142857145,153.66,0.06664700422453355,1152,True,True,True,False,False,False
full_history,or_retest_slip_filter|long|buffer_points=0|confirm_pattern=break_prev|end=11:00|max_close_ema_delta=90|max_risk_points=120|max_stop=120|min_reward_points=8|or_class=normal_tight|rr=2|start=10:00|stop_mode=fixed|stop_points=40|target_mode=rr|time_exit=15:55|touch_tolerance=5,or_retest,long,134,2303.44,17.189850746268657,-86.34,0.4552238805970149,1.3654618091584396,-709.7400000000002,0.14801437986173294,0.050481246436592395,80,1194.7999999999993,14.934999999999992,0.4375,54,1108.6399999999999,20.530370370370367,0.48148148148148145,153.66,0.06670892230750529,1152,True,True,True,False,False,False
full_history,or_retest_slip_shape|long|buffer_points=0|confirm_pattern=break_prev|end=11:30|max_risk_points=120|max_stop=120|min_reward_points=8|or_class=normal_tight|rr=2.5|start=10:20|stop_mode=fixed|stop_points=40|target_mode=rr|time_exit=15:55|touch_tolerance=10,or_retest,long,163,2295.579999999999,14.083312883435577,-86.34,0.39263803680981596,1.2685623901746208,-1145.8200000000006,0.10885321263220175,0.040945748424291925,97,1889.5199999999995,19.479587628865975,0.4020618556701031,66,406.0599999999996,6.152424242424236,0.3787878787878788,193.66,0.08436212199095657,1152,True,False,True,False,False,False
full_history,or_retest_slip_filter|long|buffer_points=0|confirm_pattern=break_prev|end=11:00|max_risk_points=120|max_stop=120|min_reward_points=8|or_class=normal_tight|rr=2|signal_vs_ema=above|start=10:00|stop_mode=fixed|stop_points=40|target_mode=rr|time_exit=15:55|touch_tolerance=5,or_retest,long,150,2288.4999999999995,15.256666666666664,-86.34,0.44,1.3155437528265876,-1006.8000000000003,0.13084613619598132,0.04721503247198266,90,1431.8999999999996,15.909999999999997,0.4444444444444444,60,856.5999999999998,14.276666666666664,0.43333333333333335,153.66,0.06714441774087831,1152,True,True,True,False,False,False
full_history,or_retest_slip_shape|long|buffer_points=0|confirm_pattern=break_prev|end=10:45|max_risk_points=120|max_stop=120|min_reward_points=8|or_class=normal_tight|rr=1.5|start=10:10|stop_mode=fixed|stop_points=60|target_mode=rr|time_exit=15:55|touch_tolerance=5,or_retest,long,136,2284.2599999999993,16.7960294117647,-40.59,0.49264705882352944,1.2690701175339774,-868.7599999999999,0.11592181702694868,0.03982982465963611,81,1850.9599999999998,22.851358024691354,0.5061728395061729,55,433.2999999999997,7.8781818181818135,0.4727272727272727,173.66,0.07602462066489807,1152,True,False,True,False,False,False
full_history,or_retest_slip_shape|long|buffer_points=0|confirm_pattern=break_prev|end=11:00|max_risk_points=120|max_stop=120|min_reward_points=8|or_class=normal_tight|rr=2|start=10:20|stop_mode=fixed|stop_points=40|target_mode=rr|time_exit=15:55|touch_tolerance=10,or_retest,long,143,2279.38,15.93972027972028,-86.34,0.4405594405594406,1.33000057910586,-1006.8000000000004,0.13624795453551627,0.04800337473181711,85,1606.0999999999997,18.895294117647055,0.4470588235294118,58,673.2799999999996,11.60827586206896,0.43103448275862066,153.66,0.06741306846598635,1152,True,True,True,False,False,False
full_history,or_retest_slip_shape|long|buffer_points=0|confirm_pattern=break_prev|end=11:30|max_risk_points=120|max_stop=120|min_reward_points=8|or_class=normal_tight|rr=2|start=10:00|stop_mode=fixed|stop_points=60|target_mode=rr|time_exit=12:00|touch_tolerance=10,or_retest,long,209,2278.4399999999987,10.901626794258368,6.66,0.507177033492823,1.22223219267068,-1496.9600000000003,0.08630263566130966,0.036759615719485265,125,1992.4999999999995,15.939999999999996,0.512,84,285.9399999999995,3.404047619047613,0.5,233.66,0.10255262372500488,1152,True,False,True,False,False,False
full_history,or_retest_slip_filter|long|buffer_points=0|confirm_pattern=break_prev|end=11:00|max_risk_points=120|max_signal_volume_ratio=2.5|max_stop=120|min_reward_points=8|or_class=normal_tight|rr=1.25|start=10:00|stop_mode=fixed|stop_points=40|target_mode=rr|time_exit=15:55|touch_tolerance=5,or_retest,long,169,2277.539999999999,13.476568047337272,93.66,0.5562130177514792,1.3517164697706732,-740.4600000000003,0.15055865364082324,0.05766639935102735,101,948.6599999999993,9.392673267326726,0.5346534653465347,68,1328.88,19.54235294117647,0.5882352941176471,93.66,0.041123317263363116,1152,True,True,True,False,False,False
full_history,or_retest_slip_shape|long|buffer_points=0|confirm_pattern=break_prev|end=11:00|max_risk_points=120|max_stop=120|min_reward_points=8|or_class=normal_tight|rr=2|start=10:00|stop_mode=fixed|stop_points=40|target_mode=rr|time_exit=12:00|touch_tolerance=5,or_retest,long,183,2273.7799999999997,12.42502732240437,-31.34,0.47540983606557374,1.2919916683146826,-952.6200000000003,0.11730215374572023,0.04675254871830462,109,1400.9399999999998,12.852660550458713,0.47706422018348627,74,872.8399999999995,11.795135135135128,0.47297297297297297,153.66,0.06757909736210188,1152,True,True,True,False,False,False
full_history,or_retest_slip_filter|long|buffer_points=0|confirm_pattern=break_prev|end=11:00|max_risk_points=120|max_signal_volume_ratio=2.5|max_stop=120|min_reward_points=8|or_class=normal_tight|rr=1.5|start=10:00|stop_mode=fixed|stop_points=40|target_mode=rr|time_exit=15:55|touch_tolerance=5,or_retest,long,169,2273.039999999999,13.449940828402362,42.66,0.5029585798816568,1.3134120917303678,-840.4600000000003,0.1348170119202186,0.05163709598021769,101,1008.6599999999993,9.98673267326732,0.48514851485148514,68,1264.38,18.593823529411765,0.5294117647058824,113.66,0.050003519515714655,1152,True,True,True,False,False,False
full_history,or_retest_slip_shape|long|buffer_points=0|confirm_pattern=break_prev|end=11:00|max_risk_points=120|max_stop=120|min_reward_points=8|or_class=normal_tight|rr=2.5|start=10:10|stop_mode=fixed|stop_points=60|target_mode=rr|time_exit=15:55|touch_tolerance=5,or_retest,long,153,2270.4799999999996,14.839738562091501,-126.34,0.42483660130718953,1.2138045203975358,-1607.96,0.08734082055802994,0.03183000769563675,91,1434.5599999999997,15.7643956043956,0.4175824175824176,62,835.9200000000001,13.482580645161292,0.43548387096774194,293.66,0.12933828970085623,1152,True,True,True,False,False,False
full_history,or_retest_slip_filter|long|buffer_points=0|confirm_pattern=break_prev|end=11:00|max_risk_points=120|max_stop=120|min_reward_points=8|or_class=normal_tight|rr=1.5|start=10:00|stop_mode=fixed|stop_points=40|target_mode=rr|time_exit=15:55|touch_tolerance=5,or_retest,long,183,2264.2799999999997,12.37311475409836,-86.34,0.4972677595628415,1.2850560473758947,-985.8200000000003,0.12401088996766345,0.04942641707484449,109,1117.9399999999996,10.256330275229354,0.48623853211009177,74,1146.3399999999997,15.491081081081077,0.5135135135135135,113.66,0.0501969721059233,1152,True,True,True,False,False,False
full_history,or_retest_slip_shape|long|buffer_points=0|confirm_pattern=break_prev|end=11:00|max_risk_points=120|max_stop=120|min_reward_points=8|or_class=normal_tight|rr=1.5|start=10:00|stop_mode=fixed|stop_points=40|target_mode=rr|time_exit=15:55|touch_tolerance=5,or_retest,long,183,2264.2799999999997,12.37311475409836,-86.34,0.4972677595628415,1.2850560473758947,-985.8200000000003,0.12401088996766345,0.04942641707484449,109,1117.9399999999996,10.256330275229354,0.48623853211009177,74,1146.3399999999997,15.491081081081077,0.5135135135135135,113.66,0.0501969721059233,1152,True,True,True,False,False,False
full_history,or_retest_slip_filter|long|buffer_points=0|confirm_pattern=break_prev|end=11:00|max_risk_points=120|max_signal_ema_slope=30|max_stop=120|min_reward_points=8|or_class=normal_tight|rr=1.5|start=10:00|stop_mode=fixed|stop_points=40|target_mode=rr|time_exit=15:55|touch_tolerance=5,or_retest,long,160,2250.099999999999,14.063124999999994,45.91,0.50625,1.3298850878041766,-867.7800000000002,0.14098302706859547,0.05254127203317874,96,1040.3599999999992,10.837083333333325,0.4895833333333333,64,1209.7399999999998,18.902187499999997,0.53125,113.66,0.050513310519532485,1152,True,True,True,False,False,False
full_history,or_retest_slip_shape|long|buffer_points=0|confirm_pattern=break_prev|end=11:30|max_risk_points=120|max_stop=120|min_reward_points=8|or_class=normal_tight|rr=2|start=10:00|stop_mode=fixed|stop_points=60|target_mode=rr|time_exit=12:00|touch_tolerance=5,or_retest,long,195,2234.199999999999,11.457435897435891,11.16,0.5128205128205128,1.238816499738116,-1496.96,0.0918553802387471,0.03779163360627618,117,1613.2199999999996,13.788205128205124,0.5042735042735043,78,620.9799999999996,7.961282051282046,0.5256410256410257,233.66,0.10458329603437477,1152,True,False,True,False,False,False
full_history,or_retest_slip_shape|long|buffer_points=0|confirm_pattern=break_prev|end=11:00|max_risk_points=120|max_stop=120|min_reward_points=8|or_class=normal_tight|rr=2.5|start=10:00|stop_mode=fixed|stop_points=60|target_mode=rr|time_exit=12:00|touch_tolerance=5,or_retest,long,183,2231.7799999999997,12.19551912568306,13.66,0.5300546448087432,1.2541097652896476,-1508.6200000000003,0.09703809233939338,0.03867600035258821,109,1499.4399999999998,13.756330275229356,0.5137614678899083,74,732.3399999999995,9.896486486486479,0.5540540540540541,293.66,0.13158106981870976,1152,True,True,True,False,False,False
full_history,or_retest_slip_filter|long|buffer_points=0|confirm_pattern=break_prev|end=11:00|max_risk_points=120|max_signal_ema_slope=30|max_stop=120|min_reward_points=8|or_class=normal|rr=2|start=10:00|stop_mode=fixed|stop_points=40|target_mode=rr|time_exit=15:55|touch_tolerance=5,or_retest,long,88,2229.0799999999995,25.33045454545454,-86.34,0.4772727272727273,1.5612492572337868,-785.799999999999,0.2131918688114646,0.058923119766858316,52,1996.3199999999995,38.39076923076922,0.5384615384615384,36,232.75999999999988,6.465555555555552,0.3888888888888889,153.66,0.06893426884634021,1152,True,False,True,True,False,False
full_history,or_retest_slip_shape|long|buffer_points=0|confirm_pattern=break_prev|end=11:00|max_risk_points=120|max_stop=120|min_reward_points=8|or_class=normal_tight|rr=2.5|start=10:10|stop_mode=fixed|stop_points=60|target_mode=rr|time_exit=15:55|touch_tolerance=10,or_retest,long,166,2218.5599999999995,13.364819277108431,-126.34,0.42168674698795183,1.1907595265405233,-1857.9599999999998,0.07849320426645624,0.02979613016182315,99,1203.3400000000004,12.154949494949499,0.40404040404040403,67,1015.2199999999998,15.152537313432832,0.44776119402985076,293.66,0.13236513774700712,1152,True,True,True,False,False,False
full_history,or_retest_slip_shape|long|buffer_points=0|confirm_pattern=break_prev|end=11:00|max_risk_points=120|max_stop=120|min_reward_points=8|or_class=normal_tight|rr=2.5|start=10:00|stop_mode=fixed|stop_points=60|target_mode=rr|time_exit=12:00|touch_tolerance=10,or_retest,long,196,2213.8599999999988,11.295204081632647,11.41,0.5204081632653061,1.230563343317406,-1517.1400000000003,0.0891109502466368,0.03675639169846813,117,1684.7199999999996,14.399316239316235,0.5128205128205128,79,529.1399999999993,6.697974683544295,0.5316455696202531,293.66,0.1326461474528652,1152,True,False,True,False,False,False
full_history,or_retest_slip_shape|long|buffer_points=0|confirm_pattern=break_prev|end=11:30|max_risk_points=120|max_stop=120|min_reward_points=8|or_class=normal_tight|rr=2.5|start=10:20|stop_mode=fixed|stop_points=40|target_mode=rr|time_exit=15:55|touch_tolerance=5,or_retest,long,151,2211.6599999999994,14.646754966887412,-86.34,0.3973509933774834,1.2814912675927264,-1425.8200000000006,0.11340825124753545,0.04105886007358491,90,1933.8999999999994,21.487777777777772,0.4111111111111111,61,277.75999999999965,4.553442622950814,0.3770491803278688,193.66,0.0875631878317644,1152,True,False,True,False,False,False
full_history,or_retest_slip_shape|long|buffer_points=0|confirm_pattern=break_prev|end=11:00|max_risk_points=120|max_stop=120|min_reward_points=8|or_class=normal_tight|rr=1.5|start=10:10|stop_mode=fixed|stop_points=40|target_mode=rr|time_exit=12:00|touch_tolerance=10,or_retest,long,166,2205.5599999999995,13.286506024096383,14.66,0.5240963855421686,1.3551706479695187,-958.4600000000003,0.1440800945262822,0.05469300546910526,99,719.3399999999993,7.2660606060605994,0.47474747474747475,67,1486.22,22.18238805970149,0.5970149253731343,113.66,0.051533397413808746,1152,True,False,True,False,False,False
full_history,or_retest_slip_shape|long|buffer_points=0|confirm_pattern=break_prev|end=11:00|max_risk_points=120|max_stop=120|min_reward_points=8|or_class=normal_tight|rr=1.5|start=10:10|stop_mode=fixed|stop_points=60|target_mode=rr|time_exit=12:00|touch_tolerance=5,or_retest,long,153,2202.4799999999987,14.39529411764705,13.66,0.5424836601307189,1.320416654543338,-1040.4400000000003,0.12184847525212072,0.04440578735346025,91,1533.0599999999997,16.846813186813183,0.5274725274725275,62,669.4199999999998,10.797096774193546,0.5645161290322581,173.66,0.0788474810213941,1152,True,True,True,False,False,False
full_history,or_retest_slip_shape|long|buffer_points=0|confirm_pattern=break_prev|end=11:30|max_risk_points=120|max_stop=120|min_reward_points=8|or_class=normal_tight|rr=1.25|start=10:00|stop_mode=fixed|stop_points=40|target_mode=rr|time_exit=15:55|touch_tolerance=5,or_retest,long,195,2192.6999999999985,11.244615384615377,93.66,0.5435897435897435,1.2853495326810904,-1128.2400000000007,0.12532744867861167,0.051562891677776335,117,827.2199999999992,7.070256410256404,0.5213675213675214,78,1365.48,17.506153846153847,0.5769230769230769,93.66,0.042714461622657025,1152,True,True,True,False,False,False
full_history,or_retest_slip_filter|long|buffer_points=0|confirm_pattern=break_prev|end=11:00|max_risk_points=120|max_signal_volume_ratio=2|max_stop=120|min_reward_points=8|or_class=normal_tight|rr=1.5|start=10:10|stop_mode=fixed|stop_points=40|target_mode=rr|time_exit=15:55|touch_tolerance=5,or_retest,long,132,2183.62,16.542575757575758,81.41,0.5227272727272727,1.4014435362593798,-739.9400000000003,0.16662181418799524,0.056401750729724594,79,708.1399999999995,8.963797468354425,0.4810126582278481,53,1475.48,27.83924528301887,0.5849056603773585,113.66,0.05205118106630274,1152,True,False,True,False,False,False
full_history,or_retest_slip_filter|long|buffer_points=0|confirm_pattern=break_prev|end=11:00|max_risk_points=120|max_signal_volume_ratio=2.5|max_stop=120|min_reward_points=8|or_class=normal_tight|rr=2|start=10:10|stop_mode=fixed|stop_points=40|target_mode=rr|time_exit=15:55|touch_tolerance=5,or_retest,long,145,2181.199999999999,15.042758620689648,-86.34,0.43448275862068964,1.3117166710968957,-834.1200000000002,0.12914685977425644,0.045818578605040246,87,1433.4199999999998,16.476091954022987,0.4367816091954023,58,747.7799999999999,12.892758620689653,0.43103448275862066,153.66,0.07044746011369891,1152,True,True,True,False,False,False
full_history,or_retest_slip_filter|long|buffer_points=0|confirm_pattern=break_prev|end=11:00|max_risk_points=120|max_signal_ema_slope=20|max_stop=120|min_reward_points=8|or_class=normal|rr=2|start=10:00|stop_mode=fixed|stop_points=40|target_mode=rr|time_exit=15:55|touch_tolerance=5,or_retest,long,76,2181.16,28.699473684210524,-28.340000000000003,0.5,1.6648013362105742,-518.0399999999997,0.24310685288663225,0.06244213700633647,45,1640.7,36.46,0.5333333333333333,31,540.4599999999999,17.434193548387093,0.45161290322580644,153.66,0.07044875204019879,1152,False,False,True,True,False,False
full_history,or_retest_slip_filter|long|buffer_points=0|confirm_pattern=break_prev|end=11:00|max_close_ema_delta=90|max_risk_points=120|max_stop=120|min_reward_points=8|or_class=normal|rr=2|start=10:00|stop_mode=fixed|stop_points=40|target_mode=rr|time_exit=15:55|touch_tolerance=5,or_retest,long,76,2181.1599999999994,28.699473684210517,-28.340000000000003,0.5,1.6648013362105742,-604.3799999999998,0.2431068528866322,0.062442137006336454,45,1880.7,41.79333333333334,0.5555555555555556,31,300.46000000000004,9.69225806451613,0.41935483870967744,153.66,0.0704487520401988,1152,False,False,True,True,False,False
full_history,or_retest_slip_filter|long|buffer_points=0|confirm_pattern=break_prev|end=11:00|max_risk_points=120|max_signal_volume_ratio=2.25|max_stop=120|min_reward_points=8|or_class=normal_tight|rr=1.5|start=10:10|stop_mode=fixed|stop_points=40|target_mode=rr|time_exit=15:55|touch_tolerance=5,or_retest,long,139,2179.24,15.67798561151079,49.16,0.5179856115107914,1.3767195986709946,-954.1200000000002,0.1578245436475484,0.05482210445975409,83,762.7799999999993,9.190120481927702,0.4819277108433735,56,1416.4599999999996,25.293928571428562,0.5714285714285714,113.66,0.05215579743396781,1152,True,True,True,False,False,False
full_history,or_retest_slip_shape|long|buffer_points=0|confirm_pattern=break_prev|end=11:30|max_risk_points=120|max_stop=120|min_reward_points=8|or_class=normal_tight|rr=2.5|start=10:20|stop_mode=fixed|stop_points=60|target_mode=rr|time_exit=15:55|touch_tolerance=10,or_retest,long,163,2164.579999999999,13.279631901840485,-126.34,0.4294478527607362,1.190140300699571,-1509.1600000000003,0.07836688556271741,0.029478144957359342,97,2103.519999999999,21.68577319587628,0.44329896907216493,66,61.05999999999992,0.925151515151514,0.4090909090909091,293.66,0.13566604144914957,1152,True,False,True,False,False,False
full_history,or_retest_slip_filter|long|buffer_points=0|confirm_pattern=break_prev|end=11:00|max_risk_points=120|max_stop=120|min_reward_points=8|min_signal_rsi=55|or_class=normal_tight|rr=2|start=10:00|stop_mode=fixed|stop_points=40|target_mode=rr|time_exit=15:55|touch_tolerance=5,or_retest,long,114,2154.239999999999,18.896842105263147,-86.34,0.45614035087719296,1.4024300029142094,-747.7800000000002,0.16156521262021367,0.05082460857424707,68,1313.3799999999999,19.31441176470588,0.45588235294117646,46,840.8599999999996,18.279565217391294,0.45652173913043476,153.66,0.07132909982174691,1152,True,True,True,False,False,False
full_history,or_retest_slip_filter|long|buffer_points=0|confirm_pattern=break_prev|end=11:00|max_risk_points=120|max_stop=120|min_reward_points=8|or_class=normal|rr=2|signal_vs_ema=above|start=10:00|stop_mode=fixed|stop_points=40|target_mode=rr|time_exit=15:55|touch_tolerance=5,or_retest,long,82,2150.1199999999994,26.220975609756092,-86.34,0.47560975609756095,1.5791381827388737,-804.8199999999988,0.21932344046384591,0.05851480156130052,49,2138.3399999999992,43.63959183673468,0.5510204081632653,33,11.779999999999887,0.35696969696969355,0.36363636363636365,153.66,0.07146577865421466,1152,True,False,True,True,False,False
full_history,or_retest_slip_filter|long|buffer_points=0|confirm_pattern=break_prev|end=11:00|max_risk_points=120|max_signal_ema_slope=20|max_stop=120|min_reward_points=8|or_class=normal|rr=1.25|start=10:00|stop_mode=fixed|stop_points=40|target_mode=rr|time_exit=15:55|touch_tolerance=5,or_retest,long,76,2143.1599999999994,28.199473684210517,93.66,0.6447368421052632,1.9193455674808464,-338.0400000000002,0.32756711692983437,0.08413580510476863,45,1463.7000000000003,32.52666666666667,0.6666666666666666,31,679.4599999999997,21.91806451612902,0.6129032258064516,93.66,0.04370182347561546,1152,False,True,True,True,False,False
full_history,or_retest_slip_shape|long|buffer_points=0|confirm_pattern=break_prev|end=11:30|max_risk_points=120|max_stop=120|min_reward_points=8|or_class=normal_tight|rr=2|start=10:00|stop_mode=fixed|stop_points=40|target_mode=rr|time_exit=12:00|touch_tolerance=5,or_retest,long,195,2142.699999999999,10.988205128205122,-31.34,0.4666666666666667,1.2588940065439391,-1077.0000000000005,0.10477677237607241,0.04310782211986778,117,1020.2199999999997,8.719829059829058,0.46153846153846156,78,1122.4799999999998,14.390769230769228,0.47435897435897434,153.66,0.07171325897232467,1152,True,True,True,False,False,False
full_history,or_retest_slip_shape|long|buffer_points=0|confirm_pattern=break_prev|end=11:00|max_risk_points=120|max_stop=120|min_reward_points=8|or_class=normal_tight|rr=1.5|start=10:00|stop_mode=fixed|stop_points=40|target_mode=rr|time_exit=15:55|touch_tolerance=10,or_retest,long,196,2141.8599999999988,10.927857142857137,-86.34,0.4897959183673469,1.248072735696085,-985.8200000000003,0.10954183911387601,0.04518370340228939,117,827.219999999999,7.070256410256402,0.4700854700854701,79,1314.6399999999999,16.641012658227847,0.5189873417721519,113.66,0.0530660267244358,1152,True,True,True,False,False,False
full_history,or_retest_slip_shape|long|buffer_points=0|confirm_pattern=break_prev|end=10:45|max_risk_points=120|max_stop=120|min_reward_points=8|or_class=normal_tight|rr=1.25|start=10:00|stop_mode=fixed|stop_points=60|target_mode=rr|time_exit=12:00|touch_tolerance=5,or_retest,long,168,2137.379999999999,12.722499999999995,15.91,0.5476190476190477,1.274292446171496,-732.4400000000004,0.11065690266929534,0.042257802720950574,100,1202.9999999999995,12.029999999999996,0.53,68,934.3799999999997,13.74088235294117,0.5735294117647058,143.66,0.06721313009385324,1152,True,True,True,False,False,False
full_history,or_retest_slip_shape|long|buffer_points=0|confirm_pattern=break_prev|end=11:30|max_risk_points=120|max_stop=120|min_reward_points=8|or_class=normal_tight|rr=2|start=10:20|stop_mode=fixed|stop_points=60|target_mode=rr|time_exit=15:55|touch_tolerance=10,or_retest,long,163,2135.079999999998,13.098650306748455,-126.34,0.44785276073619634,1.1920968815791844,-1076.4800000000007,0.08194861549882194,0.03082543282641858,97,2409.5199999999986,24.840412371134008,0.4742268041237113,66,-274.4400000000005,-4.158181818181826,0.4090909090909091,233.66,0.1094385222099407,1152,True,False,True,False,False,False
full_history,or_retest_slip_filter|long|buffer_points=0|confirm_pattern=break_prev|end=11:00|max_risk_points=120|max_stop=120|min_reward_points=8|or_class=normal|rr=1.25|start=10:00|stop_mode=fixed|stop_points=40|target_mode=rr|time_exit=15:55|touch_tolerance=5,or_retest,long,104,2129.639999999999,20.477307692307683,93.66,0.5961538461538461,1.5872795261259465,-503.3999999999992,0.2314270830717179,0.06953518454551193,62,1615.9200000000005,26.063225806451623,0.6290322580645161,42,513.7199999999998,12.231428571428566,0.5476190476190477,93.66,0.04397926410097483,1152,True,False,True,True,False,False
full_history,or_retest_slip_shape|long|buffer_points=0|confirm_pattern=break_prev|end=11:00|max_risk_points=120|max_stop=120|min_reward_points=8|or_class=normal|rr=1.25|start=10:00|stop_mode=fixed|stop_points=40|target_mode=rr|time_exit=15:55|touch_tolerance=5,or_retest,long,104,2129.639999999999,20.477307692307683,93.66,0.5961538461538461,1.5872795261259465,-503.3999999999992,0.2314270830717179,0.06953518454551193,62,1615.9200000000005,26.063225806451623,0.6290322580645161,42,513.7199999999998,12.231428571428566,0.5476190476190477,93.66,0.04397926410097483,1152,True,False,True,True,False,False
full_history,or_retest_slip_shape|long|buffer_points=0|confirm_pattern=break_prev|end=10:45|max_risk_points=120|max_stop=120|min_reward_points=8|or_class=normal_tight|rr=2|start=10:00|stop_mode=fixed|stop_points=40|target_mode=rr|time_exit=15:55|touch_tolerance=10,or_retest,long,183,2128.2799999999984,11.629945355191248,-86.34,0.4262295081967213,1.2347617944560265,-999.0999999999988,0.1004545426975548,0.04003767835007714,109,1250.4399999999994,11.471926605504581,0.42201834862385323,74,877.839999999999,11.86270270270269,0.43243243243243246,153.66,0.07219914672881393,1152,True,True,True,False,False,False
full_history,or_retest_slip_shape|long|buffer_points=0|confirm_pattern=break_prev|end=10:45|max_risk_points=120|max_stop=120|min_reward_points=8|or_class=normal_tight|rr=1.25|start=10:20|stop_mode=fixed|stop_points=60|target_mode=rr|time_exit=15:55|touch_tolerance=5,or_retest,long,112,2126.9199999999987,18.990357142857132,110.16,0.5535714285714286,1.3373118705891678,-705.9800000000032,0.14376707408551895,0.04482726122724654,67,2380.2199999999993,35.525671641791035,0.6119402985074627,45,-253.30000000000024,-5.628888888888894,0.4666666666666667,143.66,0.06754367818253629,1152,True,False,True,False,False,False
full_history,or_retest_slip_shape|long|buffer_points=0|confirm_pattern=break_prev|end=11:30|max_risk_points=120|max_stop=120|min_reward_points=8|or_class=normal_tight|rr=1.25|start=10:10|stop_mode=fixed|stop_points=60|target_mode=rr|time_exit=15:55|touch_tolerance=10,or_retest,long,182,2122.1199999999985,11.659999999999991,37.16,0.521978021978022,1.1976348488206838,-1285.8200000000006,0.08857935236838425,0.03520804860846947,109,1016.939999999999,9.329724770642192,0.5137614678899083,73,1105.1799999999994,15.139452054794512,0.5342465753424658,143.66,0.06769645448890736,1152,True,True,True,False,False,False
full_history,or_retest_slip_shape|long|buffer_points=0|confirm_pattern=break_prev|end=11:00|max_risk_points=120|max_stop=120|min_reward_points=8|or_class=normal_tight|rr=1.25|start=10:10|stop_mode=fixed|stop_points=40|target_mode=rr|time_exit=15:55|touch_tolerance=10,or_retest,long,166,2112.5599999999995,12.72626506024096,93.66,0.5542168674698795,1.3306475342611541,-920.4600000000003,0.14244851256049595,0.05407365467209587,99,581.3399999999995,5.872121212121207,0.5151515151515151,67,1531.22,22.85402985074627,0.6119402985074627,93.66,0.044334835460294625,1152,True,True,True,False,False,False
full_history,or_retest_slip_filter|long|buffer_points=0|confirm_pattern=break_prev|end=11:00|max_close_vwap_delta=65|max_risk_points=120|max_stop=120|min_reward_points=8|or_class=normal|rr=2|start=10:00|stop_mode=fixed|stop_points=40|target_mode=rr|time_exit=15:55|touch_tolerance=5,or_retest,long,95,2104.6999999999994,22.154736842105258,-86.34,0.4631578947368421,1.4779780802754268,-823.8399999999979,0.18677988195915812,0.0536371458090561,57,1804.6199999999997,31.659999999999993,0.5087719298245614,38,300.07999999999987,7.896842105263154,0.39473684210526316,153.66,0.07300802964793084,1152,True,False,True,False,False,False
full_history,or_retest_slip_filter|long|buffer_points=0|confirm_pattern=break_prev|end=11:00|max_close_vwap_delta=65|max_risk_points=120|max_stop=120|min_reward_points=8|or_class=normal_tight|rr=1.5|start=10:00|stop_mode=fixed|stop_points=40|target_mode=rr|time_exit=15:55|touch_tolerance=5,or_retest,long,171,2100.359999999998,12.282807017543847,-86.34,0.49707602339181284,1.2828676244808241,-1099.4800000000005,0.12312621839559126,0.04743756155064995,102,922.319999999999,9.04235294117646,0.4803921568627451,69,1178.0400000000002,17.07304347826087,0.5217391304347826,113.66,0.05411453274676727,1152,True,True,True,False,False,False
full_history,or_retest_slip_shape|long|buffer_points=0|confirm_pattern=break_prev|end=11:00|max_risk_points=120|max_stop=120|min_reward_points=8|or_class=normal_tight|rr=1.5|start=10:20|stop_mode=fixed|stop_points=40|target_mode=rr|time_exit=15:55|touch_tolerance=10,or_retest,long,143,2098.379999999999,14.673986013986008,42.66,0.5104895104895105,1.347195473046758,-749.7400000000002,0.14720971278302578,0.051865461253913246,85,1390.0999999999997,16.35411764705882,0.5176470588235295,58,708.28,12.211724137931034,0.5,113.66,0.05416559441092654,1152,True,True,True,False,False,False
full_history,or_retest_slip_shape|long|buffer_points=0|confirm_pattern=break_prev|end=10:45|max_risk_points=120|max_stop=120|min_reward_points=8|or_class=normal_tight|rr=2|start=10:00|stop_mode=fixed|stop_points=60|target_mode=rr|time_exit=12:00|touch_tolerance=10,or_retest,long,183,2087.779999999999,11.408633879781414,6.66,0.5081967213114754,1.226204819277108,-1374.2400000000007,0.08825140888376937,0.035173934676778984,109,1759.4399999999994,16.141651376146783,0.5045871559633027,74,328.3399999999991,4.437027027027015,0.5135135135135135,233.66,0.11191792238645841,1152,True,False,True,False,False,False
full_history,or_retest_slip_shape|long|buffer_points=0|confirm_pattern=break_prev|end=11:00|max_risk_points=120|max_stop=120|min_reward_points=8|or_class=normal_tight|rr=1.25|start=10:00|stop_mode=fixed|stop_points=40|target_mode=rr|time_exit=12:00|touch_tolerance=10,or_retest,long,196,2086.859999999999,10.64724489795918,67.16,0.5459183673469388,1.2844195244546324,-905.8200000000003,0.12259072920029894,0.05056609595807881,117,877.719999999999,7.501880341880334,0.5213675213675214,79,1209.14,15.305569620253166,0.5822784810126582,93.66,0.044880825738190404,1152,True,True,True,False,False,False
full_history,or_retest_slip_shape|long|buffer_points=0|confirm_pattern=break_prev|end=11:30|max_risk_points=120|max_stop=120|min_reward_points=8|or_class=normal_tight|rr=1.25|start=10:20|stop_mode=fixed|stop_points=60|target_mode=rr|time_exit=15:55|touch_tolerance=10,or_retest,long,163,2083.579999999999,12.782699386503062,57.16,0.5337423312883436,1.2178488008581874,-1040.9799999999987,0.09700789100029056,0.03649006404147218,97,1870.0199999999993,19.278556701030922,0.5567010309278351,66,213.55999999999955,3.2357575757575687,0.5,143.66,0.06894863648144063,1152,True,False,True,False,False,False
full_history,or_retest_slip_shape|long|buffer_points=0|confirm_pattern=break_prev|end=11:00|max_risk_points=120|max_stop=120|min_reward_points=8|or_class=normal_tight|rr=2|start=10:10|stop_mode=fixed|stop_points=40|target_mode=rr|time_exit=12:00|touch_tolerance=10,or_retest,long,166,2070.5599999999995,12.47325301204819,-4.09,0.4819277108433735,1.3100225491634645,-1111.46,0.12147425556485042,0.0461117973708154,99,825.8399999999995,8.341818181818176,0.4444444444444444,67,1244.7199999999998,18.57791044776119,0.5373134328358209,153.66,0.07421180743373774,1152,True,True,True,False,False,False
full_history,or_retest_slip_shape|long|buffer_points=0|confirm_pattern=break_prev|end=11:30|max_risk_points=120|max_stop=120|min_reward_points=8|or_class=normal_tight|rr=1.5|start=10:10|stop_mode=fixed|stop_points=40|target_mode=rr|time_exit=15:55|touch_tolerance=10,or_retest,long,182,2066.619999999999,11.35505494505494,-86.34,0.4945054945054945,1.2601721203331615,-1435.0400000000009,0.1141388296873632,0.04536729335109502,109,517.939999999999,4.751743119266046,0.45871559633027525,73,1548.6799999999996,21.21479452054794,0.547945205479452,113.66,0.054998016084234186,1152,True,True,True,False,False,False
full_history,or_retest_slip_shape|long|buffer_points=0|confirm_pattern=break_prev|end=11:00|max_risk_points=120|max_stop=120|min_reward_points=8|or_class=normal_tight|rr=2.5|start=10:10|stop_mode=fixed|stop_points=40|target_mode=rr|time_exit=12:00|touch_tolerance=10,or_retest,long,166,2064.0599999999995,12.434096385542166,-12.59,0.46987951807228917,1.303296490150497,-1244.1400000000003,0.11533273423602185,0.04378046728159912,99,671.8399999999996,6.786262626262622,0.42424242424242425,67,1392.2199999999998,20.779402985074626,0.5373134328358209,193.66,0.09382479191496373,1152,True,False,True,False,False,False
full_history,or_retest_slip_filter|long|buffer_points=0|confirm_pattern=break_prev|end=11:00|max_risk_points=120|max_signal_volume_ratio=2.25|max_stop=120|min_reward_points=8|or_class=normal|rr=2|start=10:00|stop_mode=fixed|stop_points=40|target_mode=rr|time_exit=15:55|touch_tolerance=5,or_retest,long,90,2056.3999999999987,22.848888888888876,-86.34,0.4666666666666667,1.496197204849046,-537.0600000000001,0.19260110570954173,0.053833645613519776,54,1823.6399999999999,33.77111111111111,0.5185185185185185,36,232.7599999999999,6.465555555555553,0.3888888888888889,153.66,0.07472281657265128,1152,True,False,True,False,False,False
full_history,or_retest_slip_shape|long|buffer_points=0|confirm_pattern=break_prev|end=11:00|max_risk_points=120|max_stop=120|min_reward_points=8|or_class=normal_tight|rr=1.25|start=10:10|stop_mode=fixed|stop_points=60|target_mode=rr|time_exit=12:00|touch_tolerance=10,or_retest,long,166,2054.5599999999995,12.376867469879516,14.91,0.5481927710843374,1.2786977753662503,-1006.7600000000001,0.11047234517619366,0.041935456794167277,99,1119.8399999999997,11.311515151515149,0.5252525252525253,67,934.7199999999995,13.951044776119394,0.582089552238806,143.66,0.06992251382291101,1152,True,True,True,False,False,False
full_history,or_retest_slip_shape|long|buffer_points=0|confirm_pattern=break_prev|end=11:00|max_risk_points=120|max_stop=120|min_reward_points=8|or_class=normal_tight|rr=1.25|start=10:00|stop_mode=fixed|stop_points=40|target_mode=rr|time_exit=12:00|touch_tolerance=5,or_retest,long,183,2049.7799999999997,11.200983606557376,56.66,0.5519125683060109,1.3044432694478434,-905.8200000000004,0.12972763684874594,0.05170491306603832,109,1128.9399999999998,10.357247706422017,0.5412844036697247,74,920.8399999999995,12.443783783783777,0.5675675675675675,93.66,0.04569270848578872,1152,True,True,True,False,False,False
full_history,or_retest_slip_filter|long|buffer_points=0|confirm_pattern=break_prev|end=11:00|max_risk_points=120|max_stop=120|min_reward_points=8|min_signal_rsi=60|or_class=normal_tight|rr=2|start=10:00|stop_mode=fixed|stop_points=40|target_mode=rr|time_exit=15:55|touch_tolerance=5,or_retest,long,97,2046.0199999999988,21.092989690721637,-86.34,0.4639175257731959,1.4557162203096874,-518.0399999999995,0.1795622758226496,0.052104439533181134,58,1696.7799999999997,29.254827586206893,0.5,39,349.23999999999967,8.954871794871787,0.41025641025641024,153.66,0.07510190516221742,1152,True,False,True,False,False,False
full_history,or_retest_slip_shape|long|buffer_points=0|confirm_pattern=break_prev|end=11:00|max_risk_points=120|max_stop=120|min_reward_points=8|or_class=normal_tight|rr=1.5|start=10:20|stop_mode=fixed|stop_points=60|target_mode=rr|time_exit=12:00|touch_tolerance=10,or_retest,long,143,2039.8799999999997,14.264895104895102,13.16,0.5384615384615384,1.3250835864566035,-938.2,0.12236448145964984,0.04311189901820423,85,2003.0999999999997,23.565882352941173,0.5529411764705883,58,36.779999999999916,0.6341379310344814,0.5172413793103449,173.66,0.08513245877208464,1152,True,False,True,False,False,False
full_history,or_retest_slip_filter|long|buffer_points=0|confirm_pattern=break_prev|end=11:00|max_close_vwap_delta=65|max_risk_points=120|max_stop=120|min_reward_points=8|or_class=normal_tight|rr=1.5|start=10:10|stop_mode=fixed|stop_points=40|target_mode=rr|time_exit=15:55|touch_tolerance=5,or_retest,long,143,2033.879999999998,14.22293706293705,42.66,0.5104895104895105,1.336523379330884,-1144.3200000000004,0.1431235650639089,0.05042581483251177,85,590.0999999999991,6.94235294117646,0.47058823529411764,58,1443.7799999999997,24.89275862068965,0.5689655172413793,113.66,0.05588333628335994,1152,True,True,True,False,False,False
full_history,or_retest_slip_shape|long|buffer_points=0|confirm_pattern=break_prev|end=10:45|max_risk_points=120|max_stop=120|min_reward_points=8|or_class=normal_tight|rr=1.5|start=10:10|stop_mode=fixed|stop_points=40|target_mode=rr|time_exit=15:55|touch_tolerance=10,or_retest,long,150,2029.4999999999993,13.529999999999996,36.16,0.5066666666666667,1.3176473902672645,-781.4400000000003,0.1361083299052837,0.04911386306860372,90,758.3999999999992,8.426666666666657,0.4777777777777778,60,1271.1000000000001,21.185000000000002,0.55,113.66,0.05600394185760041,1152,True,True,True,False,False,False
full_history,or_retest_slip_shape|long|buffer_points=0|confirm_pattern=break_prev|end=11:30|max_risk_points=120|max_stop=120|min_reward_points=8|or_class=normal_tight|rr=1.5|start=10:00|stop_mode=fixed|stop_points=40|target_mode=rr|time_exit=15:55|touch_tolerance=5,or_retest,long,195,2028.199999999999,10.401025641025635,-86.34,0.48717948717948717,1.2349085012740324,-1158.5000000000005,0.10427854980439615,0.04290284071503087,117,627.2199999999991,5.360854700854693,0.46153846153846156,78,1400.98,17.96128205128205,0.5256410256410257,113.66,0.05603983828024853,1152,True,True,True,False,False,False
full_history,or_retest_slip_shape|long|buffer_points=0|confirm_pattern=break_prev|end=11:00|max_risk_points=120|max_stop=120|min_reward_points=8|or_class=normal_tight|rr=1.25|start=10:10|stop_mode=fixed|stop_points=60|target_mode=rr|time_exit=12:00|touch_tolerance=5,or_retest,long,153,2023.4799999999987,13.225359477124174,14.16,0.5555555555555556,1.3031376214959427,-896.9000000000001,0.11876103269223882,0.04328061678816217,91,1255.0599999999995,13.791868131868126,0.5384615384615384,62,768.4199999999996,12.393870967741929,0.5806451612903226,143.66,0.07099650107735193,1152,True,True,True,False,False,False
full_history,or_retest_slip_shape|long|buffer_points=0|confirm_pattern=break_prev|end=10:45|max_risk_points=120|max_stop=120|min_reward_points=8|or_class=normal_tight|rr=2|start=10:10|stop_mode=fixed|stop_points=40|target_mode=rr|time_exit=15:55|touch_tolerance=5,or_retest,long,136,2017.259999999999,14.832794117647053,-86.34,0.4338235294117647,1.3072431187630216,-642.4200000000004,0.12738761527485373,0.04376938276448064,81,1231.4599999999994,15.203209876543202,0.43209876543209874,55,785.7999999999996,14.28727272727272,0.43636363636363634,153.66,0.07617263020136228,1152,True,True,True,False,False,False
full_history,or_retest_slip_shape|long|buffer_points=0|confirm_pattern=break_prev|end=11:00|max_risk_points=120|max_stop=120|min_reward_points=8|or_class=normal_tight|rr=2|start=10:10|stop_mode=fixed|stop_points=60|target_mode=rr|time_exit=15:55|touch_tolerance=5,or_retest,long,153,2015.9799999999982,13.176339869281033,-126.34,0.43790849673202614,1.1944661484709753,-1305.2799999999997,0.08282307081922095,0.030183583858140184,91,1746.559999999999,19.192967032967022,0.43956043956043955,62,269.4199999999998,4.345483870967739,0.43548387096774194,233.66,0.11590392761832966,1152,True,False,True,False,False,False
full_history,or_retest_slip_shape|long|buffer_points=0|confirm_pattern=break_prev|end=11:30|max_risk_points=120|max_stop=120|min_reward_points=8|or_class=normal_tight|rr=2.5|start=10:10|stop_mode=fixed|stop_points=60|target_mode=rr|time_exit=15:55|touch_tolerance=5,or_retest,long,169,2013.5399999999997,11.914437869822484,-126.34,0.42011834319526625,1.1694496760869895,-1903.84,0.07032370738264336,0.026935117282908032,101,1515.6600000000003,15.00653465346535,0.42574257425742573,68,497.88000000000034,7.321764705882358,0.4117647058823529,293.66,0.14584264529137742,1152,True,False,True,False,False,False
full_history,or_retest_slip_shape|long|buffer_points=0|confirm_pattern=break_prev|end=11:30|max_risk_points=120|max_stop=120|min_reward_points=8|or_class=normal_tight|rr=2.5|start=10:00|stop_mode=fixed|stop_points=40|target_mode=rr|time_exit=12:00|touch_tolerance=5,or_retest,long,195,2004.6999999999994,10.280512820512817,-40.34,0.4512820512820513,1.236142097538336,-1238.9600000000003,0.09295644413574485,0.03824463922515538,117,1259.7199999999998,10.766837606837605,0.4444444444444444,78,744.9799999999993,9.551025641025632,0.46153846153846156,193.66,0.0966029829899736,1152,True,True,True,False,False,False
full_history,or_retest_slip_shape|long|buffer_points=0|confirm_pattern=break_prev|end=10:45|max_risk_points=120|max_stop=120|min_reward_points=8|or_class=normal_tight|rr=1.25|start=10:00|stop_mode=fixed|stop_points=40|target_mode=rr|time_exit=15:55|touch_tolerance=5,or_retest,long,168,2003.8799999999992,11.927857142857139,93.66,0.5476190476190477,1.3053838557477773,-733.1400000000003,0.1330225274044444,0.050798816747100344,100,1214.9999999999998,12.149999999999999,0.55,68,788.8799999999995,11.601176470588229,0.5441176470588235,93.66,0.04673932570812625,1152,True,True,True,False,False,False
full_history,or_retest_slip_shape|long|buffer_points=0|confirm_pattern=break_prev|end=11:30|max_risk_points=120|max_stop=120|min_reward_points=8|or_class=normal|rr=1.25|start=10:00|stop_mode=fixed|stop_points=40|target_mode=rr|time_exit=15:55|touch_tolerance=10,or_retest,long,118,2000.8799999999999,16.956610169491526,93.66,0.576271186440678,1.4634885337039605,-582.4199999999989,0.1903592915996849,0.060924060968258344,70,1285.2000000000003,18.360000000000003,0.5857142857142857,48,715.68,14.909999999999998,0.5625,93.66,0.04680940386230059,1152,True,True,True,False,False,False
full_history,or_retest_slip_filter|long|buffer_points=0|confirm_pattern=break_prev|end=11:00|max_risk_points=120|max_signal_volume_ratio=2|max_stop=120|min_reward_points=8|or_class=normal_tight|rr=1.25|start=10:10|stop_mode=fixed|stop_points=40|target_mode=rr|time_exit=15:55|touch_tolerance=5,or_retest,long,132,1988.12,15.06151515151515,93.66,0.5681818181818182,1.4039761205190406,-755.1000000000001,0.1691989810734459,0.05727412584441448,79,508.1399999999993,6.432151898734168,0.5189873417721519,53,1479.98,27.924150943396228,0.6415094339622641,93.66,0.047109832404482625,1152,True,False,True,False,False,False
full_history,or_retest_slip_shape|long|buffer_points=0|confirm_pattern=break_prev|end=10:45|max_risk_points=120|max_stop=120|min_reward_points=8|or_class=normal_tight|rr=1.25|start=10:20|stop_mode=fixed|stop_points=60|target_mode=rr|time_exit=15:55|touch_tolerance=10,or_retest,long,126,1978.1599999999992,15.699682539682533,98.91,0.5396825396825397,1.270380059648288,-1075.520000000002,0.11840557917731495,0.039158964543217906,75,2449.4999999999986,32.65999999999998,0.6,51,-471.3400000000005,-9.241960784313735,0.45098039215686275,143.66,0.07262304363651073,1152,True,False,True,False,False,False
full_history,or_retest_slip_shape|long|buffer_points=0|confirm_pattern=break_prev|end=11:00|max_risk_points=120|max_stop=120|min_reward_points=8|or_class=normal|rr=1.25|start=10:00|stop_mode=fixed|stop_points=60|target_mode=rr|time_exit=15:55|touch_tolerance=5,or_retest,long,104,1971.6399999999992,18.958076923076916,143.66,0.5480769230769231,1.3348016125033533,-867.0599999999998,0.1426558707053243,0.04286275471450066,62,1451.9200000000005,23.41806451612904,0.5645161290322581,42,519.7199999999998,12.37428571428571,0.5238095238095238,143.66,0.07286320017853161,1152,True,False,True,False,False,False
full_history,or_retest_slip_filter|long|buffer_points=0|confirm_pattern=break_prev|end=11:00|max_risk_points=120|max_stop=120|min_reward_points=8|or_class=normal_tight|rr=1.5|start=10:10|stop_mode=fixed|stop_points=40|target_mode=rr|time_exit=15:55|touch_tolerance=5,or_retest,long,153,1970.479999999999,12.878954248366007,29.66,0.5032679738562091,1.3002938200260896,-1040.4600000000003,0.1295475716606462,0.04721160365295327,91,472.0599999999994,5.18747252747252,0.46153846153846156,62,1498.42,24.168064516129032,0.5645161290322581,113.66,0.05768137712638547,1152,True,False,True,False,False,False
full_history,or_retest_slip_shape|long|buffer_points=0|confirm_pattern=break_prev|end=11:00|max_risk_points=120|max_stop=120|min_reward_points=8|or_class=normal_tight|rr=1.5|start=10:10|stop_mode=fixed|stop_points=40|target_mode=rr|time_exit=15:55|touch_tolerance=5,or_retest,long,153,1970.479999999999,12.878954248366007,29.66,0.5032679738562091,1.3002938200260896,-1040.4600000000003,0.1295475716606462,0.04721160365295327,91,472.0599999999994,5.18747252747252,0.46153846153846156,62,1498.42,24.168064516129032,0.5645161290322581,113.66,0.05768137712638547,1152,True,False,True,False,False,False
full_history,or_retest_slip_shape|long|buffer_points=0|confirm_pattern=break_prev|end=11:00|max_risk_points=120|max_stop=120|min_reward_points=8|or_class=normal|rr=2.5|start=10:20|stop_mode=fixed|stop_points=40|target_mode=rr|time_exit=15:55|touch_tolerance=5,or_retest,long,73,1969.1799999999996,26.97506849315068,-86.34,0.4246575342465753,1.5430303230859168,-669.7400000000001,0.19930625789736697,0.050171389104145446,43,1702.3799999999999,39.59023255813953,0.46511627906976744,30,266.79999999999995,8.893333333333333,0.36666666666666664,193.66,0.09834550422003069,1152,False,False,True,True,False,False
full_history,or_retest_slip_filter|long|buffer_points=0|confirm_pattern=break_prev|end=11:00|max_risk_points=120|max_signal_volume_ratio=2|max_stop=120|min_reward_points=8|or_class=normal|rr=1.5|start=10:00|stop_mode=fixed|stop_points=40|target_mode=rr|time_exit=15:55|touch_tolerance=5,or_retest,long,82,1965.1199999999997,23.964878048780484,113.66,0.5609756097560976,1.632229171492548,-490.72000000000014,0.24229720821284115,0.06464413027374821,49,698.3399999999998,14.251836734693873,0.5102040816326531,33,1266.78,38.38727272727272,0.6363636363636364,113.66,0.057838707050968906,1152,True,False,True,True,False,False
full_history,or_retest_slip_filter|long|buffer_points=0|confirm_pattern=break_prev|end=11:00|max_risk_points=120|max_signal_rsi=70|max_stop=120|min_reward_points=8|or_class=normal_tight|rr=2|start=10:00|stop_mode=fixed|stop_points=40|target_mode=rr|time_exit=15:55|touch_tolerance=5,or_retest,long,142,1960.2199999999998,13.804366197183096,-86.34,0.43661971830985913,1.2837937224924711,-765.4200000000002,0.1188486344272022,0.041726516417545406,85,986.5999999999992,11.607058823529403,0.4235294117647059,57,973.6199999999998,17.08105263157894,0.45614035087719296,153.66,0.07838916040036323,1152,True,True,True,False,False,False
full_history,or_retest_slip_filter|long|buffer_points=0|confirm_pattern=break_prev|end=11:00|max_risk_points=120|max_stop=120|min_reward_points=8|min_signal_rsi=55|or_class=normal|rr=2|start=10:00|stop_mode=fixed|stop_points=40|target_mode=rr|time_exit=15:55|touch_tolerance=5,or_retest,long,62,1956.92,31.563225806451616,-21.840000000000003,0.5,1.7311379616968166,-431.6999999999996,0.2636867110130186,0.061172728022089326,37,1734.4200000000003,46.87621621621622,0.5675675675675675,25,222.49999999999997,8.899999999999999,0.4,153.66,0.07852134987633629,1152,False,False,True,True,False,False
full_history,or_retest_slip_filter|long|buffer_points=0|confirm_pattern=break_prev|end=11:00|max_risk_points=120|max_signal_volume_ratio=2.5|max_stop=120|min_reward_points=8|or_class=normal|rr=2|start=10:00|stop_mode=fixed|stop_points=40|target_mode=rr|time_exit=15:55|touch_tolerance=5,or_retest,long,94,1951.0399999999995,20.75574468085106,-86.34,0.4574468085106383,1.4430818424196172,-794.5599999999972,0.1752137530346461,0.05005020716856267,56,1650.9599999999996,29.481428571428562,0.5,38,300.07999999999987,7.896842105263154,0.39473684210526316,153.66,0.0787579957356077,1152,True,False,True,False,False,False
full_history,or_retest_slip_shape|long|buffer_points=0|confirm_pattern=break_prev|end=11:00|max_risk_points=120|max_stop=120|min_reward_points=8|or_class=normal_tight|rr=2|start=10:10|stop_mode=fixed|stop_points=60|target_mode=rr|time_exit=15:55|touch_tolerance=10,or_retest,long,166,1950.5599999999986,11.750361445783124,-126.34,0.43373493975903615,1.1714407257858959,-1665.2799999999997,0.07367636779203797,0.02796765229674868,99,1455.8399999999995,14.70545454545454,0.42424242424242425,67,494.71999999999946,7.383880597014917,0.44776119402985076,233.66,0.11979123943893044,1152,True,False,True,False,False,False
full_history,or_retest_slip_filter|long|buffer_points=0|confirm_pattern=break_prev|end=11:00|max_risk_points=120|max_stop=120|min_reward_points=8|or_class=normal|rr=1.5|start=10:00|stop_mode=fixed|stop_points=40|target_mode=rr|time_exit=15:55|touch_tolerance=5,or_retest,long,104,1949.639999999999,18.746538461538453,113.66,0.5288461538461539,1.460835897945001,-577.0600000000001,0.1876339463998219,0.0563769845635183,62,1375.9200000000005,22.19225806451614,0.5483870967741935,42,573.7199999999998,13.659999999999995,0.5,113.66,0.058297942184198134,1152,True,True,True,False,False,False
full_history,or_retest_slip_shape|long|buffer_points=0|confirm_pattern=break_prev|end=11:00|max_risk_points=120|max_stop=120|min_reward_points=8|or_class=normal|rr=1.5|start=10:00|stop_mode=fixed|stop_points=40|target_mode=rr|time_exit=15:55|touch_tolerance=5,or_retest,long,104,1949.639999999999,18.746538461538453,113.66,0.5288461538461539,1.460835897945001,-577.0600000000001,0.1876339463998219,0.0563769845635183,62,1375.9200000000005,22.19225806451614,0.5483870967741935,42,573.7199999999998,13.659999999999995,0.5,113.66,0.058297942184198134,1152,True,True,True,False,False,False
full_history,or_retest_slip_filter|long|buffer_points=0|confirm_pattern=break_prev|end=11:00|max_risk_points=120|max_stop=120|min_reward_points=8|or_class=normal|rr=2|signal_vs_ema=above|start=10:10|stop_mode=fixed|stop_points=40|target_mode=rr|time_exit=15:55|touch_tolerance=5,or_retest,long,69,1948.5399999999997,28.239710144927532,-86.34,0.4927536231884058,1.6448062477249408,-583.4599999999984,0.23783728508881422,0.058207405879562746,41,1869.0599999999997,45.586829268292675,0.5609756097560976,28,79.47999999999996,2.838571428571427,0.39285714285714285,153.66,0.07885904318104839,1152,False,False,True,True,False,False
full_history,or_retest_slip_filter|long|buffer_points=0|confirm_pattern=break_prev|end=11:00|max_risk_points=120|max_stop=120|min_reward_points=8|min_signal_rsi=50|or_class=normal_tight|rr=2|start=10:00|stop_mode=fixed|stop_points=40|target_mode=rr|time_exit=15:55|touch_tolerance=5,or_retest,long,126,1942.1599999999996,15.413968253968251,-86.34,0.4365079365079365,1.3168214755291063,-1006.8000000000003,0.13156866788742286,0.04351224694477134,75,948.9999999999997,12.653333333333329,0.4266666666666667,51,993.1599999999997,19.473725490196074,0.45098039215686275,153.66,0.07911809531655478,1152,True,True,True,False,False,False
full_history,or_retest_slip_filter|long|buffer_points=0|confirm_pattern=break_prev|end=11:00|max_close_vwap_delta=65|max_risk_points=120|max_stop=120|min_reward_points=8|or_class=normal_tight|rr=1.25|start=10:10|stop_mode=fixed|stop_points=40|target_mode=rr|time_exit=15:55|touch_tolerance=5,or_retest,long,143,1938.379999999999,13.555104895104888,93.66,0.5594405594405595,1.3563578469763313,-1006.8000000000002,0.1519326349062565,0.05352945834864787,85,530.0999999999991,6.236470588235283,0.5176470588235295,58,1408.2799999999997,24.28068965517241,0.6206896551724138,93.66,0.04831869911988364,1152,True,False,True,False,False,False
full_history,or_retest_slip_shape|long|buffer_points=0|confirm_pattern=break_prev|end=11:00|max_risk_points=120|max_stop=120|min_reward_points=8|or_class=normal_tight|rr=1.5|start=10:10|stop_mode=fixed|stop_points=40|target_mode=rr|time_exit=12:00|touch_tolerance=5,or_retest,long,153,1925.4799999999993,12.584836601307185,13.66,0.5228758169934641,1.3382889831372033,-958.4600000000003,0.13751843055522694,0.050116459576384526,91,607.5599999999994,6.6764835164835095,0.4725274725274725,62,1317.92,21.256774193548388,0.5967741935483871,113.66,0.05902943681575505,1152,True,False,True,False,False,False
full_history,or_retest_slip_filter|long|buffer_points=0|confirm_pattern=break_prev|end=11:00|max_risk_points=120|max_signal_volume_ratio=2.25|max_stop=120|min_reward_points=8|or_class=normal_tight|rr=1.25|start=10:10|stop_mode=fixed|stop_points=40|target_mode=rr|time_exit=15:55|touch_tolerance=5,or_retest,long,139,1923.7399999999996,13.83985611510791,93.66,0.5611510791366906,1.3652620026809745,-834.1200000000002,0.15519235983228621,0.05390778623812292,83,522.7799999999994,6.298554216867463,0.5180722891566265,56,1400.9599999999996,25.01714285714285,0.625,93.66,0.04868641292482353,1152,True,False,True,False,False,False
full_history,or_retest_slip_filter|long|buffer_points=0|confirm_pattern=break_prev|end=11:00|max_close_vwap_delta=35|max_risk_points=120|max_stop=120|min_reward_points=8|or_class=normal_tight|rr=2|start=10:00|stop_mode=fixed|stop_points=40|target_mode=rr|time_exit=15:55|touch_tolerance=5,or_retest,long,123,1916.6799999999992,15.58276422764227,-86.34,0.44715447154471544,1.3264590061180823,-1036.0800000000002,0.13405175214404746,0.04380249120009634,73,663.1799999999996,9.08465753424657,0.410958904109589,50,1253.4999999999998,25.069999999999997,0.5,153.66,0.080169877079116,1152,True,True,True,False,False,False
full_history,or_retest_slip_shape|long|buffer_points=0|confirm_pattern=break_prev|end=11:00|max_risk_points=120|max_stop=120|min_reward_points=8|or_class=normal|rr=2|start=10:00|stop_mode=fixed|stop_points=40|target_mode=rr|time_exit=15:55|touch_tolerance=10,or_retest,long,114,1904.2399999999996,16.703859649122805,-86.34,0.43859649122807015,1.3446114199675696,-910.1799999999984,0.14144568055559445,0.04449547790745556,68,1334.88,19.63058823529412,0.45588235294117646,46,569.3599999999996,12.377391304347816,0.41304347826086957,153.66,0.08069361004915349,1152,True,True,True,False,False,False
full_history,or_retest_slip_shape|long|buffer_points=0|confirm_pattern=break_prev|end=11:30|max_risk_points=120|max_stop=120|min_reward_points=8|or_class=normal|rr=2.5|start=10:00|stop_mode=fixed|stop_points=40|target_mode=rr|time_exit=15:55|touch_tolerance=5,or_retest,long,109,1900.4399999999996,17.43522935779816,-86.34,0.3944954128440367,1.3363348694968882,-1501.7599999999998,0.13195517255707692,0.040589474472662646,65,2153.8999999999996,33.13692307692307,0.4461538461538462,44,-253.46000000000038,-5.760454545454554,0.3181818181818182,193.66,0.10190271726547538,1152,True,False,True,False,False,False
full_history,or_retest_slip_filter|long|buffer_points=0|confirm_pattern=break_prev|end=11:00|max_risk_points=120|max_signal_volume_ratio=2.25|max_stop=120|min_reward_points=8|or_class=normal|rr=1.25|start=10:00|stop_mode=fixed|stop_points=40|target_mode=rr|time_exit=15:55|touch_tolerance=5,or_retest,long,90,1898.3999999999996,21.09333333333333,93.66,0.6,1.6107636475947795,-417.0600000000003,0.23868577691511325,0.06671470280556792,54,1406.6400000000003,26.048888888888897,0.6296296296296297,36,491.75999999999976,13.659999999999993,0.5555555555555556,93.66,0.04933628318584071,1152,True,False,True,True,False,False
full_history,or_retest_slip_shape|long|buffer_points=0|confirm_pattern=break_prev|end=11:30|max_risk_points=120|max_stop=120|min_reward_points=8|or_class=normal_tight|rr=1.25|start=10:00|stop_mode=fixed|stop_points=40|target_mode=rr|time_exit=12:00|touch_tolerance=10,or_retest,long,209,1897.4399999999987,9.078660287081334,40.16,0.5358851674641149,1.2412670640652652,-1078.5000000000005,0.10520598940559843,0.04481128197654571,125,856.9999999999991,6.855999999999993,0.52,84,1040.4399999999996,12.386190476190471,0.5595238095238095,93.66,0.04936124462433598,1152,True,True,True,False,False,False
full_history,or_retest_slip_shape|long|buffer_points=0|confirm_pattern=break_prev|end=11:00|max_risk_points=120|max_stop=120|min_reward_points=8|or_class=normal_tight|rr=1.5|start=10:20|stop_mode=fixed|stop_points=60|target_mode=rr|time_exit=12:00|touch_tolerance=5,or_retest,long,131,1893.4599999999991,14.453893129770986,13.66,0.549618320610687,1.3342937751365624,-731.9600000000004,0.12502136721211904,0.04215932532442536,78,1867.98,23.94846153846154,0.5641025641025641,53,25.479999999999876,0.48075471698112976,0.5283018867924528,173.66,0.09171569507673787,1152,True,False,True,False,False,False
full_history,or_retest_slip_filter|long|buffer_points=0|confirm_pattern=break_prev|end=11:00|max_risk_points=120|max_signal_ema_slope=30|max_stop=120|min_reward_points=8|or_class=normal|rr=1.25|start=10:00|stop_mode=fixed|stop_points=40|target_mode=rr|time_exit=15:55|touch_tolerance=5,or_retest,long,88,1891.0799999999995,21.48954545454545,93.66,0.6022727272727273,1.6257917204407815,-589.7399999999991,0.24338459898752784,0.06726794954939523,52,1579.3200000000002,30.371538461538464,0.6538461538461539,36,311.7599999999998,8.659999999999995,0.5277777777777778,93.66,0.049527254267402766,1152,True,False,True,True,False,False
full_history,or_retest_slip_filter|long|buffer_points=0|confirm_pattern=break_prev|end=11:00|max_risk_points=120|max_stop=120|min_reward_points=8|min_signal_rsi=55|or_class=normal|rr=2|start=10:10|stop_mode=fixed|stop_points=40|target_mode=rr|time_exit=15:55|touch_tolerance=5,or_retest,long,53,1889.98,35.660000000000004,42.66,0.5283018867924528,1.87559879545981,-364.3800000000002,0.3009511452708985,0.06455170171282543,31,1532.4600000000003,49.43419354838711,0.5806451612903226,22,357.5199999999999,16.250909090909087,0.45454545454545453,153.66,0.08130244764494862,1152,False,False,True,True,False,False
full_history,or_retest_slip_shape|long|buffer_points=0|confirm_pattern=break_prev|end=11:30|max_risk_points=120|max_stop=120|min_reward_points=8|or_class=normal_tight|rr=2.5|start=10:00|stop_mode=fixed|stop_points=40|target_mode=rr|time_exit=15:55|touch_tolerance=10,or_retest,long,209,1889.9399999999985,9.042775119617218,-86.34,0.3827751196172249,1.170420546336924,-1502.9399999999978,0.07170517903227694,0.030541996847786572,125,1687.4999999999993,13.499999999999995,0.392,84,202.43999999999951,2.4099999999999944,0.36904761904761907,193.66,0.10246886144533697,1152,True,False,True,False,False,False
full_history,or_retest_slip_filter|long|buffer_points=0|confirm_pattern=break_prev|end=11:00|max_risk_points=120|max_stop=120|min_reward_points=8|or_class=normal_tight|prior_day_zombie=no|rr=1.25|start=10:00|stop_mode=fixed|stop_points=40|target_mode=rr|time_exit=15:55|touch_tolerance=5,or_retest,long,120,1879.1999999999991,15.659999999999993,93.66,0.5666666666666667,1.418559897364622,-733.1400000000002,0.17483453716189873,0.0564276042308263,72,803.5199999999996,11.159999999999995,0.5416666666666666,48,1075.6799999999998,22.409999999999997,0.6041666666666666,93.66,0.04984035759897831,1152,True,True,True,False,False,False
full_history,or_retest_slip_shape|long|buffer_points=0|confirm_pattern=break_prev|end=11:30|max_risk_points=120|max_stop=120|min_reward_points=8|or_class=normal|rr=1.25|start=10:00|stop_mode=fixed|stop_points=40|target_mode=rr|time_exit=15:55|touch_tolerance=5,or_retest,long,109,1877.9399999999994,17.228807339449535,93.66,0.5779816513761468,1.472837417288575,-676.079999999999,0.19349337805576114,0.05951865604833671,65,1356.8999999999999,20.875384615384615,0.6,44,521.0399999999997,11.841818181818176,0.5454545454545454,93.66,0.049873797884916464,1152,True,False,True,False,False,False
full_history,or_retest_slip_shape|long|buffer_points=0|confirm_pattern=break_prev|end=10:45|max_risk_points=120|max_stop=120|min_reward_points=8|or_class=normal_tight|rr=2.5|start=10:10|stop_mode=fixed|stop_points=60|target_mode=rr|time_exit=15:55|touch_tolerance=10,or_retest,long,150,1877.4999999999995,12.516666666666664,-126.34,0.41333333333333333,1.1763669258704683,-1605.2799999999993,0.07275273870864929,0.026252383298575738,90,1180.9000000000005,13.121111111111118,0.4,60,696.5999999999999,11.609999999999998,0.43333333333333335,293.66,0.1564101198402131,1152,True,True,True,False,False,False
full_history,or_retest_slip_shape|long|buffer_points=0|confirm_pattern=break_prev|end=11:00|max_risk_points=120|max_stop=120|min_reward_points=8|or_class=normal_tight|rr=2|start=10:20|stop_mode=fixed|stop_points=40|target_mode=rr|time_exit=15:55|touch_tolerance=5,or_retest,long,131,1875.4599999999991,14.316488549618313,-86.34,0.4351145038167939,1.2935378046566366,-1246.8000000000004,0.12281116156926027,0.04141400649765979,78,1250.4799999999996,16.031794871794865,0.4358974358974359,53,624.9799999999994,11.792075471698103,0.4339622641509434,153.66,0.08193189937402028,1152,True,True,True,False,False,False
full_history,or_retest_slip_shape|long|buffer_points=0|confirm_pattern=break_prev|end=10:45|max_risk_points=120|max_stop=120|min_reward_points=8|or_class=normal|rr=1.25|start=10:00|stop_mode=fixed|stop_points=40|target_mode=rr|time_exit=15:55|touch_tolerance=10,or_retest,long,107,1870.6199999999997,17.482429906542052,93.66,0.5794392523364486,1.4814608910508833,-589.7399999999991,0.19642575797038617,0.05986377321811174,64,1443.2399999999996,22.550624999999993,0.609375,43,427.37999999999977,9.939069767441856,0.5348837209302325,93.66,0.05006896109311352,1152,True,False,True,False,False,False
full_history,or_retest_slip_shape|long|buffer_points=0|confirm_pattern=break_prev|end=11:30|max_risk_points=120|max_stop=120|min_reward_points=8|or_class=normal_tight|rr=1.5|start=10:10|stop_mode=fixed|stop_points=40|target_mode=rr|time_exit=12:00|touch_tolerance=10,or_retest,long,182,1870.6199999999997,10.278131868131867,11.41,0.510989010989011,1.2707214143472414,-1211.5400000000004,0.11270216186123341,0.04479625428494515,109,465.43999999999915,4.270091743119258,0.46788990825688076,73,1405.1799999999998,19.24904109589041,0.5753424657534246,113.66,0.06076060343629386,1152,True,False,True,False,False,False
full_history,or_retest_slip_shape|long|buffer_points=0|confirm_pattern=break_prev|end=10:45|max_risk_points=120|max_stop=120|min_reward_points=8|or_class=normal_tight|rr=1.5|start=10:00|stop_mode=fixed|stop_points=40|target_mode=rr|time_exit=15:55|touch_tolerance=10,or_retest,long,183,1864.2799999999984,10.187322404371576,-86.34,0.48633879781420764,1.2297054199379982,-813.1400000000003,0.10215723529427173,0.04071631225438607,109,917.9399999999991,8.421467889908248,0.47706422018348627,74,946.3399999999989,12.788378378378363,0.5,113.66,0.06096723668118528,1152,True,True,True,False,False,False
full_history,or_retest_slip_shape|long|buffer_points=0|confirm_pattern=break_prev|end=11:30|max_risk_points=120|max_stop=120|min_reward_points=8|or_class=normal_tight|rr=2.5|start=10:00|stop_mode=fixed|stop_points=60|target_mode=rr|time_exit=12:00|touch_tolerance=5,or_retest,long,195,1863.6999999999994,9.557435897435894,11.16,0.5128205128205128,1.199213280172736,-1634.9600000000003,0.07729282704108291,0.03180022979968803,117,1341.7199999999998,11.467692307692307,0.5042735042735043,78,521.9799999999996,6.692051282051277,0.5256410256410257,293.66,0.1575682781563557,1152,True,False,True,False,False,False
full_history,or_retest_slip_filter|long|buffer_points=0|confirm_pattern=break_prev|end=11:00|max_risk_points=120|max_signal_volume_ratio=2.5|max_stop=120|min_reward_points=8|or_class=normal_tight|rr=1.5|start=10:10|stop_mode=fixed|stop_points=40|target_mode=rr|time_exit=15:55|touch_tolerance=5,or_retest,long,145,1861.1999999999994,12.835862068965513,29.66,0.503448275862069,1.299397729905026,-954.1200000000002,0.12915671131390188,0.04582207372326777,87,617.4199999999993,7.096781609195394,0.47126436781609193,58,1243.7799999999997,21.444482758620687,0.5517241379310345,113.66,0.061068128089404705,1152,True,True,True,False,False,False
full_history,or_retest_slip_shape|long|buffer_points=0|confirm_pattern=break_prev|end=11:00|max_risk_points=120|max_stop=120|min_reward_points=8|or_class=normal|rr=2.5|start=10:20|stop_mode=fixed|stop_points=40|target_mode=rr|time_exit=15:55|touch_tolerance=10,or_retest,long,84,1859.4399999999994,22.136190476190468,-86.34,0.40476190476190477,1.43072504053741,-743.4599999999991,0.16449765108169936,0.044419442589902706,50,1657.9999999999995,33.15999999999999,0.44,34,201.43999999999986,5.924705882352937,0.35294117647058826,193.66,0.10414963644968381,1152,True,False,True,False,False,False
full_history,or_retest_slip_shape|long|buffer_points=0|confirm_pattern=break_prev|end=11:00|max_risk_points=120|max_stop=120|min_reward_points=8|or_class=normal|rr=2.5|start=10:00|stop_mode=fixed|stop_points=40|target_mode=rr|time_exit=12:00|touch_tolerance=5,or_retest,long,104,1849.639999999999,17.78499999999999,-63.34,0.4423076923076923,1.3979671753031588,-892.5799999999979,0.14888369761073608,0.04473398381801537,62,1429.92,23.063225806451616,0.45161290322580644,42,419.71999999999974,9.993333333333327,0.42857142857142855,193.66,0.10470145541835174,1152,True,False,True,False,False,False
full_history,or_retest_slip_filter|long|buffer_points=0|confirm_pattern=break_prev|end=11:00|max_risk_points=120|max_stop=120|min_reward_points=8|or_class=normal_tight|prior_day_zombie=no|rr=1.5|start=10:00|stop_mode=fixed|stop_points=40|target_mode=rr|time_exit=15:55|touch_tolerance=5,or_retest,long,120,1839.199999999999,15.326666666666657,113.66,0.5083333333333333,1.3610479656698187,-849.2200000000003,0.15264792211599648,0.04926690501570177,72,783.5199999999996,10.882222222222218,0.4861111111111111,48,1055.6799999999996,21.993333333333325,0.5416666666666666,113.66,0.061798608090474154,1152,True,True,True,False,False,False
full_history,or_retest_slip_shape|long|buffer_points=0|confirm_pattern=break_prev|end=11:30|max_risk_points=120|max_stop=120|min_reward_points=8|or_class=normal_tight|rr=2.5|start=10:00|stop_mode=fixed|stop_points=60|target_mode=rr|time_exit=12:00|touch_tolerance=10,or_retest,long,209,1835.4399999999991,8.782009569377987,6.66,0.507177033492823,1.1790233035390323,-1643.4800000000005,0.07033989981977744,0.029960471859392938,125,1647.4999999999998,13.179999999999998,0.512,84,187.93999999999943,2.2373809523809456,0.5,293.66,0.15999433378372496,1152,True,False,True,False,False,False
full_history,or_retest_slip_filter|long|buffer_points=0|confirm_pattern=break_prev|end=11:00|max_risk_points=120|max_stop=120|min_reward_points=8|min_signal_rsi=50|or_class=normal|rr=2|start=10:00|stop_mode=fixed|stop_points=40|target_mode=rr|time_exit=15:55|touch_tolerance=5,or_retest,long,69,1832.5399999999997,26.558550724637676,-86.34,0.4782608695652174,1.5895748076081637,-604.3799999999994,0.22218491200929333,0.054376702747891054,41,1629.0599999999997,39.73317073170731,0.5365853658536586,28,203.47999999999993,7.267142857142855,0.39285714285714285,153.66,0.08385082999552534,1152,False,False,True,True,False,False
full_history,or_retest_slip_shape|long|buffer_points=0|confirm_pattern=break_prev|end=11:00|max_risk_points=120|max_stop=120|min_reward_points=8|or_class=normal|rr=2|start=10:00|stop_mode=fixed|stop_points=40|target_mode=rr|time_exit=12:00|touch_tolerance=5,or_retest,long,104,1824.139999999999,17.539807692307683,-33.84,0.46153846153846156,1.4034779608231733,-870.0799999999974,0.1567711839979414,0.04710387853498145,62,1445.92,23.321290322580648,0.4838709677419355,42,378.21999999999974,9.00523809523809,0.42857142857142855,153.66,0.08423695549683691,1152,True,False,True,False,False,False
full_history,or_retest_slip_shape|long|buffer_points=0|confirm_pattern=break_prev|end=11:30|max_risk_points=120|max_stop=120|min_reward_points=8|or_class=normal_tight|rr=1.5|start=10:00|stop_mode=fixed|stop_points=40|target_mode=rr|time_exit=15:55|touch_tolerance=10,or_retest,long,209,1819.4399999999978,8.705454545454534,-86.34,0.4784688995215311,1.1933299755819216,-1158.5000000000005,0.08732848925254752,0.03719656626577389,125,736.4999999999984,5.891999999999987,0.464,84,1082.9399999999996,12.892142857142852,0.5,113.66,0.06246977091852446,1152,True,True,True,False,False,False
full_history,or_retest_slip_filter|long|buffer_points=0|confirm_pattern=break_prev|end=11:00|max_close_ema_delta=90|max_risk_points=120|max_stop=120|min_reward_points=8|or_class=normal_tight|rr=1.25|start=10:00|stop_mode=fixed|stop_points=40|target_mode=rr|time_exit=15:55|touch_tolerance=5,or_retest,long,134,1815.4399999999996,13.548059701492534,93.66,0.5597014925373134,1.3563837096539884,-841.4400000000002,0.15187961384164428,0.051799509089567514,80,781.7999999999993,9.77249999999999,0.5375,54,1033.6399999999996,19.141481481481474,0.5925925925925926,93.66,0.05159079892477857,1152,True,True,True,False,False,False
full_history,or_retest_slip_filter|long|buffer_points=0|confirm_pattern=break_prev|end=11:00|max_risk_points=120|max_signal_volume_ratio=2.5|max_stop=120|min_reward_points=8|or_class=normal|rr=1.5|start=10:00|stop_mode=fixed|stop_points=40|target_mode=rr|time_exit=15:55|touch_tolerance=5,or_retest,long,94,1813.0400000000004,19.28765957446809,113.66,0.5319148936170213,1.4772464042790652,-663.4000000000002,0.19309847833759705,0.05515901963939953,56,1093.96,19.535,0.5357142857142857,38,719.0799999999997,18.923157894736836,0.5263157894736842,113.66,0.06269028813484533,1152,True,True,True,False,False,False
full_history,or_retest_slip_shape|long|buffer_points=0|confirm_pattern=break_prev|end=11:30|max_risk_points=120|max_stop=120|min_reward_points=8|or_class=normal_tight|rr=1.25|start=10:10|stop_mode=fixed|stop_points=40|target_mode=rr|time_exit=15:55|touch_tolerance=10,or_retest,long,182,1811.119999999999,9.951208791208785,93.66,0.5384615384615384,1.2497214776575438,-1315.5600000000004,0.11106654961656977,0.044146139852235894,109,257.9399999999994,2.366422018348618,0.4954128440366973,73,1553.1799999999998,21.27643835616438,0.6027397260273972,93.66,0.05171385661910864,1152,True,False,True,False,False,False
full_history,or_retest_slip_shape|long|buffer_points=0|confirm_pattern=break_prev|end=11:30|max_risk_points=120|max_stop=120|min_reward_points=8|or_class=normal_tight|rr=2|start=10:10|stop_mode=fixed|stop_points=40|target_mode=rr|time_exit=12:00|touch_tolerance=10,or_retest,long,182,1809.6199999999994,9.94296703296703,-5.09,0.4725274725274725,1.2452511573948581,-1373.5400000000006,0.0981032890857193,0.038993572186169514,109,611.9399999999991,5.614128440366964,0.44036697247706424,73,1197.6799999999996,16.406575342465747,0.5205479452054794,153.66,0.0849128546324643,1152,True,True,True,False,False,False
full_history,or_retest_slip_shape|long|buffer_points=0|confirm_pattern=break_prev|end=10:45|max_risk_points=120|max_stop=120|min_reward_points=8|or_class=normal_tight|rr=2.5|start=10:10|stop_mode=fixed|stop_points=60|target_mode=rr|time_exit=15:55|touch_tolerance=5,or_retest,long,136,1805.7599999999998,13.277647058823527,-126.34,0.4117647058823529,1.1874225455904182,-1478.9399999999998,0.07710735873037737,0.026493482046478167,81,1288.4600000000005,15.90691358024692,0.4074074074074074,55,517.2999999999998,9.405454545454543,0.41818181818181815,293.66,0.1626240474924686,1152,True,False,True,False,False,False
full_history,or_retest_slip_shape|long|buffer_points=0|confirm_pattern=break_prev|end=11:30|max_risk_points=120|max_stop=120|min_reward_points=8|or_class=normal_tight|rr=1.25|start=10:00|stop_mode=fixed|stop_points=40|target_mode=rr|time_exit=12:00|touch_tolerance=5,or_retest,long,195,1804.6999999999991,9.254871794871791,35.66,0.5384615384615384,1.2498857672976,-1078.5000000000005,0.10809302075857438,0.044472210830612605,117,748.2199999999993,6.395042735042729,0.5213675213675214,78,1056.4799999999998,13.544615384615382,0.5641025641025641,93.66,0.051897822352745634,1152,True,True,True,False,False,False
full_history,or_retest_slip_shape|long|buffer_points=0|confirm_pattern=break_prev|end=10:45|max_risk_points=120|max_stop=120|min_reward_points=8|or_class=normal_tight|rr=1.25|start=10:10|stop_mode=fixed|stop_points=60|target_mode=rr|time_exit=15:55|touch_tolerance=5,or_retest,long,136,1799.7599999999989,13.233529411764698,69.41,0.5220588235294118,1.2254180183113936,-751.6400000000006,0.10010518611699284,0.03439535466937302,81,1274.4599999999996,15.73407407407407,0.5308641975308642,55,525.2999999999996,9.550909090909084,0.509090909090909,143.66,0.07982175401164604,1152,True,True,True,False,False,False
full_history,or_retest_slip_shape|long|buffer_points=0|confirm_pattern=break_prev|end=11:30|max_risk_points=120|max_stop=120|min_reward_points=8|or_class=normal|rr=2|start=10:00|stop_mode=fixed|stop_points=40|target_mode=rr|time_exit=15:55|touch_tolerance=10,or_retest,long,118,1798.8799999999997,15.244745762711862,-86.34,0.4322033898305085,1.310967746396578,-996.519999999999,0.1293052535947925,0.04138385411777969,70,1162.2000000000003,16.602857142857147,0.44285714285714284,48,636.6799999999997,13.26416666666666,0.4166666666666667,153.66,0.08541981677488217,1152,True,True,True,False,False,False
full_history,or_retest_slip_filter|long|buffer_points=0|confirm_pattern=break_prev|end=11:00|max_risk_points=120|max_stop=120|min_reward_points=8|or_class=normal_tight|rr=1.25|start=10:10|stop_mode=fixed|stop_points=40|target_mode=rr|time_exit=15:55|touch_tolerance=5,or_retest,long,153,1794.9799999999989,11.731895424836594,93.66,0.5490196078431373,1.3012995471224307,-920.4600000000003,0.13120282551018722,0.04781483525110522,91,372.05999999999926,4.08857142857142,0.5054945054945055,62,1422.92,22.950322580645164,0.6129032258064516,93.66,0.0521788543604943,1152,True,False,True,False,False,False
full_history,or_retest_slip_shape|long|buffer_points=0|confirm_pattern=break_prev|end=11:00|max_risk_points=120|max_stop=120|min_reward_points=8|or_class=normal_tight|rr=1.25|start=10:10|stop_mode=fixed|stop_points=40|target_mode=rr|time_exit=15:55|touch_tolerance=5,or_retest,long,153,1794.9799999999989,11.731895424836594,93.66,0.5490196078431373,1.3012995471224307,-920.4600000000003,0.13120282551018722,0.04781483525110522,91,372.05999999999926,4.08857142857142,0.5054945054945055,62,1422.92,22.950322580645164,0.6129032258064516,93.66,0.0521788543604943,1152,True,False,True,False,False,False
full_history,or_retest_slip_shape|long|buffer_points=0|confirm_pattern=break_prev|end=11:30|max_risk_points=120|max_stop=120|min_reward_points=8|or_class=normal_tight|rr=1.5|start=10:10|stop_mode=fixed|stop_points=40|target_mode=rr|time_exit=15:55|touch_tolerance=5,or_retest,long,169,1789.039999999999,10.586035502958575,-86.34,0.4911242603550296,1.2409403601769096,-1376.0200000000004,0.10647177797117913,0.040780412946221666,101,408.6599999999992,4.046138613861378,0.45544554455445546,68,1380.38,20.299705882352942,0.5441176470588235,113.66,0.06353127934534726,1152,True,True,True,False,False,False
full_history,or_retest_slip_shape|long|buffer_points=0|confirm_pattern=break_prev|end=11:00|max_risk_points=120|max_stop=120|min_reward_points=8|or_class=normal|rr=1.25|start=10:00|stop_mode=fixed|stop_points=60|target_mode=rr|time_exit=15:55|touch_tolerance=10,or_retest,long,114,1788.2399999999989,15.686315789473674,139.16,0.5350877192982456,1.2690288279559858,-1002.3999999999993,0.11771125358685461,0.037029186489538436,68,1503.88,22.115882352941178,0.5588235294117647,46,284.35999999999973,6.181739130434777,0.5,143.66,0.08033597280007163,1152,True,False,True,False,False,False
full_history,or_retest_slip_shape|long|buffer_points=0|confirm_pattern=break_prev|end=10:45|max_risk_points=120|max_stop=120|min_reward_points=8|or_class=normal_tight|rr=1.25|start=10:10|stop_mode=fixed|stop_points=60|target_mode=rr|time_exit=15:55|touch_tolerance=10,or_retest,long,150,1787.9999999999986,11.919999999999991,45.91,0.52,1.2016129032258063,-740.7200000000003,0.09028142280353794,0.032577502349028155,90,1217.3999999999996,13.526666666666662,0.5222222222222223,60,570.5999999999995,9.509999999999991,0.5166666666666667,143.66,0.08034675615212535,1152,True,True,True,False,False,False
full_history,or_retest_slip_filter|long|buffer_points=0|confirm_pattern=break_prev|end=11:00|max_risk_points=120|max_signal_rsi=70|max_stop=120|min_reward_points=8|or_class=normal|rr=2|start=10:00|stop_mode=fixed|stop_points=40|target_mode=rr|time_exit=15:55|touch_tolerance=5,or_retest,long,82,1787.1199999999994,21.794146341463406,-86.34,0.4634146341463415,1.4704234843220243,-488.75999999999897,0.18400395983218232,0.0490916756243778,49,1295.34,26.43551020408163,0.4897959183673469,33,491.77999999999986,14.902424242424239,0.42424242424242425,153.66,0.08598191503648331,1152,True,False,True,False,False,False
full_history,or_retest_slip_filter|long|buffer_points=0|confirm_pattern=break_prev|end=11:00|max_close_ema_delta=90|max_risk_points=120|max_stop=120|min_reward_points=8|or_class=normal|rr=1.25|start=10:00|stop_mode=fixed|stop_points=40|target_mode=rr|time_exit=15:55|touch_tolerance=5,or_retest,long,76,1783.1599999999999,23.462631578947367,93.66,0.618421052631579,1.7121644181383933,-604.3800000000002,0.2687122967305648,0.06901891019732702,45,1283.7,28.526666666666667,0.6444444444444445,31,499.4599999999998,16.1116129032258,0.5806451612903226,93.66,0.05252473137575989,1152,False,False,True,True,False,False
full_history,or_retest_slip_shape|long|buffer_points=0|confirm_pattern=break_prev|end=11:00|max_risk_points=120|max_stop=120|min_reward_points=8|or_class=normal_tight|rr=1.5|start=10:00|stop_mode=fixed|stop_points=40|target_mode=rr|time_exit=12:00|touch_tolerance=5,or_retest,long,183,1779.7799999999997,9.725573770491803,11.16,0.5081967213114754,1.243169242119932,-985.8200000000003,0.10400768990949522,0.041453838947517266,109,864.4399999999994,7.930642201834857,0.4954128440366973,74,915.3399999999997,12.369459459459454,0.527027027027027,113.66,0.06386182561889672,1152,True,True,True,False,False,False
full_history,or_retest_slip_filter|long|buffer_points=0|confirm_pattern=break_prev|end=11:00|max_risk_points=120|max_stop=120|min_reward_points=8|min_signal_rsi=55|or_class=normal_tight|rr=1.5|start=10:10|stop_mode=fixed|stop_points=40|target_mode=rr|time_exit=15:55|touch_tolerance=5,or_retest,long,102,1773.8199999999997,17.39039215686274,81.41,0.5294117647058824,1.4280123156513007,-1021.9000000000003,0.1755686044276238,0.052242109284126106,61,462.25999999999976,7.578032786885242,0.47540983606557374,41,1311.5599999999997,31.98926829268292,0.6097560975609756,113.66,0.06407640008569078,1152,True,False,True,False,False,False
full_history,or_retest_slip_shape|long|buffer_points=0|confirm_pattern=break_prev|end=11:30|max_risk_points=120|max_stop=120|min_reward_points=8|or_class=normal_tight|rr=1.5|start=10:10|stop_mode=fixed|stop_points=60|target_mode=rr|time_exit=12:00|touch_tolerance=10,or_retest,long,182,1766.1199999999992,9.70395604395604,9.66,0.5164835164835165,1.209468867640326,-1494.1600000000003,0.08291585221086144,0.03295695076784777,109,1207.9399999999996,11.08201834862385,0.5045871559633027,73,558.1799999999996,7.646301369863008,0.5342465753424658,173.66,0.0983285393970965,1152,True,True,True,False,False,False
full_history,or_retest_slip_filter|long|buffer_points=0|confirm_pattern=break_prev|end=11:00|max_close_ema_delta=70|max_risk_points=120|max_stop=120|min_reward_points=8|or_class=normal|rr=2|start=10:00|stop_mode=fixed|stop_points=40|target_mode=rr|time_exit=15:55|touch_tolerance=5,or_retest,long,67,1763.2199999999996,26.316716417910442,-86.34,0.4925373134328358,1.600641785553693,-518.0400000000002,0.22364505228933448,0.053934971862861,40,1112.3999999999996,27.80999999999999,0.5,27,650.8199999999998,24.10444444444444,0.48148148148148145,153.66,0.08714737809235377,1152,False,True,True,True,False,False
full_history,or_retest_slip_shape|long|buffer_points=0|confirm_pattern=break_prev|end=10:45|max_risk_points=120|max_stop=120|min_reward_points=8|or_class=normal_tight|rr=1.5|start=10:00|stop_mode=fixed|stop_points=40|target_mode=rr|time_exit=15:55|touch_tolerance=5,or_retest,long,168,1759.379999999999,10.472499999999993,-86.34,0.4880952380952381,1.2369458764969208,-813.1400000000003,0.10502748887789551,0.0401080348195074,100,894.9999999999991,8.94999999999999,0.48,68,864.3799999999997,12.711470588235288,0.5,113.66,0.06460230308404101,1152,True,True,True,False,False,False
full_history,or_retest_slip_shape|long|buffer_points=0|confirm_pattern=break_prev|end=11:00|max_risk_points=120|max_stop=120|min_reward_points=8|or_class=normal_tight|rr=1.25|start=10:20|stop_mode=fixed|stop_points=60|target_mode=rr|time_exit=12:00|touch_tolerance=10,or_retest,long,143,1756.3799999999994,12.282377622377618,13.66,0.5454545454545454,1.2838777456320405,-919.6999999999975,0.11117033681311782,0.039167937275060655,85,1742.1000000000001,20.49529411764706,0.5647058823529412,58,14.279999999999859,0.2462068965517217,0.5172413793103449,143.66,0.08179323381045106,1152,True,False,True,False,False,False
full_history,or_retest_slip_filter|long|buffer_points=0|confirm_pattern=break_prev|end=11:00|max_risk_points=120|max_stop=120|min_reward_points=8|or_class=normal_tight|rr=1.5|signal_vs_ema=above|start=10:10|stop_mode=fixed|stop_points=40|target_mode=rr|time_exit=15:55|touch_tolerance=5,or_retest,long,130,1756.2999999999997,13.509999999999998,36.16,0.5076923076923077,1.3178386321519568,-912.6200000000001,0.13603359297364542,0.045697412040860995,78,594.4799999999994,7.621538461538455,0.47435897435897434,52,1161.82,22.342692307692307,0.5576923076923077,113.66,0.06471559528554348,1152,True,True,True,False,False,False
full_history,or_retest_slip_shape|long|buffer_points=0|confirm_pattern=break_prev|end=11:00|max_risk_points=120|max_stop=120|min_reward_points=8|or_class=normal_tight|rr=2|start=10:10|stop_mode=fixed|stop_points=40|target_mode=rr|time_exit=12:00|touch_tolerance=5,or_retest,long,153,1747.9799999999987,11.424705882352931,-4.34,0.477124183006536,1.2837307448828865,-1111.46,0.11206410308958416,0.040840024640896866,91,688.0599999999994,7.5610989010988945,0.43956043956043955,62,1059.9199999999998,17.09548387096774,0.532258064516129,153.66,0.08790718429272652,1152,True,True,True,False,False,False
full_history,or_retest_slip_shape|long|buffer_points=0|confirm_pattern=break_prev|end=10:45|max_risk_points=120|max_stop=120|min_reward_points=8|or_class=normal_tight|rr=1.25|start=10:00|stop_mode=fixed|stop_points=40|target_mode=rr|time_exit=12:00|touch_tolerance=10,or_retest,long,183,1741.7799999999995,9.517923497267757,77.66,0.5355191256830601,1.249113974742201,-733.1400000000001,0.10900812156133657,0.04344683666281962,109,926.4399999999991,8.499449541284395,0.5229357798165137,74,815.3399999999991,11.018108108108096,0.5540540540540541,93.66,0.05377257747821196,1152,True,True,True,False,False,False
full_history,or_retest_slip_shape|long|buffer_points=0|confirm_pattern=break_prev|end=11:00|max_risk_points=120|max_stop=120|min_reward_points=8|or_class=normal_tight|rr=1.5|start=10:20|stop_mode=fixed|stop_points=40|target_mode=rr|time_exit=15:55|touch_tolerance=5,or_retest,long,131,1734.4599999999994,13.24015267175572,29.66,0.5038167938931297,1.3090572156590219,-867.7800000000003,0.13285843026087454,0.044802115897175455,78,994.4799999999992,12.749743589743579,0.5,53,739.9799999999994,13.96188679245282,0.5094339622641509,113.66,0.06553048210970563,1152,True,True,True,False,False,False
full_history,or_retest_slip_shape|long|buffer_points=0|confirm_pattern=break_prev|end=11:00|max_risk_points=120|max_stop=120|min_reward_points=8|or_class=normal_tight|rr=2|start=10:00|stop_mode=fixed|stop_points=40|target_mode=rr|time_exit=12:00|touch_tolerance=10,or_retest,long,196,1731.359999999999,8.833469387755096,-58.84,0.45918367346938777,1.2001447308491724,-952.6200000000002,0.08384825675562549,0.034585641383167894,117,597.2199999999992,5.104444444444438,0.4444444444444444,79,1134.1399999999996,14.356202531645565,0.4810126582278481,153.66,0.0887510396451345,1152,True,True,True,False,False,False
full_history,or_retest_slip_filter|long|buffer_points=0|confirm_pattern=break_prev|end=11:00|max_risk_points=120|max_signal_ema_slope=30|max_stop=120|min_reward_points=8|or_class=normal|rr=1.5|start=10:00|stop_mode=fixed|stop_points=40|target_mode=rr|time_exit=15:55|touch_tolerance=5,or_retest,long,88,1731.0799999999997,19.671363636363633,113.66,0.5340909090909091,1.4890139380893455,-608.7599999999989,0.19697860491886088,0.05444201035362635,52,1439.3200000000004,27.679230769230777,0.5769230769230769,36,291.7599999999998,8.10444444444444,0.4722222222222222,113.66,0.06565843288582851,1152,True,False,True,False,False,False
full_history,or_retest_slip_shape|long|buffer_points=0|confirm_pattern=break_prev|end=11:00|max_risk_points=120|max_stop=120|min_reward_points=8|or_class=normal|rr=1.25|start=10:00|stop_mode=fixed|stop_points=40|target_mode=rr|time_exit=12:00|touch_tolerance=10,or_retest,long,114,1729.7399999999993,15.173157894736836,93.66,0.5614035087719298,1.418924679099055,-533.579999999999,0.17287095179983636,0.054381127698184775,68,1156.88,17.01294117647059,0.5588235294117647,46,572.8599999999996,12.453478260869556,0.5652173913043478,93.66,0.05414686600298313,1152,True,True,True,False,False,False
full_history,or_retest_slip_shape|long|buffer_points=0|confirm_pattern=break_prev|end=11:00|max_risk_points=120|max_stop=120|min_reward_points=8|or_class=normal_tight|rr=2.5|start=10:10|stop_mode=fixed|stop_points=40|target_mode=rr|time_exit=12:00|touch_tolerance=5,or_retest,long,153,1728.9799999999987,11.300522875816984,-14.84,0.46405228758169936,1.2749921270863218,-1244.1400000000003,0.10556700608517809,0.03847225838534466,91,601.5599999999993,6.610549450549443,0.4175824175824176,62,1127.4199999999998,18.184193548387093,0.532258064516129,193.66,0.1120082360698216,1152,True,False,True,False,False,False
full_history,or_retest_slip_filter|long|buffer_points=0|confirm_pattern=break_prev|end=11:00|max_risk_points=120|max_signal_rsi=70|max_stop=120|min_reward_points=8|or_class=normal_tight|rr=1.25|start=10:00|stop_mode=fixed|stop_points=40|target_mode=rr|time_exit=15:55|touch_tolerance=5,or_retest,long,142,1728.719999999999,12.174084507042245,93.66,0.5492957746478874,1.31284746351633,-1049.2200000000007,0.13579011631952068,0.04767449407605502,85,350.09999999999957,4.11882352941176,0.5058823529411764,57,1378.6199999999997,24.186315789473678,0.6140350877192983,93.66,0.05417881438289605,1152,True,False,True,False,False,False
full_history,or_retest_slip_shape|long|buffer_points=0|confirm_pattern=break_prev|end=11:00|max_risk_points=120|max_stop=120|min_reward_points=8|or_class=normal|rr=1.5|start=10:00|stop_mode=fixed|stop_points=60|target_mode=rr|time_exit=12:00|touch_tolerance=5,or_retest,long,104,1724.6399999999996,16.58307692307692,11.16,0.5192307692307693,1.3183167220376517,-1054.5800000000004,0.12657194476784187,0.03803013640797082,62,1215.4200000000003,19.60354838709678,0.5161290322580645,42,509.21999999999963,12.124285714285705,0.5238095238095238,173.66,0.10069347805918918,1152,True,True,True,False,False,False
full_history,or_retest_slip_filter|long|buffer_points=0|confirm_pattern=break_prev|end=11:00|max_risk_points=120|max_stop=120|min_reward_points=8|or_class=normal_tight|prior_day_zombie=no|rr=2|start=10:10|stop_mode=fixed|stop_points=40|target_mode=rr|time_exit=15:55|touch_tolerance=5,or_retest,long,100,1721.9999999999995,17.219999999999995,-86.34,0.44,1.3623325632188257,-842.8800000000001,0.147062274598501,0.043328638177215925,60,838.0999999999999,13.968333333333332,0.4166666666666667,40,883.8999999999996,22.09749999999999,0.475,153.66,0.08923344947735194,1152,True,True,True,False,False,False
full_history,or_retest_slip_shape|long|buffer_points=0|confirm_pattern=break_prev|end=11:30|max_risk_points=120|max_stop=120|min_reward_points=8|or_class=normal|rr=1.5|start=10:00|stop_mode=fixed|stop_points=40|target_mode=rr|time_exit=15:55|touch_tolerance=5,or_retest,long,109,1717.9399999999996,15.760917431192658,113.66,0.5137614678899083,1.375422310217175,-695.0999999999991,0.1575829207105062,0.048472582116779454,65,1116.8999999999999,17.18307692307692,0.5230769230769231,44,601.0399999999997,13.659999999999995,0.5,113.66,0.0661606342479947,1152,True,True,True,False,False,False
full_history,or_retest_slip_shape|long|buffer_points=0|confirm_pattern=break_prev|end=11:00|max_risk_points=120|max_stop=120|min_reward_points=8|or_class=normal_tight|rr=1.25|start=10:10|stop_mode=fixed|stop_points=40|target_mode=rr|time_exit=12:00|touch_tolerance=10,or_retest,long,166,1710.0599999999995,10.301566265060238,34.41,0.5481927710843374,1.2864901993633766,-857.5000000000002,0.12144709856950332,0.04610148853738545,99,358.3399999999996,3.6195959595959555,0.494949494949495,67,1351.72,20.17492537313433,0.6268656716417911,93.66,0.0547700080698923,1152,True,False,True,False,False,False
full_history,or_retest_slip_shape|long|buffer_points=0|confirm_pattern=break_prev|end=11:00|max_risk_points=120|max_stop=120|min_reward_points=8|or_class=normal_tight|rr=1.25|start=10:20|stop_mode=fixed|stop_points=60|target_mode=rr|time_exit=12:00|touch_tolerance=5,or_retest,long,131,1699.4599999999994,12.972977099236637,13.66,0.5572519083969466,1.3047691805560033,-622.579999999997,0.1181245627642886,0.039833605898227605,78,1654.98,21.217692307692307,0.5769230769230769,53,44.479999999999876,0.8392452830188656,0.5283018867924528,143.66,0.08453273392724751,1152,True,False,True,False,False,False
full_history,or_retest_slip_filter|long|buffer_points=0|confirm_pattern=break_prev|end=11:00|max_close_ema_delta=50|max_risk_points=120|max_stop=120|min_reward_points=8|or_class=normal|rr=2|start=10:00|stop_mode=fixed|stop_points=40|target_mode=rr|time_exit=15:55|touch_tolerance=5,or_retest,long,58,1699.2799999999995,29.29793103448275,-27.840000000000003,0.5,1.6786641425638806,-661.4199999999989,0.24711967595012468,0.05544917425321227,34,1390.44,40.89529411764706,0.5588235294117647,24,308.84000000000003,12.868333333333334,0.4166666666666667,153.66,0.09042653359069726,1152,False,False,True,True,False,False
full_history,or_retest_slip_filter|long|buffer_points=0|confirm_pattern=break_prev|end=11:00|max_risk_points=120|max_stop=120|min_reward_points=8|min_signal_rsi=50|or_class=normal|rr=2|start=10:10|stop_mode=fixed|stop_points=40|target_mode=rr|time_exit=15:55|touch_tolerance=5,or_retest,long,58,1698.2799999999997,29.28068965517241,-28.340000000000003,0.5,1.6782647592117763,-450.72000000000025,0.24697451824209918,0.0554166034956813,34,1513.44,44.51294117647059,0.5588235294117647,24,184.8400000000001,7.701666666666671,0.4166666666666667,153.66,0.09047977954165393,1152,False,False,True,True,False,False
full_history,or_retest_slip_shape|long|buffer_points=0|confirm_pattern=break_prev|end=10:45|max_risk_points=120|max_stop=120|min_reward_points=8|or_class=normal_tight|rr=1.25|start=10:10|stop_mode=fixed|stop_points=40|target_mode=rr|time_exit=15:55|touch_tolerance=10,or_retest,long,150,1693.9999999999995,11.29333333333333,93.66,0.5466666666666666,1.2885309787570338,-661.4400000000004,0.12624970471586874,0.045556438126760995,90,638.3999999999993,7.093333333333326,0.5222222222222223,60,1055.5999999999997,17.593333333333327,0.5833333333333334,93.66,0.05528925619834712,1152,True,True,True,False,False,False
full_history,or_retest_slip_shape|long|buffer_points=0|confirm_pattern=break_prev|end=11:00|max_risk_points=120|max_stop=120|min_reward_points=8|or_class=normal|rr=1.25|start=10:00|stop_mode=fixed|stop_points=40|target_mode=rr|time_exit=12:00|touch_tolerance=5,or_retest,long,104,1693.139999999999,16.280192307692296,93.66,0.5673076923076923,1.4579395775295478,-540.8999999999992,0.1861197114917548,0.055922013596507184,62,1314.9200000000003,21.2083870967742,0.5806451612903226,42,378.2199999999998,9.00523809523809,0.5476190476190477,93.66,0.05531733938126797,1152,True,False,True,False,False,False
full_history,or_retest_slip_shape|long|buffer_points=0|confirm_pattern=break_prev|end=11:30|max_risk_points=120|max_stop=120|min_reward_points=8|or_class=normal|rr=2.5|start=10:00|stop_mode=fixed|stop_points=40|target_mode=rr|time_exit=12:00|touch_tolerance=5,or_retest,long,109,1689.9399999999998,15.504036697247704,-86.34,0.43119266055045874,1.3410520112692421,-1027.2599999999982,0.13056011191562922,0.04016035314913617,65,1170.8999999999999,18.013846153846153,0.4307692307692308,44,519.0399999999996,11.796363636363628,0.4318181818181818,193.66,0.11459578446572069,1152,True,True,True,False,False,False
full_history,or_retest_slip_filter|long|buffer_points=0|confirm_pattern=break_prev|end=11:00|max_risk_points=120|max_stop=120|min_reward_points=8|or_class=normal_tight|prior_day_direction=down|rr=2|start=10:00|stop_mode=fixed|stop_points=40|target_mode=rr|time_exit=15:55|touch_tolerance=5,or_retest,long,74,1689.8399999999997,22.83567567567567,-86.34,0.47297297297297297,1.501844229432832,-623.4000000000001,0.19383153930804078,0.04912630102054071,44,920.5399999999997,20.92136363636363,0.45454545454545453,30,769.2999999999998,25.643333333333327,0.5,153.66,0.09093168584007955,1152,False,True,True,True,False,False
full_history,or_retest_slip_filter|long|buffer_points=0|confirm_pattern=break_prev|end=11:00|max_risk_points=120|max_signal_volume_ratio=2|max_stop=120|min_reward_points=8|or_class=normal|rr=2|start=10:10|stop_mode=fixed|stop_points=40|target_mode=rr|time_exit=15:55|touch_tolerance=5,or_retest,long,72,1689.5199999999995,23.46555555555555,-86.34,0.4722222222222222,1.5149531229045505,-450.72000000000025,0.19807963459861022,0.049519908649652555,43,1216.3799999999999,28.287906976744182,0.4883720930232558,29,473.14,16.315172413793103,0.4482758620689655,153.66,0.09094890856574651,1152,False,False,True,True,False,False
full_history,or_retest_slip_shape|long|buffer_points=0|confirm_pattern=break_prev|end=10:45|max_risk_points=120|max_stop=120|min_reward_points=8|or_class=normal_tight|rr=1.5|start=10:10|stop_mode=fixed|stop_points=40|target_mode=rr|time_exit=12:00|touch_tolerance=10,or_retest,long,150,1688.9999999999993,11.259999999999996,11.41,0.5133333333333333,1.2910904603675764,-781.4400000000002,0.12133486700129435,0.04378294882830296,90,512.3999999999992,5.6933333333333245,0.4666666666666667,60,1176.6000000000001,19.610000000000003,0.5833333333333334,113.66,0.06729425695677918,1152,True,False,True,False,False,False
full_history,or_retest_slip_shape|long|buffer_points=0|confirm_pattern=break_prev|end=11:00|max_risk_points=120|max_stop=120|min_reward_points=8|or_class=normal|rr=1.5|start=10:00|stop_mode=fixed|stop_points=40|target_mode=rr|time_exit=15:55|touch_tolerance=10,or_retest,long,114,1686.2399999999996,14.791578947368418,78.16,0.5087719298245614,1.3487540951057277,-636.0799999999991,0.14787032134699535,0.04651651850250404,68,1057.88,15.557058823529413,0.5147058823529411,46,628.3599999999997,13.659999999999993,0.5,113.66,0.06740440269475284,1152,True,True,True,False,False,False
full_history,or_retest_slip_filter|long|buffer_points=0|confirm_pattern=break_prev|end=11:00|max_close_ema_delta=90|max_risk_points=120|max_stop=120|min_reward_points=8|or_class=normal|rr=1.5|start=10:00|stop_mode=fixed|stop_points=40|target_mode=rr|time_exit=15:55|touch_tolerance=5,or_retest,long,76,1683.16,22.146842105263158,113.66,0.5526315789473685,1.5733693060267884,-604.3800000000001,0.2236221379476456,0.05743747660576362,45,1443.7000000000003,32.08222222222223,0.6,31,239.45999999999992,7.7245161290322555,0.4838709677419355,113.66,0.06752774543121272,1152,False,False,True,True,False,False
full_history,or_retest_slip_filter|long|buffer_points=0|confirm_pattern=break_prev|end=11:00|max_risk_points=120|max_signal_ema_slope=20|max_stop=120|min_reward_points=8|or_class=normal|rr=1.5|start=10:00|stop_mode=fixed|stop_points=40|target_mode=rr|time_exit=15:55|touch_tolerance=5,or_retest,long,76,1683.16,22.146842105263158,113.66,0.5526315789473685,1.5733693060267884,-518.0400000000001,0.2236221379476456,0.05743747660576362,45,1243.7000000000003,27.637777777777785,0.5777777777777777,31,439.4599999999998,14.176129032258059,0.5161290322580645,113.66,0.06752774543121272,1152,False,False,True,True,False,False
full_history,or_retest_slip_shape|long|buffer_points=0|confirm_pattern=break_prev|end=10:45|max_risk_points=120|max_stop=120|min_reward_points=8|or_class=normal|rr=2.5|start=10:00|stop_mode=fixed|stop_points=40|target_mode=rr|time_exit=15:55|touch_tolerance=5,or_retest,long,96,1681.859999999999,17.51937499999999,-86.34,0.3958333333333333,1.3391038203769563,-1377.3999999999978,0.1324786048081848,0.03824327907393577,57,1724.62,30.256491228070175,0.43859649122807015,39,-42.76000000000016,-1.0964102564102605,0.3333333333333333,193.66,0.11514632609135131,1152,True,False,True,False,False,False
full_history,or_retest_slip_filter|long|buffer_points=0|confirm_pattern=break_prev|end=11:00|max_risk_points=120|max_stop=120|min_reward_points=8|or_class=normal|prior_day_zombie=no|rr=1.25|start=10:00|stop_mode=fixed|stop_points=40|target_mode=rr|time_exit=15:55|touch_tolerance=5,or_retest,long,66,1681.5599999999997,25.478181818181813,93.66,0.6212121212121212,1.7790410006949269,-259.0200000000001,0.28957605069351827,0.0693119901727495,39,772.7399999999998,19.81384615384615,0.5897435897435898,27,908.82,33.660000000000004,0.6666666666666666,93.66,0.05569828016841505,1152,False,True,True,True,False,False
full_history,or_retest_slip_shape|long|buffer_points=0|confirm_pattern=break_prev|end=11:00|max_risk_points=120|max_stop=120|min_reward_points=8|or_class=normal_tight|rr=2.5|start=10:00|stop_mode=fixed|stop_points=40|target_mode=rr|time_exit=12:00|touch_tolerance=10,or_retest,long,196,1666.859999999999,8.504387755102035,-86.34,0.44387755102040816,1.1880576201887274,-1152.6200000000003,0.07636785873546051,0.031500134619648595,117,870.2199999999993,7.4377777777777725,0.42735042735042733,79,796.6399999999994,10.084050632911385,0.46835443037974683,193.66,0.1161825228273521,1152,True,True,True,False,False,False
full_history,or_retest_slip_filter|long|buffer_points=0|confirm_pattern=break_prev|end=11:00|max_risk_points=120|max_signal_ema_slope=20|max_stop=120|min_reward_points=8|or_class=normal_tight|rr=1.5|start=10:00|stop_mode=fixed|stop_points=40|target_mode=rr|time_exit=15:55|touch_tolerance=5,or_retest,long,138,1665.5799999999992,12.069420289855067,-28.340000000000003,0.5,1.2795788809324773,-749.7400000000002,0.12149461938845997,0.042050421026180444,82,649.1199999999994,7.916097560975603,0.47560975609756095,56,1016.4599999999998,18.151071428571424,0.5357142857142857,113.66,0.06824049280130648,1152,True,True,True,False,False,False
full_history,or_retest_slip_filter|long|buffer_points=0|confirm_pattern=break_prev|end=11:00|max_risk_points=120|max_signal_ema_slope=30|max_stop=120|min_reward_points=8|or_class=normal_tight|rr=1.5|start=10:10|stop_mode=fixed|stop_points=40|target_mode=rr|time_exit=15:55|touch_tolerance=5,or_retest,long,138,1665.5799999999992,12.069420289855067,-28.340000000000003,0.5,1.2795788809324773,-1008.7600000000001,0.12149461938845997,0.042050421026180444,82,649.1199999999994,7.916097560975603,0.47560975609756095,56,1016.4599999999999,18.151071428571427,0.5357142857142857,113.66,0.06824049280130648,1152,True,True,True,False,False,False
full_history,or_retest_slip_shape|long|buffer_points=0|confirm_pattern=break_prev|end=11:30|max_risk_points=120|max_stop=120|min_reward_points=8|or_class=normal|rr=2|start=10:00|stop_mode=fixed|stop_points=40|target_mode=rr|time_exit=12:00|touch_tolerance=5,or_retest,long,109,1664.4399999999996,15.270091743119263,-48.34,0.44954128440366975,1.3447187474111504,-1004.7599999999981,0.136966737632815,0.042131034297623444,65,1186.8999999999999,18.259999999999998,0.46153846153846156,44,477.5399999999995,10.853181818181808,0.4318181818181818,153.66,0.09231933863641828,1152,True,False,True,False,False,False
full_history,or_retest_slip_shape|long|buffer_points=0|confirm_pattern=break_prev|end=11:30|max_risk_points=120|max_stop=120|min_reward_points=8|or_class=normal_tight|rr=1.25|start=10:10|stop_mode=fixed|stop_points=60|target_mode=rr|time_exit=12:00|touch_tolerance=10,or_retest,long,182,1658.1199999999994,9.110549450549447,13.41,0.532967032967033,1.2023726413942928,-1291.6600000000003,0.08221043875578442,0.032676566789512376,109,851.9399999999991,7.8159633027522855,0.5137614678899083,73,806.1799999999995,11.04356164383561,0.5616438356164384,143.66,0.08664029141437293,1152,True,True,True,False,False,False
full_history,or_retest_slip_shape|long|buffer_points=0|confirm_pattern=break_prev|end=11:30|max_risk_points=120|max_stop=120|min_reward_points=8|or_class=normal_tight|rr=1.25|start=10:10|stop_mode=fixed|stop_points=60|target_mode=rr|time_exit=12:00|touch_tolerance=5,or_retest,long,169,1650.5399999999988,9.766508875739637,13.16,0.5384615384615384,1.2224891218194458,-1102.6600000000003,0.08908786721354194,0.03412209397357703,101,1126.6599999999996,11.155049504950492,0.5346534653465347,68,523.8799999999998,7.70411764705882,0.5441176470588235,143.66,0.0870381814436488,1152,True,True,True,False,False,False
full_history,or_retest_slip_shape|long|buffer_points=0|confirm_pattern=break_prev|end=11:30|max_risk_points=120|max_stop=120|min_reward_points=8|or_class=normal_tight|rr=1.5|start=10:10|stop_mode=fixed|stop_points=60|target_mode=rr|time_exit=12:00|touch_tolerance=5,or_retest,long,169,1650.5399999999988,9.766508875739637,11.16,0.5207100591715976,1.2155725693328836,-1305.1600000000003,0.08453146815264617,0.03237691944196168,101,1434.6599999999999,14.204554455445543,0.5247524752475248,68,215.87999999999965,3.174705882352936,0.5147058823529411,173.66,0.1052140511590147,1152,True,False,True,False,False,False
full_history,or_retest_slip_shape|long|buffer_points=0|confirm_pattern=break_prev|end=10:45|max_risk_points=120|max_stop=120|min_reward_points=8|or_class=normal_tight|rr=2.5|start=10:00|stop_mode=fixed|stop_points=60|target_mode=rr|time_exit=12:00|touch_tolerance=10,or_retest,long,183,1648.2799999999988,9.00699453551912,6.66,0.5081967213114754,1.1785862875964288,-1374.2399999999982,0.07054632691785254,0.02811730629664318,109,1414.4399999999998,12.976513761467888,0.5045871559633027,74,233.83999999999935,3.1599999999999913,0.5135135135135135,293.66,0.17816147741888527,1152,True,False,True,False,False,False
full_history,or_retest_slip_filter|long|buffer_points=0|confirm_pattern=break_prev|end=11:00|max_risk_points=120|max_signal_rsi=65|max_stop=120|min_reward_points=8|or_class=normal|rr=1.25|start=10:00|stop_mode=fixed|stop_points=40|target_mode=rr|time_exit=15:55|touch_tolerance=5,or_retest,long,67,1645.72,24.562985074626866,93.66,0.6268656716417911,1.7624368774611996,-431.70000000000016,0.28263101968036525,0.06816022057269172,40,980.8999999999999,24.522499999999997,0.625,27,664.8199999999999,24.622962962962962,0.6296296296296297,93.66,0.056911260724789144,1152,False,True,True,True,False,False
full_history,or_retest_slip_shape|long|buffer_points=0|confirm_pattern=break_prev|end=10:45|max_risk_points=120|max_stop=120|min_reward_points=8|or_class=normal_tight|rr=1.5|start=10:10|stop_mode=fixed|stop_points=40|target_mode=rr|time_exit=15:55|touch_tolerance=5,or_retest,long,136,1638.2599999999993,12.046029411764701,-28.340000000000003,0.5,1.2790370491490544,-722.4200000000002,0.1212713479012504,0.04166788139649017,81,535.4599999999994,6.610617283950609,0.4691358024691358,55,1102.7999999999997,20.050909090909087,0.5454545454545454,113.66,0.06937848693125637,1152,True,True,True,False,False,False
full_history,or_retest_slip_shape|long|buffer_points=0|confirm_pattern=break_prev|end=10:45|max_risk_points=120|max_stop=120|min_reward_points=8|or_class=normal_tight|rr=2.5|start=10:00|stop_mode=fixed|stop_points=40|target_mode=rr|time_exit=12:00|touch_tolerance=5,or_retest,long,168,1633.8799999999987,9.725476190476183,-86.34,0.44047619047619047,1.215070238621764,-979.9400000000004,0.08594312769627976,0.032820074010788146,100,973.9999999999997,9.739999999999997,0.43,68,659.8799999999997,9.704117647058819,0.45588235294117646,193.66,0.11852767645114705,1152,True,True,True,False,False,False
full_history,or_retest_slip_shape|long|buffer_points=0|confirm_pattern=break_prev|end=11:30|max_risk_points=120|max_stop=120|min_reward_points=8|or_class=normal_tight|rr=2|start=10:20|stop_mode=fixed|stop_points=40|target_mode=rr|time_exit=15:55|touch_tolerance=10,or_retest,long,163,1632.079999999999,10.012760736196313,-86.34,0.4233128834355828,1.201095126146506,-1284.8400000000001,0.08703475876148158,0.032738614233258946,97,836.5199999999996,8.623917525773193,0.41237113402061853,66,795.5599999999997,12.05393939393939,0.4393939393939394,153.66,0.09414979657859915,1152,True,True,True,False,False,False
full_history,or_retest_slip_shape|long|buffer_points=0|confirm_pattern=break_prev|end=11:30|max_risk_points=120|max_stop=120|min_reward_points=8|or_class=normal_tight|rr=2|start=10:00|stop_mode=fixed|stop_points=40|target_mode=rr|time_exit=12:00|touch_tolerance=10,or_retest,long,209,1629.939999999999,7.798755980861239,-57.84,0.45454545454545453,1.1775967120517419,-1077.0000000000005,0.07475961219356035,0.03184299754596069,125,558.4999999999989,4.467999999999991,0.448,84,1071.4399999999996,12.75523809523809,0.4642857142857143,153.66,0.09427340883713517,1152,True,True,True,False,False,False
full_history,or_retest_slip_shape|long|buffer_points=0|confirm_pattern=break_prev|end=11:00|max_risk_points=120|max_stop=120|min_reward_points=8|or_class=normal|rr=2.5|start=10:00|stop_mode=fixed|stop_points=40|target_mode=rr|time_exit=15:55|touch_tolerance=10,or_retest,long,114,1626.7399999999998,14.269649122807015,-86.34,0.38596491228070173,1.2713132526101598,-1415.5999999999976,0.10917716176259251,0.034344562309181086,68,1772.88,26.071764705882355,0.4264705882352941,46,-146.14000000000027,-3.1769565217391365,0.32608695652173914,193.66,0.1190479117744692,1152,True,False,True,False,False,False
full_history,or_retest_slip_filter|long|buffer_points=0|confirm_pattern=break_prev|end=11:00|max_risk_points=120|max_signal_volume_ratio=2|max_stop=120|min_reward_points=8|or_class=normal|rr=1.25|start=10:00|stop_mode=fixed|stop_points=40|target_mode=rr|time_exit=15:55|touch_tolerance=5,or_retest,long,82,1625.1199999999997,19.818536585365848,93.66,0.5975609756097561,1.5703736461206925,-510.72000000000014,0.22493774452995063,0.060012680163050225,49,578.3399999999998,11.802857142857139,0.5510204081632653,33,1046.78,31.72060606060606,0.6666666666666666,93.66,0.057632667126119926,1152,True,False,True,True,False,False
full_history,or_retest_slip_shape|long|buffer_points=0|confirm_pattern=break_prev|end=10:45|max_risk_points=120|max_stop=120|min_reward_points=8|or_class=normal_tight|rr=2|start=10:10|stop_mode=fixed|stop_points=60|target_mode=rr|time_exit=15:55|touch_tolerance=10,or_retest,long,150,1620.999999999999,10.806666666666661,-126.34,0.4266666666666667,1.1559742666515278,-1412.5999999999995,0.06737504006022513,0.024311873447145502,90,1384.9000000000003,15.387777777777782,0.4222222222222222,60,236.09999999999962,3.934999999999994,0.43333333333333335,233.66,0.1441455891425047,1152,True,False,True,False,False,False
full_history,or_retest_slip_filter|long|buffer_points=0|confirm_pattern=break_prev|end=11:00|max_risk_points=120|max_stop=120|min_reward_points=8|or_class=normal_tight|rr=1.25|signal_vs_ema=above|start=10:10|stop_mode=fixed|stop_points=40|target_mode=rr|time_exit=15:55|touch_tolerance=5,or_retest,long,130,1620.7999999999997,12.467692307692305,93.66,0.5538461538461539,1.3236602685453653,-832.6200000000001,0.13960204303346738,0.046896152213536664,78,414.4799999999998,5.313846153846151,0.5128205128205128,52,1206.3200000000002,23.19846153846154,0.6153846153846154,93.66,0.057786278381046406,1152,True,False,True,False,False,False
full_history,or_retest_slip_filter|long|buffer_points=0|confirm_pattern=break_prev|end=11:00|max_risk_points=120|max_signal_rsi=65|max_stop=120|min_reward_points=8|or_class=normal_tight|rr=2|start=10:00|stop_mode=fixed|stop_points=40|target_mode=rr|time_exit=15:55|touch_tolerance=5,or_retest,long,115,1617.3999999999992,14.06434782608695,-86.34,0.4434782608695652,1.292701818392402,-698.1000000000001,0.12160170736287451,0.038420441696528494,69,673.5399999999995,9.761449275362311,0.42028985507246375,46,943.8599999999994,20.5186956521739,0.4782608695652174,153.66,0.09500432793372084,1152,True,True,True,False,False,False
full_history,or_retest_slip_shape|long|buffer_points=0|confirm_pattern=break_prev|end=11:30|max_risk_points=120|max_stop=120|min_reward_points=8|or_class=normal|rr=1.25|start=10:00|stop_mode=fixed|stop_points=60|target_mode=rr|time_exit=15:55|touch_tolerance=5,or_retest,long,109,1609.9399999999994,14.770091743119261,134.66,0.5321100917431193,1.2517757892135855,-1095.179999999999,0.11085820771729407,0.034100037952509335,65,1342.8999999999999,20.659999999999997,0.5538461538461539,44,267.0399999999996,6.0690909090909,0.5,143.66,0.08923313912319716,1152,True,False,True,False,False,False
full_history,or_retest_slip_shape|long|buffer_points=0|confirm_pattern=break_prev|end=10:45|max_risk_points=120|max_stop=120|min_reward_points=8|or_class=normal_tight|rr=2|start=10:20|stop_mode=fixed|stop_points=40|target_mode=rr|time_exit=15:55|touch_tolerance=10,or_retest,long,126,1606.1599999999994,12.747301587301582,-86.34,0.42857142857142855,1.2583712969397467,-816.5399999999975,0.10954199228603324,0.03622760871342497,75,1509.4999999999998,20.126666666666665,0.4533333333333333,51,96.65999999999966,1.8952941176470521,0.39215686274509803,153.66,0.09566917368132692,1152,True,False,True,False,False,False
full_history,or_retest_slip_filter|long|buffer_points=0|confirm_pattern=break_prev|end=11:00|max_risk_points=120|max_signal_rsi=70|max_stop=120|min_reward_points=8|or_class=normal_tight|rr=1.5|start=10:00|stop_mode=fixed|stop_points=40|target_mode=rr|time_exit=15:55|touch_tolerance=5,or_retest,long,142,1604.2199999999998,11.29732394366197,-86.34,0.49295774647887325,1.258059223226005,-935.5600000000004,0.11332304852040985,0.03978654081607938,85,390.09999999999957,4.589411764705877,0.4588235294117647,57,1214.1199999999997,21.300350877192976,0.543859649122807,113.66,0.07085063145952551,1152,True,True,True,False,False,False
full_history,or_retest_slip_shape|long|buffer_points=0|confirm_pattern=break_prev|end=11:00|max_risk_points=120|max_stop=120|min_reward_points=8|or_class=normal_tight|rr=2.5|start=10:20|stop_mode=fixed|stop_points=40|target_mode=rr|time_exit=12:00|touch_tolerance=10,or_retest,long,143,1603.8799999999997,11.215944055944053,-30.34,0.46153846153846156,1.2666387373278933,-912.96,0.10364082751349239,0.036515113181746266,85,1209.6000000000001,14.23058823529412,0.4588235294117647,58,394.27999999999986,6.797931034482756,0.46551724137931033,193.66,0.12074469411676686,1152,True,False,True,False,False,False
full_history,or_retest_slip_filter|long|buffer_points=0|confirm_pattern=break_prev|end=11:00|max_close_ema_delta=50|max_risk_points=120|max_stop=120|min_reward_points=8|or_class=normal|rr=1.25|start=10:00|stop_mode=fixed|stop_points=40|target_mode=rr|time_exit=15:55|touch_tolerance=5,or_retest,long,58,1601.2799999999997,27.60827586206896,93.66,0.6379310344827587,1.8831529832224758,-424.3799999999994,0.31788078732484376,0.07132668453191487,34,1153.44,33.924705882352946,0.6764705882352942,24,447.84000000000003,18.66,0.5833333333333334,93.66,0.05849070743405276,1152,False,False,True,True,False,False
full_history,or_retest_slip_shape|long|buffer_points=0|confirm_pattern=break_prev|end=11:30|max_risk_points=120|max_stop=120|min_reward_points=8|or_class=normal|rr=1.5|start=10:00|stop_mode=fixed|stop_points=60|target_mode=rr|time_exit=12:00|touch_tolerance=5,or_retest,long,109,1600.9399999999996,14.687522935779812,6.66,0.5045871559633027,1.2813919316056634,-1134.4200000000003,0.11314571591536195,0.0348036765732032,65,1259.3999999999999,19.375384615384615,0.5076923076923077,44,341.53999999999957,7.762272727272717,0.5,173.66,0.10847377165915027,1152,True,False,True,False,False,False
full_history,or_retest_slip_filter|long|buffer_points=0|confirm_pattern=break_prev|end=11:00|max_close_ema_delta=50|max_risk_points=120|max_stop=120|min_reward_points=8|or_class=normal_tight|rr=1.25|start=10:00|stop_mode=fixed|stop_points=40|target_mode=rr|time_exit=15:55|touch_tolerance=5,or_retest,long,106,1596.9599999999994,15.065660377358485,93.66,0.5660377358490566,1.4020908239417462,-597.06,0.16861679076709019,0.05114786524842656,63,449.5799999999997,7.136190476190471,0.5238095238095238,43,1147.3799999999999,26.683255813953487,0.627906976744186,93.66,0.05864893297264805,1152,True,False,True,False,False,False
full_history,or_retest_slip_shape|long|buffer_points=0|confirm_pattern=break_prev|end=11:00|max_risk_points=120|max_stop=120|min_reward_points=8|or_class=normal|rr=1.5|start=10:20|stop_mode=fixed|stop_points=40|target_mode=rr|time_exit=15:55|touch_tolerance=10,or_retest,long,84,1592.44,18.957619047619048,113.66,0.5357142857142857,1.4729186341417049,-549.7399999999991,0.1908753957919261,0.05154224774306017,50,1212.0,24.24,0.56,34,380.43999999999994,11.18941176470588,0.5,113.66,0.07137474567330637,1152,True,False,True,False,False,False
full_history,or_retest_slip_shape|long|buffer_points=0|confirm_pattern=break_prev|end=10:45|max_risk_points=120|max_stop=120|min_reward_points=8|or_class=normal_tight|rr=2|start=10:00|stop_mode=fixed|stop_points=60|target_mode=rr|time_exit=12:00|touch_tolerance=5,or_retest,long,168,1589.879999999999,9.463571428571422,8.66,0.5059523809523809,1.1862401484410872,-1182.44,0.07390252972298506,0.028221994708691907,100,1113.9999999999995,11.139999999999995,0.49,68,475.87999999999954,6.998235294117641,0.5294117647058824,233.66,0.14696706669685772,1152,True,True,True,False,False,False
full_history,or_retest_slip_filter|long|buffer_points=0|confirm_pattern=break_prev|end=11:00|max_risk_points=120|max_signal_volume_ratio=2.5|max_stop=120|min_reward_points=8|or_class=normal_tight|rr=1.25|start=10:10|stop_mode=fixed|stop_points=40|target_mode=rr|time_exit=15:55|touch_tolerance=5,or_retest,long,145,1585.6999999999991,10.93586206896551,93.66,0.5448275862068965,1.2782691403261237,-834.1200000000002,0.12222311188611702,0.04336217906571955,87,357.4199999999993,4.1082758620689575,0.5057471264367817,58,1228.2799999999997,21.177241379310342,0.603448275862069,93.66,0.05906539698555846,1152,True,True,True,False,False,False
full_history,or_retest_slip_shape|long|buffer_points=0|confirm_pattern=break_prev|end=11:30|max_risk_points=120|max_stop=120|min_reward_points=8|or_class=normal_tight|rr=2|start=10:10|stop_mode=fixed|stop_points=60|target_mode=rr|time_exit=15:55|touch_tolerance=5,or_retest,long,169,1579.0399999999988,9.343431952662716,-126.34,0.4319526627218935,1.135771366466784,-1661.1599999999996,0.05917342199021785,0.02266437764245212,101,1707.6599999999992,16.90752475247524,0.44554455445544555,68,-128.62000000000026,-1.891470588235298,0.4117647058823529,233.66,0.14797598540885612,1152,True,False,True,False,False,False
full_history,or_retest_slip_shape|long|buffer_points=0|confirm_pattern=break_prev|end=10:45|max_risk_points=120|max_stop=120|min_reward_points=8|or_class=normal|rr=2.5|start=10:20|stop_mode=fixed|stop_points=40|target_mode=rr|time_exit=15:55|touch_tolerance=5,or_retest,long,62,1577.92,25.450322580645164,-86.34,0.41935483870967744,1.5076570663784004,-777.0599999999993,0.1879075701638719,0.04359271136101617,37,1380.4200000000003,37.308648648648656,0.4594594594594595,25,197.50000000000009,7.900000000000003,0.36,193.66,0.12273119042790508,1152,False,False,True,True,False,False
full_history,or_retest_slip_filter|long|buffer_points=0|confirm_pattern=break_prev|end=11:00|max_close_vwap_delta=35|max_risk_points=120|max_stop=120|min_reward_points=8|or_class=normal_tight|rr=2|start=10:10|stop_mode=fixed|stop_points=40|target_mode=rr|time_exit=15:55|touch_tolerance=5,or_retest,long,105,1575.799999999999,15.007619047619038,-86.34,0.4380952380952381,1.3093406830700849,-709.7400000000002,0.12837527230538734,0.038756967414000566,63,689.5799999999996,10.94571428571428,0.4126984126984127,42,886.2199999999998,21.100476190476186,0.47619047619047616,153.66,0.09751237466683595,1152,True,True,True,False,False,False
full_history,or_retest_slip_shape|long|buffer_points=0|confirm_pattern=break_prev|end=11:30|max_risk_points=120|max_stop=120|min_reward_points=8|or_class=normal_tight|rr=1.5|start=10:00|stop_mode=fixed|stop_points=40|target_mode=rr|time_exit=12:00|touch_tolerance=5,or_retest,long,195,1574.699999999999,8.07538461538461,-3.34,0.49743589743589745,1.2016695012499485,-1158.5000000000005,0.08721133441388237,0.035880955344340125,117,483.719999999999,4.134358974358966,0.47863247863247865,78,1090.9799999999998,13.986923076923075,0.5256410256410257,113.66,0.07217882771321527,1152,True,True,True,False,False,False
full_history,or_retest_slip_shape|long|buffer_points=0|confirm_pattern=break_prev|end=11:30|max_risk_points=120|max_stop=120|min_reward_points=8|or_class=normal_tight|rr=1.5|start=10:10|stop_mode=fixed|stop_points=40|target_mode=rr|time_exit=12:00|touch_tolerance=5,or_retest,long,169,1574.039999999999,9.313846153846148,11.16,0.5088757396449705,1.2477351850569425,-1190.1600000000005,0.10332118499822839,0.039573684882591754,101,453.1599999999993,4.48673267326732,0.4752475247524752,68,1120.8799999999999,16.483529411764703,0.5588235294117647,113.66,0.07220909252623825,1152,True,True,True,False,False,False
full_history,or_retest_slip_shape|long|buffer_points=0|confirm_pattern=break_prev|end=11:00|max_risk_points=120|max_stop=120|min_reward_points=8|or_class=normal|rr=1.25|start=10:20|stop_mode=fixed|stop_points=60|target_mode=rr|time_exit=15:55|touch_tolerance=5,or_retest,long,73,1571.1799999999996,21.52301369863013,143.66,0.5616438356164384,1.388628898211176,-1064.4400000000005,0.16206908981615845,0.04079767214890147,43,1704.38,39.63674418604651,0.627906976744186,30,-133.20000000000013,-4.440000000000004,0.4666666666666667,143.66,0.0914344632696445,1152,False,False,True,False,False,False
full_history,or_retest_slip_shape|long|buffer_points=0|confirm_pattern=break_prev|end=11:00|max_risk_points=120|max_stop=120|min_reward_points=8|or_class=normal|rr=1.5|start=10:00|stop_mode=fixed|stop_points=60|target_mode=rr|time_exit=15:55|touch_tolerance=5,or_retest,long,104,1570.639999999999,15.102307692307683,-101.84,0.49038461538461536,1.2362923535659587,-1229.8399999999988,0.10297638675356557,0.03094055355016595,62,1821.92,29.385806451612904,0.532258064516129,42,-251.28000000000026,-5.982857142857149,0.42857142857142855,173.66,0.11056639331737388,1152,True,False,True,False,False,False
full_history,or_retest_slip_shape|long|buffer_points=0|confirm_pattern=break_prev|end=11:00|max_risk_points=120|max_stop=120|min_reward_points=8|or_class=normal_tight|rr=1.25|start=10:10|stop_mode=fixed|stop_points=40|target_mode=rr|time_exit=12:00|touch_tolerance=5,or_retest,long,153,1569.979999999999,10.261307189542478,33.16,0.5490196078431373,1.288018991150182,-838.4600000000003,0.12159494189960697,0.04431339105456985,91,326.5599999999994,3.588571428571422,0.4945054945054945,62,1243.42,20.05516129032258,0.6290322580645161,93.66,0.059656810914788756,1152,True,False,True,False,False,False
full_history,or_retest_slip_shape|long|buffer_points=0|confirm_pattern=break_prev|end=10:45|max_risk_points=120|max_stop=120|min_reward_points=8|or_class=normal_tight|rr=1.5|start=10:20|stop_mode=fixed|stop_points=40|target_mode=rr|time_exit=15:55|touch_tolerance=10,or_retest,long,126,1566.1599999999996,12.429841269841267,-28.340000000000003,0.5,1.2879277570035033,-518.0400000000002,0.12475302640063231,0.041258185394843556,75,1253.4999999999998,16.71333333333333,0.52,51,312.65999999999974,6.130588235294113,0.47058823529411764,113.66,0.07257240639525976,1152,True,False,True,False,False,False
full_history,or_retest_slip_shape|long|buffer_points=0|confirm_pattern=break_prev|end=11:30|max_risk_points=120|max_stop=120|min_reward_points=8|or_class=normal|rr=1.25|start=10:00|stop_mode=fixed|stop_points=40|target_mode=rr|time_exit=12:00|touch_tolerance=10,or_retest,long,118,1564.3799999999999,13.257457627118644,93.66,0.5508474576271186,1.3565115929280172,-619.9199999999993,0.15055914237399967,0.048186113177033,70,984.1999999999997,14.059999999999995,0.5428571428571428,48,580.18,12.087083333333332,0.5625,93.66,0.0598703639780616,1152,True,True,True,False,False,False
full_history,or_retest_slip_shape|long|buffer_points=0|confirm_pattern=break_prev|end=11:30|max_risk_points=120|max_stop=120|min_reward_points=8|or_class=normal_tight|rr=2.5|start=10:10|stop_mode=fixed|stop_points=40|target_mode=rr|time_exit=12:00|touch_tolerance=10,or_retest,long,182,1563.1199999999994,8.588571428571425,-22.59,0.45604395604395603,1.20589963196455,-1527.5400000000006,0.0811856440465364,0.03226923685344723,109,497.93999999999926,4.568256880733938,0.42201834862385323,73,1065.1799999999996,14.591506849315063,0.5068493150684932,193.66,0.12389323916270029,1152,True,True,True,False,False,False
full_history,or_retest_slip_shape|long|buffer_points=0|confirm_pattern=break_prev|end=10:45|max_risk_points=120|max_stop=120|min_reward_points=8|or_class=normal|rr=1.25|start=10:00|stop_mode=fixed|stop_points=40|target_mode=rr|time_exit=15:55|touch_tolerance=5,or_retest,long,96,1560.3599999999997,16.253749999999997,93.66,0.5729166666666666,1.4407871319852872,-597.0599999999993,0.18222725201335313,0.0526044765017976,57,1327.6199999999997,23.291578947368414,0.6140350877192983,39,232.73999999999987,5.967692307692304,0.5128205128205128,93.66,0.0600246097054526,1152,True,False,True,False,False,False
full_history,or_retest_slip_shape|long|buffer_points=0|confirm_pattern=break_prev|end=11:30|max_risk_points=120|max_stop=120|min_reward_points=8|or_class=normal|rr=2.5|start=10:20|stop_mode=fixed|stop_points=40|target_mode=rr|time_exit=15:55|touch_tolerance=5,or_retest,long,81,1558.4599999999994,19.24024691358024,-86.34,0.3950617283950617,1.3683727834427724,-842.4200000000003,0.14382182982243769,0.03813652168128875,48,1550.68,32.30583333333333,0.4375,33,7.7799999999998875,0.23575757575757234,0.3333333333333333,193.66,0.1242636962129282,1152,True,False,True,False,False,False
full_history,or_retest_slip_shape|long|buffer_points=0|confirm_pattern=break_prev|end=10:45|max_risk_points=120|max_stop=120|min_reward_points=8|or_class=normal|rr=2|start=10:00|stop_mode=fixed|stop_points=40|target_mode=rr|time_exit=15:55|touch_tolerance=5,or_retest,long,96,1557.3599999999992,16.222499999999993,-86.34,0.4375,1.3340282603659943,-1101.8999999999978,0.1373895387929143,0.0396609436029638,57,1564.62,27.449473684210524,0.49122807017543857,39,-7.260000000000133,-0.18615384615384956,0.358974358974359,153.66,0.09866697488056717,1152,True,False,True,False,False,False
full_history,or_retest_slip_shape|long|buffer_points=0|confirm_pattern=break_prev|end=11:30|max_risk_points=120|max_stop=120|min_reward_points=8|or_class=normal|rr=1.25|start=10:00|stop_mode=fixed|stop_points=60|target_mode=rr|time_exit=15:55|touch_tolerance=10,or_retest,long,118,1552.8799999999997,13.159999999999997,88.66,0.5254237288135594,1.221017813732913,-1128.7399999999998,0.09863250961188853,0.03156711174195697,70,1251.1999999999998,17.874285714285712,0.5428571428571428,48,301.67999999999984,6.284999999999997,0.5,143.66,0.09251197774457784,1152,True,False,True,False,False,False
full_history,or_retest_slip_shape|long|buffer_points=0|confirm_pattern=break_prev|end=11:00|max_risk_points=120|max_stop=120|min_reward_points=8|or_class=normal_tight|rr=1.5|start=10:00|stop_mode=fixed|stop_points=40|target_mode=rr|time_exit=12:00|touch_tolerance=10,or_retest,long,196,1546.3599999999992,7.88959183673469,-6.59,0.49489795918367346,1.190999189739333,-985.8200000000004,0.08386697820817553,0.03459336358836477,117,462.7199999999991,3.9548717948717873,0.4700854700854701,79,1083.6399999999996,13.716962025316452,0.5316455696202531,113.66,0.07350164256706075,1152,True,True,True,False,False,False
full_history,or_retest_slip_shape|long|buffer_points=0|confirm_pattern=break_prev|end=11:00|max_risk_points=120|max_stop=120|min_reward_points=8|or_class=normal|rr=1.5|start=10:20|stop_mode=fixed|stop_points=40|target_mode=rr|time_exit=15:55|touch_tolerance=5,or_retest,long,73,1542.1799999999998,21.125753424657532,113.66,0.547945205479452,1.5412639248636466,-463.3999999999992,0.21318669537091875,0.053665513356781505,43,1016.3799999999998,23.636744186046506,0.5581395348837209,30,525.7999999999997,17.526666666666657,0.5333333333333333,113.66,0.07370086500927259,1152,False,True,True,True,False,False
full_history,or_retest_slip_shape|long|buffer_points=0|confirm_pattern=break_prev|end=11:30|max_risk_points=120|max_stop=120|min_reward_points=8|or_class=normal_tight|rr=2.5|start=10:10|stop_mode=fixed|stop_points=60|target_mode=rr|time_exit=15:55|touch_tolerance=10,or_retest,long,182,1541.619999999999,8.470439560439555,-126.34,0.41208791208791207,1.1184050851467142,-2153.84,0.050194243538985016,0.01995094024887794,109,864.439999999999,7.9306422018348535,0.4036697247706422,73,677.1800000000001,9.276438356164384,0.4246575342465753,293.66,0.19048792828323466,1152,True,True,True,False,False,False
full_history,or_retest_slip_shape|long|buffer_points=0|confirm_pattern=break_prev|end=11:30|max_risk_points=120|max_stop=120|min_reward_points=8|or_class=normal|rr=1.5|start=10:00|stop_mode=fixed|stop_points=40|target_mode=rr|time_exit=15:55|touch_tolerance=10,or_retest,long,118,1540.8799999999999,13.058305084745761,-21.840000000000003,0.5,1.3024856401377285,-722.4199999999996,0.13053852585536263,0.041778560116956465,70,885.1999999999996,12.64571428571428,0.5,48,655.6799999999998,13.659999999999997,0.5,113.66,0.07376304449405535,1152,True,True,True,False,False,False
full_history,or_retest_slip_shape|long|buffer_points=0|confirm_pattern=break_prev|end=11:00|max_risk_points=120|max_stop=120|min_reward_points=8|or_class=normal|rr=1.5|start=10:00|stop_mode=fixed|stop_points=60|target_mode=rr|time_exit=12:00|touch_tolerance=10,or_retest,long,114,1523.7399999999998,13.366140350877192,8.66,0.5087719298245614,1.2500172285357054,-1234.159999999999,0.1022659204819646,0.0321704486670582,68,1405.38,20.66735294117647,0.5294117647058824,46,118.35999999999976,2.5730434782608644,0.4782608695652174,173.66,0.11396957486185309,1152,True,False,True,False,False,False
full_history,or_retest_slip_filter|long|buffer_points=0|confirm_pattern=break_prev|end=11:00|max_close_ema_delta=50|max_risk_points=120|max_stop=120|min_reward_points=8|or_class=normal|rr=1.5|start=10:00|stop_mode=fixed|stop_points=40|target_mode=rr|time_exit=15:55|touch_tolerance=5,or_retest,long,58,1521.2799999999997,26.228965517241374,113.66,0.5689655172413793,1.704785730831596,-490.71999999999935,0.2642255414490712,0.059287420289899896,34,1193.44,35.101176470588236,0.6176470588235294,24,327.8400000000001,13.660000000000004,0.5,113.66,0.07471339924274296,1152,False,False,True,True,False,False
full_history,or_retest_slip_filter|long|buffer_points=0|confirm_pattern=break_prev|end=11:00|max_risk_points=120|max_stop=120|min_reward_points=8|min_signal_rsi=55|or_class=normal_tight|rr=1.25|start=10:10|stop_mode=fixed|stop_points=40|target_mode=rr|time_exit=15:55|touch_tolerance=5,or_retest,long,102,1518.3199999999997,14.885490196078429,93.66,0.5686274509803921,1.3996672773601189,-861.9000000000003,0.16732353021436877,0.0497887089765434,61,442.25999999999965,7.250163934426224,0.5245901639344263,41,1076.06,26.245365853658534,0.6341463414634146,93.66,0.06168660098003057,1152,True,False,True,False,False,False
full_history,or_retest_slip_filter|long|buffer_points=0|confirm_pattern=break_prev|end=11:00|max_close_ema_delta=70|max_risk_points=120|max_stop=120|min_reward_points=8|or_class=normal_tight|rr=2|start=10:00|stop_mode=fixed|stop_points=40|target_mode=rr|time_exit=15:55|touch_tolerance=5,or_retest,long,121,1510.8599999999992,12.486446280991728,-86.34,0.4380165289256198,1.2573376119036908,-709.74,0.10851811987696634,0.035169703454699726,72,445.5199999999995,6.187777777777772,0.4027777777777778,49,1065.3399999999997,21.741632653061217,0.4897959183673469,153.66,0.10170366546205477,1152,True,True,True,False,False,False
full_history,or_retest_slip_filter|long|buffer_points=0|confirm_pattern=break_prev|end=11:00|max_risk_points=120|max_stop=120|min_reward_points=8|min_signal_rsi=50|or_class=normal_tight|rr=1.5|start=10:10|stop_mode=fixed|stop_points=40|target_mode=rr|time_exit=15:55|touch_tolerance=5,or_retest,long,112,1510.4199999999992,13.485892857142849,36.16,0.5089285714285714,1.318070208688693,-967.2600000000002,0.13594383633207713,0.04238793828319201,67,344.21999999999974,5.137611940298504,0.4626865671641791,45,1166.2,25.915555555555557,0.5777777777777777,113.66,0.07525059255041648,1152,True,False,True,False,False,False
full_history,or_retest_slip_filter|long|buffer_points=0|confirm_pattern=break_prev|end=11:00|max_close_vwap_delta=35|max_risk_points=120|max_stop=120|min_reward_points=8|or_class=normal_tight|rr=1.25|start=10:00|stop_mode=fixed|stop_points=40|target_mode=rr|time_exit=15:55|touch_tolerance=5,or_retest,long,123,1510.1799999999994,12.277886178861783,93.66,0.5528455284552846,1.318019668540863,-949.7400000000001,0.13745082589803614,0.044913165964254424,73,306.1799999999995,4.194246575342459,0.5068493150684932,50,1204.0,24.08,0.62,93.66,0.062019097061277485,1152,True,False,True,False,False,False
full_history,or_retest_slip_filter|long|buffer_points=0|confirm_pattern=break_prev|end=11:00|max_risk_points=120|max_signal_rsi=65|max_stop=120|min_reward_points=8|or_class=normal|rr=2|start=10:00|stop_mode=fixed|stop_points=40|target_mode=rr|time_exit=15:55|touch_tolerance=5,or_retest,long,67,1503.7199999999998,22.443582089552237,-86.34,0.47761194029850745,1.4976074655018363,-688.8199999999994,0.19123867363965083,0.046119743657469306,40,1097.8999999999996,27.44749999999999,0.5,27,405.8199999999999,15.030370370370365,0.4444444444444444,153.66,0.10218657728832496,1152,False,False,True,False,False,False
full_history,or_retest_slip_shape|long|buffer_points=0|confirm_pattern=break_prev|end=11:30|max_risk_points=120|max_stop=120|min_reward_points=8|or_class=normal_tight|rr=1.25|start=10:10|stop_mode=fixed|stop_points=40|target_mode=rr|time_exit=15:55|touch_tolerance=5,or_retest,long,169,1493.539999999999,8.837514792899404,93.66,0.5325443786982249,1.218966523282987,-1315.5600000000004,0.09857321894928121,0.03775513709631247,101,228.65999999999926,2.2639603960395966,0.49504950495049505,68,1264.8799999999999,18.601176470588232,0.5882352941176471,93.66,0.06271007137405095,1152,True,True,True,False,False,False
full_history,or_retest_slip_shape|long|buffer_points=0|confirm_pattern=break_prev|end=11:00|max_risk_points=120|max_stop=120|min_reward_points=8|or_class=normal|rr=1.25|start=10:00|stop_mode=fixed|stop_points=60|target_mode=rr|time_exit=12:00|touch_tolerance=10,or_retest,long,114,1492.7399999999996,13.094210526315786,23.41,0.5350877192982456,1.2587286290713955,-999.3999999999997,0.10744983964675411,0.033801187476224355,68,1171.8799999999999,17.233529411764703,0.5441176470588235,46,320.8599999999997,6.975217391304341,0.5217391304347826,143.66,0.09623913072604742,1152,True,False,True,False,False,False
full_history,or_retest_slip_shape|long|buffer_points=0|confirm_pattern=break_prev|end=11:00|max_risk_points=120|max_stop=120|min_reward_points=8|or_class=normal_tight|rr=1.5|start=10:20|stop_mode=fixed|stop_points=40|target_mode=rr|time_exit=12:00|touch_tolerance=10,or_retest,long,143,1489.3799999999997,10.415244755244753,11.66,0.5104895104895105,1.2691423614875847,-667.7400000000002,0.11292443515421431,0.039785947580398225,85,1099.6,12.936470588235293,0.5058823529411764,58,389.77999999999986,6.720344827586205,0.5172413793103449,113.66,0.07631363386106972,1152,True,False,True,False,False,False
full_history,or_retest_slip_filter|long|buffer_points=0|confirm_pattern=break_prev|end=11:00|max_risk_points=120|max_stop=120|min_reward_points=8|or_class=normal|rr=1.5|signal_vs_ema=above|start=10:10|stop_mode=fixed|stop_points=40|target_mode=rr|time_exit=15:55|touch_tolerance=5,or_retest,long,69,1487.5400000000002,21.558550724637684,113.66,0.5507246376811594,1.5557697624545113,-490.72000000000025,0.21771017838854603,0.053281573210196824,41,989.0599999999998,24.123414634146336,0.5609756097560976,28,498.4799999999999,17.80285714285714,0.5357142857142857,113.66,0.07640802936391625,1152,False,True,True,True,False,False
full_history,or_retest_slip_filter|long|buffer_points=0|confirm_pattern=break_prev|end=11:00|max_close_ema_delta=70|max_risk_points=120|max_stop=120|min_reward_points=8|or_class=normal|rr=1.25|start=10:00|stop_mode=fixed|stop_points=40|target_mode=rr|time_exit=15:55|touch_tolerance=5,or_retest,long,67,1485.2199999999998,22.167462686567163,93.66,0.6119402985074627,1.6616150816984727,-518.0400000000002,0.25316207289486625,0.06105339303756797,40,815.3999999999999,20.384999999999998,0.6,27,669.8199999999998,24.808148148148142,0.6296296296296297,93.66,0.06306136464631502,1152,False,True,True,True,False,False
full_history,or_retest_slip_filter|long|buffer_points=0|confirm_pattern=break_prev|end=11:00|max_close_ema_delta=50|max_risk_points=120|max_stop=120|min_reward_points=8|or_class=normal_tight|rr=2|start=10:00|stop_mode=fixed|stop_points=40|target_mode=rr|time_exit=15:55|touch_tolerance=5,or_retest,long,106,1484.9599999999991,14.009056603773576,-86.34,0.44339622641509435,1.291508148706532,-563.4600000000002,0.12130212374479601,0.03679553294438412,63,502.5799999999995,7.977460317460309,0.4126984126984127,43,982.3799999999997,22.8460465116279,0.4883720930232558,153.66,0.10347753474841079,1152,True,True,True,False,False,False
full_history,or_retest_slip_filter|long|buffer_points=0|confirm_pattern=break_prev|end=11:00|max_close_vwap_delta=65|max_risk_points=120|max_stop=120|min_reward_points=8|or_class=normal|rr=1.5|start=10:10|stop_mode=fixed|stop_points=40|target_mode=rr|time_exit=15:55|touch_tolerance=5,or_retest,long,76,1483.1599999999999,19.515263157894736,113.66,0.5394736842105263,1.4908037989344447,-663.4000000000001,0.19666737462650102,0.0505141299197812,45,643.6999999999998,14.30444444444444,0.5111111111111111,31,839.4599999999998,27.079354838709673,0.5806451612903226,113.66,0.07663367404730441,1152,False,True,True,False,False,False
full_history,or_retest_slip_filter|long|buffer_points=0|confirm_pattern=break_prev|end=11:00|max_risk_points=120|max_signal_volume_ratio=2.25|max_stop=120|min_reward_points=8|or_class=normal|rr=1.5|start=10:10|stop_mode=fixed|stop_points=40|target_mode=rr|time_exit=15:55|touch_tolerance=5,or_retest,long,76,1483.1599999999999,19.515263157894736,113.66,0.5394736842105263,1.4908037989344447,-577.0600000000002,0.19666737462650102,0.0505141299197812,45,643.6999999999998,14.30444444444444,0.5111111111111111,31,839.4599999999999,27.079354838709676,0.5806451612903226,113.66,0.07663367404730441,1152,False,True,True,False,False,False
full_history,or_retest_slip_filter|long|buffer_points=0|confirm_pattern=break_prev|end=11:00|max_risk_points=120|max_stop=120|min_reward_points=8|or_class=normal_tight|prior_day_zombie=no|rr=1.5|start=10:10|stop_mode=fixed|stop_points=40|target_mode=rr|time_exit=15:55|touch_tolerance=5,or_retest,long,100,1481.9999999999995,14.819999999999995,71.66,0.51,1.3502999531987914,-962.8800000000001,0.14819091123615766,0.043661165935542014,60,419.5999999999998,6.99333333333333,0.4666666666666667,40,1062.3999999999996,26.55999999999999,0.575,113.66,0.07669365721997302,1152,True,False,True,False,False,False
full_history,or_retest_slip_shape|long|buffer_points=0|confirm_pattern=break_prev|end=11:00|max_risk_points=120|max_stop=120|min_reward_points=8|or_class=normal|rr=1.25|start=10:00|stop_mode=fixed|stop_points=60|target_mode=rr|time_exit=12:00|touch_tolerance=5,or_retest,long,104,1479.6399999999996,14.227307692307688,24.16,0.5384615384615384,1.2834928688028322,-975.5600000000002,0.11645376761051589,0.03499000252839021,62,1004.92,16.208387096774192,0.532258064516129,42,474.7199999999996,11.302857142857132,0.5476190476190477,143.66,0.0970911843421373,1152,True,True,True,False,False,False
full_history,or_retest_slip_shape|long|buffer_points=0|confirm_pattern=break_prev|end=11:30|max_risk_points=120|max_stop=120|min_reward_points=8|or_class=normal|rr=1.25|start=10:00|stop_mode=fixed|stop_points=40|target_mode=rr|time_exit=12:00|touch_tolerance=5,or_retest,long,109,1479.4399999999996,13.572844036697244,93.66,0.5504587155963303,1.3694296144991078,-675.5799999999995,0.1549155970969168,0.04765211209179966,65,1055.8999999999999,16.244615384615383,0.5538461538461539,44,423.53999999999974,9.625909090909085,0.5454545454545454,93.66,0.0633077380630509,1152,True,False,True,False,False,False
full_history,or_retest_slip_shape|long|buffer_points=0|confirm_pattern=break_prev|end=10:45|max_risk_points=120|max_stop=120|min_reward_points=8|or_class=normal|rr=1.25|start=10:00|stop_mode=fixed|stop_points=40|target_mode=rr|time_exit=12:00|touch_tolerance=10,or_retest,long,107,1471.6199999999997,13.75345794392523,93.66,0.5514018691588785,1.3719668783111574,-589.7399999999993,0.15604946668875525,0.04755847695937778,64,1142.2399999999998,17.847499999999997,0.5625,43,329.37999999999977,7.659999999999995,0.5348837209302325,93.66,0.063644147266278,1152,True,False,True,False,False,False
full_history,or_retest_slip_shape|long|buffer_points=0|confirm_pattern=break_prev|end=11:30|max_risk_points=120|max_stop=120|min_reward_points=8|or_class=normal_tight|rr=2|start=10:10|stop_mode=fixed|stop_points=40|target_mode=rr|time_exit=12:00|touch_tolerance=5,or_retest,long,169,1470.539999999999,8.70142011834319,-5.84,0.46745562130177515,1.2155395303843102,-1303.1600000000003,0.08677731484616173,0.033237115047977224,101,573.6599999999993,5.679801980198013,0.44554455445544555,68,896.8799999999997,13.189411764705877,0.5,153.66,0.10449222734505698,1152,True,True,True,False,False,False
full_history,or_retest_slip_filter|long|buffer_points=0|confirm_pattern=break_prev|end=11:00|max_risk_points=120|max_signal_ema_slope=30|max_stop=120|min_reward_points=8|or_class=normal_tight|rr=1.25|start=10:10|stop_mode=fixed|stop_points=40|target_mode=rr|time_exit=15:55|touch_tolerance=5,or_retest,long,138,1470.0799999999992,10.652753623188401,93.66,0.5434782608695652,1.2702641090410367,-848.7600000000001,0.11904445054244875,0.04120239473432814,82,429.11999999999944,5.23317073170731,0.5121951219512195,56,1040.9599999999998,18.588571428571424,0.5892857142857143,93.66,0.06371081845885941,1152,True,True,True,False,False,False
full_history,or_retest_slip_shape|long|buffer_points=0|confirm_pattern=break_prev|end=10:45|max_risk_points=120|max_stop=120|min_reward_points=8|or_class=normal|rr=2.5|start=10:20|stop_mode=fixed|stop_points=40|target_mode=rr|time_exit=15:55|touch_tolerance=10,or_retest,long,73,1468.1799999999994,20.11205479452054,-86.34,0.3972602739726027,1.3864689283382816,-878.1199999999986,0.1495735775740328,0.03765217529712609,43,1422.38,33.07860465116279,0.4418604651162791,30,45.80000000000001,1.526666666666667,0.3333333333333333,193.66,0.13190480731245494,1152,False,False,True,False,False,False
full_history,or_retest_slip_shape|long|buffer_points=0|confirm_pattern=break_prev|end=11:30|max_risk_points=120|max_stop=120|min_reward_points=8|or_class=normal_tight|rr=2|start=10:20|stop_mode=fixed|stop_points=40|target_mode=rr|time_exit=15:55|touch_tolerance=5,or_retest,long,151,1468.159999999999,9.722913907284761,-86.34,0.423841059602649,1.1954528874085075,-1524.8400000000006,0.0847150909255478,0.030670652498123934,90,720.8999999999992,8.009999999999991,0.4111111111111111,61,747.2599999999995,12.250163934426222,0.4426229508196721,153.66,0.10466161726242379,1152,True,True,True,False,False,False
full_history,or_retest_slip_shape|long|buffer_points=0|confirm_pattern=break_prev|end=11:00|max_risk_points=120|max_stop=120|min_reward_points=8|or_class=normal|rr=1.5|start=10:20|stop_mode=fixed|stop_points=60|target_mode=rr|time_exit=15:55|touch_tolerance=5,or_retest,long,73,1467.1799999999992,20.09835616438355,29.66,0.5068493150684932,1.3225819217983217,-1004.4400000000007,0.13632698492199838,0.03431760888029251,43,2140.379999999999,49.776279069767426,0.6046511627906976,30,-673.2000000000002,-22.440000000000005,0.36666666666666664,173.66,0.11836311836311843,1152,False,False,True,False,False,False
full_history,or_retest_slip_filter|long|buffer_points=0|confirm_pattern=break_prev|end=11:00|max_risk_points=120|max_stop=120|min_reward_points=8|min_signal_rsi=60|or_class=normal|rr=2|start=10:10|stop_mode=fixed|stop_points=40|target_mode=rr|time_exit=15:55|touch_tolerance=5,or_retest,long,44,1467.04,33.341818181818184,36.16,0.5227272727272727,1.8091156777744684,-345.3599999999997,0.2820960622877967,0.055131159014117234,26,1484.1600000000003,57.08307692307694,0.6153846153846154,18,-17.12000000000006,-0.9511111111111146,0.3888888888888889,153.66,0.10474152034027702,1152,False,False,True,True,False,False
full_history,or_retest_slip_filter|long|buffer_points=0|confirm_pattern=break_prev|end=11:00|max_close_ema_delta=70|max_risk_points=120|max_stop=120|min_reward_points=8|or_class=normal|rr=1.5|start=10:00|stop_mode=fixed|stop_points=40|target_mode=rr|time_exit=15:55|touch_tolerance=5,or_retest,long,67,1465.2199999999998,21.868955223880594,113.66,0.5522388059701493,1.5656783259979916,-518.0400000000002,0.2209154305858379,0.05327668737023615,40,875.3999999999999,21.884999999999998,0.55,27,589.8199999999999,21.845185185185183,0.5555555555555556,113.66,0.07757196871459576,1152,False,True,True,True,False,False
full_history,or_retest_slip_shape|long|buffer_points=0|confirm_pattern=break_prev|end=11:30|max_risk_points=120|max_stop=120|min_reward_points=8|or_class=normal_tight|rr=1.5|start=10:20|stop_mode=fixed|stop_points=40|target_mode=rr|time_exit=15:55|touch_tolerance=10,or_retest,long,163,1464.579999999999,8.985153374233123,-86.34,0.48466257668711654,1.2019397288681506,-976.0200000000003,0.09047970638104309,0.03403445066430701,97,754.0199999999993,7.773402061855663,0.4742268041237113,66,710.5599999999996,10.7660606060606,0.5,113.66,0.07760586652828802,1152,True,True,True,False,False,False
full_history,or_retest_slip_shape|long|buffer_points=0|confirm_pattern=break_prev|end=10:45|max_risk_points=120|max_stop=120|min_reward_points=8|or_class=normal_tight|rr=1.25|start=10:10|stop_mode=fixed|stop_points=40|target_mode=rr|time_exit=15:55|touch_tolerance=5,or_retest,long,136,1462.7599999999993,10.755588235294113,93.66,0.5441176470588235,1.2732557705096872,-582.4200000000003,0.12020941352401382,0.041303009096088424,81,515.4599999999997,6.3637037037037,0.5185185185185185,55,947.2999999999995,17.223636363636356,0.5818181818181818,93.66,0.0640296425934535,1152,True,True,True,False,False,False
full_history,or_retest_slip_filter|long|buffer_points=0|confirm_pattern=break_prev|end=11:00|max_risk_points=120|max_signal_rsi=65|max_stop=120|min_reward_points=8|or_class=normal_tight|rr=1.25|start=10:00|stop_mode=fixed|stop_points=40|target_mode=rr|time_exit=15:55|touch_tolerance=5,or_retest,long,115,1461.3999999999994,12.707826086956517,93.66,0.5565217391304348,1.3318844331802673,-905.8200000000004,0.1424561708457098,0.045009474989981056,69,277.03999999999974,4.015072463768112,0.5072463768115942,46,1184.3600000000001,25.746956521739133,0.6304347826086957,93.66,0.06408922950595322,1152,True,False,True,False,False,False
full_history,or_retest_slip_filter|long|buffer_points=0|confirm_pattern=break_prev|end=11:00|max_risk_points=120|max_stop=120|min_reward_points=8|or_class=normal|rr=2|start=10:10|stop_mode=fixed|stop_points=40|target_mode=rr|time_exit=15:55|touch_tolerance=5,or_retest,long,83,1459.7799999999995,17.58771084337349,-86.34,0.4457831325301205,1.3675509361372122,-669.7999999999995,0.1491078573480775,0.04002334072923078,49,938.3399999999993,19.149795918367335,0.4489795918367347,34,521.4399999999998,15.336470588235288,0.4411764705882353,153.66,0.10526243680554608,1152,True,True,True,False,False,False
full_history,or_retest_slip_shape|long|buffer_points=0|confirm_pattern=break_prev|end=11:00|max_risk_points=120|max_stop=120|min_reward_points=8|or_class=normal|rr=2|start=10:10|stop_mode=fixed|stop_points=40|target_mode=rr|time_exit=15:55|touch_tolerance=5,or_retest,long,83,1459.7799999999995,17.58771084337349,-86.34,0.4457831325301205,1.3675509361372122,-669.7999999999995,0.1491078573480775,0.04002334072923078,49,938.3399999999993,19.149795918367335,0.4489795918367347,34,521.4399999999998,15.336470588235288,0.4411764705882353,153.66,0.10526243680554608,1152,True,True,True,False,False,False
full_history,or_retest_slip_shape|long|buffer_points=0|confirm_pattern=break_prev|end=10:45|max_risk_points=120|max_stop=120|min_reward_points=8|or_class=normal_tight|rr=1.5|start=10:10|stop_mode=fixed|stop_points=60|target_mode=rr|time_exit=12:00|touch_tolerance=10,or_retest,long,150,1457.4999999999989,9.71666666666666,9.66,0.52,1.2025999516262202,-1041.2600000000002,0.08117589477227755,0.029291827936551988,90,1110.3999999999996,12.337777777777774,0.5111111111111111,60,347.09999999999974,5.784999999999996,0.5333333333333333,173.66,0.1191492281303603,1152,True,False,True,False,False,False
full_history,or_retest_slip_shape|long|buffer_points=0|confirm_pattern=break_prev|end=10:45|max_risk_points=120|max_stop=120|min_reward_points=8|or_class=normal_tight|rr=2|start=10:10|stop_mode=fixed|stop_points=60|target_mode=rr|time_exit=15:55|touch_tolerance=5,or_retest,long,136,1452.7599999999993,10.682058823529406,-126.34,0.4264705882352941,1.1548451186418274,-1286.2599999999995,0.06697154446813457,0.02301089597940575,81,1441.9599999999994,17.801975308641968,0.43209876543209874,55,10.799999999999585,0.19636363636362883,0.41818181818181815,233.66,0.1608386794790606,1152,True,False,True,False,False,False
full_history,or_retest_slip_shape|long|buffer_points=0|confirm_pattern=break_prev|end=10:45|max_risk_points=120|max_stop=120|min_reward_points=8|or_class=normal|rr=2.5|start=10:00|stop_mode=fixed|stop_points=40|target_mode=rr|time_exit=15:55|touch_tolerance=10,or_retest,long,107,1450.1199999999992,13.552523364485975,-86.34,0.38317757009345793,1.256638421078712,-1547.8399999999992,0.10368525211455569,0.03159967655354187,64,1558.2399999999996,24.347499999999993,0.421875,43,-108.12000000000009,-2.5144186046511647,0.32558139534883723,193.66,0.13354756847709162,1152,True,False,True,False,False,False
full_history,or_retest_slip_filter|long|buffer_points=0|confirm_pattern=break_prev|end=11:00|max_risk_points=120|max_stop=120|min_reward_points=8|or_class=normal|rr=1.5|signal_vs_ema=above|start=10:00|stop_mode=fixed|stop_points=40|target_mode=rr|time_exit=15:55|touch_tolerance=5,or_retest,long,82,1449.1199999999994,17.672195121951212,113.66,0.524390243902439,1.4303558382780057,-490.72000000000025,0.17677422870961376,0.04716280618350107,49,1098.3399999999997,22.415102040816322,0.5510204081632653,33,350.77999999999986,10.629696969696965,0.48484848484848486,113.66,0.0784338081042288,1152,True,False,True,False,False,False
full_history,or_retest_slip_shape|long|buffer_points=0|confirm_pattern=break_prev|end=11:30|max_risk_points=120|max_stop=120|min_reward_points=8|or_class=normal|rr=1.5|start=10:00|stop_mode=fixed|stop_points=60|target_mode=rr|time_exit=12:00|touch_tolerance=10,or_retest,long,118,1448.38,12.274406779661017,2.41,0.5,1.2292625633947278,-1360.4999999999989,0.0944178283354457,0.030218212526741537,70,1308.6999999999998,18.695714285714285,0.5142857142857142,48,139.67999999999984,2.9099999999999966,0.4791666666666667,173.66,0.1198994738949723,1152,True,False,True,False,False,False
full_history,or_retest_slip_shape|long|buffer_points=0|confirm_pattern=break_prev|end=11:00|max_risk_points=120|max_stop=120|min_reward_points=8|or_class=normal|rr=1.25|start=10:10|stop_mode=fixed|stop_points=60|target_mode=rr|time_exit=15:55|touch_tolerance=5,or_retest,long,83,1436.279999999999,17.304578313253,134.66,0.5421686746987951,1.3022525631744637,-903.4599999999986,0.13026575622955286,0.03496576799943891,49,1264.8399999999995,25.813061224489786,0.5714285714285714,34,171.43999999999988,5.042352941176468,0.5,143.66,0.10002227977831626,1152,True,False,True,False,False,False
full_history,or_retest_slip_filter|long|buffer_points=0|confirm_pattern=break_prev|end=11:00|max_risk_points=120|max_signal_volume_ratio=2|max_stop=120|min_reward_points=8|or_class=normal|rr=1.5|start=10:10|stop_mode=fixed|stop_points=40|target_mode=rr|time_exit=15:55|touch_tolerance=5,or_retest,long,72,1428.52,19.840555555555554,113.66,0.5416666666666666,1.5013723054028816,-490.72,0.20005410859248998,0.050013527148122496,43,416.38,9.683255813953489,0.4883720930232558,29,1012.14,34.90137931034483,0.6206896551724138,113.66,0.07956486433511606,1152,False,False,True,True,False,False
full_history,or_retest_slip_shape|long|buffer_points=0|confirm_pattern=break_prev|end=11:00|max_risk_points=120|max_stop=120|min_reward_points=8|or_class=normal|rr=2|start=10:00|stop_mode=fixed|stop_points=40|target_mode=rr|time_exit=12:00|touch_tolerance=10,or_retest,long,114,1428.2399999999998,12.528421052631577,-86.34,0.4473684210526316,1.2786581392354182,-902.3399999999999,0.11359583186015908,0.03573457179504397,68,915.3799999999997,13.461470588235288,0.45588235294117646,46,512.8599999999997,11.149130434782602,0.43478260869565216,153.66,0.10758696017476056,1152,True,True,True,False,False,False
full_history,or_retest_slip_shape|long|buffer_points=0|confirm_pattern=break_prev|end=10:45|max_risk_points=120|max_stop=120|min_reward_points=8|or_class=normal_tight|rr=2.5|start=10:10|stop_mode=fixed|stop_points=40|target_mode=rr|time_exit=12:00|touch_tolerance=10,or_retest,long,150,1426.9999999999989,9.513333333333327,-33.84,0.4533333333333333,1.2230426328721387,-1067.1200000000001,0.08767238169987497,0.03163604573432403,90,303.89999999999907,3.3766666666666563,0.4111111111111111,60,1123.0999999999997,18.718333333333327,0.5166666666666667,193.66,0.13571128241065183,1152,True,False,True,False,False,False
full_history,or_retest_slip_filter|long|buffer_points=0|confirm_pattern=break_prev|end=11:00|max_close_vwap_delta=65|max_risk_points=120|max_stop=120|min_reward_points=8|or_class=normal|rr=1.25|start=10:10|stop_mode=fixed|stop_points=40|target_mode=rr|time_exit=15:55|touch_tolerance=5,or_retest,long,76,1423.16,18.725789473684213,93.66,0.5921052631578947,1.5317163203239994,-503.4000000000001,0.21214630943706814,0.054489903357168856,45,743.6999999999998,16.526666666666664,0.5777777777777777,31,679.4599999999998,21.918064516129025,0.6129032258064516,93.66,0.06581129317856038,1152,False,True,True,True,False,False
full_history,or_retest_slip_shape|long|buffer_points=0|confirm_pattern=break_prev|end=10:45|max_risk_points=120|max_stop=120|min_reward_points=8|or_class=normal_tight|rr=1.25|start=10:00|stop_mode=fixed|stop_points=40|target_mode=rr|time_exit=12:00|touch_tolerance=5,or_retest,long,168,1416.8799999999992,8.433809523809519,40.16,0.5297619047619048,1.2188616992026389,-733.1400000000002,0.09677036251491379,0.03695479260440914,100,803.4999999999993,8.034999999999993,0.52,68,613.3799999999995,9.020294117647053,0.5441176470588235,93.66,0.06610298684433406,1152,True,True,True,False,False,False
full_history,or_retest_slip_shape|long|buffer_points=0|confirm_pattern=break_prev|end=11:30|max_risk_points=120|max_stop=120|min_reward_points=8|or_class=normal|rr=1.25|start=10:00|stop_mode=fixed|stop_points=60|target_mode=rr|time_exit=12:00|touch_tolerance=10,or_retest,long,118,1413.3800000000003,11.977796610169495,14.66,0.5254237288135594,1.2358565816832257,-1125.7399999999998,0.09867352102797398,0.03158023735296859,70,1075.1999999999996,15.359999999999994,0.5285714285714286,48,338.17999999999984,7.0454166666666636,0.5208333333333334,143.66,0.10164287028258498,1152,True,False,True,False,False,False
full_history,or_retest_slip_filter|long|buffer_points=0|confirm_pattern=break_prev|end=11:00|max_close_ema_delta=90|max_risk_points=120|max_stop=120|min_reward_points=8|or_class=normal_tight|rr=1.5|start=10:00|stop_mode=fixed|stop_points=40|target_mode=rr|time_exit=15:55|touch_tolerance=5,or_retest,long,134,1410.94,10.529402985074627,-86.34,0.4925373134328358,1.2403187126136064,-781.4400000000002,0.10605250719917658,0.03616988265695013,80,621.7999999999994,7.772499999999992,0.475,54,789.1399999999996,14.613703703703697,0.5185185185185185,113.66,0.08055622492806214,1152,True,True,True,False,False,False
full_history,or_retest_slip_filter|long|buffer_points=0|confirm_pattern=break_prev|end=11:00|max_risk_points=120|max_stop=120|min_reward_points=8|or_class=normal_tight|prior_day_direction=down|rr=1.5|start=10:00|stop_mode=fixed|stop_points=40|target_mode=rr|time_exit=15:55|touch_tolerance=5,or_retest,long,74,1410.8399999999997,19.0654054054054,113.66,0.527027027027027,1.4668718356001185,-463.4,0.18963871902982182,0.048063637267014674,44,401.03999999999974,9.114545454545448,0.4772727272727273,30,1009.8000000000003,33.66000000000001,0.6,113.66,0.0805619347339174,1152,False,False,True,False,False,False
full_history,or_retest_slip_shape|long|buffer_points=0|confirm_pattern=break_prev|end=11:00|max_risk_points=120|max_stop=120|min_reward_points=8|or_class=normal|rr=2|start=10:10|stop_mode=fixed|stop_points=40|target_mode=rr|time_exit=15:55|touch_tolerance=10,or_retest,long,92,1402.7199999999993,15.246956521739124,-86.34,0.43478260869565216,1.3124320664278963,-842.4799999999994,0.12953791297680198,0.03660703629725149,55,1140.2999999999995,20.732727272727264,0.45454545454545453,37,262.41999999999985,7.092432432432428,0.40540540540540543,153.66,0.10954431390441433,1152,True,False,True,False,False,False
full_history,or_retest_slip_filter|long|buffer_points=0|confirm_pattern=break_prev|end=11:00|max_risk_points=120|max_stop=120|min_reward_points=8|or_class=normal_tight|rr=1.25|signal_vs_ema=above|start=10:00|stop_mode=fixed|stop_points=40|target_mode=rr|time_exit=15:55|touch_tolerance=5,or_retest,long,150,1397.9999999999995,9.319999999999997,93.66,0.5333333333333333,1.2313114265859222,-1006.8000000000002,0.10369674678568877,0.03741834041925367,90,458.39999999999964,5.093333333333329,0.5111111111111111,60,939.5999999999998,15.659999999999997,0.5666666666666667,93.66,0.06699570815450645,1152,True,True,True,False,False,False
full_history,or_retest_slip_shape|long|buffer_points=0|confirm_pattern=break_prev|end=10:45|max_risk_points=120|max_stop=120|min_reward_points=8|or_class=normal_tight|rr=1.5|start=10:10|stop_mode=fixed|stop_points=40|target_mode=rr|time_exit=12:00|touch_tolerance=5,or_retest,long,136,1394.7599999999995,10.255588235294114,9.66,0.5073529411764706,1.2639451353826816,-722.4200000000001,0.11099729835066999,0.03813779877150078,81,386.4599999999997,4.771111111111107,0.4567901234567901,55,1008.2999999999996,18.332727272727265,0.5818181818181818,113.66,0.08149072241819384,1152,True,False,True,False,False,False
full_history,or_retest_slip_filter|long|buffer_points=0|confirm_pattern=break_prev|end=11:00|max_risk_points=120|max_signal_ema_slope=20|max_stop=120|min_reward_points=8|or_class=normal_tight|rr=2|start=10:10|stop_mode=fixed|stop_points=40|target_mode=rr|time_exit=15:55|touch_tolerance=5,or_retest,long,118,1392.3799999999997,11.799830508474573,-86.34,0.423728813559322,1.240537468343059,-796.0800000000002,0.10223107149428923,0.03271882333785048,70,741.1999999999996,10.588571428571422,0.4142857142857143,48,651.1799999999997,13.566249999999995,0.4375,153.66,0.11035780462230141,1152,True,True,True,False,False,False
full_history,or_retest_slip_filter|long|buffer_points=0|confirm_pattern=break_prev|end=11:00|max_close_vwap_delta=50|max_risk_points=120|max_stop=120|min_reward_points=8|or_class=normal_tight|rr=2|start=10:00|stop_mode=fixed|stop_points=40|target_mode=rr|time_exit=15:55|touch_tolerance=5,or_retest,long,159,1388.4399999999982,8.732327044025146,-86.34,0.41509433962264153,1.1729147830158833,-1227.7800000000002,0.07587156007624174,0.028187161043109196,95,779.1999999999986,8.202105263157879,0.4105263157894737,64,609.2399999999998,9.519374999999997,0.421875,153.66,0.11067096885713476,1152,True,True,True,False,False,False
full_history,or_retest_slip_shape|long|buffer_points=0|confirm_pattern=break_prev|end=10:45|max_risk_points=120|max_stop=120|min_reward_points=8|or_class=normal_tight|rr=2|start=10:00|stop_mode=fixed|stop_points=40|target_mode=rr|time_exit=12:00|touch_tolerance=5,or_retest,long,168,1382.879999999999,8.231428571428566,-73.09,0.4523809523809524,1.1851175591811816,-824.7200000000001,0.07790936872975103,0.029752131629192474,100,785.9999999999993,7.859999999999993,0.45,68,596.8799999999997,8.777647058823524,0.45588235294117646,153.66,0.11111593196806673,1152,True,True,True,False,False,False
full_history,or_retest_slip_filter|long|buffer_points=0|confirm_pattern=break_prev|end=11:00|max_risk_points=120|max_stop=120|min_reward_points=8|min_signal_rsi=60|or_class=normal|rr=2|start=10:00|stop_mode=fixed|stop_points=40|target_mode=rr|time_exit=15:55|touch_tolerance=5,or_retest,long,52,1380.3199999999997,26.54461538461538,-86.34,0.4807692307692308,1.592112149211987,-421.41999999999894,0.2222288633057942,0.047214554603324514,31,1532.4600000000007,49.43419354838712,0.5806451612903226,21,-152.14000000000007,-7.2447619047619085,0.3333333333333333,153.66,0.11132201228700593,1152,False,False,True,True,False,False
full_history,or_retest_slip_shape|long|buffer_points=0|confirm_pattern=break_prev|end=10:45|max_risk_points=120|max_stop=120|min_reward_points=8|or_class=normal_tight|rr=1.5|start=10:20|stop_mode=fixed|stop_points=40|target_mode=rr|time_exit=15:55|touch_tolerance=5,or_retest,long,112,1374.919999999999,12.276071428571418,-28.340000000000003,0.5,1.2843657963532873,-549.7400000000002,0.12326801820429684,0.03843555757225767,67,944.2199999999997,14.092835820895518,0.5074626865671642,45,430.6999999999997,9.571111111111104,0.4888888888888889,113.66,0.08266662787653106,1152,True,True,True,False,False,False
full_history,or_retest_slip_shape|long|buffer_points=0|confirm_pattern=break_prev|end=10:45|max_risk_points=120|max_stop=120|min_reward_points=8|or_class=normal_tight|rr=2|start=10:20|stop_mode=fixed|stop_points=40|target_mode=rr|time_exit=15:55|touch_tolerance=5,or_retest,long,112,1374.9199999999987,12.276071428571417,-86.34,0.42857142857142855,1.2488200718091262,-815.1000000000004,0.10577881643014661,0.0329823408216719,67,1240.22,18.510746268656717,0.44776119402985076,45,134.69999999999976,2.993333333333328,0.4,153.66,0.11175922962790573,1152,True,False,True,False,False,False
full_history,or_retest_slip_shape|long|buffer_points=0|confirm_pattern=break_prev|end=11:00|max_risk_points=120|max_stop=120|min_reward_points=8|or_class=normal|rr=2|start=10:20|stop_mode=fixed|stop_points=40|target_mode=rr|time_exit=15:55|touch_tolerance=10,or_retest,long,84,1373.4399999999994,16.350476190476183,-86.34,0.44047619047619047,1.3384541077087608,-823.4599999999987,0.13881354084531647,0.03748394015193102,50,1091.9999999999998,21.839999999999996,0.46,34,281.43999999999994,8.277647058823527,0.4117647058823529,153.66,0.11187965983224608,1152,True,False,True,False,False,False
full_history,or_retest_slip_shape|long|buffer_points=0|confirm_pattern=break_prev|end=11:30|max_risk_points=120|max_stop=120|min_reward_points=8|or_class=normal_tight|rr=1.5|start=10:00|stop_mode=fixed|stop_points=40|target_mode=rr|time_exit=12:00|touch_tolerance=10,or_retest,long,209,1370.9399999999987,6.559521531100472,-5.84,0.4880382775119617,1.158979425700827,-1158.5000000000005,0.07039606707647136,0.02998439565680961,125,481.999999999999,3.855999999999992,0.472,84,888.9399999999991,10.582619047619037,0.5119047619047619,113.66,0.0829066188162867,1152,True,True,True,False,False,False
full_history,or_retest_slip_filter|long|buffer_points=0|confirm_pattern=break_prev|end=11:00|max_close_vwap_delta=35|max_risk_points=120|max_stop=120|min_reward_points=8|or_class=normal_tight|rr=1.5|start=10:00|stop_mode=fixed|stop_points=40|target_mode=rr|time_exit=15:55|touch_tolerance=5,or_retest,long,123,1365.6799999999994,11.103089430894304,-86.34,0.4959349593495935,1.2551204166573255,-949.7400000000001,0.11187133940211676,0.03655486244177231,73,226.17999999999952,3.098356164383555,0.4520547945205479,50,1139.4999999999998,22.789999999999996,0.56,113.66,0.08322593872649527,1152,True,False,True,False,False,False
full_history,or_retest_slip_shape|long|buffer_points=0|confirm_pattern=break_prev|end=11:00|max_risk_points=120|max_stop=120|min_reward_points=8|or_class=normal|rr=2|start=10:20|stop_mode=fixed|stop_points=40|target_mode=rr|time_exit=15:55|touch_tolerance=5,or_retest,long,73,1363.1799999999994,18.67369863013698,-86.34,0.4520547945205479,1.3947127634931664,-709.7400000000002,0.15830103641251958,0.039849139596669636,43,976.3799999999995,22.706511627906966,0.46511627906976744,30,386.7999999999999,12.893333333333329,0.43333333333333335,153.66,0.11272172420370022,1152,False,False,True,False,False,False
full_history,or_retest_slip_shape|long|buffer_points=0|confirm_pattern=break_prev|end=10:45|max_risk_points=120|max_stop=120|min_reward_points=8|or_class=normal_tight|rr=2.5|start=10:00|stop_mode=fixed|stop_points=40|target_mode=rr|time_exit=12:00|touch_tolerance=10,or_retest,long,183,1362.2799999999982,7.444153005464471,-86.34,0.43169398907103823,1.1610191528492877,-1221.58,0.06615102872652459,0.026365493680593637,109,771.4399999999988,7.07743119266054,0.42201834862385323,74,590.839999999999,7.9843243243243105,0.44594594594594594,193.66,0.14215873388730677,1152,True,True,True,False,False,False
full_history,or_retest_slip_shape|long|buffer_points=0|confirm_pattern=break_prev|end=11:30|max_risk_points=120|max_stop=120|min_reward_points=8|or_class=normal_tight|rr=1.25|start=10:10|stop_mode=fixed|stop_points=40|target_mode=rr|time_exit=12:00|touch_tolerance=10,or_retest,long,182,1361.1199999999997,7.478681318681317,15.91,0.532967032967033,1.20409962662508,-1173.0400000000004,0.08883937389381842,0.03531140057777108,109,84.43999999999957,0.7746788990825648,0.48623853211009177,73,1276.6799999999998,17.48876712328767,0.6027397260273972,93.66,0.06881097919360528,1152,True,False,True,False,False,False
full_history,or_retest_slip_filter|long|buffer_points=0|confirm_pattern=break_prev|end=11:00|max_risk_points=120|max_stop=120|min_reward_points=8|or_class=normal|prior_day_zombie=no|rr=2|start=10:00|stop_mode=fixed|stop_points=40|target_mode=rr|time_exit=15:55|touch_tolerance=5,or_retest,long,66,1359.5599999999995,20.59939393939393,-86.34,0.45454545454545453,1.4374050909839646,-469.74000000000024,0.17309599344217638,0.041431699091388254,39,589.7399999999997,15.121538461538453,0.4358974358974359,27,769.8199999999999,28.511851851851848,0.48148148148148145,153.66,0.11302186001353383,1152,False,True,True,False,False,False
full_history,or_retest_slip_filter|long|buffer_points=0|confirm_pattern=break_prev|end=11:00|max_risk_points=120|max_stop=120|min_reward_points=8|or_class=normal_tight|prior_day_direction=up|rr=2|start=10:10|stop_mode=fixed|stop_points=40|target_mode=rr|time_exit=15:55|touch_tolerance=5,or_retest,long,95,1358.1999999999994,14.296842105263151,-86.34,0.43157894736842106,1.2913116962225133,-593.2599999999994,0.12191733676045591,0.03501071903398178,57,663.6199999999995,11.64245614035087,0.42105263157894735,38,694.5799999999997,18.278421052631572,0.4473684210526316,153.66,0.11313503165954945,1152,True,True,True,False,False,False
full_history,or_retest_slip_shape|long|buffer_points=0|confirm_pattern=break_prev|end=11:00|max_risk_points=120|max_stop=120|min_reward_points=8|or_class=normal|rr=1.5|start=10:00|stop_mode=fixed|stop_points=40|target_mode=rr|time_exit=12:00|touch_tolerance=5,or_retest,long,104,1355.1399999999994,13.030192307692301,9.16,0.5096153846153846,1.3273806935405157,-590.0799999999992,0.13610872678345914,0.04089558278799006,62,976.9200000000002,15.75677419354839,0.5161290322580645,42,378.2199999999998,9.00523809523809,0.5,113.66,0.08387325294803492,1152,True,False,True,False,False,False
full_history,or_retest_slip_filter|long|buffer_points=0|confirm_pattern=break_prev|end=11:00|max_risk_points=120|max_signal_ema_slope=20|max_stop=120|min_reward_points=8|or_class=normal|rr=2|start=10:10|stop_mode=fixed|stop_points=40|target_mode=rr|time_exit=15:55|touch_tolerance=5,or_retest,long,62,1352.9199999999998,21.821290322580644,-86.34,0.46774193548387094,1.4748387277921673,-604.3800000000001,0.18472573271613418,0.042854556313106494,37,774.4199999999997,20.930270270270263,0.4594594594594595,25,578.4999999999999,23.139999999999997,0.48,153.66,0.11357656032877038,1152,False,True,True,False,False,False
full_history,or_retest_slip_shape|long|buffer_points=0|confirm_pattern=break_prev|end=11:30|max_risk_points=120|max_stop=120|min_reward_points=8|or_class=normal|rr=1.25|start=10:00|stop_mode=fixed|stop_points=60|target_mode=rr|time_exit=12:00|touch_tolerance=5,or_retest,long,109,1351.9399999999996,12.403119266055041,11.66,0.5229357798165137,1.2462245113537844,-1094.6,0.10231087471899128,0.031470874215908606,65,1051.8999999999996,16.183076923076918,0.5230769230769231,44,300.0399999999996,6.8190909090909,0.5227272727272727,143.66,0.1062621122239153,1152,True,False,True,False,False,False
full_history,or_retest_slip_filter|long|buffer_points=0|confirm_pattern=break_prev|end=11:00|max_close_vwap_delta=65|max_risk_points=120|max_stop=120|min_reward_points=8|or_class=normal|rr=2|start=10:10|stop_mode=fixed|stop_points=40|target_mode=rr|time_exit=15:55|touch_tolerance=5,or_retest,long,76,1344.1599999999999,17.68631578947368,-86.34,0.4473684210526316,1.3706718731041174,-669.8000000000003,0.1500417322720526,0.03853830647698181,45,1043.6999999999996,23.193333333333324,0.4666666666666667,31,300.46000000000004,9.69225806451613,0.41935483870967744,153.66,0.11431674800618975,1152,False,False,True,False,False,False
full_history,or_retest_slip_filter|long|buffer_points=0|confirm_pattern=break_prev|end=11:00|max_risk_points=120|max_signal_volume_ratio=2.25|max_stop=120|min_reward_points=8|or_class=normal|rr=2|start=10:10|stop_mode=fixed|stop_points=40|target_mode=rr|time_exit=15:55|touch_tolerance=5,or_retest,long,76,1344.1599999999999,17.68631578947368,-86.34,0.4473684210526316,1.3706718731041174,-537.0600000000003,0.1500417322720526,0.03853830647698181,45,1043.6999999999998,23.193333333333328,0.4666666666666667,31,300.46000000000015,9.692258064516134,0.41935483870967744,153.66,0.11431674800618975,1152,False,False,True,False,False,False
full_history,or_retest_slip_shape|long|buffer_points=0|confirm_pattern=break_prev|end=11:30|max_risk_points=120|max_stop=120|min_reward_points=8|or_class=normal|rr=2.5|start=10:20|stop_mode=fixed|stop_points=40|target_mode=rr|time_exit=15:55|touch_tolerance=10,or_retest,long,90,1341.3999999999992,14.904444444444435,-86.34,0.37777777777777777,1.2774330719084017,-842.4200000000004,0.11225640776633344,0.031376619834432115,54,1312.64,24.30814814814815,0.4074074074074074,36,28.75999999999985,0.7988888888888847,0.3333333333333333,193.66,0.14437155210973618,1152,True,False,True,False,False,False
full_history,or_retest_slip_filter|long|buffer_points=0|confirm_pattern=break_prev|end=11:00|max_close_vwap_delta=50|max_risk_points=120|max_stop=120|min_reward_points=8|or_class=normal_tight|rr=1.25|start=10:00|stop_mode=fixed|stop_points=40|target_mode=rr|time_exit=15:55|touch_tolerance=5,or_retest,long,159,1340.94,8.433584905660378,93.66,0.5283018867924528,1.2070789900393786,-1273.1400000000003,0.09378355326032237,0.03484167343188047,95,566.6999999999994,5.96526315789473,0.5157894736842106,64,774.2399999999997,12.097499999999995,0.546875,93.66,0.06984652557161394,1152,True,True,True,False,False,False
full_history,or_retest_slip_filter|long|buffer_points=0|confirm_pattern=break_prev|end=11:00|max_risk_points=120|max_stop=120|min_reward_points=8|or_class=normal|prior_day_direction=down|rr=2|start=10:00|stop_mode=fixed|stop_points=40|target_mode=rr|time_exit=15:55|touch_tolerance=5,or_retest,long,51,1337.66,26.228627450980394,-86.34,0.47058823529411764,1.5738124040185655,-623.4,0.21745957881917286,0.04575487687871613,30,1249.8,41.66,0.5333333333333333,21,87.8599999999999,4.183809523809519,0.38095238095238093,153.66,0.1148722395825546,1152,False,False,True,True,False,False
full_history,or_retest_slip_filter|long|buffer_points=0|confirm_pattern=break_prev|end=11:00|max_close_vwap_delta=50|max_risk_points=120|max_stop=120|min_reward_points=8|or_class=normal_tight|rr=1.5|start=10:00|stop_mode=fixed|stop_points=40|target_mode=rr|time_exit=15:55|touch_tolerance=5,or_retest,long,159,1336.4399999999998,8.405283018867923,-86.34,0.4779874213836478,1.1864916231988407,-1213.1400000000003,0.08438162627088322,0.031348748943434875,95,326.69999999999925,3.4389473684210445,0.45263157894736844,64,1009.7399999999997,15.777187499999995,0.515625,113.66,0.08504684086079435,1152,True,True,True,False,False,False
full_history,or_retest_slip_shape|long|buffer_points=0|confirm_pattern=break_prev|end=11:30|max_risk_points=120|max_stop=120|min_reward_points=8|or_class=normal|rr=2|start=10:10|stop_mode=fixed|stop_points=40|target_mode=rr|time_exit=15:55|touch_tolerance=5,or_retest,long,90,1335.3999999999992,14.837777777777768,-86.34,0.43333333333333335,1.3032697906589084,-842.48,0.1261529010488004,0.035260807787990275,54,986.6399999999994,18.2711111111111,0.4444444444444444,36,348.7599999999999,9.687777777777775,0.4166666666666667,153.66,0.11506664669761876,1152,True,False,True,False,False,False
full_history,or_retest_slip_filter|long|buffer_points=0|confirm_pattern=break_prev|end=11:00|max_risk_points=120|max_stop=120|min_reward_points=8|or_class=normal_tight|prior_day_direction=up|rr=2|start=10:00|stop_mode=fixed|stop_points=40|target_mode=rr|time_exit=15:55|touch_tolerance=5,or_retest,long,105,1331.7999999999993,12.683809523809517,-86.34,0.42857142857142855,1.2570843950274104,-765.9399999999996,0.10886803253450775,0.03286765989737418,63,982.5799999999998,15.596507936507933,0.4444444444444444,42,349.21999999999986,8.314761904761902,0.40476190476190477,153.66,0.1153776843369876,1152,True,False,True,False,False,False
full_history,or_retest_slip_shape|long|buffer_points=0|confirm_pattern=break_prev|end=11:00|max_risk_points=120|max_stop=120|min_reward_points=8|or_class=normal|rr=2.5|start=10:20|stop_mode=fixed|stop_points=40|target_mode=rr|time_exit=12:00|touch_tolerance=5,or_retest,long,73,1331.6799999999996,18.242191780821912,-31.34,0.4520547945205479,1.4240884048278715,-720.8999999999992,0.15717386899524344,0.039565397602442855,43,888.3799999999998,20.659999999999993,0.4186046511627907,30,443.2999999999998,14.77666666666666,0.5,193.66,0.14542532740598346,1152,False,True,True,False,False,False
full_history,or_retest_slip_shape|long|buffer_points=0|confirm_pattern=break_prev|end=10:45|max_risk_points=120|max_stop=120|min_reward_points=8|or_class=normal|rr=1.25|start=10:00|stop_mode=fixed|stop_points=60|target_mode=rr|time_exit=15:55|touch_tolerance=10,or_retest,long,107,1331.6199999999997,12.44504672897196,42.66,0.5233644859813084,1.2082497959132605,-1137.0599999999995,0.09330978883908413,0.028437594416384906,64,1469.2399999999998,22.956874999999997,0.5625,43,-137.62000000000026,-3.200465116279076,0.46511627906976744,143.66,0.10788363046514773,1152,True,False,True,False,False,False
full_history,or_retest_slip_filter|long|buffer_points=0|confirm_pattern=break_prev|end=11:00|max_close_vwap_delta=50|max_risk_points=120|max_stop=120|min_reward_points=8|or_class=normal|rr=1.5|start=10:00|stop_mode=fixed|stop_points=40|target_mode=rr|time_exit=15:55|touch_tolerance=5,or_retest,long,88,1331.0799999999995,15.125909090909085,78.16,0.5113636363636364,1.3585284785407603,-690.7200000000001,0.15120245293334458,0.04179015031343969,52,1039.32,19.986923076923077,0.5384615384615384,36,291.75999999999993,8.104444444444443,0.4722222222222222,113.66,0.0853893079304024,1152,True,False,True,False,False,False
full_history,or_retest_slip_shape|long|buffer_points=0|confirm_pattern=break_prev|end=11:00|max_risk_points=120|max_stop=120|min_reward_points=8|or_class=normal|rr=2|start=10:20|stop_mode=fixed|stop_points=60|target_mode=rr|time_exit=15:55|touch_tolerance=5,or_retest,long,73,1329.6799999999996,18.21479452054794,-126.34,0.4383561643835616,1.2680028378857748,-1166.7799999999993,0.11055597293975783,0.02783026882680357,43,1968.8799999999999,45.78790697674418,0.5116279069767442,30,-639.2,-21.30666666666667,0.3333333333333333,233.66,0.17572649058420076,1152,False,False,True,False,False,False
full_history,or_retest_slip_filter|long|buffer_points=0|confirm_pattern=break_prev|end=11:00|max_risk_points=120|max_stop=120|min_reward_points=8|or_class=normal|rr=1.25|signal_vs_ema=above|start=10:00|stop_mode=fixed|stop_points=40|target_mode=rr|time_exit=15:55|touch_tolerance=5,or_retest,long,82,1329.1199999999994,16.208780487804873,93.66,0.573170731707317,1.4398292465005453,-496.079999999999,0.18168171376899192,0.04847210770552373,49,1118.3399999999997,22.823265306122444,0.6122448979591837,33,210.7799999999999,6.387272727272724,0.5151515151515151,93.66,0.07046767786204408,1152,True,False,True,False,False,False
full_history,or_retest_slip_shape|long|buffer_points=0|confirm_pattern=break_prev|end=10:45|max_risk_points=120|max_stop=120|min_reward_points=8|or_class=normal|rr=2|start=10:00|stop_mode=fixed|stop_points=40|target_mode=rr|time_exit=15:55|touch_tolerance=10,or_retest,long,107,1327.6199999999992,12.407663551401862,-86.34,0.4205607476635514,1.2480104911564924,-1120.9199999999985,0.1055863262108673,0.032179058146609645,64,1200.2399999999996,18.753749999999993,0.453125,43,127.37999999999982,2.9623255813953446,0.37209302325581395,153.66,0.11574094997062419,1152,True,False,True,False,False,False
full_history,or_retest_slip_shape|long|buffer_points=0|confirm_pattern=break_prev|end=11:30|max_risk_points=120|max_stop=120|min_reward_points=8|or_class=normal_tight|rr=2.5|start=10:00|stop_mode=fixed|stop_points=40|target_mode=rr|time_exit=12:00|touch_tolerance=10,or_retest,long,209,1325.4399999999987,6.341818181818176,-86.34,0.4354066985645933,1.1398568341437056,-1245.1200000000001,0.057794179794633686,0.02461676661198431,125,796.999999999999,6.3759999999999915,0.432,84,528.4399999999995,6.290952380952374,0.44047619047619047,193.66,0.1461099710284888,1152,True,True,True,False,False,False
full_history,or_retest_slip_filter|long|buffer_points=0|confirm_pattern=break_prev|end=11:00|max_close_vwap_delta=35|max_risk_points=120|max_stop=120|min_reward_points=8|or_class=normal|rr=1.5|start=10:00|stop_mode=fixed|stop_points=40|target_mode=rr|time_exit=15:55|touch_tolerance=5,or_retest,long,64,1324.2399999999998,20.691249999999997,113.66,0.546875,1.528879410190665,-518.0400000000002,0.20889176979499874,0.04923626231870095,38,648.0799999999997,17.054736842105257,0.5263157894736842,26,676.16,26.006153846153843,0.5769230769230769,113.66,0.08583036307617956,1152,False,True,True,True,False,False
full_history,or_retest_slip_filter|long|buffer_points=0|confirm_pattern=break_prev|end=11:00|max_close_ema_delta=70|max_risk_points=120|max_stop=120|min_reward_points=8|or_class=normal_tight|rr=1.25|start=10:00|stop_mode=fixed|stop_points=40|target_mode=rr|time_exit=15:55|touch_tolerance=5,or_retest,long,121,1322.8599999999992,10.932727272727266,93.66,0.5454545454545454,1.278573083159601,-841.4400000000003,0.12223275274384877,0.0396144871596256,72,212.51999999999973,2.9516666666666627,0.5,49,1110.34,22.659999999999997,0.6122448979591837,93.66,0.07080114297809297,1152,True,False,True,False,False,False
full_history,or_retest_slip_filter|long|buffer_points=0|confirm_pattern=break_prev|end=11:00|max_close_vwap_delta=35|max_risk_points=120|max_stop=120|min_reward_points=8|or_class=normal|rr=2|start=10:00|stop_mode=fixed|stop_points=40|target_mode=rr|time_exit=15:55|touch_tolerance=5,or_retest,long,64,1321.239999999999,20.644374999999986,-86.34,0.46875,1.4500810748204767,-607.759999999999,0.17591382938905956,0.041463287221832464,38,1045.0800000000002,27.502105263157897,0.5,26,276.16000000000014,10.621538461538467,0.4230769230769231,153.66,0.11629983954467024,1152,False,False,True,False,False,False
full_history,or_retest_slip_shape|long|buffer_points=0|confirm_pattern=break_prev|end=11:00|max_risk_points=120|max_stop=120|min_reward_points=8|or_class=normal_tight|rr=2|start=10:20|stop_mode=fixed|stop_points=30|target_mode=rr|time_exit=15:55|touch_tolerance=5,or_retest,long,131,1318.4599999999994,10.06458015267175,-66.34,0.42748091603053434,1.2649904532207812,-587.7800000000004,0.11311716582252329,0.03814502672649102,78,514.4799999999993,6.595897435897427,0.41025641025641024,53,803.9799999999994,15.16943396226414,0.4528301886792453,113.66,0.08620663501357649,1152,True,True,True,False,False,False
full_history,or_retest_slip_shape|long|buffer_points=0|confirm_pattern=break_prev|end=11:30|max_risk_points=120|max_stop=120|min_reward_points=8|or_class=normal|rr=2|start=10:00|stop_mode=fixed|stop_points=40|target_mode=rr|time_exit=12:00|touch_tolerance=10,or_retest,long,118,1316.8799999999999,11.159999999999998,-86.34,0.4406779661016949,1.2445713946111385,-988.6800000000007,0.1012342002445988,0.032399776947819973,70,742.6999999999996,10.609999999999994,0.44285714285714284,48,574.1799999999997,11.962083333333327,0.4375,153.66,0.11668489156187353,1152,True,True,True,False,False,False
full_history,or_retest_slip_shape|long|buffer_points=0|confirm_pattern=break_prev|end=11:00|max_risk_points=120|max_stop=120|min_reward_points=8|or_class=normal|rr=2.5|start=10:10|stop_mode=fixed|stop_points=30|target_mode=rr|time_exit=15:55|touch_tolerance=5,or_retest,long,83,1313.7799999999995,15.828674698795174,-66.34,0.39759036144578314,1.3960747663551398,-663.4000000000002,0.15465252383394845,0.04151163302945422,49,428.33999999999946,8.741632653061213,0.3673469387755102,34,885.4399999999998,26.042352941176464,0.4411764705882353,143.66,0.10934859717760968,1152,True,True,True,False,False,False
full_history,or_retest_slip_filter|long|buffer_points=0|confirm_pattern=break_prev|end=11:00|max_risk_points=120|max_stop=120|min_reward_points=8|or_class=normal_tight|rr=1.5|signal_vs_ema=above|start=10:00|stop_mode=fixed|stop_points=40|target_mode=rr|time_exit=15:55|touch_tolerance=5,or_retest,long,150,1313.4999999999995,8.756666666666664,-86.34,0.48,1.1950398840600363,-1126.8000000000004,0.08790671364985493,0.03172060299332444,90,358.39999999999964,3.982222222222218,0.45555555555555555,60,955.0999999999998,15.91833333333333,0.5166666666666667,113.66,0.08653216596878571,1152,True,True,True,False,False,False
full_history,or_retest_slip_shape|long|buffer_points=0|confirm_pattern=break_prev|end=11:00|max_risk_points=120|max_stop=120|min_reward_points=8|or_class=normal|rr=2.5|start=10:20|stop_mode=fixed|stop_points=60|target_mode=rr|time_exit=15:55|touch_tolerance=5,or_retest,long,73,1308.1799999999998,17.920273972602736,-126.34,0.410958904109589,1.2508918091643457,-1046.779999999999,0.10123394959781927,0.025483634730812624,43,1660.3799999999999,38.61348837209302,0.46511627906976744,30,-352.19999999999993,-11.739999999999998,0.3333333333333333,293.66,0.22447981164671532,1152,False,False,True,False,False,False
full_history,or_retest_slip_filter|long|buffer_points=0|confirm_pattern=break_prev|end=11:00|max_risk_points=120|max_stop=120|min_reward_points=8|or_class=normal|rr=1.25|signal_vs_ema=above|start=10:10|stop_mode=fixed|stop_points=40|target_mode=rr|time_exit=15:55|touch_tolerance=5,or_retest,long,69,1307.5400000000002,18.94985507246377,93.66,0.5942028985507246,1.5408600549323268,-330.7200000000002,0.21489608567585633,0.05259286270524348,41,909.0599999999997,22.172195121951212,0.6097560975609756,28,398.48,14.231428571428571,0.5714285714285714,93.66,0.0716306958104532,1152,False,True,True,True,False,False
full_history,or_retest_slip_shape|long|buffer_points=0|confirm_pattern=break_prev|end=11:00|max_risk_points=120|max_stop=120|min_reward_points=8|or_class=normal_tight|rr=2.5|start=10:20|stop_mode=fixed|stop_points=40|target_mode=rr|time_exit=12:00|touch_tolerance=5,or_retest,long,131,1305.4599999999994,9.965343511450376,-30.34,0.4580152671755725,1.2356791848554103,-1192.9600000000003,0.09269698926872576,0.0312589968764647,78,1000.9799999999997,12.833076923076918,0.44871794871794873,53,304.47999999999956,5.74490566037735,0.4716981132075472,193.66,0.1483461768265593,1152,True,False,True,False,False,False
full_history,or_retest_slip_shape|long|buffer_points=0|confirm_pattern=break_prev|end=11:00|max_risk_points=120|max_stop=120|min_reward_points=8|or_class=normal_tight|rr=2|start=10:10|stop_mode=fixed|stop_points=30|target_mode=rr|time_exit=12:00|touch_tolerance=10,or_retest,long,166,1302.0599999999995,7.843734939759033,-66.34,0.42771084337349397,1.2173614009315052,-830.2400000000005,0.09265688283629049,0.03517268236377417,99,74.33999999999952,0.7509090909090861,0.37373737373737376,67,1227.7199999999998,18.324179104477608,0.5074626865671642,113.66,0.08729244428060154,1152,True,False,True,False,False,False
full_history,or_retest_slip_shape|long|buffer_points=0|confirm_pattern=break_prev|end=11:00|max_risk_points=120|max_stop=120|min_reward_points=8|or_class=normal|rr=1.5|start=10:10|stop_mode=fixed|stop_points=40|target_mode=rr|time_exit=15:55|touch_tolerance=10,or_retest,long,92,1301.7199999999993,14.149130434782602,36.16,0.5108695652173914,1.335037191465266,-663.4000000000003,0.14219030268124888,0.04018256471602881,55,780.2999999999996,14.18727272727272,0.509090909090909,37,521.4199999999997,14.092432432432425,0.5135135135135135,113.66,0.0873152444458102,1152,True,True,True,False,False,False
full_history,or_retest_slip_filter|long|buffer_points=0|confirm_pattern=break_prev|end=11:00|max_risk_points=120|max_stop=120|min_reward_points=8|or_class=normal|prior_day_zombie=no|rr=1.5|start=10:00|stop_mode=fixed|stop_points=40|target_mode=rr|time_exit=15:55|touch_tolerance=5,or_retest,long,66,1301.56,19.72060606060606,113.66,0.5303030303030303,1.486284531522039,-436.0800000000002,0.19606679017983383,0.04692991496223678,39,432.7399999999998,11.095897435897431,0.48717948717948717,27,868.82,32.17851851851852,0.5925925925925926,113.66,0.08732597805710071,1152,False,False,True,False,False,False
full_history,or_retest_slip_filter|long|buffer_points=0|confirm_pattern=break_prev|end=11:00|max_risk_points=120|max_signal_rsi=65|max_stop=120|min_reward_points=8|or_class=normal_tight|rr=1.5|start=10:00|stop_mode=fixed|stop_points=40|target_mode=rr|time_exit=15:55|touch_tolerance=5,or_retest,long,115,1301.3999999999994,11.31652173913043,-86.34,0.4956521739130435,1.2598787472143007,-872.1600000000002,0.11367316091948,0.03591539252433522,69,357.03999999999974,5.174492753623184,0.463768115942029,46,944.3599999999994,20.52956521739129,0.5434782608695652,113.66,0.0873367143076687,1152,True,True,True,False,False,False
full_history,or_retest_slip_shape|long|buffer_points=0|confirm_pattern=break_prev|end=11:30|max_risk_points=120|max_stop=120|min_reward_points=8|or_class=normal_tight|rr=1.5|start=10:20|stop_mode=fixed|stop_points=40|target_mode=rr|time_exit=15:55|touch_tolerance=5,or_retest,long,151,1300.6599999999992,8.613642384105955,-86.34,0.48344370860927155,1.1931332893806827,-1099.48,0.08679566168765794,0.03142391218474245,90,558.3999999999994,6.204444444444438,0.4666666666666667,61,742.2599999999994,12.168196721311466,0.5081967213114754,113.66,0.08738640382575005,1152,True,True,True,False,False,False
full_history,or_retest_slip_filter|long|buffer_points=0|confirm_pattern=break_prev|end=11:00|max_close_vwap_delta=50|max_risk_points=120|max_stop=120|min_reward_points=8|or_class=normal_tight|rr=1.5|start=10:10|stop_mode=fixed|stop_points=40|target_mode=rr|time_exit=15:55|touch_tolerance=5,or_retest,long,133,1297.2799999999993,9.75398496240601,-86.34,0.48872180451127817,1.2209595443458823,-1171.6400000000003,0.09827489253714722,0.03339197899524278,79,108.13999999999945,1.368860759493664,0.4430379746835443,54,1189.1399999999999,22.021111111111107,0.5555555555555556,113.66,0.08761408485446477,1152,True,False,True,False,False,False
full_history,or_retest_slip_filter|long|buffer_points=0|confirm_pattern=break_prev|end=11:00|max_risk_points=120|max_stop=120|min_reward_points=8|min_signal_rsi=60|or_class=normal_tight|rr=1.25|start=10:00|stop_mode=fixed|stop_points=40|target_mode=rr|time_exit=15:55|touch_tolerance=5,or_retest,long,97,1294.0199999999993,13.340412371134013,93.66,0.5567010309278351,1.348546309614234,-444.84000000000003,0.14895350949978875,0.04322254824088106,58,1061.28,18.297931034482758,0.5862068965517241,39,232.73999999999975,5.967692307692301,0.5128205128205128,93.66,0.07237909769555342,1152,True,False,True,False,False,False
full_history,or_retest_slip_shape|long|buffer_points=0|confirm_pattern=break_prev|end=11:00|max_risk_points=120|max_stop=120|min_reward_points=8|or_class=normal|rr=2|start=10:10|stop_mode=fixed|stop_points=30|target_mode=rr|time_exit=12:00|touch_tolerance=5,or_retest,long,83,1290.7799999999995,15.551566265060234,-30.34,0.4578313253012048,1.4722423444188335,-421.4000000000001,0.18078305867234018,0.04852555783445358,49,505.3399999999996,10.313061224489788,0.40816326530612246,34,785.4399999999998,23.10117647058823,0.5294117647058824,113.66,0.08805528440167963,1152,True,False,True,False,False,False
full_history,or_retest_slip_shape|long|buffer_points=0|confirm_pattern=break_prev|end=10:45|max_risk_points=120|max_stop=120|min_reward_points=8|or_class=normal|rr=1.5|start=10:00|stop_mode=fixed|stop_points=40|target_mode=rr|time_exit=15:55|touch_tolerance=10,or_retest,long,107,1290.6199999999997,12.061869158878501,-86.34,0.4953271028037383,1.276816891016566,-749.7399999999996,0.12058640380382714,0.03675056268123593,64,1003.2399999999997,15.675624999999995,0.515625,43,287.37999999999977,6.683255813953483,0.46511627906976744,113.66,0.08806620074072928,1152,True,False,True,False,False,False
full_history,or_retest_slip_filter|long|buffer_points=0|confirm_pattern=break_prev|end=11:00|max_risk_points=120|max_stop=120|min_reward_points=8|min_signal_rsi=60|or_class=normal_tight|rr=1.5|start=10:00|stop_mode=fixed|stop_points=40|target_mode=rr|time_exit=15:55|touch_tolerance=5,or_retest,long,97,1289.5199999999993,13.294020618556694,42.66,0.5051546391752577,1.311153578874218,-644.8400000000001,0.1334914222160009,0.038735840839541305,58,921.28,15.884137931034482,0.5172413793103449,39,368.23999999999967,9.442051282051274,0.48717948717948717,113.66,0.088141323903468,1152,True,False,True,False,False,False
full_history,or_retest_slip_shape|long|buffer_points=0|confirm_pattern=break_prev|end=11:00|max_risk_points=120|max_stop=120|min_reward_points=8|or_class=normal|rr=2.5|start=10:00|stop_mode=fixed|stop_points=40|target_mode=rr|time_exit=12:00|touch_tolerance=10,or_retest,long,114,1287.2399999999998,11.29157894736842,-86.34,0.42105263157894735,1.241126621260143,-1193.8400000000004,0.09611172028331766,0.030234482309504245,68,932.8799999999997,13.71882352941176,0.4264705882352941,46,354.35999999999996,7.703478260869565,0.41304347826086957,193.66,0.15044591529163173,1152,True,False,True,False,False,False
full_history,or_retest_slip_shape|long|buffer_points=0|confirm_pattern=break_prev|end=10:45|max_risk_points=120|max_stop=120|min_reward_points=8|or_class=normal_tight|rr=2|start=10:10|stop_mode=fixed|stop_points=40|target_mode=rr|time_exit=12:00|touch_tolerance=10,or_retest,long,150,1284.4999999999986,8.563333333333324,-22.59,0.4666666666666667,1.204825232810307,-934.44,0.08388993356240729,0.030271172327847293,90,469.3999999999992,5.215555555555547,0.43333333333333335,60,815.0999999999996,13.584999999999992,0.5166666666666667,153.66,0.11962631374075529,1152,True,True,True,False,False,False
full_history,or_retest_slip_shape|long|buffer_points=0|confirm_pattern=break_prev|end=11:30|max_risk_points=120|max_stop=120|min_reward_points=8|or_class=normal|rr=2.5|start=10:00|stop_mode=fixed|stop_points=40|target_mode=rr|time_exit=15:55|touch_tolerance=10,or_retest,long,118,1281.3799999999994,10.859152542372877,-86.34,0.3728813559322034,1.2020734376675557,-1501.9399999999982,0.08369738934677795,0.026787160262029455,70,1600.2,22.86,0.4142857142857143,48,-318.82000000000016,-6.6420833333333364,0.3125,193.66,0.1511339337276999,1152,True,False,True,False,False,False
full_history,or_retest_slip_shape|long|buffer_points=0|confirm_pattern=break_prev|end=11:00|max_risk_points=120|max_stop=120|min_reward_points=8|or_class=normal_tight|rr=1.5|start=10:20|stop_mode=fixed|stop_points=40|target_mode=rr|time_exit=12:00|touch_tolerance=5,or_retest,long,131,1280.9599999999991,9.778320610687016,11.66,0.5114503816793893,1.2532662680712408,-785.7800000000002,0.10658701039071326,0.03594294756668116,78,859.4799999999992,11.018974358974349,0.5,53,421.4799999999997,7.952452830188673,0.5283018867924528,113.66,0.08873032725455914,1152,True,True,True,False,False,False
full_history,or_retest_slip_filter|long|buffer_points=0|confirm_pattern=break_prev|end=11:00|max_risk_points=120|max_stop=120|min_reward_points=8|or_class=normal|rr=1.5|start=10:10|stop_mode=fixed|stop_points=40|target_mode=rr|time_exit=15:55|touch_tolerance=5,or_retest,long,83,1278.7799999999995,15.406987951807222,42.66,0.5180722891566265,1.370274496177901,-663.4000000000001,0.15493734132074516,0.04158808337568311,49,498.3399999999998,10.170204081632649,0.4897959183673469,34,780.4399999999998,22.95411764705882,0.5588235294117647,113.66,0.08888159026572205,1152,True,True,True,False,False,False
full_history,or_retest_slip_shape|long|buffer_points=0|confirm_pattern=break_prev|end=11:00|max_risk_points=120|max_stop=120|min_reward_points=8|or_class=normal|rr=1.5|start=10:10|stop_mode=fixed|stop_points=40|target_mode=rr|time_exit=15:55|touch_tolerance=5,or_retest,long,83,1278.7799999999995,15.406987951807222,42.66,0.5180722891566265,1.370274496177901,-663.4000000000001,0.15493734132074516,0.04158808337568311,49,498.3399999999998,10.170204081632649,0.4897959183673469,34,780.4399999999998,22.95411764705882,0.5588235294117647,113.66,0.08888159026572205,1152,True,True,True,False,False,False
full_history,or_retest_slip_shape|long|buffer_points=0|confirm_pattern=break_prev|end=11:00|max_risk_points=120|max_stop=120|min_reward_points=8|or_class=normal|rr=1.5|start=10:20|stop_mode=fixed|stop_points=60|target_mode=rr|time_exit=15:55|touch_tolerance=10,or_retest,long,84,1277.4399999999991,15.207619047619037,-126.34,0.4880952380952381,1.2351425279147075,-1383.4599999999996,0.10305776604455218,0.027828777445496874,50,2155.999999999999,43.11999999999998,0.58,34,-878.5600000000002,-25.840000000000003,0.35294117647058826,173.66,0.1359437625250502,1152,True,False,True,False,False,False
full_history,or_retest_slip_shape|long|buffer_points=0|confirm_pattern=break_prev|end=10:45|max_risk_points=120|max_stop=120|min_reward_points=8|or_class=normal|rr=2.5|start=10:20|stop_mode=fixed|stop_points=60|target_mode=rr|time_exit=15:55|touch_tolerance=5,or_retest,long,62,1277.42,20.603548387096776,-126.34,0.4032258064516129,1.2866690005565427,-1137.0599999999997,0.11311850411755697,0.026242382333432283,37,1678.9200000000003,45.37621621621622,0.4594594594594595,25,-401.4999999999999,-16.059999999999995,0.32,293.66,0.22988523743169828,1152,False,False,True,False,False,False
full_history,or_retest_slip_shape|long|buffer_points=0|confirm_pattern=break_prev|end=11:30|max_risk_points=120|max_stop=120|min_reward_points=8|or_class=normal|rr=1.5|start=10:20|stop_mode=fixed|stop_points=40|target_mode=rr|time_exit=15:55|touch_tolerance=10,or_retest,long,90,1274.3999999999992,14.159999999999991,36.16,0.5111111111111111,1.3354602312211756,-636.0799999999992,0.1423154140376601,0.03977836750427948,54,866.6399999999994,16.04888888888888,0.5185185185185185,36,407.75999999999976,11.32666666666666,0.5,113.66,0.08918706842435661,1152,True,True,True,False,False,False
full_history,or_retest_slip_shape|long|buffer_points=0|confirm_pattern=break_prev|end=11:30|max_risk_points=120|max_stop=120|min_reward_points=8|or_class=normal|rr=2.5|start=10:10|stop_mode=fixed|stop_points=30|target_mode=rr|time_exit=15:55|touch_tolerance=5,or_retest,long,90,1269.3999999999994,14.104444444444438,-66.34,0.3888888888888889,1.3479047331926433,-729.7400000000002,0.1383380256367848,0.038666653649619936,54,516.6399999999994,9.567407407407396,0.37037037037037035,36,752.7599999999998,20.909999999999993,0.4166666666666667,143.66,0.11317157712305032,1152,True,True,True,False,False,False
full_history,or_retest_slip_filter|long|buffer_points=0|confirm_pattern=break_prev|end=11:00|max_risk_points=120|max_stop=120|min_reward_points=8|min_signal_rsi=55|or_class=normal|rr=1.5|start=10:10|stop_mode=fixed|stop_points=40|target_mode=rr|time_exit=15:55|touch_tolerance=5,or_retest,long,53,1268.98,23.94301886792453,113.66,0.5660377358490566,1.6390206564542609,-404.38000000000005,0.24284161474310662,0.052087655171564204,31,852.4599999999998,27.49870967741935,0.5806451612903226,22,416.51999999999975,18.932727272727263,0.5454545454545454,113.66,0.08956799949565793,1152,False,True,True,True,False,False
full_history,or_retest_slip_filter|long|buffer_points=0|confirm_pattern=break_prev|end=11:00|max_risk_points=120|max_stop=120|min_reward_points=8|min_signal_rsi=55|or_class=normal_tight|rr=1.25|start=10:00|stop_mode=fixed|stop_points=40|target_mode=rr|time_exit=15:55|touch_tolerance=5,or_retest,long,114,1266.2399999999998,11.10736842105263,93.66,0.543859649122807,1.2820334634094182,-948.2400000000004,0.12374021235073866,0.03892575484305507,68,737.8799999999997,10.85117647058823,0.5441176470588235,46,528.3599999999996,11.48608695652173,0.5434782608695652,93.66,0.07396702047005307,1152,True,True,True,False,False,False
full_history,or_retest_slip_shape|long|buffer_points=0|confirm_pattern=break_prev|end=11:00|max_risk_points=120|max_stop=120|min_reward_points=8|or_class=normal|rr=2|start=10:10|stop_mode=fixed|stop_points=30|target_mode=rr|time_exit=15:55|touch_tolerance=5,or_retest,long,83,1262.7799999999995,15.214216867469874,-66.34,0.4578313253012048,1.4229993635480513,-483.40000000000026,0.16975880549823838,0.04556644187021316,49,458.3399999999998,9.353877551020403,0.42857142857142855,34,804.4399999999998,23.659999999999997,0.5,113.66,0.09000776065506268,1152,True,True,True,False,False,False
full_history,or_retest_slip_shape|long|buffer_points=0|confirm_pattern=break_prev|end=11:00|max_risk_points=120|max_stop=120|min_reward_points=8|or_class=normal|rr=1.25|start=10:20|stop_mode=fixed|stop_points=60|target_mode=rr|time_exit=15:55|touch_tolerance=10,or_retest,long,84,1261.4399999999996,15.017142857142852,113.16,0.5357142857142857,1.256012469404902,-1443.4599999999991,0.11249858878511927,0.03037809095221552,50,1629.9999999999998,32.599999999999994,0.6,34,-368.5600000000002,-10.840000000000005,0.4411764705882353,143.66,0.11388571790969054,1152,True,False,True,False,False,False
full_history,or_retest_slip_shape|long|buffer_points=0|confirm_pattern=break_prev|end=11:30|max_risk_points=120|max_stop=120|min_reward_points=8|or_class=normal_tight|rr=1.5|start=10:20|stop_mode=fixed|stop_points=60|target_mode=rr|time_exit=12:00|touch_tolerance=10,or_retest,long,163,1255.5799999999988,7.702944785276066,1.16,0.50920245398773,1.1707064389819444,-1315.799999999997,0.06776483665112425,0.025490124603904835,97,1372.0199999999995,14.144536082474222,0.5154639175257731,66,-116.44000000000031,-1.764242424242429,0.5,173.66,0.1383105815638989,1152,True,False,True,False,False,False
full_history,or_retest_slip_shape|long|buffer_points=0|confirm_pattern=break_prev|end=10:45|max_risk_points=120|max_stop=120|min_reward_points=8|or_class=normal_tight|rr=1.5|start=10:00|stop_mode=fixed|stop_points=40|target_mode=rr|time_exit=12:00|touch_tolerance=10,or_retest,long,183,1252.7799999999986,6.845792349726769,-10.34,0.48633879781420764,1.162847590524323,-813.1400000000002,0.07245032293568536,0.028876172726121974,109,451.4399999999989,4.141651376146779,0.46788990825688076,74,801.3399999999991,10.828918918918907,0.5135135135135135,113.66,0.09072622487587614,1152,True,True,True,False,False,False
full_history,or_retest_slip_shape|long|buffer_points=0|confirm_pattern=break_prev|end=10:45|max_risk_points=120|max_stop=120|min_reward_points=8|or_class=normal|rr=1.5|start=10:00|stop_mode=fixed|stop_points=60|target_mode=rr|time_exit=12:00|touch_tolerance=10,or_retest,long,107,1252.1199999999997,11.702056074766352,-1.84,0.4953271028037383,1.2143358450904331,-1290.3199999999988,0.0889664757286722,0.02711390289169113,64,1336.2399999999998,20.878749999999997,0.53125,43,-84.12000000000026,-1.956279069767448,0.4418604651162791,173.66,0.13869277705012303,1152,True,False,True,False,False,False
full_history,or_retest_slip_shape|long|buffer_points=0|confirm_pattern=break_prev|end=11:30|max_risk_points=120|max_stop=120|min_reward_points=8|or_class=normal|rr=1.5|start=10:20|stop_mode=fixed|stop_points=40|target_mode=rr|time_exit=15:55|touch_tolerance=5,or_retest,long,81,1251.4599999999994,15.450123456790115,42.66,0.5185185185185185,1.37165529243361,-636.0799999999991,0.1553936754441195,0.041204970622514395,48,784.6799999999996,16.347499999999993,0.5208333333333334,33,466.77999999999986,14.144848484848481,0.5151515151515151,113.66,0.09082191999744303,1152,True,True,True,False,False,False
full_history,or_retest_slip_shape|long|buffer_points=0|confirm_pattern=break_prev|end=10:45|max_risk_points=120|max_stop=120|min_reward_points=8|or_class=normal|rr=2|start=10:20|stop_mode=fixed|stop_points=60|target_mode=rr|time_exit=15:55|touch_tolerance=5,or_retest,long,62,1250.42,20.168064516129032,-126.34,0.43548387096774194,1.297478231907503,-1175.0999999999992,0.12071971848630947,0.02800578943662277,37,1878.9200000000003,50.78162162162163,0.5135135135135135,25,-628.5,-25.14,0.32,233.66,0.1868652132883351,1152,False,False,True,False,False,False
full_history,or_retest_slip_shape|long|buffer_points=0|confirm_pattern=break_prev|end=11:00|max_risk_points=120|max_stop=120|min_reward_points=8|or_class=normal|rr=2.5|start=10:20|stop_mode=fixed|stop_points=40|target_mode=rr|time_exit=12:00|touch_tolerance=10,or_retest,long,84,1246.9399999999998,14.844523809523807,-37.84,0.4523809523809524,1.344826251196026,-807.2399999999996,0.13110569776656444,0.035402584637872284,50,907.4999999999997,18.14999999999999,0.44,34,339.44,9.983529411764707,0.47058823529411764,193.66,0.15530819446003818,1152,True,False,True,False,False,False
full_history,or_retest_slip_filter|long|buffer_points=0|confirm_pattern=break_prev|end=11:00|max_risk_points=120|max_signal_rsi=65|max_stop=120|min_reward_points=8|or_class=normal|rr=1.5|start=10:00|stop_mode=fixed|stop_points=40|target_mode=rr|time_exit=15:55|touch_tolerance=5,or_retest,long,67,1245.7199999999996,18.592835820895516,113.66,0.5373134328358209,1.4654217758748227,-490.72000000000014,0.18752110371149658,0.04522320234157282,40,860.8999999999997,21.522499999999994,0.55,27,384.8199999999998,14.252592592592586,0.5185185185185185,113.66,0.09124040715409565,1152,False,True,True,False,False,False
full_history,or_retest_slip_filter|long|buffer_points=0|confirm_pattern=break_prev|end=11:00|max_risk_points=120|max_signal_volume_ratio=2.25|max_stop=120|min_reward_points=8|or_class=normal|rr=1.25|start=10:10|stop_mode=fixed|stop_points=40|target_mode=rr|time_exit=15:55|touch_tolerance=5,or_retest,long,76,1243.16,16.357368421052634,93.66,0.5789473684210527,1.4499507760018528,-417.06000000000006,0.18452687181896132,0.04739583469020278,45,563.6999999999998,12.526666666666662,0.5555555555555556,31,679.4599999999998,21.918064516129025,0.6129032258064516,93.66,0.07534026191318896,1152,False,True,True,False,False,False
full_history,or_retest_slip_shape|long|buffer_points=0|confirm_pattern=break_prev|end=11:00|max_risk_points=120|max_stop=120|min_reward_points=8|or_class=normal_tight|rr=2|start=10:20|stop_mode=fixed|stop_points=30|target_mode=rr|time_exit=15:55|touch_tolerance=10,or_retest,long,143,1242.3799999999992,8.687972027972023,-66.34,0.4195804195804196,1.2256321033304147,-616.08,0.09789115412829207,0.03448936734918494,85,770.0999999999991,9.05999999999999,0.4235294117647059,58,472.27999999999975,8.142758620689651,0.41379310344827586,113.66,0.09148569680774003,1152,True,True,True,False,False,False
full_history,or_retest_slip_shape|long|buffer_points=0|confirm_pattern=break_prev|end=10:45|max_risk_points=120|max_stop=120|min_reward_points=8|or_class=normal|rr=1.5|start=10:00|stop_mode=fixed|stop_points=40|target_mode=rr|time_exit=15:55|touch_tolerance=5,or_retest,long,96,1240.3599999999992,12.920416666666659,-21.840000000000003,0.5,1.2992915604972586,-636.0799999999998,0.12915058100018662,0.037282561353227155,57,1007.6199999999998,17.67754385964912,0.5263157894736842,39,232.73999999999987,5.967692307692304,0.46153846153846156,113.66,0.09163468670386023,1152,True,False,True,False,False,False
full_history,or_retest_slip_shape|long|buffer_points=0|confirm_pattern=break_prev|end=11:00|max_risk_points=120|max_stop=120|min_reward_points=8|or_class=normal_tight|rr=2|start=10:20|stop_mode=fixed|stop_points=40|target_mode=rr|time_exit=12:00|touch_tolerance=10,or_retest,long,143,1239.3799999999997,8.666993006993005,-30.34,0.46153846153846156,1.2060420469545379,-992.9600000000003,0.08467141923953761,0.029831742286969897,85,874.0999999999992,10.283529411764697,0.4588235294117647,58,365.27999999999975,6.297931034482755,0.46551724137931033,153.66,0.12398134551146545,1152,True,True,True,False,False,False
full_history,or_retest_slip_shape|long|buffer_points=0|confirm_pattern=break_prev|end=11:30|max_risk_points=120|max_stop=120|min_reward_points=8|or_class=normal|rr=1.5|start=10:00|stop_mode=fixed|stop_points=60|target_mode=rr|time_exit=15:55|touch_tolerance=5,or_retest,long,109,1238.9399999999996,11.36642201834862,-126.34,0.47706422018348627,1.1732206622131371,-1482.5199999999995,0.07756806828522406,0.023859975069904907,65,1742.8999999999999,26.813846153846153,0.5230769230769231,44,-503.96000000000026,-11.45363636363637,0.4090909090909091,173.66,0.14016820830710128,1152,True,False,True,False,False,False
full_history,or_retest_slip_shape|long|buffer_points=0|confirm_pattern=break_prev|end=10:45|max_risk_points=120|max_stop=120|min_reward_points=8|or_class=normal_tight|rr=2|start=10:00|stop_mode=fixed|stop_points=40|target_mode=rr|time_exit=12:00|touch_tolerance=10,or_retest,long,183,1237.7799999999984,6.763825136612013,-86.34,0.44808743169398907,1.1500823295753535,-948.1000000000004,0.06430850638836293,0.025631128516538745,109,465.93999999999903,4.27467889908256,0.44036697247706424,74,771.8399999999989,10.430270270270256,0.4594594594594595,153.66,0.12414160836336037,1152,True,True,True,False,False,False
full_history,or_retest_slip_shape|long|buffer_points=0|confirm_pattern=break_prev|end=11:00|max_risk_points=120|max_stop=120|min_reward_points=8|or_class=normal_tight|rr=2|start=10:20|stop_mode=fixed|stop_points=60|target_mode=rr|time_exit=12:00|touch_tolerance=5,or_retest,long,131,1236.4599999999994,9.438625954198468,8.16,0.5267175572519084,1.2067631202258158,-985.5799999999971,0.07968276473219016,0.026870379647939167,78,1348.4799999999998,17.288205128205124,0.5384615384615384,53,-112.02000000000024,-2.1135849056603817,0.5094339622641509,233.66,0.18897497695032603,1152,True,False,True,False,False,False
full_history,or_retest_slip_shape|long|buffer_points=0|confirm_pattern=break_prev|end=11:00|max_risk_points=120|max_stop=120|min_reward_points=8|or_class=normal|rr=2|start=10:10|stop_mode=fixed|stop_points=30|target_mode=rr|time_exit=12:00|touch_tolerance=10,or_retest,long,92,1233.7199999999998,13.409999999999998,-48.84,0.44565217391304346,1.3939910709153263,-421.4000000000001,0.15564641711511587,0.04398522339857801,55,647.2999999999995,11.7690909090909,0.41818181818181815,37,586.4199999999997,15.849189189189183,0.4864864864864865,113.66,0.09212787342346725,1152,True,True,True,False,False,False
full_history,or_retest_slip_shape|long|buffer_points=0|confirm_pattern=break_prev|end=11:00|max_risk_points=120|max_stop=120|min_reward_points=8|or_class=normal|rr=2|start=10:00|stop_mode=fixed|stop_points=60|target_mode=rr|time_exit=12:00|touch_tolerance=5,or_retest,long,104,1227.1399999999992,11.79942307692307,-5.59,0.49038461538461536,1.214872299519175,-1012.9999999999989,0.08639539296405421,0.025958584941313187,62,1331.92,21.482580645161292,0.5,42,-104.78000000000037,-2.4947619047619134,0.47619047619047616,233.66,0.19041022214254294,1152,True,False,True,False,False,False
full_history,or_retest_slip_filter|long|buffer_points=0|confirm_pattern=break_prev|end=11:00|max_risk_points=120|max_signal_ema_slope=10|max_stop=120|min_reward_points=8|or_class=normal|rr=1.25|start=10:00|stop_mode=fixed|stop_points=40|target_mode=rr|time_exit=15:55|touch_tolerance=5,or_retest,long,54,1226.6399999999999,22.715555555555554,93.66,0.6111111111111112,1.676528012177769,-345.3600000000001,0.25788611977840475,0.055833982752873774,32,966.1199999999999,30.191249999999997,0.65625,22,260.5199999999999,11.841818181818178,0.5454545454545454,93.66,0.07635492075914695,1152,False,False,True,True,False,False
full_history,or_retest_slip_filter|long|buffer_points=0|confirm_pattern=break_prev|end=11:00|max_risk_points=120|max_signal_volume_ratio=2.5|max_stop=120|min_reward_points=8|or_class=normal|rr=1.5|start=10:10|stop_mode=fixed|stop_points=40|target_mode=rr|time_exit=15:55|touch_tolerance=5,or_retest,long,79,1224.14,15.495443037974685,42.66,0.5189873417721519,1.3731087621764622,-663.4000000000001,0.15587330805777724,0.04081868960450268,47,471.01999999999964,10.021702127659568,0.48936170212765956,32,753.1199999999999,23.534999999999997,0.5625,113.66,0.09284885715686113,1152,False,True,True,False,False,False
full_history,or_retest_slip_shape|long|buffer_points=0|confirm_pattern=break_prev|end=10:45|max_risk_points=120|max_stop=120|min_reward_points=8|or_class=normal_tight|rr=2.5|start=10:00|stop_mode=fixed|stop_points=60|target_mode=rr|time_exit=12:00|touch_tolerance=5,or_retest,long,168,1222.879999999999,7.2790476190476125,8.66,0.5059523809523809,1.14324939789521,-1320.4400000000003,0.05739195300440141,0.021916914077001477,100,839.4999999999995,8.394999999999996,0.49,68,383.3799999999996,5.637941176470583,0.5294117647058824,293.66,0.240138034803088,1152,True,True,True,False,False,False
full_history,or_retest_slip_filter|long|buffer_points=0|confirm_pattern=break_prev|end=11:00|max_risk_points=120|max_stop=120|min_reward_points=8|min_signal_rsi=55|or_class=normal_tight|rr=1.5|start=10:00|stop_mode=fixed|stop_points=40|target_mode=rr|time_exit=15:55|touch_tolerance=5,or_retest,long,114,1221.7399999999993,10.717017543859644,-86.34,0.49122807017543857,1.2439713082999844,-1108.2400000000005,0.10759406077787126,0.03384655604547444,68,457.87999999999965,6.7335294117647,0.47058823529411764,46,763.8599999999996,16.605652173913032,0.5217391304347826,113.66,0.09303125051156552,1152,True,True,True,False,False,False
full_history,or_retest_slip_filter|long|buffer_points=0|confirm_pattern=break_prev|end=11:00|max_risk_points=120|max_signal_ema_slope=20|max_stop=120|min_reward_points=8|or_class=normal_tight|rr=1.25|start=10:10|stop_mode=fixed|stop_points=40|target_mode=rr|time_exit=15:55|touch_tolerance=5,or_retest,long,118,1216.8799999999997,10.312542372881353,93.66,0.5423728813559322,1.2610008665139538,-790.2000000000005,0.11526234563070406,0.036889453167943516,70,205.19999999999962,2.931428571428566,0.5,48,1011.6799999999996,21.076666666666657,0.6041666666666666,93.66,0.07696732627703637,1152,True,False,True,False,False,False
full_history,or_retest_slip_shape|long|buffer_points=0|confirm_pattern=break_prev|end=11:00|max_risk_points=120|max_stop=120|min_reward_points=8|or_class=normal|rr=2.5|start=10:10|stop_mode=fixed|stop_points=40|target_mode=rr|time_exit=15:55|touch_tolerance=5,or_retest,long,83,1213.2799999999995,14.617831325301198,-86.34,0.3855421686746988,1.2755362974469378,-756.0800000000004,0.11101084519362465,0.029797389358580412,49,904.3399999999998,18.455918367346936,0.3877551020408163,34,308.9399999999998,9.086470588235288,0.38235294117647056,193.66,0.15961690623763689,1152,True,False,True,False,False,False
full_history,or_retest_slip_shape|long|buffer_points=0|confirm_pattern=break_prev|end=11:30|max_risk_points=120|max_stop=120|min_reward_points=8|or_class=normal_tight|rr=2.5|start=10:10|stop_mode=fixed|stop_points=40|target_mode=rr|time_exit=12:00|touch_tolerance=5,or_retest,long,169,1211.5399999999993,7.1688757396449665,-30.34,0.44970414201183434,1.1722008863469027,-1503.1600000000005,0.06852601594937653,0.026246572389646734,101,527.1599999999994,5.219405940594053,0.42574257425742573,68,684.3799999999995,10.064411764705875,0.4852941176470588,193.66,0.159846146227116,1152,True,True,True,False,False,False
full_history,or_retest_slip_shape|long|buffer_points=0|confirm_pattern=break_prev|end=11:30|max_risk_points=120|max_stop=120|min_reward_points=8|or_class=normal|rr=2|start=10:10|stop_mode=fixed|stop_points=40|target_mode=rr|time_exit=15:55|touch_tolerance=10,or_retest,long,97,1211.0199999999995,12.484742268041233,-86.34,0.422680412371134,1.2504674211588733,-928.8200000000003,0.10645394953731456,0.03089024880823921,58,881.2799999999996,15.194482758620683,0.43103448275862066,39,329.73999999999984,8.45487179487179,0.41025641025641024,153.66,0.12688477481792212,1152,True,False,True,False,False,False
full_history,or_retest_slip_filter|long|buffer_points=0|confirm_pattern=break_prev|end=11:00|max_risk_points=120|max_signal_ema_slope=30|max_stop=120|min_reward_points=8|or_class=normal|rr=2|start=10:10|stop_mode=fixed|stop_points=40|target_mode=rr|time_exit=15:55|touch_tolerance=5,or_retest,long,72,1209.5199999999993,16.79888888888888,-86.34,0.4444444444444444,1.3502200602270094,-690.7200000000001,0.14273757441281543,0.03568439360320386,43,976.3799999999997,22.70651162790697,0.46511627906976744,29,233.14000000000013,8.03931034482759,0.41379310344827586,153.66,0.12704213241616516,1152,False,False,True,False,False,False
full_history,or_retest_slip_shape|long|buffer_points=0|confirm_pattern=break_prev|end=11:00|max_risk_points=120|max_stop=120|min_reward_points=8|or_class=normal|rr=2.5|start=10:10|stop_mode=fixed|stop_points=30|target_mode=rr|time_exit=12:00|touch_tolerance=5,or_retest,long,83,1208.7799999999995,14.563614457831319,-66.34,0.39759036144578314,1.3982800658978578,-601.4000000000001,0.15022832020756924,0.04032409393967495,49,393.3399999999997,8.027346938775503,0.3469387755102041,34,815.4399999999998,23.9835294117647,0.47058823529411764,143.66,0.11884710203676438,1152,True,False,True,False,False,False
full_history,or_retest_slip_shape|long|buffer_points=0|confirm_pattern=break_prev|end=11:00|max_risk_points=120|max_stop=120|min_reward_points=8|or_class=normal|rr=2|start=10:20|stop_mode=fixed|stop_points=30|target_mode=rr|time_exit=15:55|touch_tolerance=5,or_retest,long,73,1206.1799999999996,16.52301369863013,-66.34,0.4657534246575342,1.4661997634563197,-331.70000000000005,0.18411977704842605,0.046348494390085725,43,676.3799999999998,15.72976744186046,0.46511627906976744,30,529.7999999999997,17.65999999999999,0.4666666666666667,113.66,0.09423137508497906,1152,False,True,True,False,False,False
full_history,or_retest_slip_shape|long|buffer_points=0|confirm_pattern=break_prev|end=11:00|max_risk_points=120|max_stop=120|min_reward_points=8|or_class=normal|rr=2|start=10:10|stop_mode=fixed|stop_points=30|target_mode=rr|time_exit=15:55|touch_tolerance=10,or_retest,long,92,1205.7199999999993,13.105652173913036,-66.34,0.44565217391304346,1.3563697411433666,-483.40000000000026,0.1466049377468256,0.04143012770643786,55,600.2999999999994,10.914545454545443,0.43636363636363634,37,605.4199999999997,16.362702702702695,0.4594594594594595,113.66,0.09426732574727138,1152,True,True,True,False,False,False
full_history,or_retest_slip_filter|long|buffer_points=0|confirm_pattern=break_prev|end=11:00|max_close_vwap_delta=35|max_risk_points=120|max_stop=120|min_reward_points=8|or_class=normal|rr=1.25|start=10:00|stop_mode=fixed|stop_points=40|target_mode=rr|time_exit=15:55|touch_tolerance=5,or_retest,long,64,1204.2399999999998,18.816249999999997,93.66,0.59375,1.5364480319310057,-518.0400000000002,0.21336047954559278,0.05028954730796745,38,628.0799999999997,16.528421052631572,0.5789473684210527,26,576.16,22.16,0.6153846153846154,93.66,0.0777751943134259,1152,False,True,True,True,False,False
full_history,or_retest_slip_filter|long|buffer_points=0|confirm_pattern=break_prev|end=11:00|max_risk_points=120|max_stop=120|min_reward_points=8|or_class=normal_tight|prior_day_zombie=no|rr=1.25|start=10:10|stop_mode=fixed|stop_points=40|target_mode=rr|time_exit=15:55|touch_tolerance=5,or_retest,long,100,1201.9999999999995,12.019999999999996,93.66,0.55,1.309371219725632,-782.8800000000001,0.13408438828287242,0.03950499175252881,60,219.59999999999994,3.659999999999999,0.5,40,982.3999999999996,24.55999999999999,0.625,93.66,0.0779201331114809,1152,True,False,True,False,False,False
full_history,or_retest_slip_filter|long|buffer_points=0|confirm_pattern=break_prev|end=11:00|max_close_ema_delta=90|max_risk_points=120|max_stop=120|min_reward_points=8|or_class=normal|rr=2|start=10:10|stop_mode=fixed|stop_points=40|target_mode=rr|time_exit=15:55|touch_tolerance=5,or_retest,long,61,1199.2599999999995,19.659999999999993,-86.34,0.45901639344262296,1.4209081783786437,-690.7200000000001,0.1667997497959885,0.038382571959858336,36,620.7599999999998,17.243333333333325,0.4444444444444444,25,578.5,23.14,0.48,153.66,0.128129012891283,1152,False,True,True,False,False,False
full_history,or_retest_slip_filter|long|buffer_points=0|confirm_pattern=break_prev|end=11:00|max_risk_points=120|max_stop=120|min_reward_points=8|min_signal_rsi=50|or_class=normal_tight|rr=1.25|start=10:10|stop_mode=fixed|stop_points=40|target_mode=rr|time_exit=15:55|touch_tolerance=5,or_retest,long,112,1194.9199999999992,10.668928571428564,93.66,0.5446428571428571,1.2713667352509679,-847.2600000000002,0.11930273838789766,0.0371991643626197,67,284.2199999999997,4.242089552238801,0.5074626865671642,45,910.6999999999995,20.237777777777765,0.6,93.66,0.07838181635590673,1152,True,True,True,False,False,False
full_history,or_retest_slip_filter|long|buffer_points=0|confirm_pattern=break_prev|end=11:00|max_risk_points=120|max_signal_ema_slope=20|max_stop=120|min_reward_points=8|or_class=normal|rr=1.25|start=10:10|stop_mode=fixed|stop_points=40|target_mode=rr|time_exit=15:55|touch_tolerance=5,or_retest,long,62,1191.92,19.22451612903226,93.66,0.5967741935483871,1.5521982858466523,-424.38000000000017,0.21827721847625853,0.05063817159374063,37,534.4199999999997,14.443783783783777,0.5675675675675675,25,657.5,26.3,0.64,93.66,0.07857909926840727,1152,False,True,True,True,False,False
full_history,or_retest_slip_shape|long|buffer_points=0|confirm_pattern=break_prev|end=10:45|max_risk_points=120|max_stop=120|min_reward_points=8|or_class=normal_tight|rr=1.25|start=10:10|stop_mode=fixed|stop_points=40|target_mode=rr|time_exit=12:00|touch_tolerance=10,or_retest,long,150,1181.9999999999995,7.879999999999997,16.41,0.5333333333333333,1.2103464844375629,-661.4400000000002,0.09217942183436505,0.0332623837561342,90,231.39999999999932,2.5711111111111036,0.4888888888888889,60,950.5999999999997,15.843333333333328,0.6,93.66,0.07923857868020308,1152,True,False,True,False,False,False
full_history,or_retest_slip_filter|long|buffer_points=0|confirm_pattern=break_prev|end=11:00|max_risk_points=120|max_stop=120|min_reward_points=8|or_class=normal|rr=1.25|start=10:10|stop_mode=fixed|stop_points=40|target_mode=rr|time_exit=15:55|touch_tolerance=5,or_retest,long,83,1178.7799999999995,14.20216867469879,93.66,0.5662650602409639,1.379243559055928,-503.4000000000002,0.15963016171801514,0.04284772423620844,49,578.3399999999996,11.802857142857134,0.5510204081632653,34,600.4399999999998,17.659999999999997,0.5882352941176471,93.66,0.07945502977654867,1152,True,True,True,False,False,False
full_history,or_retest_slip_shape|long|buffer_points=0|confirm_pattern=break_prev|end=11:00|max_risk_points=120|max_stop=120|min_reward_points=8|or_class=normal|rr=1.25|start=10:10|stop_mode=fixed|stop_points=40|target_mode=rr|time_exit=15:55|touch_tolerance=5,or_retest,long,83,1178.7799999999995,14.20216867469879,93.66,0.5662650602409639,1.379243559055928,-503.4000000000002,0.15963016171801514,0.04284772423620844,49,578.3399999999996,11.802857142857134,0.5510204081632653,34,600.4399999999998,17.659999999999997,0.5882352941176471,93.66,0.07945502977654867,1152,True,True,True,False,False,False
full_history,or_retest_slip_shape|long|buffer_points=0|confirm_pattern=break_prev|end=11:30|max_risk_points=120|max_stop=120|min_reward_points=8|or_class=normal_tight|rr=1.25|start=10:10|stop_mode=fixed|stop_points=40|target_mode=rr|time_exit=12:00|touch_tolerance=5,or_retest,long,169,1178.539999999999,6.973609467455615,13.66,0.5325443786982249,1.1927968250540655,-1160.9000000000003,0.08375350889033967,0.032078948462452114,101,152.15999999999926,1.5065346534653392,0.49504950495049505,68,1026.3799999999997,15.09382352941176,0.5882352941176471,93.66,0.07947121014136141,1152,True,True,True,False,False,False
full_history,or_retest_slip_shape|long|buffer_points=0|confirm_pattern=break_prev|end=11:00|max_risk_points=120|max_stop=120|min_reward_points=8|or_class=normal|rr=2|start=10:10|stop_mode=fixed|stop_points=40|target_mode=rr|time_exit=12:00|touch_tolerance=5,or_retest,long,83,1177.2799999999995,14.184096385542162,-31.34,0.4457831325301205,1.3298035656256646,-659.9000000000001,0.12959472137656328,0.034785649680793264,49,614.3399999999998,12.53755102040816,0.40816326530612246,34,562.9399999999998,16.557058823529406,0.5,153.66,0.1305212014134276,1152,True,True,True,False,False,False
full_history,or_retest_slip_filter|long|buffer_points=0|confirm_pattern=break_prev|end=11:00|max_risk_points=120|max_stop=120|min_reward_points=8|min_signal_rsi=55|or_class=normal|rr=1.5|start=10:00|stop_mode=fixed|stop_points=40|target_mode=rr|time_exit=15:55|touch_tolerance=5,or_retest,long,62,1175.9200000000003,18.96645161290323,113.66,0.532258064516129,1.469642871406548,-404.3800000000001,0.1898053389898029,0.04403297509592902,37,934.4199999999997,25.254594594594586,0.5675675675675675,25,241.50000000000003,9.660000000000002,0.48,113.66,0.09665623511803521,1152,False,False,True,False,False,False
full_history,or_retest_slip_shape|long|buffer_points=0|confirm_pattern=break_prev|end=11:30|max_risk_points=120|max_stop=120|min_reward_points=8|or_class=normal|rr=2.5|start=10:00|stop_mode=fixed|stop_points=40|target_mode=rr|time_exit=12:00|touch_tolerance=10,or_retest,long,118,1175.8799999999997,9.96508474576271,-86.34,0.4152542372881356,1.210073854927056,-1280.1800000000007,0.08503770458397865,0.027216125123905602,70,760.1999999999996,10.859999999999994,0.4142857142857143,48,415.6799999999997,8.659999999999995,0.4166666666666667,193.66,0.16469367622546524,1152,True,True,True,False,False,False
full_history,or_retest_slip_filter|long|buffer_points=0|confirm_pattern=break_prev|end=11:00|max_close_vwap_delta=50|max_risk_points=120|max_stop=120|min_reward_points=8|or_class=normal|rr=1.25|start=10:00|stop_mode=fixed|stop_points=40|target_mode=rr|time_exit=15:55|touch_tolerance=5,or_retest,long,88,1171.0799999999995,13.307727272727266,93.66,0.5568181818181818,1.3477842518843206,-690.7200000000003,0.14856840106305333,0.04106213683576552,52,1219.3200000000002,23.44846153846154,0.6153846153846154,36,-48.240000000000066,-1.3400000000000019,0.4722222222222222,93.66,0.07997745670662981,1152,True,False,True,False,False,False
full_history,or_retest_slip_filter|long|buffer_points=0|confirm_pattern=break_prev|end=11:00|max_risk_points=120|max_stop=120|min_reward_points=8|or_class=normal_tight|prior_day_direction=down|rr=1.25|start=10:00|stop_mode=fixed|stop_points=40|target_mode=rr|time_exit=15:55|touch_tolerance=5,or_retest,long,74,1170.8399999999997,15.822162162162158,93.66,0.5675675675675675,1.4237751911049337,-503.4,0.17622640500706624,0.04466430721775588,44,341.03999999999985,7.750909090909087,0.5227272727272727,30,829.7999999999998,27.659999999999993,0.6333333333333333,93.66,0.0799938505688224,1152,False,False,True,False,False,False
full_history,or_retest_slip_filter|long|buffer_points=0|confirm_pattern=break_prev|end=11:00|max_risk_points=120|max_stop=120|min_reward_points=8|or_class=normal|prior_day_zombie=yes|rr=2|start=10:00|stop_mode=fixed|stop_points=40|target_mode=rr|time_exit=15:55|touch_tolerance=5,or_retest,long,38,1168.0799999999997,30.738947368421044,-21.840000000000003,0.5,1.7120441827292343,-747.7799999999991,0.25621638608358,0.04653422227573026,22,1349.5200000000004,61.341818181818205,0.6363636363636364,16,-181.44000000000005,-11.340000000000003,0.3125,153.66,0.13154920895829056,1152,False,False,True,True,False,False
full_history,or_retest_slip_shape|long|buffer_points=0|confirm_pattern=break_prev|end=11:00|max_risk_points=120|max_stop=120|min_reward_points=8|or_class=normal_tight|rr=2|start=10:10|stop_mode=fixed|stop_points=30|target_mode=rr|time_exit=12:00|touch_tolerance=5,or_retest,long,153,1164.9799999999989,7.614248366013064,-66.34,0.43137254901960786,1.2133827144212552,-877.5600000000004,0.09069916262981527,0.03305390338732521,91,-34.440000000000424,-0.3784615384615431,0.37362637362637363,62,1199.42,19.345483870967744,0.5161290322580645,113.66,0.09756390667650956,1152,True,False,True,False,False,False
full_history,or_retest_slip_shape|long|buffer_points=0|confirm_pattern=break_prev|end=11:30|max_risk_points=120|max_stop=120|min_reward_points=8|or_class=normal|rr=1.5|start=10:00|stop_mode=fixed|stop_points=40|target_mode=rr|time_exit=12:00|touch_tolerance=5,or_retest,long,109,1161.4399999999996,10.655412844036693,-9.34,0.4954128440366973,1.2611914453414885,-724.7600000000009,0.11146736379539963,0.0342874146547863,65,717.8999999999997,11.044615384615382,0.49230769230769234,44,443.53999999999974,10.08045454545454,0.5,113.66,0.09786127565780414,1152,True,True,True,False,False,False
full_history,or_retest_slip_shape|long|buffer_points=0|confirm_pattern=break_prev|end=10:45|max_risk_points=120|max_stop=120|min_reward_points=8|or_class=normal|rr=1.25|start=10:00|stop_mode=fixed|stop_points=40|target_mode=rr|time_exit=12:00|touch_tolerance=5,or_retest,long,96,1161.3599999999997,12.097499999999997,93.66,0.5416666666666666,1.3216208432106693,-597.0599999999998,0.13722228268733358,0.03961266092417348,57,1026.6200000000001,18.01087719298246,0.5614035087719298,39,134.7399999999999,3.454871794871792,0.5128205128205128,93.66,0.08064682785699527,1152,True,False,True,False,False,False
full_history,or_retest_slip_shape|long|buffer_points=0|confirm_pattern=break_prev|end=11:30|max_risk_points=120|max_stop=120|min_reward_points=8|or_class=normal|rr=2|start=10:10|stop_mode=fixed|stop_points=30|target_mode=rr|time_exit=15:55|touch_tolerance=5,or_retest,long,90,1158.3999999999996,12.871111111111107,-66.34,0.4444444444444444,1.349231233041905,-549.7400000000002,0.1440263381883388,0.04025658534243744,54,486.63999999999965,9.011851851851846,0.42592592592592593,36,671.7599999999998,18.659999999999993,0.4722222222222222,113.66,0.09811809392265196,1152,True,True,True,False,False,False
full_history,or_retest_slip_shape|long|buffer_points=0|confirm_pattern=break_prev|end=10:45|max_risk_points=120|max_stop=120|min_reward_points=8|or_class=normal_tight|rr=1.5|start=10:00|stop_mode=fixed|stop_points=40|target_mode=rr|time_exit=12:00|touch_tolerance=5,or_retest,long,168,1158.379999999999,6.895119047619041,-9.84,0.4880952380952381,1.1654299195685949,-845.3800000000002,0.07329944755853242,0.027991688902951742,100,438.9999999999991,4.389999999999991,0.47,68,719.3799999999997,10.579117647058819,0.5147058823529411,113.66,0.09811978797976492,1152,True,True,True,False,False,False
full_history,or_retest_slip_shape|long|buffer_points=0|confirm_pattern=break_prev|end=11:00|max_risk_points=120|max_stop=120|min_reward_points=8|or_class=normal_tight|rr=2|start=10:10|stop_mode=fixed|stop_points=30|target_mode=rr|time_exit=15:55|touch_tolerance=10,or_retest,long,166,1156.5599999999995,6.9672289156626475,-66.34,0.40963855421686746,1.1778961810832256,-948.2400000000004,0.07877806781429911,0.029904264763145727,99,-158.66000000000045,-1.6026262626262673,0.36363636363636365,67,1315.22,19.630149253731343,0.47761194029850745,113.66,0.09827419243273158,1152,True,False,True,False,False,False
full_history,or_retest_slip_shape|long|buffer_points=0|confirm_pattern=break_prev|end=11:00|max_risk_points=120|max_stop=120|min_reward_points=8|or_class=normal|rr=1.5|start=10:20|stop_mode=fixed|stop_points=40|target_mode=rr|time_exit=12:00|touch_tolerance=5,or_retest,long,73,1154.6799999999998,15.81753424657534,11.66,0.5205479452054794,1.4205105794093005,-520.8999999999993,0.1671809748027028,0.042084487592737786,43,726.3799999999998,16.892558139534877,0.4883720930232558,30,428.2999999999997,14.276666666666658,0.5666666666666667,113.66,0.09843419821942011,1152,False,True,True,False,False,False
full_history,or_retest_slip_shape|long|buffer_points=0|confirm_pattern=break_prev|end=11:30|max_risk_points=120|max_stop=120|min_reward_points=8|or_class=normal_tight|rr=2|start=10:10|stop_mode=fixed|stop_points=60|target_mode=rr|time_exit=15:55|touch_tolerance=10,or_retest,long,182,1153.6199999999988,6.338571428571422,-126.34,0.4230769230769231,1.0903581051444327,-2021.16,0.04018377424582084,0.015972032297490484,109,1056.9399999999991,9.696697247706414,0.42201834862385323,73,96.67999999999952,1.324383561643829,0.4246575342465753,233.66,0.20254503215963685,1152,True,False,True,False,False,False
full_history,or_retest_slip_shape|long|buffer_points=0|confirm_pattern=break_prev|end=10:45|max_risk_points=120|max_stop=120|min_reward_points=8|or_class=normal_tight|rr=1.25|start=10:10|stop_mode=fixed|stop_points=60|target_mode=rr|time_exit=12:00|touch_tolerance=10,or_retest,long,150,1153.4999999999986,7.689999999999991,12.66,0.5333333333333333,1.1648964304604517,-878.7600000000009,0.06851858422461081,0.02472451440410694,90,848.3999999999994,9.42666666666666,0.5222222222222223,60,305.09999999999957,5.084999999999993,0.55,143.66,0.12454269614217613,1152,True,False,True,False,False,False
full_history,or_retest_slip_shape|long|buffer_points=0|confirm_pattern=break_prev|end=11:30|max_risk_points=120|max_stop=120|min_reward_points=8|or_class=normal|rr=2|start=10:20|stop_mode=fixed|stop_points=40|target_mode=rr|time_exit=15:55|touch_tolerance=5,or_retest,long,81,1152.4599999999994,14.227901234567893,-86.34,0.43209876543209874,1.290172321761287,-882.4200000000003,0.12117566969648542,0.03213155165895228,48,784.6799999999995,16.34749999999999,0.4375,33,367.77999999999986,11.144848484848481,0.42424242424242425,153.66,0.13333217638790074,1152,True,True,True,False,False,False
full_history,or_retest_slip_shape|long|buffer_points=0|confirm_pattern=break_prev|end=11:30|max_risk_points=120|max_stop=120|min_reward_points=8|or_class=normal_tight|rr=1.25|start=10:20|stop_mode=fixed|stop_points=60|target_mode=rr|time_exit=12:00|touch_tolerance=10,or_retest,long,163,1151.0799999999988,7.061840490797539,8.16,0.5214723926380368,1.1592524647137108,-1175.7199999999993,0.06505919524909182,0.024472382366491116,97,1111.0199999999995,11.453814432989686,0.5257731958762887,66,40.05999999999966,0.6069696969696918,0.5151515151515151,143.66,0.12480453139660158,1152,True,False,True,False,False,False
full_history,or_retest_slip_shape|long|buffer_points=0|confirm_pattern=break_prev|end=11:00|max_risk_points=120|max_stop=120|min_reward_points=8|or_class=normal|rr=1.5|start=10:20|stop_mode=fixed|stop_points=40|target_mode=rr|time_exit=12:00|touch_tolerance=10,or_retest,long,84,1149.9399999999998,13.689761904761903,9.91,0.5119047619047619,1.3569091913567597,-607.2399999999994,0.14515710866468512,0.03919689924110154,50,866.9999999999998,17.339999999999996,0.5,34,282.93999999999994,8.321764705882352,0.5294117647058824,113.66,0.09883993947510306,1152,True,False,True,False,False,False
full_history,or_retest_slip_filter|long|buffer_points=0|confirm_pattern=break_prev|end=11:00|max_risk_points=120|max_stop=120|min_reward_points=8|or_class=normal_tight|prior_day_direction=up|rr=1.25|start=10:00|stop_mode=fixed|stop_points=40|target_mode=rr|time_exit=15:55|touch_tolerance=5,or_retest,long,105,1143.2999999999993,10.88857142857142,93.66,0.5428571428571428,1.2758715543201293,-575.1000000000004,0.12126989461635786,0.036611827726173586,63,809.5799999999994,12.850476190476181,0.5555555555555556,42,333.7199999999998,7.945714285714281,0.5238095238095238,93.66,0.08192075570716352,1152,True,True,True,False,False,False
full_history,or_retest_slip_shape|long|buffer_points=0|confirm_pattern=break_prev|end=11:00|max_risk_points=120|max_stop=120|min_reward_points=8|or_class=normal|rr=2.5|start=10:10|stop_mode=fixed|stop_points=30|target_mode=rr|time_exit=15:55|touch_tolerance=10,or_retest,long,92,1136.7199999999991,12.355652173913034,-66.34,0.3804347826086957,1.3006098302736033,-663.4000000000002,0.12170974610610769,0.03439481917725075,55,450.2999999999995,8.187272727272719,0.36363636363636365,37,686.4199999999997,18.551891891891884,0.40540540540540543,143.66,0.1263811668660709,1152,True,True,True,False,False,False
full_history,or_retest_slip_shape|long|buffer_points=0|confirm_pattern=break_prev|end=11:30|max_risk_points=120|max_stop=120|min_reward_points=8|or_class=normal_tight|rr=1.5|start=10:20|stop_mode=fixed|stop_points=60|target_mode=rr|time_exit=12:00|touch_tolerance=5,or_retest,long,151,1132.659999999999,7.501059602649,1.66,0.5165562913907285,1.1699078352074301,-1064.4800000000002,0.06695903876112726,0.02424216732831967,90,1376.3999999999996,15.29333333333333,0.5333333333333333,61,-243.74000000000038,-3.995737704918039,0.4918032786885246,173.66,0.1533205021807075,1152,True,False,True,False,False,False
full_history,or_retest_slip_shape|long|buffer_points=0|confirm_pattern=break_prev|end=11:00|max_risk_points=120|max_stop=120|min_reward_points=8|or_class=normal|rr=2|start=10:00|stop_mode=fixed|stop_points=30|target_mode=rr|time_exit=15:55|touch_tolerance=5,or_retest,long,104,1129.6399999999994,10.861923076923071,-66.34,0.4326923076923077,1.2886108031047039,-483.4000000000003,0.12191237355862922,0.036630109498263154,62,675.9199999999997,10.901935483870963,0.43548387096774194,42,453.7199999999998,10.802857142857139,0.42857142857142855,113.66,0.10061612549130701,1152,True,True,True,False,False,False
full_history,or_retest_slip_shape|long|buffer_points=0|confirm_pattern=break_prev|end=10:45|max_risk_points=120|max_stop=120|min_reward_points=8|or_class=normal|rr=1.5|start=10:00|stop_mode=fixed|stop_points=60|target_mode=rr|time_exit=15:55|touch_tolerance=10,or_retest,long,107,1128.6199999999994,10.547850467289715,-126.34,0.4766355140186916,1.1606338705728971,-1838.1599999999987,0.07220420161351955,0.022005341842378002,64,1767.2399999999996,27.613124999999993,0.53125,43,-638.6200000000002,-14.85162790697675,0.3953488372093023,173.66,0.15386932714288254,1152,True,False,True,False,False,False
full_history,or_retest_slip_shape|long|buffer_points=0|confirm_pattern=break_prev|end=11:00|max_risk_points=120|max_stop=120|min_reward_points=8|or_class=normal|rr=1.25|start=10:10|stop_mode=fixed|stop_points=40|target_mode=rr|time_exit=15:55|touch_tolerance=10,or_retest,long,92,1121.7199999999993,12.192608695652167,93.66,0.5543478260869565,1.3168754272671286,-503.4000000000003,0.13664648549767164,0.03861589815331461,55,780.2999999999994,14.187272727272717,0.5636363636363636,37,341.41999999999985,9.227567567567563,0.5405405405405406,93.66,0.08349677281317981,1152,True,True,True,False,False,False
full_history,or_retest_slip_shape|long|buffer_points=0|confirm_pattern=break_prev|end=10:45|max_risk_points=120|max_stop=120|min_reward_points=8|or_class=normal|rr=1.5|start=10:00|stop_mode=fixed|stop_points=60|target_mode=rr|time_exit=15:55|touch_tolerance=5,or_retest,long,96,1120.3599999999992,11.670416666666659,-126.34,0.4791666666666667,1.1787428206764514,-1460.0599999999981,0.07965249923437939,0.022993695937297703,57,1253.62,21.993333333333332,0.5087719298245614,39,-133.26000000000016,-3.416923076923081,0.4358974358974359,173.66,0.15500374879503026,1152,True,False,True,False,False,False
full_history,or_retest_slip_filter|long|buffer_points=0|confirm_pattern=break_prev|end=11:00|max_close_vwap_delta=35|max_risk_points=120|max_stop=120|min_reward_points=8|or_class=normal_tight|rr=1.5|start=10:10|stop_mode=fixed|stop_points=40|target_mode=rr|time_exit=15:55|touch_tolerance=5,or_retest,long,105,1119.7999999999993,10.664761904761898,-86.34,0.49523809523809526,1.244710468922775,-739.9400000000003,0.10760373319730833,0.03248596327205514,63,289.57999999999976,4.596507936507932,0.4603174603174603,42,830.2199999999997,19.76714285714285,0.5476190476190477,113.66,0.1015002679049831,1152,True,True,True,False,False,False
full_history,or_retest_slip_shape|long|buffer_points=0|confirm_pattern=break_prev|end=11:00|max_risk_points=120|max_stop=120|min_reward_points=8|or_class=normal|rr=2|start=10:00|stop_mode=fixed|stop_points=60|target_mode=rr|time_exit=12:00|touch_tolerance=10,or_retest,long,114,1118.2399999999998,9.809122807017541,-9.84,0.4824561403508772,1.1750652831441109,-1399.6599999999987,0.07162309706702072,0.022530938524888855,68,1553.88,22.851176470588236,0.5147058823529411,46,-435.64000000000027,-9.470434782608702,0.43478260869565216,233.66,0.20895335527257122,1152,True,False,True,False,False,False
full_history,or_retest_slip_shape|long|buffer_points=0|confirm_pattern=break_prev|end=10:45|max_risk_points=120|max_stop=120|min_reward_points=8|or_class=normal|rr=2.5|start=10:00|stop_mode=fixed|stop_points=40|target_mode=rr|time_exit=12:00|touch_tolerance=5,or_retest,long,96,1117.8599999999994,11.644374999999995,-86.34,0.40625,1.2450705707483256,-1067.9000000000008,0.09706890071294254,0.028021377978279215,57,900.6199999999999,15.800350877192981,0.42105263157894735,39,217.23999999999992,5.570256410256408,0.38461538461538464,193.66,0.17324172973359822,1152,True,False,True,False,False,False
full_history,or_retest_slip_shape|long|buffer_points=0|confirm_pattern=break_prev|end=11:00|max_risk_points=120|max_stop=120|min_reward_points=8|or_class=normal|rr=2.5|start=10:10|stop_mode=fixed|stop_points=30|target_mode=rr|time_exit=12:00|touch_tolerance=10,or_retest,long,92,1117.7199999999993,12.149130434782602,-66.34,0.391304347826087,1.3255773308787542,-601.4000000000001,0.12624728667415,0.03567711490409578,55,501.29999999999984,9.114545454545452,0.36363636363636365,37,616.4199999999997,16.659999999999993,0.43243243243243246,143.66,0.12852950649536563,1152,True,True,True,False,False,False
full_history,or_retest_slip_shape|long|buffer_points=0|confirm_pattern=break_prev|end=11:30|max_risk_points=120|max_stop=120|min_reward_points=8|or_class=normal_tight|rr=1.25|start=10:20|stop_mode=fixed|stop_points=60|target_mode=rr|time_exit=12:00|touch_tolerance=5,or_retest,long,151,1117.659999999999,7.401721854304629,10.66,0.5298013245033113,1.1709184999862363,-894.4800000000001,0.06900817334265655,0.02498404571132475,90,1163.3999999999999,12.926666666666666,0.5444444444444444,61,-45.74000000000035,-0.7498360655737762,0.5081967213114754,143.66,0.12853640642055736,1152,True,False,True,False,False,False
full_history,or_retest_slip_shape|long|buffer_points=0|confirm_pattern=break_prev|end=11:00|max_risk_points=120|max_stop=120|min_reward_points=8|or_class=normal_tight|rr=2|start=10:20|stop_mode=fixed|stop_points=30|target_mode=rr|time_exit=12:00|touch_tolerance=5,or_retest,long,131,1116.4599999999991,8.522595419847322,-66.34,0.44274809160305345,1.2434061070632807,-525.7800000000004,0.10189459416140424,0.034360585233101794,78,569.9799999999993,7.307435897435889,0.4230769230769231,53,546.4799999999996,10.310943396226406,0.4716981132075472,113.66,0.10180391594862341,1152,True,True,True,False,False,False
full_history,or_retest_slip_shape|long|buffer_points=0|confirm_pattern=break_prev|end=10:45|max_risk_points=120|max_stop=120|min_reward_points=8|or_class=normal_tight|rr=1.5|start=10:10|stop_mode=fixed|stop_points=60|target_mode=rr|time_exit=12:00|touch_tolerance=5,or_retest,long,136,1115.2599999999995,8.200441176470585,4.66,0.5147058823529411,1.1683807809838993,-914.9200000000001,0.06854596281144558,0.023551853740104187,81,994.4599999999995,12.277283950617278,0.5061728395061729,55,120.79999999999978,2.1963636363636323,0.5272727272727272,173.66,0.15571256926635949,1152,True,False,True,False,False,False
full_history,or_retest_slip_shape|long|buffer_points=0|confirm_pattern=break_prev|end=10:45|max_risk_points=120|max_stop=120|min_reward_points=8|or_class=normal|rr=1.25|start=10:00|stop_mode=fixed|stop_points=60|target_mode=rr|time_exit=12:00|touch_tolerance=10,or_retest,long,107,1114.62,10.41700934579439,11.66,0.5233644859813084,1.2020395733789628,-1055.56,0.08563726087752994,0.026099273420981912,64,1137.2399999999998,17.769374999999997,0.546875,43,-22.620000000000147,-0.5260465116279104,0.4883720930232558,143.66,0.1288869749331611,1152,True,False,True,False,False,False
full_history,or_retest_slip_filter|long|buffer_points=0|confirm_pattern=break_prev|end=11:00|max_close_ema_delta=50|max_risk_points=120|max_stop=120|min_reward_points=8|or_class=normal_tight|rr=1.5|start=10:00|stop_mode=fixed|stop_points=40|target_mode=rr|time_exit=15:55|touch_tolerance=5,or_retest,long,106,1112.4599999999991,10.49490566037735,-86.34,0.49056603773584906,1.238604483566262,-577.0600000000001,0.10539975794193598,0.03197174250503588,63,289.5799999999996,4.59650793650793,0.4603174603174603,43,822.8799999999997,19.136744186046503,0.5348837209302325,113.66,0.10216996566168679,1152,True,True,True,False,False,False
full_history,or_retest_slip_shape|long|buffer_points=0|confirm_pattern=break_prev|end=11:00|max_risk_points=120|max_stop=120|min_reward_points=8|or_class=normal|rr=1.25|start=10:10|stop_mode=fixed|stop_points=60|target_mode=rr|time_exit=15:55|touch_tolerance=10,or_retest,long,92,1109.219999999999,12.05673913043477,66.91,0.5217391304347826,1.2013118062563064,-1156.1399999999992,0.09046998497012876,0.025566553818158193,55,1316.8,23.94181818181818,0.5636363636363636,37,-207.58000000000013,-5.610270270270274,0.4594594594594595,143.66,0.12951443356592934,1152,True,False,True,False,False,False
full_history,or_retest_slip_shape|long|buffer_points=0|confirm_pattern=break_prev|end=11:00|max_risk_points=120|max_stop=120|min_reward_points=8|or_class=normal|rr=1.5|start=10:10|stop_mode=fixed|stop_points=40|target_mode=rr|time_exit=12:00|touch_tolerance=5,or_retest,long,83,1108.2799999999993,13.352771084337341,8.16,0.5060240963855421,1.3476476972590445,-581.4000000000001,0.1413769509516078,0.03794822070299773,49,425.3399999999996,8.680408163265298,0.4489795918367347,34,682.9399999999998,20.08647058823529,0.5882352941176471,113.66,0.10255531093225545,1152,True,False,True,False,False,False
full_history,or_retest_slip_shape|long|buffer_points=0|confirm_pattern=break_prev|end=11:00|max_risk_points=120|max_stop=120|min_reward_points=8|or_class=normal|rr=1.5|start=10:00|stop_mode=fixed|stop_points=60|target_mode=rr|time_exit=15:55|touch_tolerance=10,or_retest,long,114,1105.2399999999993,9.69508771929824,-126.34,0.47368421052631576,1.146750936080941,-1703.4999999999989,0.06644800978961236,0.02090297801936764,68,1861.88,27.38058823529412,0.5294117647058824,46,-756.6400000000003,-16.44869565217392,0.391304347826087,173.66,0.15712424450798027,1152,True,False,True,False,False,False
full_history,or_retest_slip_filter|long|buffer_points=0|confirm_pattern=break_prev|end=11:00|max_close_ema_delta=90|max_risk_points=120|max_stop=120|min_reward_points=8|or_class=normal_tight|rr=2|start=10:10|stop_mode=fixed|stop_points=40|target_mode=rr|time_exit=15:55|touch_tolerance=5,or_retest,long,113,1104.08,9.770619469026547,-86.34,0.415929203539823,1.196597541996531,-882.4200000000001,0.08503567300645691,0.026632634896676496,67,280.2199999999997,4.182388059701488,0.3880597014925373,46,823.8599999999996,17.90999999999999,0.45652173913043476,153.66,0.13917469748568945,1152,True,True,True,False,False,False
full_history,or_retest_slip_shape|long|buffer_points=0|confirm_pattern=break_prev|end=11:30|max_risk_points=120|max_stop=120|min_reward_points=8|or_class=normal|rr=2|start=10:00|stop_mode=fixed|stop_points=60|target_mode=rr|time_exit=12:00|touch_tolerance=5,or_retest,long,109,1103.4399999999998,10.123302752293576,-10.34,0.47706422018348627,1.1844483299288908,-1187.679999999999,0.07493051103207161,0.023048661191695925,65,1375.8999999999999,21.167692307692306,0.49230769230769234,44,-272.4600000000004,-6.192272727272736,0.45454545454545453,233.66,0.2117559631697238,1152,True,False,True,False,False,False
full_history,or_retest_slip_shape|long|buffer_points=0|confirm_pattern=break_prev|end=10:45|max_risk_points=120|max_stop=120|min_reward_points=8|or_class=normal|rr=1.25|start=10:00|stop_mode=fixed|stop_points=60|target_mode=rr|time_exit=15:55|touch_tolerance=5,or_retest,long,96,1101.3599999999994,11.472499999999995,40.66,0.5208333333333334,1.191120736329182,-1113.699999999999,0.0861205856367802,0.024860871650081634,57,1003.62,17.60736842105263,0.543859649122807,39,97.7399999999999,2.5061538461538433,0.48717948717948717,143.66,0.1304387302970873,1152,True,False,True,False,False,False
full_history,or_retest_slip_shape|long|buffer_points=0|confirm_pattern=break_prev|end=11:30|max_risk_points=120|max_stop=120|min_reward_points=8|or_class=normal|rr=1.25|start=10:20|stop_mode=fixed|stop_points=60|target_mode=rr|time_exit=15:55|touch_tolerance=5,or_retest,long,81,1100.4599999999994,13.585925925925919,91.66,0.5308641975308642,1.2292185664414317,-1317.119999999999,0.10176932124527377,0.026985666438481975,48,1342.6799999999996,27.972499999999993,0.5833333333333334,33,-242.2200000000001,-7.340000000000003,0.45454545454545453,143.66,0.13054540828380867,1152,True,False,True,False,False,False
full_history,or_retest_slip_shape|long|buffer_points=0|confirm_pattern=break_prev|end=11:00|max_risk_points=120|max_stop=120|min_reward_points=8|or_class=normal|rr=1.5|start=10:00|stop_mode=fixed|stop_points=30|target_mode=rr|time_exit=15:55|touch_tolerance=10,or_retest,long,114,1096.2399999999993,9.616140350877187,63.16,0.5087719298245614,1.2950816141952706,-346.08000000000027,0.1281092560852817,0.04030015304456578,68,697.8799999999997,10.262941176470584,0.5147058823529411,46,398.35999999999956,8.659999999999991,0.5,83.66,0.07631540538568202,1152,True,True,True,False,False,False
full_history,or_retest_slip_shape|long|buffer_points=0|confirm_pattern=break_prev|end=10:45|max_risk_points=120|max_stop=120|min_reward_points=8|or_class=normal|rr=1.5|start=10:20|stop_mode=fixed|stop_points=60|target_mode=rr|time_exit=15:55|touch_tolerance=5,or_retest,long,62,1095.92,17.676129032258064,-48.34,0.5,1.2798184111486153,-1137.0599999999995,0.11987584725187604,0.02781001959554378,37,1698.4200000000003,45.90324324324325,0.5945945945945946,25,-602.5,-24.1,0.36,173.66,0.15846047156726767,1152,False,False,True,False,False,False
full_history,or_retest_slip_shape|long|buffer_points=0|confirm_pattern=break_prev|end=11:30|max_risk_points=120|max_stop=120|min_reward_points=8|or_class=normal|rr=2|start=10:20|stop_mode=fixed|stop_points=40|target_mode=rr|time_exit=15:55|touch_tolerance=10,or_retest,long,90,1095.399999999999,12.171111111111099,-86.34,0.4222222222222222,1.2439817537107316,-909.8,0.10388949919210504,0.029037997792744547,54,746.6399999999993,13.826666666666654,0.42592592592592593,36,348.7599999999999,9.687777777777775,0.4166666666666667,153.66,0.1402775241920761,1152,True,True,True,False,False,False
full_history,or_retest_slip_shape|long|buffer_points=0|confirm_pattern=break_prev|end=11:00|max_risk_points=120|max_stop=120|min_reward_points=8|or_class=normal|rr=2|start=10:20|stop_mode=fixed|stop_points=30|target_mode=rr|time_exit=12:00|touch_tolerance=5,or_retest,long,73,1094.1799999999996,14.988767123287666,-31.34,0.4520547945205479,1.445222981770833,-360.8999999999995,0.17295089328798943,0.043536949891104695,43,583.3799999999998,13.566976744186041,0.4186046511627907,30,510.7999999999997,17.026666666666657,0.5,113.66,0.10387687583395788,1152,False,True,True,False,False,False
full_history,or_retest_slip_filter|long|buffer_points=0|confirm_pattern=break_prev|end=11:00|max_risk_points=120|max_signal_ema_slope=20|max_stop=120|min_reward_points=8|or_class=normal|rr=1.5|start=10:10|stop_mode=fixed|stop_points=40|target_mode=rr|time_exit=15:55|touch_tolerance=5,or_retest,long,62,1091.9199999999996,17.6116129032258,78.16,0.532258064516129,1.4360946698297823,-604.3800000000001,0.17755863368159178,0.041191859705214884,37,534.4199999999997,14.443783783783777,0.5135135135135135,25,557.5,22.3,0.56,113.66,0.10409187486262733,1152,False,True,True,False,False,False
full_history,or_retest_slip_shape|long|buffer_points=0|confirm_pattern=break_prev|end=11:30|max_risk_points=120|max_stop=120|min_reward_points=8|or_class=normal|rr=1.25|start=10:10|stop_mode=fixed|stop_points=60|target_mode=rr|time_exit=15:55|touch_tolerance=5,or_retest,long,90,1091.899999999999,12.132222222222211,66.91,0.5222222222222223,1.2028189210976996,-1156.1399999999994,0.09106384089985164,0.02545311731803674,54,1173.1399999999996,21.72481481481481,0.5555555555555556,36,-81.24000000000012,-2.25666666666667,0.4722222222222222,143.66,0.13156882498397302,1152,True,False,True,False,False,False
full_history,or_retest_slip_shape|long|buffer_points=0|confirm_pattern=break_prev|end=11:00|max_risk_points=120|max_stop=120|min_reward_points=8|or_class=normal|rr=2|start=10:10|stop_mode=fixed|stop_points=40|target_mode=rr|time_exit=12:00|touch_tolerance=10,or_retest,long,92,1089.2199999999991,11.839347826086946,-33.84,0.44565217391304346,1.2722138083741943,-736.6400000000006,0.10911920047944686,0.03083676771443373,55,785.2999999999998,14.278181818181816,0.43636363636363634,37,303.91999999999985,8.21405405405405,0.4594594594594595,153.66,0.1410734286920917,1152,True,False,True,False,False,False
full_history,or_retest_slip_shape|long|buffer_points=0|confirm_pattern=break_prev|end=10:45|max_risk_points=120|max_stop=120|min_reward_points=8|or_class=normal_tight|rr=1.5|start=10:20|stop_mode=fixed|stop_points=60|target_mode=rr|time_exit=12:00|touch_tolerance=10,or_retest,long,126,1087.1599999999996,8.628253968253965,1.41,0.5158730158730159,1.1843193901909719,-1110.1799999999982,0.07353218590777057,0.02431848465886615,75,1598.9999999999998,21.319999999999997,0.5466666666666666,51,-511.8400000000004,-10.036078431372557,0.47058823529411764,173.66,0.15973729717796833,1152,True,False,True,False,False,False
full_history,or_retest_slip_shape|long|buffer_points=0|confirm_pattern=break_prev|end=11:30|max_risk_points=120|max_stop=120|min_reward_points=8|or_class=normal|rr=2|start=10:10|stop_mode=fixed|stop_points=30|target_mode=rr|time_exit=12:00|touch_tolerance=5,or_retest,long,90,1085.8999999999994,12.06555555555555,-48.84,0.4444444444444444,1.3542903752039146,-487.7400000000001,0.1413069416731171,0.03949649090921097,54,433.13999999999965,8.021111111111104,0.4074074074074074,36,652.7599999999998,18.132222222222214,0.5,113.66,0.10466893820793817,1152,True,True,True,False,False,False
full_history,or_retest_slip_filter|long|buffer_points=0|confirm_pattern=break_prev|end=11:00|max_risk_points=120|max_signal_volume_ratio=2.5|max_stop=120|min_reward_points=8|or_class=normal|rr=2|start=10:10|stop_mode=fixed|stop_points=40|target_mode=rr|time_exit=15:55|touch_tolerance=5,or_retest,long,79,1085.1399999999994,13.735949367088601,-86.34,0.43037974683544306,1.2792937482305093,-669.8000000000003,0.11709485744514198,0.0306637403150838,47,871.0199999999994,18.532340425531903,0.44680851063829785,32,214.1199999999999,6.691249999999997,0.40625,153.66,0.14160384835136489,1152,False,False,True,False,False,False
full_history,or_retest_slip_filter|long|buffer_points=0|confirm_pattern=break_prev|end=11:00|max_risk_points=120|max_signal_ema_slope=10|max_stop=120|min_reward_points=8|or_class=normal|rr=2|start=10:00|stop_mode=fixed|stop_points=40|target_mode=rr|time_exit=15:55|touch_tolerance=5,or_retest,long,54,1084.6399999999996,20.08592592592592,-86.34,0.46296296296296297,1.4331871590264629,-766.78,0.17059354489540315,0.03693458590026508,32,1083.12,33.8475,0.53125,22,1.5199999999998113,0.06909090909090052,0.36363636363636365,153.66,0.14166912523971092,1152,False,False,True,False,False,False
full_history,or_retest_slip_filter|long|buffer_points=0|confirm_pattern=break_prev|end=11:00|max_close_vwap_delta=35|max_risk_points=120|max_stop=120|min_reward_points=8|or_class=normal_tight|rr=1.25|start=10:10|stop_mode=fixed|stop_points=40|target_mode=rr|time_exit=15:55|touch_tolerance=5,or_retest,long,105,1084.2999999999997,10.326666666666664,93.66,0.5428571428571428,1.2616352019149095,-755.1,0.11544764173586948,0.03485406814278309,63,89.57999999999987,1.4219047619047598,0.49206349206349204,42,994.7199999999996,23.683809523809515,0.6190476190476191,93.66,0.08637830858618466,1152,True,False,True,False,False,False
full_history,or_retest_slip_shape|long|buffer_points=0|confirm_pattern=break_prev|end=11:30|max_risk_points=120|max_stop=120|min_reward_points=8|or_class=normal|rr=2|start=10:10|stop_mode=fixed|stop_points=30|target_mode=rr|time_exit=12:00|touch_tolerance=10,or_retest,long,97,1082.0199999999993,11.154845360824735,-66.34,0.4329896907216495,1.3185503577001199,-487.7400000000001,0.12966425315451954,0.037625292991817584,58,448.27999999999986,7.7289655172413765,0.39655172413793105,39,633.7399999999997,16.24974358974358,0.48717948717948717,113.66,0.10504426905232812,1152,True,True,True,False,False,False
full_history,or_retest_slip_shape|long|buffer_points=0|confirm_pattern=break_prev|end=11:00|max_risk_points=120|max_stop=120|min_reward_points=8|or_class=normal|rr=1.5|start=10:00|stop_mode=fixed|stop_points=40|target_mode=rr|time_exit=12:00|touch_tolerance=10,or_retest,long,114,1081.2399999999996,9.484561403508769,-9.84,0.49122807017543857,1.2279308222239083,-693.5800000000004,0.0988618516900248,0.031099608842665796,68,648.3799999999997,9.534999999999995,0.4852941176470588,46,432.8599999999997,9.409999999999993,0.5,113.66,0.10512004735303915,1152,True,True,True,False,False,False
full_history,or_retest_slip_shape|long|buffer_points=0|confirm_pattern=break_prev|end=11:00|max_risk_points=120|max_stop=120|min_reward_points=8|or_class=normal|rr=2|start=10:20|stop_mode=fixed|stop_points=40|target_mode=rr|time_exit=12:00|touch_tolerance=5,or_retest,long,73,1080.6799999999996,14.80383561643835,-31.34,0.4520547945205479,1.3441546447565362,-720.8999999999999,0.13539073134174973,0.03408192565001986,43,652.3799999999998,15.171627906976738,0.4186046511627907,30,428.2999999999997,14.276666666666658,0.5,153.66,0.14218825184143322,1152,False,True,True,False,False,False
full_history,or_retest_slip_shape|long|buffer_points=0|confirm_pattern=break_prev|end=10:45|max_risk_points=120|max_stop=120|min_reward_points=8|or_class=normal_tight|rr=2.5|start=10:10|stop_mode=fixed|stop_points=40|target_mode=rr|time_exit=12:00|touch_tolerance=5,or_retest,long,136,1077.7599999999995,7.924705882352938,-36.34,0.4411764705882353,1.1832975046940046,-980.7800000000001,0.07332142379240499,0.025192664576396802,81,219.45999999999955,2.7093827160493773,0.3950617283950617,55,858.2999999999997,15.60545454545454,0.509090909090909,193.66,0.17968750000000008,1152,True,False,True,False,False,False
full_history,or_retest_slip_filter|long|buffer_points=0|confirm_pattern=break_prev|end=11:00|max_risk_points=120|max_stop=120|min_reward_points=8|min_signal_rsi=55|or_class=normal|rr=1.25|start=10:00|stop_mode=fixed|stop_points=40|target_mode=rr|time_exit=15:55|touch_tolerance=5,or_retest,long,62,1075.9199999999996,17.35354838709677,93.66,0.5806451612903226,1.479285828834126,-251.70000000000016,0.19481961978506518,0.04519623900914086,37,1074.4199999999998,29.038378378378376,0.6486486486486487,25,1.5,0.06,0.48,93.66,0.08705108186482269,1152,False,False,True,False,False,False
full_history,or_retest_slip_shape|long|buffer_points=0|confirm_pattern=break_prev|end=11:30|max_risk_points=120|max_stop=120|min_reward_points=8|or_class=normal|rr=1.5|start=10:10|stop_mode=fixed|stop_points=40|target_mode=rr|time_exit=15:55|touch_tolerance=5,or_retest,long,90,1074.3999999999994,11.937777777777772,-28.340000000000003,0.5,1.2765294829228109,-749.7400000000001,0.1199975643284353,0.03354033887159816,54,466.63999999999965,8.641481481481476,0.48148148148148145,36,607.7599999999998,16.882222222222214,0.5277777777777778,113.66,0.10578927773641107,1152,True,True,True,False,False,False
full_history,or_retest_slip_shape|long|buffer_points=0|confirm_pattern=break_prev|end=11:00|max_risk_points=120|max_stop=120|min_reward_points=8|or_class=normal|rr=2|start=10:20|stop_mode=fixed|stop_points=40|target_mode=rr|time_exit=12:00|touch_tolerance=10,or_retest,long,84,1071.9399999999996,12.761190476190471,-37.84,0.4523809523809524,1.296432107163992,-807.2399999999999,0.11831654092874232,0.03194911758715582,50,778.9999999999998,15.579999999999995,0.44,34,292.9399999999999,8.615882352941172,0.47058823529411764,153.66,0.14334757542399768,1152,True,False,True,False,False,False
full_history,or_retest_slip_shape|long|buffer_points=0|confirm_pattern=break_prev|end=11:30|max_risk_points=120|max_stop=120|min_reward_points=8|or_class=normal|rr=1.5|start=10:10|stop_mode=fixed|stop_points=40|target_mode=rr|time_exit=15:55|touch_tolerance=10,or_retest,long,97,1070.0199999999993,11.03113402061855,-86.34,0.4948453608247423,1.2529203481253515,-749.7400000000001,0.11086551462114635,0.032170373629024154,58,521.2799999999996,8.987586206896545,0.4827586206896552,39,548.7399999999997,14.070256410256402,0.5128205128205128,113.66,0.10622231360161499,1152,True,True,True,False,False,False
full_history,or_retest_slip_filter|long|buffer_points=0|confirm_pattern=break_prev|end=11:00|max_risk_points=120|max_stop=120|min_reward_points=8|min_signal_rsi=55|or_class=normal|rr=1.25|start=10:10|stop_mode=fixed|stop_points=40|target_mode=rr|time_exit=15:55|touch_tolerance=5,or_retest,long,53,1068.9799999999996,20.169433962264144,93.66,0.6037735849056604,1.5895738883925128,-251.70000000000002,0.22972262145660963,0.049273732198650354,31,872.4599999999998,28.14387096774193,0.6451612903225806,22,196.5199999999999,8.932727272727268,0.5454545454545454,93.66,0.08761623229620763,1152,False,False,True,True,False,False
full_history,or_retest_slip_shape|long|buffer_points=0|confirm_pattern=break_prev|end=11:00|max_risk_points=120|max_stop=120|min_reward_points=8|or_class=normal|rr=2.5|start=10:00|stop_mode=fixed|stop_points=30|target_mode=rr|time_exit=15:55|touch_tolerance=5,or_retest,long,104,1067.6399999999994,10.265769230769225,-66.34,0.375,1.2475916606757722,-663.4000000000003,0.10221344195058725,0.03071131716620869,62,502.9199999999996,8.1116129032258,0.3709677419354839,42,564.7199999999997,13.445714285714278,0.38095238095238093,143.66,0.13455846540032226,1152,True,True,True,False,False,False
full_history,or_retest_slip_filter|long|buffer_points=0|confirm_pattern=break_prev|end=11:00|max_risk_points=120|max_signal_ema_slope=10|max_stop=120|min_reward_points=8|or_class=normal|rr=1.5|start=10:00|stop_mode=fixed|stop_points=40|target_mode=rr|time_exit=15:55|touch_tolerance=5,or_retest,long,54,1066.6399999999996,19.752592592592585,113.66,0.5370370370370371,1.494157980078758,-467.78000000000054,0.19774308928510959,0.04281263468592984,32,966.1199999999999,30.191249999999997,0.59375,22,100.51999999999987,4.569090909090903,0.45454545454545453,113.66,0.10655891397284935,1152,False,False,True,False,False,False
full_history,or_retest_slip_shape|long|buffer_points=0|confirm_pattern=break_prev|end=11:00|max_risk_points=120|max_stop=120|min_reward_points=8|or_class=normal|rr=2.5|start=10:20|stop_mode=fixed|stop_points=60|target_mode=rr|time_exit=15:55|touch_tolerance=10,or_retest,long,84,1057.9399999999998,12.594523809523807,-126.34,0.39285714285714285,1.169954569113423,-1305.9599999999987,0.07120864256855254,0.019228531165516538,50,1616.0000000000002,32.32000000000001,0.44,34,-558.0600000000001,-16.413529411764706,0.3235294117647059,293.66,0.2775771782898842,1152,True,False,False,False,False,False
full_history,or_retest_slip_filter|long|buffer_points=0|confirm_pattern=break_prev|end=11:00|max_close_vwap_delta=50|max_risk_points=120|max_stop=120|min_reward_points=8|or_class=normal_tight|rr=2|start=10:10|stop_mode=fixed|stop_points=40|target_mode=rr|time_exit=15:55|touch_tolerance=5,or_retest,long,133,1057.2799999999988,7.949473684210518,-86.34,0.40601503759398494,1.1569046474216271,-1160.4600000000003,0.06917533705147748,0.02350449175956767,79,444.1399999999991,5.622025316455685,0.3924050632911392,54,613.1399999999998,11.35444444444444,0.42592592592592593,153.66,0.1453351997578694,1152,True,True,True,False,False,False
full_history,or_retest_slip_shape|long|buffer_points=0|confirm_pattern=break_prev|end=11:30|max_risk_points=120|max_stop=120|min_reward_points=8|or_class=normal|rr=1.5|start=10:20|stop_mode=fixed|stop_points=60|target_mode=rr|time_exit=15:55|touch_tolerance=5,or_retest,long,81,1056.4599999999994,13.042716049382708,-126.34,0.48148148148148145,1.1990961652984762,-1257.1199999999988,0.08852169855259012,0.02347285999825795,48,1808.68,37.68083333333333,0.5625,33,-752.2200000000001,-22.79454545454546,0.36363636363636365,173.66,0.16437915302046466,1152,True,False,True,False,False,False
full_history,or_retest_slip_shape|long|buffer_points=0|confirm_pattern=break_prev|end=11:30|max_risk_points=120|max_stop=120|min_reward_points=8|or_class=normal|rr=2|start=10:10|stop_mode=fixed|stop_points=30|target_mode=rr|time_exit=15:55|touch_tolerance=10,or_retest,long,97,1054.019999999999,10.8661855670103,-66.34,0.4329896907216495,1.2888754899005117,-549.7400000000001,0.12195829587770461,0.035389218721007774,58,401.2799999999995,6.918620689655164,0.41379310344827586,39,652.7399999999997,16.73692307692307,0.46153846153846156,113.66,0.10783476594372032,1152,True,True,True,False,False,False
full_history,or_retest_slip_filter|long|buffer_points=0|confirm_pattern=break_prev|end=11:00|max_risk_points=120|max_stop=120|min_reward_points=8|or_class=normal_tight|prior_day_direction=down|rr=1.5|start=10:10|stop_mode=fixed|stop_points=40|target_mode=rr|time_exit=15:55|touch_tolerance=5,or_retest,long,54,1053.6400000000003,19.51185185185186,113.66,0.5370370370370371,1.4881352791290245,-581.44,0.1954124454329422,0.042308035490142094,32,237.11999999999992,7.4099999999999975,0.46875,22,816.5199999999998,37.11454545454544,0.6363636363636364,113.66,0.10787365703655893,1152,False,False,True,False,False,False
full_history,or_retest_slip_filter|long|buffer_points=0|confirm_pattern=break_prev|end=11:00|max_risk_points=120|max_stop=120|min_reward_points=8|or_class=normal|prior_day_zombie=yes|rr=2|start=10:10|stop_mode=fixed|stop_points=40|target_mode=rr|time_exit=15:55|touch_tolerance=5,or_retest,long,31,1052.46,33.950322580645164,42.66,0.5161290322580645,1.8126476719944407,-402.4200000000002,0.28289369024468985,0.04640639884364471,18,974.88,54.16,0.6111111111111112,13,77.57999999999996,5.967692307692304,0.38461538461538464,153.66,0.1460007981300952,1152,False,False,True,True,False,False
full_history,or_retest_slip_shape|long|buffer_points=0|confirm_pattern=break_prev|end=11:00|max_risk_points=120|max_stop=120|min_reward_points=8|or_class=normal|rr=1.5|start=10:00|stop_mode=fixed|stop_points=30|target_mode=rr|time_exit=12:00|touch_tolerance=10,or_retest,long,114,1051.7399999999993,9.225789473684205,23.409999999999997,0.5,1.2850722885688104,-373.5800000000004,0.1237039708365377,0.03891435411672587,68,680.8799999999997,10.012941176470584,0.5,46,370.85999999999956,8.062173913043468,0.5,83.66,0.07954437408484992,1152,True,True,True,False,False,False
full_history,or_retest_slip_shape|long|buffer_points=0|confirm_pattern=break_prev|end=11:00|max_risk_points=120|max_stop=120|min_reward_points=8|or_class=normal_tight|rr=2|start=10:20|stop_mode=fixed|stop_points=60|target_mode=rr|time_exit=12:00|touch_tolerance=10,or_retest,long,143,1051.3799999999994,7.352307692307688,1.16,0.5104895104895105,1.156518243937296,-1156.7599999999989,0.06177086822467886,0.021763336888305364,85,1078.1,12.683529411764704,0.5176470588235295,58,-26.720000000000056,-0.4606896551724148,0.5,233.66,0.222241244840115,1152,True,False,True,False,False,False
full_history,or_retest_slip_filter|long|buffer_points=0|confirm_pattern=break_prev|end=11:00|max_risk_points=120|max_signal_volume_ratio=2|max_stop=120|min_reward_points=8|or_class=normal|rr=1.25|start=10:10|stop_mode=fixed|stop_points=40|target_mode=rr|time_exit=15:55|touch_tolerance=5,or_retest,long,72,1048.52,14.562777777777777,93.66,0.5694444444444444,1.3917445657453273,-510.72,0.16388228384387515,0.04097057096096879,43,196.38000000000002,4.566976744186047,0.5116279069767442,29,852.1399999999999,29.384137931034477,0.6551724137931034,93.66,0.08932590699271353,1152,False,False,True,False,False,False
full_history,or_retest_slip_shape|long|buffer_points=0|confirm_pattern=break_prev|end=11:30|max_risk_points=120|max_stop=120|min_reward_points=8|or_class=normal|rr=2.5|start=10:20|stop_mode=fixed|stop_points=40|target_mode=rr|time_exit=12:00|touch_tolerance=5,or_retest,long,81,1046.9599999999994,12.925432098765425,-48.84,0.43209876543209874,1.2919869256255503,-855.5799999999999,0.1135012948794715,0.030096575731023104,48,590.6799999999995,12.305833333333323,0.3958333333333333,33,456.2799999999999,13.826666666666664,0.48484848484848486,193.66,0.18497363796133579,1152,True,True,True,False,False,False
full_history,or_retest_slip_filter|long|buffer_points=0|confirm_pattern=break_prev|end=11:00|max_risk_points=120|max_stop=120|min_reward_points=8|min_signal_rsi=60|or_class=normal|rr=1.5|start=10:10|stop_mode=fixed|stop_points=40|target_mode=rr|time_exit=15:55|touch_tolerance=5,or_retest,long,44,1046.04,23.773636363636363,113.66,0.5681818181818182,1.6376504151274645,-259.02000000000004,0.24153055005123286,0.047203279101630184,26,884.16,34.00615384615384,0.6153846153846154,18,161.87999999999994,8.99333333333333,0.5,113.66,0.10865741271844288,1152,False,False,True,True,False,False
full_history,or_retest_slip_shape|long|buffer_points=0|confirm_pattern=break_prev|end=11:30|max_risk_points=120|max_stop=120|min_reward_points=8|or_class=normal|rr=2|start=10:00|stop_mode=fixed|stop_points=60|target_mode=rr|time_exit=12:00|touch_tolerance=10,or_retest,long,118,1042.8799999999992,8.837966101694908,-10.59,0.4745762711864407,1.1577592283884315,-1525.9999999999989,0.06496044562709012,0.020790443779507218,70,1457.2,20.81714285714286,0.5,48,-414.32000000000016,-8.63166666666667,0.4375,233.66,0.22405262350414254,1152,True,False,True,False,False,False
full_history,or_retest_slip_filter|long|buffer_points=0|confirm_pattern=break_prev|end=11:00|max_risk_points=120|max_stop=120|min_reward_points=8|or_class=normal|prior_day_direction=up|rr=1.25|start=10:00|stop_mode=fixed|stop_points=40|target_mode=rr|time_exit=15:55|touch_tolerance=5,or_retest,long,52,1039.3199999999997,19.98692307692307,93.66,0.5961538461538461,1.5732155266554153,-424.37999999999977,0.22547019854957084,0.04790320592241256,31,1052.4600000000003,33.95032258064517,0.6774193548387096,21,-13.140000000000072,-0.6257142857142891,0.47619047619047616,93.66,0.09011661470961785,1152,False,False,True,True,False,False
full_history,or_retest_slip_shape|long|buffer_points=0|confirm_pattern=break_prev|end=11:00|max_risk_points=120|max_stop=120|min_reward_points=8|or_class=normal_tight|rr=1.25|start=10:20|stop_mode=fixed|stop_points=40|target_mode=rr|time_exit=15:55|touch_tolerance=10,or_retest,long,143,1038.3799999999997,7.261398601398599,93.66,0.5244755244755245,1.176862336317431,-825.3000000000002,0.08095567827840128,0.028522598921318167,85,530.0999999999992,6.236470588235285,0.5176470588235295,58,508.28,8.763448275862068,0.5344827586206896,93.66,0.09019819333962521,1152,True,True,True,False,False,False
full_history,or_retest_slip_filter|long|buffer_points=0|confirm_pattern=break_prev|end=11:00|max_risk_points=120|max_stop=120|min_reward_points=8|min_signal_rsi=50|or_class=normal|rr=1.5|start=10:10|stop_mode=fixed|stop_points=40|target_mode=rr|time_exit=15:55|touch_tolerance=5,or_retest,long,58,1037.28,17.88413793103448,78.16,0.5344827586206896,1.4449592052093785,-490.72000000000014,0.18042111051647072,0.040483225617392635,34,793.4399999999998,23.33647058823529,0.5588235294117647,24,243.83999999999992,10.159999999999997,0.5,113.66,0.10957504241863335,1152,False,False,True,False,False,False
full_history,or_retest_slip_filter|long|buffer_points=0|confirm_pattern=break_prev|end=11:00|max_risk_points=120|max_stop=120|min_reward_points=8|or_class=normal|prior_day_direction=up|rr=2|start=10:00|stop_mode=fixed|stop_points=40|target_mode=rr|time_exit=15:55|touch_tolerance=5,or_retest,long,52,1036.3199999999997,19.929230769230763,-86.34,0.46153846153846156,1.4286707038618085,-642.42,0.16887249747073516,0.035878506663017784,31,1169.46,37.72451612903226,0.5483870967741935,21,-133.14000000000019,-6.340000000000009,0.3333333333333333,153.66,0.14827466419638727,1152,False,False,True,False,False,False
full_history,or_retest_slip_shape|long|buffer_points=0|confirm_pattern=break_prev|end=11:30|max_risk_points=120|max_stop=120|min_reward_points=8|or_class=normal|rr=2|start=10:20|stop_mode=fixed|stop_points=30|target_mode=rr|time_exit=15:55|touch_tolerance=5,or_retest,long,81,1035.4599999999994,12.783456790123449,-66.34,0.4444444444444444,1.3468529126050977,-436.08000000000027,0.14305994902183997,0.03793449752607932,48,524.6799999999995,10.930833333333323,0.4375,33,510.77999999999986,15.478181818181813,0.45454545454545453,113.66,0.10976763950321602,1152,True,True,True,False,False,False
full_history,or_retest_slip_shape|long|buffer_points=0|confirm_pattern=break_prev|end=11:00|max_risk_points=120|max_stop=120|min_reward_points=8|or_class=normal|rr=1.5|start=10:10|stop_mode=fixed|stop_points=40|target_mode=rr|time_exit=12:00|touch_tolerance=10,or_retest,long,92,1034.2199999999993,11.241521739130429,2.41,0.5,1.2857245471925378,-581.4000000000001,0.11908245719057158,0.03365235499449353,55,610.2999999999996,11.096363636363629,0.4727272727272727,37,423.91999999999973,11.45729729729729,0.5405405405405406,113.66,0.10989924774225994,1152,True,True,True,False,False,False
full_history,or_retest_slip_shape|long|buffer_points=0|confirm_pattern=break_prev|end=11:30|max_risk_points=120|max_stop=120|min_reward_points=8|or_class=normal|rr=2.5|start=10:10|stop_mode=fixed|stop_points=30|target_mode=rr|time_exit=12:00|touch_tolerance=5,or_retest,long,90,1033.8999999999994,11.48777777777777,-66.34,0.3888888888888889,1.3070959693468374,-667.7400000000001,0.11974072068440181,0.0334685488906422,54,351.1399999999997,6.502592592592587,0.35185185185185186,36,682.7599999999998,18.96555555555555,0.4444444444444444,143.66,0.13894960827933076,1152,True,True,True,False,False,False
full_history,or_retest_slip_filter|long|buffer_points=0|confirm_pattern=break_prev|end=11:00|max_close_vwap_delta=50|max_risk_points=120|max_stop=120|min_reward_points=8|or_class=normal|rr=2|start=10:00|stop_mode=fixed|stop_points=40|target_mode=rr|time_exit=15:55|touch_tolerance=5,or_retest,long,88,1029.079999999999,11.694090909090898,-86.34,0.42045454545454547,1.2337044152847607,-899.9199999999996,0.0999122575091095,0.027614289176257086,52,1276.32,24.544615384615383,0.4807692307692308,36,-247.2400000000002,-6.867777777777784,0.3333333333333333,153.66,0.14931783729156153,1152,True,False,True,False,False,False
full_history,or_retest_slip_filter|long|buffer_points=0|confirm_pattern=break_prev|end=11:00|max_risk_points=120|max_signal_ema_slope=30|max_stop=120|min_reward_points=8|or_class=normal|rr=1.5|start=10:10|stop_mode=fixed|stop_points=40|target_mode=rr|time_exit=15:55|touch_tolerance=5,or_retest,long,72,1028.5199999999995,14.284999999999993,36.16,0.5138888888888888,1.3403554055395608,-690.7200000000001,0.14375702475469035,0.03593925618867259,43,616.3799999999998,14.334418604651157,0.5116279069767442,29,412.1399999999999,14.21172413793103,0.5172413793103449,113.66,0.11050830319293747,1152,False,True,True,False,False,False
full_history,or_retest_slip_shape|long|buffer_points=0|confirm_pattern=break_prev|end=10:45|max_risk_points=120|max_stop=120|min_reward_points=8|or_class=normal_tight|rr=1.25|start=10:10|stop_mode=fixed|stop_points=40|target_mode=rr|time_exit=12:00|touch_tolerance=5,or_retest,long,136,1027.7599999999995,7.557058823529409,14.91,0.5294117647058824,1.2014717932432377,-582.4200000000001,0.08851636260689746,0.03041352605197598,81,185.45999999999955,2.289629629629624,0.48148148148148145,55,842.2999999999995,15.314545454545446,0.6,93.66,0.0911302249552425,1152,True,False,True,False,False,False
full_history,or_retest_slip_shape|long|buffer_points=0|confirm_pattern=break_prev|end=10:45|max_risk_points=120|max_stop=120|min_reward_points=8|or_class=normal|rr=2.5|start=10:20|stop_mode=fixed|stop_points=60|target_mode=rr|time_exit=15:55|touch_tolerance=10,or_retest,long,73,1027.18,14.07095890410959,-126.34,0.3835616438356164,1.1878941977024948,-1440.619999999999,0.07762620381239944,0.0195408539462676,43,1640.3800000000003,38.14837209302326,0.4418604651162791,30,-613.1999999999998,-20.439999999999994,0.3,293.66,0.285889522771082,1152,False,False,False,False,False,False
full_history,or_retest_slip_shape|long|buffer_points=0|confirm_pattern=break_prev|end=11:30|max_risk_points=120|max_stop=120|min_reward_points=8|or_class=normal_tight|rr=2|start=10:10|stop_mode=fixed|stop_points=30|target_mode=rr|time_exit=12:00|touch_tolerance=10,or_retest,long,182,1020.6199999999997,5.607802197802196,-66.34,0.4175824175824176,1.1547205049920102,-1048.2800000000007,0.06728045173616017,0.026742275166734993,109,-186.06000000000063,-1.7069724770642258,0.3669724770642202,73,1206.6799999999996,16.529863013698623,0.4931506849315068,113.66,0.11136368089984522,1152,True,False,True,False,False,False
full_history,or_retest_slip_shape|long|buffer_points=0|confirm_pattern=break_prev|end=11:00|max_risk_points=120|max_stop=120|min_reward_points=8|or_class=normal|rr=2|start=10:20|stop_mode=fixed|stop_points=60|target_mode=rr|time_exit=15:55|touch_tolerance=10,or_retest,long,84,1019.9399999999995,12.14214285714285,-126.34,0.4166666666666667,1.170782430477415,-1365.9599999999991,0.07362035039651404,0.019879766710238996,50,1804.4999999999995,36.08999999999999,0.48,34,-784.5600000000002,-23.075294117647065,0.3235294117647059,233.66,0.22909190736710014,1152,True,False,True,False,False,False
full_history,or_retest_slip_shape|long|buffer_points=0|confirm_pattern=break_prev|end=11:00|max_risk_points=120|max_stop=120|min_reward_points=8|or_class=normal|rr=2|start=10:20|stop_mode=fixed|stop_points=30|target_mode=rr|time_exit=15:55|touch_tolerance=10,or_retest,long,84,1016.4399999999994,12.100476190476183,-66.34,0.44047619047619047,1.3259931109243797,-464.38,0.13554932609788511,0.03660250142851345,50,751.9999999999998,15.039999999999996,0.46,34,264.4399999999999,7.777647058823526,0.4117647058823529,113.66,0.11182165204045498,1152,True,False,True,False,False,False
full_history,or_retest_slip_shape|long|buffer_points=0|confirm_pattern=break_prev|end=11:00|max_risk_points=120|max_stop=120|min_reward_points=8|or_class=normal|rr=2|start=10:00|stop_mode=fixed|stop_points=60|target_mode=rr|time_exit=15:55|touch_tolerance=5,or_retest,long,104,1015.1399999999994,9.760961538461533,-126.34,0.41346153846153844,1.1385811249870308,-1580.939999999996,0.059833537381900004,0.017977740585235987,62,1736.4200000000003,28.00677419354839,0.45161290322580644,42,-721.2800000000003,-17.17333333333334,0.35714285714285715,233.66,0.2301751482554132,1152,True,False,True,False,False,False
full_history,or_retest_slip_shape|long|buffer_points=0|confirm_pattern=break_prev|end=11:30|max_risk_points=120|max_stop=120|min_reward_points=8|or_class=normal|rr=2.5|start=10:10|stop_mode=fixed|stop_points=30|target_mode=rr|time_exit=15:55|touch_tolerance=10,or_retest,long,97,1015.0199999999992,10.464123711340198,-66.34,0.3711340206185567,1.2508241201559767,-729.7400000000001,0.10359485701253818,0.03006061233312504,58,251.27999999999957,4.3324137931034405,0.3448275862068966,39,763.7399999999997,19.583076923076913,0.41025641025641024,143.66,0.1415341569624245,1152,True,True,True,False,False,False
full_history,or_retest_slip_shape|long|buffer_points=0|confirm_pattern=break_prev|end=10:45|max_risk_points=120|max_stop=120|min_reward_points=8|or_class=normal|rr=1.5|start=10:00|stop_mode=fixed|stop_points=60|target_mode=rr|time_exit=12:00|touch_tolerance=5,or_retest,long,96,1009.8599999999994,10.519374999999995,-5.59,0.4895833333333333,1.1908399254676223,-928.2400000000002,0.07983889250527147,0.02304750303986004,57,703.1199999999999,12.335438596491226,0.49122807017543857,39,306.7399999999998,7.865128205128199,0.48717948717948717,173.66,0.17196443071316825,1152,True,True,True,False,False,False
full_history,or_retest_slip_shape|long|buffer_points=0|confirm_pattern=break_prev|end=11:00|max_risk_points=120|max_stop=120|min_reward_points=8|or_class=normal|rr=1.5|start=10:00|stop_mode=fixed|stop_points=30|target_mode=rr|time_exit=15:55|touch_tolerance=5,or_retest,long,104,1009.6399999999993,9.708076923076916,63.16,0.5096153846153846,1.2984151755365991,-395.10000000000036,0.12932481001457102,0.03885726947476456,62,795.9199999999998,12.837419354838707,0.532258064516129,42,213.71999999999983,5.0885714285714245,0.47619047619047616,83.66,0.08286121785983128,1152,True,False,True,False,False,False
full_history,or_retest_slip_shape|long|buffer_points=0|confirm_pattern=break_prev|end=11:00|max_risk_points=120|max_stop=120|min_reward_points=8|or_class=normal|rr=2|start=10:00|stop_mode=fixed|stop_points=30|target_mode=rr|time_exit=15:55|touch_tolerance=10,or_retest,long,114,1006.2399999999993,8.82666666666666,-66.34,0.42105263157894735,1.229817012451923,-606.8000000000004,0.0994260090355441,0.03127707944908715,68,457.87999999999965,6.7335294117647,0.4117647058823529,46,548.3599999999996,11.920869565217382,0.43478260869565216,113.66,0.11295515980283041,1152,True,True,True,False,False,False
full_history,or_retest_slip_filter|long|buffer_points=0|confirm_pattern=break_prev|end=11:00|max_risk_points=120|max_signal_rsi=70|max_stop=120|min_reward_points=8|or_class=normal|rr=1.5|start=10:10|stop_mode=fixed|stop_points=40|target_mode=rr|time_exit=15:55|touch_tolerance=5,or_retest,long,63,1005.5799999999996,15.961587301587295,42.66,0.5238095238095238,1.3882248475021228,-577.0600000000001,0.1608182998912674,0.037607936232286726,37,334.4199999999998,9.038378378378372,0.4864864864864865,26,671.1599999999999,25.81384615384615,0.5769230769230769,113.66,0.11302929652538837,1152,False,True,True,False,False,False
full_history,or_retest_slip_shape|long|buffer_points=0|confirm_pattern=break_prev|end=11:00|max_risk_points=120|max_stop=120|min_reward_points=8|or_class=normal_tight|rr=2|start=10:10|stop_mode=fixed|stop_points=60|target_mode=rr|time_exit=12:00|touch_tolerance=10,or_retest,long,166,1002.0599999999987,6.0365060240963775,-0.3400000000000001,0.5,1.1223334253017252,-1529.44,0.04939180002026938,0.01874919639329343,99,449.33999999999946,4.538787878787874,0.47474747474747475,67,552.7199999999997,8.249552238805965,0.5373134328358209,233.66,0.23317964992116272,1152,True,True,True,False,False,False
full_history,or_retest_slip_filter|long|buffer_points=0|confirm_pattern=break_prev|end=11:00|max_close_vwap_delta=50|max_risk_points=120|max_stop=120|min_reward_points=8|or_class=normal_tight|rr=1.25|start=10:10|stop_mode=fixed|stop_points=40|target_mode=rr|time_exit=15:55|touch_tolerance=5,or_retest,long,133,1001.7799999999995,7.532180451127816,93.66,0.5263157894736842,1.184170371105742,-1194.1200000000003,0.08400168951802771,0.02854221031979885,79,-31.860000000000554,-0.40329113924051335,0.4810126582278481,54,1033.6399999999996,19.141481481481474,0.5925925925925926,93.66,0.09349358142506344,1152,True,False,True,False,False,False
full_history,or_retest_slip_filter|long|buffer_points=0|confirm_pattern=break_prev|end=11:00|max_close_vwap_delta=50|max_risk_points=120|max_stop=120|min_reward_points=8|or_class=normal|rr=1.5|start=10:10|stop_mode=fixed|stop_points=40|target_mode=rr|time_exit=15:55|touch_tolerance=5,or_retest,long,70,1001.1999999999996,14.302857142857137,36.16,0.5142857142857142,1.3410592868140998,-690.7200000000001,0.14396339699044225,0.03548745593506248,42,302.7199999999999,7.207619047619046,0.47619047619047616,28,698.4799999999999,24.94571428571428,0.5714285714285714,113.66,0.11352377147423097,1152,False,True,True,False,False,False
full_history,or_retest_slip_shape|long|buffer_points=0|confirm_pattern=break_prev|end=11:00|max_risk_points=120|max_stop=120|min_reward_points=8|or_class=normal|rr=1.5|start=10:10|stop_mode=fixed|stop_points=30|target_mode=rr|time_exit=12:00|touch_tolerance=5,or_retest,long,83,1000.7799999999993,12.057590361445774,56.16,0.5180722891566265,1.401339428938081,-307.24000000000035,0.16423862149907048,0.044084721127818,49,509.3399999999996,10.394693877551012,0.4897959183673469,34,491.4399999999998,14.454117647058819,0.5588235294117647,83.66,0.08359479605907398,1152,True,True,True,False,False,False
full_history,or_retest_slip_shape|long|buffer_points=0|confirm_pattern=break_prev|end=11:30|max_risk_points=120|max_stop=120|min_reward_points=8|or_class=normal|rr=2.5|start=10:20|stop_mode=fixed|stop_points=40|target_mode=rr|time_exit=12:00|touch_tolerance=10,or_retest,long,90,997.3999999999992,11.082222222222214,-50.34,0.43333333333333335,1.2485211818585014,-893.5800000000002,0.09853387313331237,0.027541054801553333,54,596.6399999999995,11.04888888888888,0.4074074074074074,36,400.7599999999998,11.132222222222218,0.4722222222222222,193.66,0.1941648285542412,1152,True,True,True,False,False,False
full_history,or_retest_slip_filter|long|buffer_points=0|confirm_pattern=break_prev|end=11:00|max_risk_points=120|max_stop=120|min_reward_points=8|or_class=normal|prior_day_direction=down|rr=1.25|start=10:00|stop_mode=fixed|stop_points=40|target_mode=rr|time_exit=15:55|touch_tolerance=5,or_retest,long,51,996.6599999999997,19.542352941176464,93.66,0.5882352941176471,1.549687282835302,-259.02,0.21842591461246516,0.045958200068642624,30,649.7999999999998,21.659999999999993,0.6,21,346.8599999999999,16.51714285714285,0.5714285714285714,93.66,0.0939738727349347,1152,False,True,True,True,False,False
full_history,or_retest_slip_filter|long|buffer_points=0|confirm_pattern=break_prev|end=11:00|max_risk_points=120|max_stop=120|min_reward_points=8|or_class=normal|prior_day_direction=down|rr=1.5|start=10:00|stop_mode=fixed|stop_points=40|target_mode=rr|time_exit=15:55|touch_tolerance=5,or_retest,long,51,996.6599999999997,19.542352941176464,113.66,0.5294117647058824,1.4809763724808895,-263.4000000000003,0.1938337706315772,0.04078385674406159,30,809.7999999999997,26.993333333333325,0.5666666666666667,21,186.85999999999993,8.898095238095234,0.47619047619047616,113.66,0.11404089659462607,1152,False,False,True,False,False,False
full_history,or_retest_slip_shape|long|buffer_points=0|confirm_pattern=break_prev|end=11:00|max_risk_points=120|max_stop=120|min_reward_points=8|or_class=normal|rr=2.5|start=10:10|stop_mode=fixed|stop_points=40|target_mode=rr|time_exit=15:55|touch_tolerance=10,or_retest,long,92,996.219999999999,10.828478260869554,-86.34,0.3695652173913043,1.1989368415166979,-894.9800000000005,0.08281083185699317,0.023402099492967912,55,946.2999999999994,17.205454545454533,0.38181818181818183,37,49.919999999999874,1.3491891891891858,0.35135135135135137,193.66,0.19439481239083756,1152,True,False,True,False,False,False
full_history,or_retest_slip_shape|long|buffer_points=0|confirm_pattern=break_prev|end=11:30|max_risk_points=120|max_stop=120|min_reward_points=8|or_class=normal|rr=2.5|start=10:10|stop_mode=fixed|stop_points=30|target_mode=rr|time_exit=12:00|touch_tolerance=10,or_retest,long,97,996.0199999999994,10.268247422680407,-66.34,0.38144329896907214,1.2693110534285088,-667.74,0.10698590777510411,0.031044609659972112,58,302.2799999999998,5.211724137931031,0.3448275862068966,39,693.7399999999997,17.78820512820512,0.4358974358974359,143.66,0.14423405152506985,1152,True,True,True,False,False,False
full_history,or_retest_slip_filter|long|buffer_points=0|confirm_pattern=break_prev|end=11:00|max_risk_points=120|max_signal_ema_slope=20|max_stop=120|min_reward_points=8|or_class=normal_tight|rr=1.5|start=10:10|stop_mode=fixed|stop_points=40|target_mode=rr|time_exit=15:55|touch_tolerance=5,or_retest,long,118,992.3799999999993,8.409999999999995,-86.34,0.4830508474576271,1.1884239586537397,-840.4600000000002,0.08486118522651408,0.027159630502572044,70,285.19999999999976,4.074285714285711,0.45714285714285713,48,707.1799999999998,14.732916666666663,0.5208333333333334,113.66,0.11453273947479804,1152,True,True,True,False,False,False
full_history,or_retest_slip_shape|long|buffer_points=0|confirm_pattern=break_prev|end=11:00|max_risk_points=120|max_stop=120|min_reward_points=8|or_class=normal_tight|rr=2.5|start=10:10|stop_mode=fixed|stop_points=30|target_mode=rr|time_exit=15:55|touch_tolerance=10,or_retest,long,166,987.0599999999995,5.94614457831325,-66.34,0.3493975903614458,1.1389790797806876,-995.5600000000004,0.06000542115398157,0.022778141825497058,99,-368.66000000000054,-3.7238383838383893,0.30303030303030304,67,1355.72,20.234626865671643,0.417910447761194,143.66,0.14554333069924835,1152,True,False,True,False,False,False
full_history,or_retest_slip_shape|long|buffer_points=0|confirm_pattern=break_prev|end=11:30|max_risk_points=120|max_stop=120|min_reward_points=8|or_class=normal_tight|rr=1.5|start=10:20|stop_mode=fixed|stop_points=40|target_mode=rr|time_exit=12:00|touch_tolerance=10,or_retest,long,163,985.5799999999989,6.046503067484656,-3.34,0.49079754601226994,1.1536794309254943,-855.0200000000002,0.06694312692648269,0.02518103386740402,97,552.5199999999993,5.696082474226797,0.4742268041237113,66,433.0599999999995,6.5615151515151435,0.5151515151515151,113.66,0.11532295704052449,1152,True,True,True,False,False,False
full_history,or_retest_slip_filter|long|buffer_points=0|confirm_pattern=break_prev|end=11:00|max_risk_points=120|max_stop=120|min_reward_points=8|or_class=normal_tight|prior_day_zombie=yes|rr=2|start=10:00|stop_mode=fixed|stop_points=40|target_mode=rr|time_exit=15:55|touch_tolerance=5,or_retest,long,63,984.5799999999995,15.62825396825396,-86.34,0.4444444444444444,1.325814884675204,-784.9600000000003,0.13383689164510884,0.031298237140424075,37,1173.9199999999998,31.727567567567565,0.5135135135135135,26,-189.34,-7.282307692307692,0.34615384615384615,153.66,0.15606654614150203,1152,False,False,True,False,False,False
full_history,or_retest_slip_filter|long|buffer_points=0|confirm_pattern=break_prev|end=11:00|max_risk_points=120|max_signal_volume_ratio=2.5|max_stop=120|min_reward_points=8|or_class=normal|rr=1.25|start=10:10|stop_mode=fixed|stop_points=40|target_mode=rr|time_exit=15:55|touch_tolerance=5,or_retest,long,79,984.1399999999993,12.457468354430372,93.66,0.5569620253164557,1.3256692809159794,-503.4000000000002,0.13975178005258398,0.03659692992163024,47,391.0199999999995,8.319574468085097,0.5319148936170213,32,593.1199999999999,18.534999999999997,0.59375,93.66,0.09516938646940483,1152,False,True,True,False,False,False
full_history,or_retest_slip_shape|long|buffer_points=0|confirm_pattern=break_prev|end=11:00|max_risk_points=120|max_stop=120|min_reward_points=8|or_class=normal_tight|rr=2.5|start=10:20|stop_mode=fixed|stop_points=30|target_mode=rr|time_exit=15:55|touch_tolerance=5,or_retest,long,131,982.959999999999,7.503511450381672,-66.34,0.35877862595419846,1.1763928966220185,-840.4600000000002,0.0752202382238879,0.02536554002709914,78,184.47999999999925,2.3651282051281957,0.3333333333333333,53,798.4799999999994,15.06566037735848,0.39622641509433965,143.66,0.14615040286481662,1152,True,True,True,False,False,False
full_history,or_retest_slip_shape|long|buffer_points=0|confirm_pattern=break_prev|end=11:30|max_risk_points=120|max_stop=120|min_reward_points=8|or_class=normal|rr=1.5|start=10:00|stop_mode=fixed|stop_points=30|target_mode=rr|time_exit=15:55|touch_tolerance=10,or_retest,long,118,980.8799999999993,8.31254237288135,-11.840000000000003,0.5,1.2506042319228619,-412.4200000000004,0.11073788261103767,0.03544140900607271,70,565.1999999999995,8.074285714285708,0.5,48,415.6799999999998,8.659999999999995,0.5,83.66,0.08529075931816334,1152,True,True,True,False,False,False
full_history,or_retest_slip_shape|long|buffer_points=0|confirm_pattern=break_prev|end=10:45|max_risk_points=120|max_stop=120|min_reward_points=8|or_class=normal|rr=2.5|start=10:00|stop_mode=fixed|stop_points=40|target_mode=rr|time_exit=12:00|touch_tolerance=10,or_retest,long,107,978.6199999999991,9.145981308411207,-86.34,0.40186915887850466,1.1894435668710892,-1314.420000000001,0.07705813149109082,0.023484651686514386,64,826.7399999999996,12.917812499999993,0.421875,43,151.87999999999988,3.532093023255811,0.37209302325581395,193.66,0.19789090760458622,1152,True,False,True,False,False,False
full_history,or_retest_slip_filter|long|buffer_points=0|confirm_pattern=break_prev|end=11:00|max_close_ema_delta=90|max_risk_points=120|max_stop=120|min_reward_points=8|or_class=normal|rr=1.5|start=10:10|stop_mode=fixed|stop_points=40|target_mode=rr|time_exit=15:55|touch_tolerance=5,or_retest,long,61,978.2599999999998,16.037049180327866,42.66,0.5245901639344263,1.390700758029602,-690.7200000000001,0.16162084215590275,0.03719084478153716,36,420.76,11.687777777777777,0.5,25,557.4999999999999,22.299999999999997,0.56,113.66,0.11618588105411652,1152,False,True,True,False,False,False
full_history,or_retest_slip_shape|long|buffer_points=0|confirm_pattern=break_prev|end=11:30|max_risk_points=120|max_stop=120|min_reward_points=8|or_class=normal|rr=2|start=10:00|stop_mode=fixed|stop_points=30|target_mode=rr|time_exit=15:55|touch_tolerance=5,or_retest,long,109,977.939999999999,8.971926605504578,-66.34,0.42201834862385323,1.2339894052284759,-549.7400000000002,0.10103414924279396,0.0310781528460639,65,476.89999999999975,7.336923076923073,0.4153846153846154,44,501.03999999999974,11.387272727272721,0.4318181818181818,113.66,0.11622389921672098,1152,True,True,True,False,False,False
full_history,or_retest_slip_filter|long|buffer_points=0|confirm_pattern=break_prev|end=11:00|max_risk_points=120|max_stop=120|min_reward_points=8|min_signal_rsi=50|or_class=normal|rr=1.5|start=10:00|stop_mode=fixed|stop_points=40|target_mode=rr|time_exit=15:55|touch_tolerance=5,or_retest,long,69,971.5399999999993,14.080289855072454,42.66,0.5072463768115942,1.3309555928000105,-490.72000000000025,0.14071716876772614,0.03443859255972977,41,789.0599999999997,19.24536585365853,0.5365853658536586,28,182.48,6.517142857142857,0.4642857142857143,113.66,0.11698952179014768,1152,False,False,True,False,False,False
full_history,or_retest_slip_filter|long|buffer_points=0|confirm_pattern=break_prev|end=11:00|max_risk_points=120|max_stop=120|min_reward_points=8|or_class=normal_tight|prior_day_zombie=yes|rr=2|start=10:10|stop_mode=fixed|stop_points=40|target_mode=rr|time_exit=15:55|touch_tolerance=5,or_retest,long,53,968.4799999999996,18.273207547169804,-86.34,0.4528301886792453,1.3867947888460215,-450.72000000000025,0.15505855722253406,0.033258865736630824,31,812.4599999999998,26.20838709677419,0.4838709677419355,22,156.01999999999992,7.091818181818178,0.4090909090909091,153.66,0.15866099454815802,1152,False,False,True,False,False,False
full_history,or_retest_slip_shape|long|buffer_points=0|confirm_pattern=break_prev|end=11:00|max_risk_points=120|max_stop=120|min_reward_points=8|or_class=normal|rr=1.5|start=10:00|stop_mode=fixed|stop_points=30|target_mode=rr|time_exit=12:00|touch_tolerance=5,or_retest,long,104,965.1399999999993,9.280192307692301,23.409999999999997,0.5,1.2874425198351234,-399.4000000000009,0.1245021644963581,0.03740824483315595,62,778.9199999999998,12.56322580645161,0.5161290322580645,42,186.21999999999983,4.433809523809519,0.47619047619047616,83.66,0.08668172493109814,1152,True,False,True,False,False,False
full_history,or_retest_slip_shape|long|buffer_points=0|confirm_pattern=break_prev|end=11:30|max_risk_points=120|max_stop=120|min_reward_points=8|or_class=normal_tight|rr=2|start=10:20|stop_mode=fixed|stop_points=30|target_mode=rr|time_exit=15:55|touch_tolerance=5,or_retest,long,151,964.6599999999994,6.388476821192049,-66.34,0.4105960264900662,1.1633837263264144,-739.48,0.07256803713010666,0.026272875646731343,90,78.39999999999961,0.8711111111111067,0.37777777777777777,61,886.2599999999994,14.528852459016385,0.45901639344262296,113.66,0.11782389650239469,1152,True,True,True,False,False,False
full_history,or_retest_slip_shape|long|buffer_points=0|confirm_pattern=break_prev|end=11:00|max_risk_points=120|max_stop=120|min_reward_points=8|or_class=normal|rr=2.5|start=10:10|stop_mode=fixed|stop_points=40|target_mode=rr|time_exit=12:00|touch_tolerance=5,or_retest,long,83,960.2799999999994,11.56963855421686,-40.34,0.42168674698795183,1.259793524370184,-746.24,0.10151313365529815,0.027248025751543847,49,352.3399999999997,7.190612244897953,0.3673469387755102,34,607.9399999999998,17.880588235294113,0.5,193.66,0.20167034614903998,1152,True,False,True,False,False,False
full_history,or_retest_slip_shape|long|buffer_points=0|confirm_pattern=break_prev|end=11:00|max_risk_points=120|max_stop=120|min_reward_points=8|or_class=normal_tight|rr=2|start=10:20|stop_mode=fixed|stop_points=30|target_mode=rr|time_exit=12:00|touch_tolerance=10,or_retest,long,143,959.8799999999991,6.712447552447546,-66.34,0.42657342657342656,1.1851663232945202,-487.74000000000024,0.07984376281326977,0.028130844821781232,85,745.0999999999993,8.76588235294117,0.4235294117647059,58,214.77999999999977,3.7031034482758582,0.43103448275862066,113.66,0.11841063466266627,1152,True,False,True,False,False,False
full_history,or_retest_slip_shape|long|buffer_points=0|confirm_pattern=break_prev|end=10:45|max_risk_points=120|max_stop=120|min_reward_points=8|or_class=normal_tight|rr=2|start=10:20|stop_mode=fixed|stop_points=30|target_mode=rr|time_exit=15:55|touch_tolerance=5,or_retest,long,112,958.9199999999992,8.561785714285707,-66.34,0.41964285714285715,1.2223788873170838,-483.40000000000003,0.09649116266435781,0.030086405961791702,67,524.2199999999997,7.824179104477607,0.417910447761194,45,434.6999999999997,9.659999999999993,0.4222222222222222,113.66,0.11852917865932518,1152,True,True,True,False,False,False
full_history,or_retest_slip_filter|long|buffer_points=0|confirm_pattern=break_prev|end=11:00|max_risk_points=120|max_stop=120|min_reward_points=8|or_class=normal_tight|prior_day_direction=down|rr=2|start=10:10|stop_mode=fixed|stop_points=40|target_mode=rr|time_exit=15:55|touch_tolerance=5,or_retest,long,54,957.6399999999995,17.734074074074066,-86.34,0.4444444444444444,1.381879810184631,-661.44,0.15219864026464427,0.03295197222265778,32,597.1199999999999,18.659999999999997,0.4375,22,360.51999999999975,16.387272727272716,0.45454545454545453,153.66,0.16045695668518448,1152,False,True,True,False,False,False
full_history,or_retest_slip_shape|long|buffer_points=0|confirm_pattern=break_prev|end=11:00|max_risk_points=120|max_stop=120|min_reward_points=8|or_class=normal|rr=2|start=10:00|stop_mode=fixed|stop_points=30|target_mode=rr|time_exit=12:00|touch_tolerance=5,or_retest,long,104,957.1399999999992,9.203269230769223,-66.34,0.4326923076923077,1.2566017704809032,-417.0600000000001,0.10756882544054772,0.032320409647277504,62,596.9199999999996,9.627741935483865,0.43548387096774194,42,360.21999999999986,8.576666666666663,0.42857142857142855,113.66,0.1187496082077858,1152,True,True,True,False,False,False
full_history,or_retest_slip_shape|long|buffer_points=0|confirm_pattern=break_prev|end=10:45|max_risk_points=120|max_stop=120|min_reward_points=8|or_class=normal_tight|rr=2|start=10:10|stop_mode=fixed|stop_points=40|target_mode=rr|time_exit=12:00|touch_tolerance=5,or_retest,long,136,947.7599999999993,6.968823529411759,-30.84,0.45588235294117646,1.164737292201155,-848.1000000000001,0.06865341693698268,0.023588774132562343,81,317.45999999999947,3.9192592592592526,0.41975308641975306,55,630.2999999999996,11.459999999999994,0.509090909090909,153.66,0.1621296530767284,1152,True,True,True,False,False,False
full_history,or_retest_slip_filter|long|buffer_points=0|confirm_pattern=break_prev|end=11:00|max_risk_points=120|max_stop=120|min_reward_points=8|min_signal_rsi=60|or_class=normal|rr=1.25|start=10:10|stop_mode=fixed|stop_points=40|target_mode=rr|time_exit=15:55|touch_tolerance=5,or_retest,long,44,946.0399999999996,21.500909090909083,93.66,0.6136363636363636,1.6445380097834823,-229.74000000000012,0.24603383805016368,0.048083374643347214,26,944.1599999999999,36.31384615384615,0.6923076923076923,18,1.8799999999999386,0.10444444444444104,0.5,93.66,0.09900215635702511,1152,False,False,True,True,False,False
full_history,or_retest_slip_shape|long|buffer_points=0|confirm_pattern=break_prev|end=11:30|max_risk_points=120|max_stop=120|min_reward_points=8|or_class=normal|rr=2.5|start=10:00|stop_mode=fixed|stop_points=30|target_mode=rr|time_exit=15:55|touch_tolerance=5,or_retest,long,109,945.9399999999991,8.678348623853203,-66.34,0.3669724770642202,1.2066517238818029,-729.7400000000002,0.08678485378161885,0.026695062716538126,65,303.89999999999964,4.67538461538461,0.35384615384615387,44,642.0399999999996,14.591818181818173,0.38636363636363635,143.66,0.15187009746918423,1152,True,True,True,False,False,False
full_history,or_retest_slip_shape|long|buffer_points=0|confirm_pattern=break_prev|end=11:00|max_risk_points=120|max_stop=120|min_reward_points=8|or_class=normal_tight|rr=2|start=10:20|stop_mode=fixed|stop_points=40|target_mode=rr|time_exit=12:00|touch_tolerance=5,or_retest,long,131,944.9599999999992,7.213435114503811,-30.34,0.4580152671755725,1.1705968796600188,-1232.9600000000003,0.07105125569372629,0.023959688414048698,78,597.9799999999993,7.666410256410248,0.44871794871794873,53,346.9799999999997,6.546792452830182,0.4716981132075472,153.66,0.16261005756857447,1152,True,True,True,False,False,False
full_history,or_retest_slip_shape|long|buffer_points=0|confirm_pattern=break_prev|end=11:30|max_risk_points=120|max_stop=120|min_reward_points=8|or_class=normal|rr=2|start=10:10|stop_mode=fixed|stop_points=40|target_mode=rr|time_exit=12:00|touch_tolerance=5,or_retest,long,90,944.3999999999995,10.493333333333329,-42.34,0.43333333333333335,1.238283871683983,-746.24,0.09692172710691176,0.02709044628846734,54,522.1399999999995,9.66925925925925,0.4074074074074074,36,422.2599999999999,11.729444444444441,0.4722222222222222,153.66,0.1627064803049556,1152,True,True,True,False,False,False
full_history,or_retest_slip_shape|long|buffer_points=0|confirm_pattern=break_prev|end=10:45|max_risk_points=120|max_stop=120|min_reward_points=8|or_class=normal|rr=2|start=10:00|stop_mode=fixed|stop_points=40|target_mode=rr|time_exit=12:00|touch_tolerance=5,or_retest,long,96,942.8599999999992,9.821458333333325,-86.34,0.4270833333333333,1.2126096466502803,-1079.9000000000008,0.08877100253851082,0.025625981105921087,57,928.1199999999998,16.282807017543856,0.45614035087719296,39,14.739999999999867,0.37794871794871454,0.38461538461538464,153.66,0.16297223341747463,1152,True,False,True,False,False,False
full_history,or_retest_slip_shape|long|buffer_points=0|confirm_pattern=break_prev|end=10:45|max_risk_points=120|max_stop=120|min_reward_points=8|or_class=normal|rr=1.5|start=10:20|stop_mode=fixed|stop_points=40|target_mode=rr|time_exit=15:55|touch_tolerance=10,or_retest,long,73,942.1799999999995,12.906575342465747,29.66,0.5068493150684932,1.3031233109412395,-663.3999999999996,0.12987498198572317,0.032693445378192916,43,1016.3799999999998,23.636744186046506,0.5581395348837209,30,-74.19999999999999,-2.473333333333333,0.43333333333333335,113.66,0.12063512280031423,1152,False,False,True,False,False,False
full_history,or_retest_slip_shape|long|buffer_points=0|confirm_pattern=break_prev|end=10:45|max_risk_points=120|max_stop=120|min_reward_points=8|or_class=normal|rr=2|start=10:20|stop_mode=fixed|stop_points=60|target_mode=rr|time_exit=15:55|touch_tolerance=10,or_retest,long,73,940.6799999999995,12.886027397260268,-126.34,0.410958904109589,1.1804101171434487,-1500.619999999999,0.0771785230592269,0.019428159214557653,43,1840.8799999999999,42.81116279069767,0.4883720930232558,30,-900.2,-30.006666666666668,0.3,233.66,0.24839477824552464,1152,False,False,True,False,False,False
full_history,or_retest_slip_shape|long|buffer_points=0|confirm_pattern=break_prev|end=11:00|max_risk_points=120|max_stop=120|min_reward_points=8|or_class=normal_tight|rr=2|start=10:10|stop_mode=fixed|stop_points=30|target_mode=rr|time_exit=15:55|touch_tolerance=5,or_retest,long,153,938.9799999999993,6.137124183006532,-66.34,0.40522875816993464,1.1555390644929378,-995.5600000000004,0.06951909493901406,0.0253351561476609,91,-347.9400000000004,-3.823516483516488,0.3516483516483517,62,1286.92,20.756774193548388,0.4838709677419355,113.66,0.12104624166648925,1152,True,False,True,False,False,False
full_history,or_retest_slip_filter|long|buffer_points=0|confirm_pattern=break_prev|end=11:00|max_close_ema_delta=70|max_risk_points=120|max_stop=120|min_reward_points=8|or_class=normal_tight|rr=1.5|start=10:00|stop_mode=fixed|stop_points=40|target_mode=rr|time_exit=15:55|touch_tolerance=5,or_retest,long,121,938.3599999999991,7.755041322314042,-86.34,0.4793388429752066,1.1725110397799758,-798.9600000000004,0.07826048462415637,0.025363488047647983,72,112.51999999999958,1.562777777777772,0.4444444444444444,49,825.8399999999998,16.853877551020403,0.5306122448979592,113.66,0.12112622021399048,1152,True,True,True,False,False,False
full_history,or_retest_slip_shape|long|buffer_points=0|confirm_pattern=break_prev|end=11:30|max_risk_points=120|max_stop=120|min_reward_points=8|or_class=normal|rr=1.5|start=10:00|stop_mode=fixed|stop_points=30|target_mode=rr|time_exit=12:00|touch_tolerance=10,or_retest,long,118,936.3799999999993,7.935423728813554,-20.34,0.4915254237288136,1.240813702294002,-439.9200000000004,0.10638362718716739,0.034047839400481256,70,548.1999999999995,7.831428571428564,0.4857142857142857,48,388.1799999999998,8.087083333333329,0.5,83.66,0.08934406971528659,1152,True,True,True,False,False,False
full_history,or_retest_slip_shape|long|buffer_points=0|confirm_pattern=break_prev|end=11:30|max_risk_points=120|max_stop=120|min_reward_points=8|or_class=normal|rr=1.5|start=10:00|stop_mode=fixed|stop_points=40|target_mode=rr|time_exit=12:00|touch_tolerance=10,or_retest,long,118,935.8799999999991,7.931186440677958,-20.34,0.4830508474576271,1.187073483730915,-779.9200000000003,0.08262051673821184,0.026442509617934297,70,475.6999999999996,6.79571428571428,0.4714285714285714,48,460.17999999999984,9.58708333333333,0.5,113.66,0.12144719408471183,1152,True,True,True,False,False,False
full_history,or_retest_slip_shape|long|buffer_points=0|confirm_pattern=break_prev|end=11:30|max_risk_points=120|max_stop=120|min_reward_points=8|or_class=normal|rr=1.25|start=10:10|stop_mode=fixed|stop_points=40|target_mode=rr|time_exit=15:55|touch_tolerance=5,or_retest,long,90,934.3999999999991,10.382222222222213,93.66,0.5444444444444444,1.2639592761459233,-589.7400000000001,0.11616408773248567,0.03246884958926092,54,506.6399999999994,9.382222222222211,0.5370370370370371,36,427.7599999999999,11.882222222222218,0.5555555555555556,93.66,0.10023544520547954,1152,True,True,True,False,False,False
full_history,or_retest_slip_shape|long|buffer_points=0|confirm_pattern=break_prev|end=11:30|max_risk_points=120|max_stop=120|min_reward_points=8|or_class=normal_tight|rr=2.5|start=10:20|stop_mode=fixed|stop_points=40|target_mode=rr|time_exit=12:00|touch_tolerance=10,or_retest,long,163,934.079999999999,5.7305521472392575,-41.34,0.44171779141104295,1.133804330075892,-1171.9800000000002,0.05462020001432417,0.02054569557104111,97,662.5199999999996,6.830103092783501,0.4329896907216495,66,271.5599999999996,4.114545454545449,0.45454545454545453,193.66,0.20732699554642023,1152,True,True,True,False,False,False
full_history,or_retest_slip_shape|long|buffer_points=0|confirm_pattern=break_prev|end=11:00|max_risk_points=120|max_stop=120|min_reward_points=8|or_class=normal_tight|rr=2.5|start=10:10|stop_mode=fixed|stop_points=30|target_mode=rr|time_exit=15:55|touch_tolerance=5,or_retest,long,153,932.4799999999989,6.094640522875809,-66.34,0.3464052287581699,1.1418975880696942,-1154.960000000001,0.06129966742599534,0.02233971324568714,91,-467.9400000000006,-5.142197802197809,0.2967032967032967,62,1400.42,22.587419354838712,0.41935483870967744,143.66,0.15406228551818824,1152,True,False,True,False,False,False
full_history,or_retest_slip_shape|long|buffer_points=0|confirm_pattern=break_prev|end=10:45|max_risk_points=120|max_stop=120|min_reward_points=8|or_class=normal|rr=2|start=10:00|stop_mode=fixed|stop_points=40|target_mode=rr|time_exit=12:00|touch_tolerance=10,or_retest,long,107,930.1199999999992,8.692710280373824,-86.34,0.42990654205607476,1.1877990768746183,-1098.920000000001,0.079359319677738,0.02418597420735411,64,780.7399999999998,12.199062499999997,0.453125,43,149.37999999999985,3.4739534883720897,0.3953488372093023,153.66,0.16520448974325908,1152,True,False,True,False,False,False
full_history,or_retest_slip_shape|long|buffer_points=0|confirm_pattern=break_prev|end=11:00|max_risk_points=120|max_stop=120|min_reward_points=8|or_class=normal|rr=1.25|start=10:10|stop_mode=fixed|stop_points=40|target_mode=rr|time_exit=12:00|touch_tolerance=5,or_retest,long,83,928.2799999999993,11.18409638554216,56.16,0.5421686746987951,1.3089200378046661,-447.24000000000035,0.13005728811898584,0.034909811255315594,49,365.3399999999996,7.45591836734693,0.4897959183673469,34,562.9399999999998,16.557058823529406,0.6176470588235294,93.66,0.10089628129443709,1152,True,False,True,False,False,False
full_history,or_retest_slip_shape|long|buffer_points=0|confirm_pattern=break_prev|end=11:00|max_risk_points=120|max_stop=120|min_reward_points=8|or_class=normal|rr=2.5|start=10:20|stop_mode=fixed|stop_points=30|target_mode=rr|time_exit=15:55|touch_tolerance=5,or_retest,long,73,927.1799999999994,12.70109589041095,-66.34,0.3835616438356164,1.3105818510702436,-464.38,0.12504523486292238,0.03147765253390879,43,406.37999999999965,9.450697674418597,0.37209302325581395,30,520.7999999999997,17.359999999999992,0.4,143.66,0.15494294527491975,1152,False,True,True,False,False,False
full_history,or_retest_slip_filter|long|buffer_points=0|confirm_pattern=break_prev|end=11:00|max_risk_points=120|max_stop=120|min_reward_points=8|or_class=normal_tight|prior_day_direction=up|rr=1.25|start=10:10|stop_mode=fixed|stop_points=40|target_mode=rr|time_exit=15:55|touch_tolerance=5,or_retest,long,95,926.6999999999994,9.754736842105256,93.66,0.5368421052631579,1.2439351822604074,-510.72000000000014,0.10852915798139282,0.031166066763308756,57,427.61999999999966,7.502105263157889,0.5263157894736842,38,499.0799999999997,13.133684210526308,0.5526315789473685,93.66,0.10106830689543549,1152,True,True,True,False,False,False
full_history,or_retest_slip_shape|long|buffer_points=0|confirm_pattern=break_prev|end=11:00|max_risk_points=120|max_stop=120|min_reward_points=8|or_class=normal|rr=1.25|start=10:10|stop_mode=fixed|stop_points=60|target_mode=rr|time_exit=12:00|touch_tolerance=5,or_retest,long,83,924.7799999999992,11.141927710843364,8.16,0.5180722891566265,1.2266284369945593,-979.9000000000001,0.09322299384387034,0.025022797005944047,49,800.8399999999998,16.343673469387753,0.5102040816326531,34,123.93999999999988,3.6452941176470555,0.5294117647058824,143.66,0.15534505504011778,1152,True,False,True,False,False,False
full_history,or_retest_slip_shape|long|buffer_points=0|confirm_pattern=break_prev|end=11:30|max_risk_points=120|max_stop=120|min_reward_points=8|or_class=normal_tight|rr=2.5|start=10:10|stop_mode=fixed|stop_points=30|target_mode=rr|time_exit=15:55|touch_tolerance=5,or_retest,long,169,921.0399999999987,5.449940828402359,-66.34,0.3431952662721893,1.1261484350603452,-1353.9800000000014,0.05491286369054194,0.021032514907058826,101,-501.34000000000094,-4.963762376237633,0.297029702970297,68,1422.38,20.91735294117647,0.4117647058823529,143.66,0.15597585338313233,1152,True,False,True,False,False,False
full_history,or_retest_slip_shape|long|buffer_points=0|confirm_pattern=break_prev|end=11:30|max_risk_points=120|max_stop=120|min_reward_points=8|or_class=normal|rr=2|start=10:00|stop_mode=fixed|stop_points=30|target_mode=rr|time_exit=15:55|touch_tolerance=10,or_retest,long,118,920.8799999999993,7.8040677966101635,-66.34,0.4152542372881356,1.2011770720006285,-673.1400000000004,0.08808446387522832,0.028191233547854,70,325.1999999999997,4.6457142857142815,0.4,48,595.6799999999998,12.409999999999997,0.4375,113.66,0.12342541916427774,1152,True,True,True,False,False,False
full_history,or_retest_slip_shape|long|buffer_points=0|confirm_pattern=break_prev|end=10:45|max_risk_points=120|max_stop=120|min_reward_points=8|or_class=normal_tight|rr=1.25|start=10:10|stop_mode=fixed|stop_points=60|target_mode=rr|time_exit=12:00|touch_tolerance=5,or_retest,long,136,919.2599999999993,6.759264705882348,11.41,0.5294117647058824,1.1430808310349334,-802.5800000000011,0.06011827678934552,0.020656167102715846,81,780.4599999999995,9.635308641975302,0.5185185185185185,55,138.79999999999978,2.52363636363636,0.5454545454545454,143.66,0.1562778756826144,1152,True,False,True,False,False,False
full_history,or_retest_slip_shape|long|buffer_points=0|confirm_pattern=break_prev|end=10:45|max_risk_points=120|max_stop=120|min_reward_points=8|or_class=normal|rr=2|start=10:00|stop_mode=fixed|stop_points=60|target_mode=rr|time_exit=15:55|touch_tolerance=5,or_retest,long,96,916.8599999999998,9.550624999999998,-126.34,0.40625,1.1344393156477823,-1805.5599999999968,0.05797689496739974,0.01673648795810345,57,1520.1199999999997,26.668771929824555,0.43859649122807015,39,-603.2600000000002,-15.468205128205133,0.358974358974359,233.66,0.2548480684073905,1152,True,False,False,False,False,False
full_history,or_retest_slip_shape|long|buffer_points=0|confirm_pattern=break_prev|end=11:00|max_risk_points=120|max_stop=120|min_reward_points=8|or_class=normal|rr=1.25|start=10:00|stop_mode=fixed|stop_points=30|target_mode=rr|time_exit=15:55|touch_tolerance=10,or_retest,long,114,916.2399999999994,8.037192982456135,68.66,0.5526315789473685,1.2708093186023268,-265.3600000000001,0.11949612186725558,0.037590663989779845,68,457.87999999999965,6.7335294117647,0.5441176470588235,46,458.3599999999997,9.96434782608695,0.5652173913043478,68.66,0.07493669780843451,1152,True,True,True,False,False,False
full_history,or_retest_slip_shape|long|buffer_points=0|confirm_pattern=break_prev|end=11:00|max_risk_points=120|max_stop=120|min_reward_points=8|or_class=normal|rr=1.25|start=10:20|stop_mode=fixed|stop_points=40|target_mode=rr|time_exit=15:55|touch_tolerance=10,or_retest,long,84,912.4399999999996,10.862380952380947,93.66,0.5476190476190477,1.2781049217902287,-589.7399999999996,0.12162479056677172,0.03284244709005875,50,671.9999999999999,13.439999999999998,0.56,34,240.43999999999994,7.071764705882352,0.5294117647058824,93.66,0.10264784533777567,1152,True,False,True,False,False,False
full_history,or_retest_slip_shape|long|buffer_points=0|confirm_pattern=break_prev|end=10:45|max_risk_points=120|max_stop=120|min_reward_points=8|or_class=normal|rr=1.5|start=10:20|stop_mode=fixed|stop_points=60|target_mode=rr|time_exit=15:55|touch_tolerance=10,or_retest,long,73,906.1799999999993,12.413424657534236,-126.34,0.4794520547945205,1.1887513226631559,-1518.119999999999,0.08414985223182965,0.021183052774758074,43,1840.3799999999999,42.79953488372093,0.5813953488372093,30,-934.2,-31.14,0.3333333333333333,173.66,0.19163963009556614,1152,False,False,True,False,False,False
full_history,or_retest_slip_shape|long|buffer_points=0|confirm_pattern=break_prev|end=11:00|max_risk_points=120|max_stop=120|min_reward_points=8|or_class=normal|rr=1.25|start=10:00|stop_mode=fixed|stop_points=30|target_mode=rr|time_exit=15:55|touch_tolerance=5,or_retest,long,104,904.6399999999994,8.698461538461533,68.66,0.5576923076923077,1.2964438793566728,-395.72000000000025,0.12944496447498866,0.03889337139709884,62,585.9199999999997,9.450322580645157,0.5645161290322581,42,318.7199999999998,7.588571428571424,0.5476190476190477,68.66,0.0758975946232756,1152,True,True,True,False,False,False
full_history,or_retest_slip_shape|long|buffer_points=0|confirm_pattern=break_prev|end=11:00|max_risk_points=120|max_stop=120|min_reward_points=8|or_class=normal|rr=2|start=10:20|stop_mode=fixed|stop_points=30|target_mode=rr|time_exit=12:00|touch_tolerance=10,or_retest,long,84,904.4399999999996,10.767142857142852,-66.34,0.42857142857142855,1.3026583498420512,-427.24000000000035,0.12443789657488695,0.033602072531547414,50,658.9999999999998,13.179999999999996,0.42,34,245.43999999999988,7.218823529411761,0.4411764705882353,113.66,0.12566892220600598,1152,True,False,True,False,False,False
full_history,or_retest_slip_shape|long|buffer_points=0|confirm_pattern=break_prev|end=11:00|max_risk_points=120|max_stop=120|min_reward_points=8|or_class=normal|rr=1.5|start=10:10|stop_mode=fixed|stop_points=30|target_mode=rr|time_exit=15:55|touch_tolerance=5,or_retest,long,83,902.7799999999993,10.87686746987951,83.66,0.5180722891566265,1.340209526680735,-363.4000000000001,0.14490743530670133,0.038895868806834884,49,458.3399999999996,9.3538775510204,0.5102040816326531,34,444.4399999999998,13.071764705882348,0.5294117647058824,83.66,0.0926693103524669,1152,True,True,True,False,False,False
full_history,or_retest_slip_shape|long|buffer_points=0|confirm_pattern=break_prev|end=11:00|max_risk_points=120|max_stop=120|min_reward_points=8|or_class=normal_tight|rr=2.5|start=10:20|stop_mode=fixed|stop_points=60|target_mode=rr|time_exit=12:00|touch_tolerance=5,or_retest,long,131,899.9599999999994,6.869923664122132,8.16,0.5267175572519084,1.1504929699937119,-1014.0799999999977,0.05933893557982615,0.020010095436490367,78,1059.9799999999998,13.589487179487177,0.5384615384615384,53,-160.02000000000024,-3.0192452830188725,0.5094339622641509,293.66,0.3263033912618341,1152,True,False,False,False,False,False
full_history,or_retest_slip_shape|long|buffer_points=0|confirm_pattern=break_prev|end=11:30|max_risk_points=120|max_stop=120|min_reward_points=8|or_class=normal|rr=1.5|start=10:00|stop_mode=fixed|stop_points=60|target_mode=rr|time_exit=15:55|touch_tolerance=10,or_retest,long,118,899.8799999999993,7.626101694915248,-126.34,0.4661016949152542,1.1137588143233859,-1829.84,0.05230183886953129,0.01673908530160039,70,1609.2,22.98857142857143,0.5142857142857142,48,-709.3200000000002,-14.777500000000003,0.3958333333333333,173.66,0.19298128639374154,1152,True,False,True,False,False,False
full_history,or_retest_slip_shape|long|buffer_points=0|confirm_pattern=break_prev|end=11:00|max_risk_points=120|max_stop=120|min_reward_points=8|or_class=normal|rr=1.5|start=10:10|stop_mode=fixed|stop_points=60|target_mode=rr|time_exit=12:00|touch_tolerance=5,or_retest,long,83,898.2799999999994,10.822650602409631,-1.84,0.4939759036144578,1.2099138172776727,-1106.2400000000002,0.0851709635478899,0.02286148131252751,49,831.3399999999998,16.966122448979586,0.4897959183673469,34,66.93999999999988,1.9688235294117613,0.5,173.66,0.19332502115153416,1152,True,False,True,False,False,False
full_history,or_retest_slip_shape|long|buffer_points=0|confirm_pattern=break_prev|end=10:45|max_risk_points=120|max_stop=120|min_reward_points=8|or_class=normal_tight|rr=2.5|start=10:20|stop_mode=fixed|stop_points=40|target_mode=rr|time_exit=12:00|touch_tolerance=10,or_retest,long,126,898.1599999999987,7.128253968253958,-54.34,0.4365079365079365,1.160167200462226,-825.5200000000008,0.06519402752580258,0.021560897974996652,75,772.9999999999994,10.30666666666666,0.44,51,125.1599999999996,2.4541176470588155,0.43137254901960786,193.66,0.21561859802262434,1152,True,False,True,False,False,False
full_history,or_retest_slip_filter|long|buffer_points=0|confirm_pattern=break_prev|end=11:00|max_risk_points=120|max_stop=120|min_reward_points=8|or_class=normal|prior_day_direction=down|rr=2|start=10:10|stop_mode=fixed|stop_points=40|target_mode=rr|time_exit=15:55|touch_tolerance=5,or_retest,long,38,896.0799999999997,23.581052631578938,-86.34,0.47368421052631576,1.518925179522817,-450.72000000000025,0.19800904417641896,0.03596255889467046,22,500.52,22.75090909090909,0.45454545454545453,16,395.55999999999995,24.722499999999997,0.5,153.66,0.17148022497991255,1152,False,True,True,True,False,False
full_history,or_retest_slip_shape|long|buffer_points=0|confirm_pattern=break_prev|end=10:45|max_risk_points=120|max_stop=120|min_reward_points=8|or_class=normal|rr=1.5|start=10:20|stop_mode=fixed|stop_points=40|target_mode=rr|time_exit=15:55|touch_tolerance=5,or_retest,long,62,891.9199999999998,14.3858064516129,36.16,0.5161290322580645,1.344344066095282,-577.0599999999996,0.1449234451055023,0.0336208163748737,37,734.4199999999997,19.849189189189183,0.5405405405405406,25,157.50000000000003,6.300000000000001,0.48,113.66,0.1274329536281281,1152,False,False,True,False,False,False
full_history,or_retest_slip_shape|long|buffer_points=0|confirm_pattern=break_prev|end=11:30|max_risk_points=120|max_stop=120|min_reward_points=8|or_class=normal|rr=2|start=10:10|stop_mode=fixed|stop_points=40|target_mode=rr|time_exit=12:00|touch_tolerance=10,or_retest,long,97,891.5199999999994,9.190927835051541,-86.34,0.4329896907216495,1.205102721604895,-822.9800000000006,0.08480485788922364,0.024608228926510992,58,526.2799999999997,9.07379310344827,0.41379310344827586,39,365.23999999999984,9.365128205128201,0.46153846153846156,153.66,0.1723573223259154,1152,True,True,True,False,False,False
full_history,or_retest_slip_shape|long|buffer_points=0|confirm_pattern=break_prev|end=10:45|max_risk_points=120|max_stop=120|min_reward_points=8|or_class=normal|rr=2|start=10:00|stop_mode=fixed|stop_points=60|target_mode=rr|time_exit=12:00|touch_tolerance=10,or_retest,long,107,889.6199999999989,8.314205607476625,-10.84,0.4672897196261682,1.1450101713480947,-1455.8199999999988,0.0600198548117506,0.01829197460740524,64,1527.7399999999996,23.870937499999993,0.515625,43,-638.1200000000005,-14.84000000000001,0.3953488372093023,233.66,0.2626514691666108,1152,True,False,False,False,False,False
full_history,or_retest_slip_shape|long|buffer_points=0|confirm_pattern=break_prev|end=11:30|max_risk_points=120|max_stop=120|min_reward_points=8|or_class=normal|rr=2.5|start=10:10|stop_mode=fixed|stop_points=40|target_mode=rr|time_exit=15:55|touch_tolerance=5,or_retest,long,90,888.8999999999994,9.87666666666666,-86.34,0.36666666666666664,1.180620069980371,-928.7600000000003,0.07575002404746486,0.0211727753834219,54,1032.6399999999996,19.122962962962955,0.3888888888888889,36,-143.74000000000012,-3.992777777777781,0.3333333333333333,193.66,0.2178647766902915,1152,True,False,True,False,False,False
full_history,or_retest_slip_shape|long|buffer_points=0|confirm_pattern=break_prev|end=11:00|max_risk_points=120|max_stop=120|min_reward_points=8|or_class=normal|rr=1.25|start=10:00|stop_mode=fixed|stop_points=30|target_mode=rr|time_exit=12:00|touch_tolerance=10,or_retest,long,114,886.7399999999993,7.778421052631573,68.66,0.543859649122807,1.2640930642586539,-268.5800000000004,0.11636170386669613,0.036604649949981666,68,440.87999999999965,6.4835294117647,0.5294117647058824,46,445.8599999999997,9.692608695652167,0.5652173913043478,68.66,0.07742968626654943,1152,True,True,True,False,False,False
full_history,or_retest_slip_shape|long|buffer_points=0|confirm_pattern=break_prev|end=11:00|max_risk_points=120|max_stop=120|min_reward_points=8|or_class=normal|rr=2.5|start=10:00|stop_mode=fixed|stop_points=60|target_mode=rr|time_exit=12:00|touch_tolerance=5,or_retest,long,104,886.6399999999995,8.525384615384612,-5.59,0.49038461538461536,1.1552507257897886,-1132.5800000000004,0.06359409034749816,0.01910764613036618,62,961.4199999999997,15.506774193548383,0.5,42,-74.78000000000026,-1.7804761904761965,0.47619047619047616,293.66,0.33120544978796373,1152,True,False,False,False,False,False
full_history,or_retest_slip_shape|long|buffer_points=0|confirm_pattern=break_prev|end=10:45|max_risk_points=120|max_stop=120|min_reward_points=8|or_class=normal_tight|rr=2|start=10:10|stop_mode=fixed|stop_points=30|target_mode=rr|time_exit=12:00|touch_tolerance=10,or_retest,long,150,885.4999999999992,5.903333333333328,-66.34,0.41333333333333333,1.1582261517184194,-920.5400000000005,0.06940594928588469,0.0250447146897294,90,-12.600000000000875,-0.14000000000000973,0.36666666666666664,60,898.0999999999997,14.968333333333328,0.48333333333333334,113.66,0.1283568605307737,1152,True,False,True,False,False,False
full_history,or_retest_slip_shape|long|buffer_points=0|confirm_pattern=break_prev|end=11:00|max_risk_points=120|max_stop=120|min_reward_points=8|or_class=normal|rr=1.25|start=10:00|stop_mode=fixed|stop_points=30|target_mode=rr|time_exit=12:00|touch_tolerance=5,or_retest,long,104,875.1399999999994,8.414807692307686,68.66,0.5480769230769231,1.2892087852530412,-395.72000000000025,0.12606782294902916,0.03787866665240337,62,568.9199999999996,9.176129032258059,0.5483870967741935,42,306.2199999999998,7.290952380952376,0.5476190476190477,68.66,0.07845601846561698,1152,True,True,True,False,False,False
full_history,or_retest_slip_shape|long|buffer_points=0|confirm_pattern=break_prev|end=11:30|max_risk_points=120|max_stop=120|min_reward_points=8|or_class=normal|rr=1.25|start=10:10|stop_mode=fixed|stop_points=40|target_mode=rr|time_exit=15:55|touch_tolerance=10,or_retest,long,97,870.0199999999992,8.969278350515456,93.66,0.5360824742268041,1.223926080354155,-589.7400000000001,0.10021678710996128,0.029080381724155027,58,521.2799999999997,8.987586206896548,0.5344827586206896,39,348.73999999999984,8.942051282051278,0.5384615384615384,93.66,0.10765269763913483,1152,True,True,True,False,False,False
full_history,or_retest_slip_shape|long|buffer_points=0|confirm_pattern=break_prev|end=11:00|max_risk_points=120|max_stop=120|min_reward_points=8|or_class=normal|rr=1.5|start=10:20|stop_mode=fixed|stop_points=60|target_mode=rr|time_exit=12:00|touch_tolerance=5,or_retest,long,73,868.6799999999994,11.899726027397252,1.66,0.5205479452054794,1.2330525299136124,-1080.8999999999996,0.09387305063644155,0.023630674719201966,43,910.3799999999995,21.171627906976735,0.5348837209302325,30,-41.7000000000001,-1.3900000000000035,0.5,173.66,0.19991251093613313,1152,False,False,True,False,False,False
full_history,or_retest_slip_filter|long|buffer_points=0|confirm_pattern=break_prev|end=11:00|max_risk_points=120|max_signal_ema_slope=30|max_stop=120|min_reward_points=8|or_class=normal|rr=1.25|start=10:10|stop_mode=fixed|stop_points=40|target_mode=rr|time_exit=15:55|touch_tolerance=5,or_retest,long,72,868.5199999999998,12.062777777777775,93.66,0.5555555555555556,1.314353138753764,-510.72000000000014,0.13532976403534858,0.033832441008837144,43,556.3799999999998,12.939069767441856,0.5581395348837209,29,312.13999999999993,10.763448275862066,0.5517241379310345,93.66,0.10783862202367248,1152,False,True,True,False,False,False
full_history,or_retest_slip_shape|long|buffer_points=0|confirm_pattern=break_prev|end=11:30|max_risk_points=120|max_stop=120|min_reward_points=8|or_class=normal|rr=1.5|start=10:20|stop_mode=fixed|stop_points=40|target_mode=rr|time_exit=12:00|touch_tolerance=10,or_retest,long,90,866.3999999999993,9.626666666666658,-3.84,0.4888888888888889,1.2393938891559866,-693.5800000000003,0.10210958873194892,0.028540497694898043,54,556.1399999999995,10.29888888888888,0.46296296296296297,36,310.2599999999999,8.61833333333333,0.5277777777777778,113.66,0.1311865189289013,1152,True,True,True,False,False,False
full_history,or_retest_slip_shape|long|buffer_points=0|confirm_pattern=break_prev|end=10:45|max_risk_points=120|max_stop=120|min_reward_points=8|or_class=normal_tight|rr=1.5|start=10:20|stop_mode=fixed|stop_points=60|target_mode=rr|time_exit=12:00|touch_tolerance=5,or_retest,long,112,863.9199999999993,7.713571428571422,1.41,0.5178571428571429,1.1633934515523812,-915.6599999999985,0.06579328068643188,0.020514659556706595,67,1260.72,18.81671641791045,0.5373134328358209,45,-396.8000000000003,-8.817777777777785,0.4888888888888889,173.66,0.20101398277618315,1152,True,False,True,False,False,False
full_history,or_retest_slip_shape|long|buffer_points=0|confirm_pattern=break_prev|end=10:45|max_risk_points=120|max_stop=120|min_reward_points=8|or_class=normal_tight|rr=1.5|start=10:20|stop_mode=fixed|stop_points=40|target_mode=rr|time_exit=12:00|touch_tolerance=10,or_retest,long,126,859.1599999999994,6.818730158730154,-9.09,0.49206349206349204,1.1675997705929855,-518.0400000000001,0.073546396525531,0.024323184378937487,75,778.9999999999997,10.386666666666661,0.49333333333333335,51,80.15999999999983,1.5717647058823496,0.49019607843137253,113.66,0.1322920061455376,1152,True,False,True,False,False,False
full_history,or_retest_slip_shape|long|buffer_points=0|confirm_pattern=break_prev|end=11:00|max_risk_points=120|max_stop=120|min_reward_points=8|or_class=normal|rr=2.5|start=10:00|stop_mode=fixed|stop_points=60|target_mode=rr|time_exit=12:00|touch_tolerance=10,or_retest,long,114,854.2399999999994,7.493333333333329,-9.84,0.4824561403508772,1.1337349473038214,-1399.6599999999994,0.05514287208801771,0.0173466481062436,68,1199.8799999999999,17.645294117647058,0.5147058823529411,46,-345.6400000000001,-7.513913043478263,0.43478260869565216,293.66,0.3437675594680654,1152,True,False,False,False,False,False
full_history,or_retest_slip_shape|long|buffer_points=0|confirm_pattern=break_prev|end=11:00|max_risk_points=120|max_stop=120|min_reward_points=8|or_class=normal|rr=1.5|start=10:10|stop_mode=fixed|stop_points=30|target_mode=rr|time_exit=12:00|touch_tolerance=10,or_retest,long,92,853.7199999999991,9.279565217391294,2.41,0.5,1.2952373047820605,-373.5800000000004,0.1260087503507357,0.035609705234997555,55,561.2999999999995,10.205454545454536,0.4909090909090909,37,292.41999999999985,7.903243243243239,0.5135135135135135,83.66,0.09799465867029013,1152,True,True,True,False,False,False
full_history,or_retest_slip_shape|long|buffer_points=0|confirm_pattern=break_prev|end=11:00|max_risk_points=120|max_stop=120|min_reward_points=8|or_class=normal|rr=1.5|start=10:10|stop_mode=fixed|stop_points=60|target_mode=rr|time_exit=15:55|touch_tolerance=5,or_retest,long,83,852.2799999999991,10.268433734939748,-126.34,0.46987951807228917,1.1546798887832213,-1209.7999999999997,0.07001849073354598,0.01879427390223531,49,1430.8399999999995,29.2008163265306,0.5306122448979592,34,-578.5600000000002,-17.0164705882353,0.38235294117647056,173.66,0.20375932792040197,1152,True,False,True,False,False,False
full_history,or_retest_slip_filter|long|buffer_points=0|confirm_pattern=break_prev|end=11:00|max_risk_points=120|max_signal_rsi=70|max_stop=120|min_reward_points=8|or_class=normal_tight|rr=1.5|start=10:10|stop_mode=fixed|stop_points=40|target_mode=rr|time_exit=15:55|touch_tolerance=5,or_retest,long,115,851.3999999999992,7.403478260869558,-86.34,0.4782608695652174,1.164350243224461,-1112.6200000000003,0.07476448768606818,0.023622074906740873,69,-28.46000000000035,-0.4124637681159471,0.43478260869565216,46,879.8599999999996,19.127391304347817,0.5434782608695652,113.66,0.13349776838148944,1152,True,False,True,False,False,False
full_history,or_retest_slip_shape|long|buffer_points=0|confirm_pattern=break_prev|end=11:30|max_risk_points=120|max_stop=120|min_reward_points=8|or_class=normal|rr=1.5|start=10:10|stop_mode=fixed|stop_points=40|target_mode=rr|time_exit=12:00|touch_tolerance=5,or_retest,long,90,841.3999999999996,9.348888888888885,-3.84,0.4888888888888889,1.2349203158329696,-667.74,0.09963059963507827,0.027847599177887598,54,293.1399999999998,5.428518518518515,0.4444444444444444,36,548.2599999999998,15.229444444444438,0.5555555555555556,113.66,0.13508438317090568,1152,True,False,True,False,False,False
full_history,or_retest_slip_filter|long|buffer_points=0|confirm_pattern=break_prev|end=11:00|max_risk_points=120|max_stop=120|min_reward_points=8|or_class=normal|prior_day_direction=up|rr=1.5|start=10:00|stop_mode=fixed|stop_points=40|target_mode=rr|time_exit=15:55|touch_tolerance=5,or_retest,long,52,839.3199999999998,16.140769230769227,78.16,0.5192307692307693,1.3888441047023394,-522.4200000000003,0.16132531394214397,0.034275038492811424,31,852.4599999999998,27.49870967741935,0.5806451612903226,21,-13.140000000000072,-0.6257142857142891,0.42857142857142855,113.66,0.13541914883477102,1152,False,False,True,False,False,False
full_history,or_retest_slip_filter|long|buffer_points=0|confirm_pattern=break_prev|end=11:00|max_risk_points=120|max_stop=120|min_reward_points=8|min_signal_rsi=60|or_class=normal|rr=1.5|start=10:00|stop_mode=fixed|stop_points=40|target_mode=rr|time_exit=15:55|touch_tolerance=5,or_retest,long,52,839.3199999999996,16.140769230769223,78.16,0.5192307692307693,1.3888441047023394,-259.0200000000001,0.16132531394214394,0.03427503849281142,31,852.4599999999998,27.49870967741935,0.5806451612903226,21,-13.140000000000072,-0.6257142857142891,0.42857142857142855,113.66,0.13541914883477107,1152,False,False,True,False,False,False
full_history,or_retest_slip_shape|long|buffer_points=0|confirm_pattern=break_prev|end=11:30|max_risk_points=120|max_stop=120|min_reward_points=8|or_class=normal|rr=2|start=10:20|stop_mode=fixed|stop_points=30|target_mode=rr|time_exit=12:00|touch_tolerance=5,or_retest,long,81,837.4599999999992,10.339012345679002,-66.34,0.43209876543209874,1.2947619617477484,-493.5800000000004,0.12077102350975201,0.0320242536354696,48,345.6799999999995,7.2016666666666564,0.3958333333333333,33,491.77999999999986,14.902424242424239,0.48484848484848486,113.66,0.13571991498101413,1152,True,True,True,False,False,False
full_history,or_retest_slip_shape|long|buffer_points=0|confirm_pattern=break_prev|end=11:30|max_risk_points=120|max_stop=120|min_reward_points=8|or_class=normal|rr=1.5|start=10:10|stop_mode=fixed|stop_points=30|target_mode=rr|time_exit=12:00|touch_tolerance=5,or_retest,long,90,836.3999999999993,9.293333333333326,2.41,0.5,1.2960393586521777,-439.9200000000004,0.12624861358478803,0.035287560255086184,54,477.6399999999994,8.845185185185175,0.48148148148148145,36,358.75999999999976,9.965555555555548,0.5277777777777778,83.66,0.100023912003826,1152,True,True,True,False,False,False
full_history,or_retest_slip_shape|long|buffer_points=0|confirm_pattern=break_prev|end=11:30|max_risk_points=120|max_stop=120|min_reward_points=8|or_class=normal|rr=1.5|start=10:20|stop_mode=fixed|stop_points=40|target_mode=rr|time_exit=12:00|touch_tolerance=5,or_retest,long,81,835.9599999999992,10.320493827160485,-3.34,0.49382716049382713,1.2619381846439222,-655.5800000000002,0.11016630812976977,0.029212253826317584,48,428.6799999999995,8.930833333333323,0.4583333333333333,33,407.27999999999986,12.341818181818178,0.5454545454545454,113.66,0.13596344322694878,1152,True,True,True,False,False,False
full_history,or_retest_slip_filter|long|buffer_points=0|confirm_pattern=break_prev|end=11:00|max_risk_points=120|max_stop=120|min_reward_points=8|or_class=normal|prior_day_direction=down|rr=1.5|start=10:10|stop_mode=fixed|stop_points=40|target_mode=rr|time_exit=15:55|touch_tolerance=5,or_retest,long,38,835.0799999999997,21.975789473684202,113.66,0.5526315789473685,1.5689408494461021,-318.04,0.22046564984503605,0.040041145341522325,22,300.5199999999999,13.659999999999997,0.5,16,534.56,33.41,0.625,113.66,0.13610672031422144,1152,False,False,True,True,False,False
full_history,or_retest_slip_shape|long|buffer_points=0|confirm_pattern=break_prev|end=11:00|max_risk_points=120|max_stop=120|min_reward_points=8|or_class=normal|rr=2|start=10:00|stop_mode=fixed|stop_points=30|target_mode=rr|time_exit=12:00|touch_tolerance=10,or_retest,long,114,833.7399999999994,7.313508771929819,-66.34,0.42105263157894735,1.1987726609511633,-493.5800000000004,0.08552898713937594,0.02690540384661207,68,378.87999999999965,5.571764705882348,0.4117647058823529,46,454.85999999999956,9.888260869565208,0.43478260869565216,113.66,0.13632547316909358,1152,True,True,True,False,False,False
full_history,or_retest_slip_filter|long|buffer_points=0|confirm_pattern=break_prev|end=11:00|max_risk_points=120|max_stop=120|min_reward_points=8|min_signal_rsi=50|or_class=normal|rr=1.25|start=10:00|stop_mode=fixed|stop_points=40|target_mode=rr|time_exit=15:55|touch_tolerance=5,or_retest,long,69,831.5399999999995,12.051304347826079,93.66,0.5507246376811594,1.3106772176018284,-424.3800000000002,0.13431092759317584,0.03287075310146245,41,909.0599999999996,22.17219512195121,0.6097560975609756,28,-77.52000000000004,-2.76857142857143,0.4642857142857143,93.66,0.11263438920557045,1152,False,False,True,False,False,False
full_history,or_retest_slip_filter|long|buffer_points=0|confirm_pattern=break_prev|end=11:00|max_close_ema_delta=70|max_risk_points=120|max_stop=120|min_reward_points=8|or_class=normal|rr=2|start=10:10|stop_mode=fixed|stop_points=40|target_mode=rr|time_exit=15:55|touch_tolerance=5,or_retest,long,57,829.6199999999995,14.554736842105255,-86.34,0.43859649122807015,1.3002736275191105,-604.3800000000001,0.12435944816426552,0.027662407488110306,34,313.4399999999998,9.21882352941176,0.4117647058823529,23,516.1799999999998,22.442608695652165,0.4782608695652174,153.66,0.1852173284154192,1152,False,True,True,False,False,False
full_history,or_retest_slip_shape|long|buffer_points=0|confirm_pattern=break_prev|end=11:30|max_risk_points=120|max_stop=120|min_reward_points=8|or_class=normal_tight|rr=2|start=10:10|stop_mode=fixed|stop_points=30|target_mode=rr|time_exit=12:00|touch_tolerance=5,or_retest,long,169,829.039999999999,4.905562130177509,-66.34,0.42011834319526625,1.1366740193411604,-1095.6000000000004,0.0594946796991337,0.022787424540713662,101,-215.34000000000069,-2.132079207920799,0.37623762376237624,68,1044.3799999999999,15.358529411764705,0.4852941176470588,113.66,0.13709833059924748,1152,True,False,True,False,False,False
full_history,or_retest_slip_shape|long|buffer_points=0|confirm_pattern=break_prev|end=11:30|max_risk_points=120|max_stop=120|min_reward_points=8|or_class=normal|rr=1.5|start=10:00|stop_mode=fixed|stop_points=30|target_mode=rr|time_exit=15:55|touch_tolerance=5,or_retest,long,109,827.9399999999993,7.595779816513755,-66.34,0.4954128440366973,1.226913695288732,-504.5800000000012,0.10119110490991899,0.031126432484676447,65,596.8999999999997,9.18307692307692,0.5076923076923077,44,231.0399999999998,5.2509090909090865,0.4772727272727273,83.66,0.10104596951469921,1152,True,False,True,False,False,False
full_history,or_retest_slip_shape|long|buffer_points=0|confirm_pattern=break_prev|end=11:00|max_risk_points=120|max_stop=120|min_reward_points=8|or_class=normal|rr=2.5|start=10:00|stop_mode=fixed|stop_points=30|target_mode=rr|time_exit=15:55|touch_tolerance=10,or_retest,long,114,824.2399999999991,7.230175438596484,-66.34,0.35964912280701755,1.170198355503611,-763.1400000000003,0.07260897035846832,0.022841071030079887,68,104.87999999999965,1.5423529411764656,0.3382352941176471,46,719.3599999999996,15.638260869565208,0.391304347826087,143.66,0.17429389498204426,1152,True,True,True,False,False,False
full_history,or_retest_slip_shape|long|buffer_points=0|confirm_pattern=break_prev|end=11:30|max_risk_points=120|max_stop=120|min_reward_points=8|or_class=normal|rr=2|start=10:20|stop_mode=fixed|stop_points=40|target_mode=rr|time_exit=12:00|touch_tolerance=10,or_retest,long,90,822.3999999999994,9.137777777777771,-50.34,0.43333333333333335,1.2049166031285656,-893.5800000000004,0.08510584436002455,0.0237878066589415,54,468.13999999999965,8.669259259259253,0.4074074074074074,36,354.2599999999999,9.840555555555552,0.4722222222222222,153.66,0.18684338521400792,1152,True,True,True,False,False,False
full_history,or_retest_slip_shape|long|buffer_points=0|confirm_pattern=break_prev|end=11:30|max_risk_points=120|max_stop=120|min_reward_points=8|or_class=normal|rr=1.5|start=10:20|stop_mode=fixed|stop_points=60|target_mode=rr|time_exit=15:55|touch_tolerance=10,or_retest,long,90,819.399999999999,9.104444444444432,-126.34,0.4666666666666667,1.135118199567305,-1509.7999999999993,0.061837499937551055,0.017284106677375396,54,1650.6399999999999,30.567407407407405,0.5370370370370371,36,-831.2400000000002,-23.090000000000007,0.3611111111111111,173.66,0.21193556260678573,1152,True,False,True,False,False,False
full_history,or_retest_slip_filter|long|buffer_points=0|confirm_pattern=break_prev|end=11:00|max_risk_points=120|max_stop=120|min_reward_points=8|min_signal_rsi=50|or_class=normal|rr=1.25|start=10:10|stop_mode=fixed|stop_points=40|target_mode=rr|time_exit=15:55|touch_tolerance=5,or_retest,long,58,817.2799999999999,14.091034482758618,93.66,0.5689655172413793,1.3786333101690988,-330.72,0.15867997103113707,0.03560490814975009,34,793.4399999999998,23.33647058823529,0.6176470588235294,24,23.839999999999947,0.9933333333333311,0.5,93.66,0.11459964761158968,1152,False,False,True,False,False,False
full_history,or_retest_slip_shape|long|buffer_points=0|confirm_pattern=break_prev|end=11:00|max_risk_points=120|max_stop=120|min_reward_points=8|or_class=normal_tight|rr=2.5|start=10:20|stop_mode=fixed|stop_points=30|target_mode=rr|time_exit=15:55|touch_tolerance=10,or_retest,long,143,816.8799999999985,5.712447552447542,-66.34,0.34965034965034963,1.1324036164301847,-729.74,0.05757545484117777,0.02028519359074426,85,350.0999999999991,4.118823529411754,0.3411764705882353,58,466.77999999999975,8.047931034482755,0.3620689655172414,143.66,0.17586426402898866,1152,True,True,True,False,False,False
full_history,or_retest_slip_shape|long|buffer_points=0|confirm_pattern=break_prev|end=11:30|max_risk_points=120|max_stop=120|min_reward_points=8|or_class=normal|rr=2.5|start=10:20|stop_mode=fixed|stop_points=30|target_mode=rr|time_exit=15:55|touch_tolerance=5,or_retest,long,81,816.459999999999,10.07975308641974,-66.34,0.37037037037037035,1.241317751098027,-595.0800000000004,0.09992427821491472,0.026496425524101527,48,284.6799999999994,5.930833333333321,0.3541666666666667,33,531.7799999999999,16.11454545454545,0.3939393939393939,143.66,0.17595473140141607,1152,True,True,True,False,False,False
full_history,or_retest_slip_filter|long|buffer_points=0|confirm_pattern=break_prev|end=11:00|max_risk_points=120|max_stop=120|min_reward_points=8|or_class=normal|rr=1.25|signal_vs_ema=below|start=10:00|stop_mode=fixed|stop_points=40|target_mode=rr|time_exit=15:55|touch_tolerance=5,or_retest,long,26,815.16,31.35230769230769,93.66,0.6538461538461539,2.0490309628600105,-251.70000000000016,0.35901117775460867,0.0539347170774566,15,504.89999999999975,33.65999999999998,0.6666666666666666,11,310.26,28.205454545454543,0.6363636363636364,93.66,0.11489768879729133,1152,False,True,True,True,False,False
full_history,or_retest_slip_shape|long|buffer_points=0|confirm_pattern=break_prev|end=11:00|max_risk_points=120|max_stop=120|min_reward_points=8|or_class=normal|rr=2.5|start=10:00|stop_mode=fixed|stop_points=30|target_mode=rr|time_exit=12:00|touch_tolerance=5,or_retest,long,104,815.1399999999994,7.83788461538461,-66.34,0.375,1.1989068104731455,-597.0600000000002,0.082040690373417,0.024650159651318327,62,394.9199999999995,6.369677419354831,0.3709677419354839,42,420.2199999999998,10.00523809523809,0.38095238095238093,143.66,0.17623966435213595,1152,True,True,True,False,False,False
full_history,or_retest_slip_shape|long|buffer_points=0|confirm_pattern=break_prev|end=11:30|max_risk_points=120|max_stop=120|min_reward_points=8|or_class=normal_tight|rr=2|start=10:10|stop_mode=fixed|stop_points=30|target_mode=rr|time_exit=15:55|touch_tolerance=10,or_retest,long,182,815.1199999999999,4.478681318681318,-66.34,0.3956043956043956,1.1117000575547449,-1167.2000000000007,0.050933456518430884,0.020244758681915286,109,-462.06000000000085,-4.239082568807348,0.3486238532110092,73,1277.1799999999996,17.49561643835616,0.4657534246575342,113.66,0.1394395917165571,1152,True,False,True,False,False,False
full_history,or_retest_slip_shape|long|buffer_points=0|confirm_pattern=break_prev|end=10:45|max_risk_points=120|max_stop=120|min_reward_points=8|or_class=normal|rr=2|start=10:10|stop_mode=fixed|stop_points=30|target_mode=rr|time_exit=12:00|touch_tolerance=10,or_retest,long,82,812.6199999999997,9.909999999999997,-66.34,0.4268292682926829,1.2775360487435015,-399.10000000000036,0.11485556994297065,0.030643103487749967,49,443.3399999999998,9.047755102040812,0.40816326530612246,33,369.27999999999986,11.190303030303026,0.45454545454545453,113.66,0.13986857325687288,1152,True,True,True,False,False,False
full_history,or_retest_slip_filter|long|buffer_points=0|confirm_pattern=break_prev|end=11:00|max_risk_points=120|max_stop=120|min_reward_points=8|or_class=normal_tight|rr=2|signal_vs_ema=below|start=10:00|stop_mode=fixed|stop_points=40|target_mode=rr|time_exit=15:55|touch_tolerance=5,or_retest,long,42,810.7199999999997,19.302857142857135,-86.34,0.4523809523809524,1.408254524579267,-383.4000000000003,0.1620483881963047,0.030941625214798124,25,598.4999999999999,23.939999999999994,0.48,17,212.21999999999994,12.483529411764703,0.4117647058823529,153.66,0.18953522794552996,1152,False,False,True,False,False,False
full_history,or_retest_slip_shape|long|buffer_points=0|confirm_pattern=break_prev|end=10:45|max_risk_points=120|max_stop=120|min_reward_points=8|or_class=normal|rr=1.5|start=10:00|stop_mode=fixed|stop_points=30|target_mode=rr|time_exit=15:55|touch_tolerance=10,or_retest,long,107,810.6199999999994,7.575887850467285,-66.34,0.4953271028037383,1.2262809991178991,-429.74000000000035,0.10092468322924229,0.030758350693782223,64,663.2399999999997,10.363124999999995,0.515625,43,147.37999999999977,3.4274418604651107,0.46511627906976744,83.66,0.1032049542325628,1152,True,False,True,False,False,False
full_history,or_retest_slip_shape|long|buffer_points=0|confirm_pattern=break_prev|end=11:30|max_risk_points=120|max_stop=120|min_reward_points=8|or_class=normal_tight|rr=2|start=10:20|stop_mode=fixed|stop_points=40|target_mode=rr|time_exit=12:00|touch_tolerance=10,or_retest,long,163,809.579999999999,4.966748466257663,-31.34,0.44785276073619634,1.1174223305195365,-1251.9800000000002,0.049694368879798646,0.018692816473238897,97,327.01999999999964,3.3713402061855633,0.4329896907216495,66,482.5599999999996,7.311515151515145,0.4696969696969697,153.66,0.1898021196175797,1152,True,True,True,False,False,False
full_history,or_retest_slip_shape|long|buffer_points=0|confirm_pattern=break_prev|end=11:30|max_risk_points=120|max_stop=120|min_reward_points=8|or_class=normal|rr=2|start=10:00|stop_mode=fixed|stop_points=30|target_mode=rr|time_exit=12:00|touch_tolerance=5,or_retest,long,109,805.4399999999991,7.38935779816513,-66.34,0.42201834862385323,1.201590821490606,-512.6000000000005,0.0865440753761221,0.026620999163332198,65,397.89999999999975,6.121538461538457,0.4153846153846154,44,407.53999999999974,9.262272727272721,0.4318181818181818,113.66,0.14111541517679793,1152,True,True,True,False,False,False
full_history,or_retest_slip_shape|long|buffer_points=0|confirm_pattern=break_prev|end=10:45|max_risk_points=120|max_stop=120|min_reward_points=8|or_class=normal|rr=2|start=10:00|stop_mode=fixed|stop_points=60|target_mode=rr|time_exit=15:55|touch_tolerance=10,or_retest,long,107,805.1199999999989,7.524485981308401,-126.34,0.40186915887850466,1.1045032228922698,-1930.159999999999,0.045797974140503746,0.013957637563039983,64,1913.7399999999998,29.902187499999997,0.453125,43,-1108.62,-25.781860465116278,0.32558139534883723,233.66,0.29021760731319596,1152,True,False,False,False,False,False
full_history,or_retest_slip_shape|long|buffer_points=0|confirm_pattern=break_prev|end=10:45|max_risk_points=120|max_stop=120|min_reward_points=8|or_class=normal|rr=2|start=10:10|stop_mode=fixed|stop_points=30|target_mode=rr|time_exit=12:00|touch_tolerance=5,or_retest,long,74,803.3399999999996,10.85594594594594,-66.34,0.43243243243243246,1.309419631164589,-350.72000000000025,0.12603617766179792,0.03194367245596642,44,415.03999999999985,9.43272727272727,0.4090909090909091,30,388.2999999999997,12.943333333333324,0.4666666666666667,113.66,0.14148430303482964,1152,False,True,True,False,False,False
full_history,or_retest_slip_shape|long|buffer_points=0|confirm_pattern=break_prev|end=11:30|max_risk_points=120|max_stop=120|min_reward_points=8|or_class=normal|rr=1.5|start=10:10|stop_mode=fixed|stop_points=40|target_mode=rr|time_exit=12:00|touch_tolerance=10,or_retest,long,97,802.5199999999992,8.273402061855661,-4.34,0.4845360824742268,1.2024010088272377,-667.74,0.08747919294201657,0.025384253447314823,58,351.27999999999975,6.056551724137926,0.4482758620689655,39,451.2399999999998,11.570256410256405,0.5384615384615384,113.66,0.14162886906245342,1152,True,True,True,False,False,False
full_history,or_retest_slip_shape|long|buffer_points=0|confirm_pattern=break_prev|end=11:30|max_risk_points=120|max_stop=120|min_reward_points=8|or_class=normal|rr=2|start=10:20|stop_mode=fixed|stop_points=30|target_mode=rr|time_exit=15:55|touch_tolerance=10,or_retest,long,90,798.3999999999992,8.871111111111102,-66.34,0.4222222222222222,1.2314417569165828,-530.72,0.09991607241895584,0.027927391246697138,54,486.6399999999994,9.01185185185184,0.42592592592592593,36,311.7599999999999,8.659999999999997,0.4166666666666667,113.66,0.1423597194388779,1152,True,True,True,False,False,False
full_history,or_retest_slip_shape|long|buffer_points=0|confirm_pattern=break_prev|end=11:30|max_risk_points=120|max_stop=120|min_reward_points=8|or_class=normal|rr=2|start=10:20|stop_mode=fixed|stop_points=40|target_mode=rr|time_exit=12:00|touch_tolerance=5,or_retest,long,81,795.9599999999995,9.82666666666666,-48.84,0.43209876543209874,1.2219854753963024,-855.5800000000003,0.09134677435543512,0.024221971344842098,48,354.6799999999995,7.3891666666666564,0.3958333333333333,33,441.27999999999986,13.372121212121208,0.48484848484848486,153.66,0.193049902005126,1152,True,True,True,False,False,False
full_history,or_retest_slip_shape|long|buffer_points=0|confirm_pattern=break_prev|end=11:00|max_risk_points=120|max_stop=120|min_reward_points=8|or_class=normal|rr=1.25|start=10:10|stop_mode=fixed|stop_points=40|target_mode=rr|time_exit=12:00|touch_tolerance=10,or_retest,long,92,794.2199999999991,8.632826086956513,24.909999999999997,0.532608695652174,1.2311049810569683,-533.5800000000004,0.10032665766296138,0.028352020765593643,55,490.2999999999995,8.914545454545445,0.509090909090909,37,303.91999999999985,8.21405405405405,0.5675675675675675,93.66,0.11792702273929151,1152,True,True,True,False,False,False
full_history,or_retest_slip_shape|long|buffer_points=0|confirm_pattern=break_prev|end=10:45|max_risk_points=120|max_stop=120|min_reward_points=8|or_class=normal|rr=1.5|start=10:00|stop_mode=fixed|stop_points=30|target_mode=rr|time_exit=12:00|touch_tolerance=10,or_retest,long,107,793.6199999999994,7.417009345794387,-31.34,0.48598130841121495,1.2231338038068988,-429.74000000000035,0.09921565763793536,0.030237498838714558,64,646.2399999999997,10.097499999999995,0.5,43,147.37999999999977,3.4274418604651107,0.46511627906976744,83.66,0.10541569012877706,1152,True,False,True,False,False,False
full_history,or_retest_slip_shape|long|buffer_points=0|confirm_pattern=break_prev|end=11:00|max_risk_points=120|max_stop=120|min_reward_points=8|or_class=normal|rr=2|start=10:00|stop_mode=fixed|stop_points=60|target_mode=rr|time_exit=15:55|touch_tolerance=10,or_retest,long,114,791.7399999999996,6.945087719298241,-126.34,0.40350877192982454,1.0964405173442862,-1795.499999999999,0.04252684521228358,0.013377943350296984,68,2018.38,29.682058823529413,0.45588235294117646,46,-1226.64,-26.66608695652174,0.32608695652173914,233.66,0.2951221360547656,1152,True,False,False,False,False,False
full_history,or_retest_slip_shape|long|buffer_points=0|confirm_pattern=break_prev|end=10:45|max_risk_points=120|max_stop=120|min_reward_points=8|or_class=normal|rr=2|start=10:10|stop_mode=fixed|stop_points=30|target_mode=rr|time_exit=15:55|touch_tolerance=10,or_retest,long,82,789.1199999999997,9.623414634146338,-66.34,0.4268292682926829,1.2530869344896367,-455.1000000000005,0.10823763598580738,0.02887745959929822,49,458.3399999999998,9.353877551020403,0.42857142857142855,33,330.77999999999986,10.02363636363636,0.42424242424242425,113.66,0.14403386050283867,1152,True,True,True,False,False,False
full_history,or_retest_slip_shape|long|buffer_points=0|confirm_pattern=break_prev|end=11:00|max_risk_points=120|max_stop=120|min_reward_points=8|or_class=normal_tight|rr=2|start=10:10|stop_mode=fixed|stop_points=60|target_mode=rr|time_exit=12:00|touch_tolerance=5,or_retest,long,153,788.4799999999987,5.153464052287573,0.15999999999999992,0.5032679738562091,1.1052100651958674,-1340.4400000000003,0.042843454969246846,0.015613632808415575,91,582.0599999999993,6.3962637362637285,0.4835164835164835,62,206.41999999999987,3.3293548387096754,0.532258064516129,233.66,0.29634232954545503,1152,True,False,False,False,False,False
full_history,or_retest_slip_filter|long|buffer_points=0|confirm_pattern=break_prev|end=11:00|max_close_vwap_delta=35|max_risk_points=120|max_stop=120|min_reward_points=8|or_class=normal|rr=1.5|start=10:10|stop_mode=fixed|stop_points=40|target_mode=rr|time_exit=15:55|touch_tolerance=5,or_retest,long,54,787.6399999999995,14.585925925925917,38.66,0.5185185185185185,1.3508668769266403,-518.0400000000001,0.14708041962748314,0.03184384494916895,32,366.1199999999999,11.441249999999997,0.5,22,421.52,19.16,0.5454545454545454,113.66,0.1443045045960084,1152,False,True,True,False,False,False
full_history,or_retest_slip_filter|long|buffer_points=0|confirm_pattern=break_prev|end=11:00|max_risk_points=120|max_signal_rsi=70|max_stop=120|min_reward_points=8|or_class=normal|rr=2|start=10:10|stop_mode=fixed|stop_points=40|target_mode=rr|time_exit=15:55|touch_tolerance=5,or_retest,long,63,786.5799999999996,12.485396825396819,-86.34,0.42857142857142855,1.25306282655136,-537.0600000000001,0.10688085098011238,0.0249944703484014,37,534.4199999999998,14.443783783783779,0.43243243243243246,26,252.15999999999997,9.698461538461537,0.4230769230769231,153.66,0.1953520303084239,1152,False,True,True,False,False,False
full_history,or_retest_slip_shape|long|buffer_points=0|confirm_pattern=break_prev|end=11:00|max_risk_points=120|max_stop=120|min_reward_points=8|or_class=normal_tight|rr=2|start=10:00|stop_mode=fixed|stop_points=30|target_mode=rr|time_exit=15:55|touch_tolerance=10,or_retest,long,196,786.3599999999992,4.012040816326526,-66.34,0.39285714285714285,1.099609092958859,-1166.2800000000002,0.045680445551876045,0.018842222476790075,117,-272.7800000000004,-2.331452991452995,0.358974358974359,79,1059.1399999999994,13.406835443037968,0.4430379746835443,113.66,0.1445393967139734,1152,True,False,True,False,False,False
full_history,or_retest_slip_shape|long|buffer_points=0|confirm_pattern=break_prev|end=11:30|max_risk_points=120|max_stop=120|min_reward_points=8|or_class=normal|rr=1.25|start=10:00|stop_mode=fixed|stop_points=30|target_mode=rr|time_exit=15:55|touch_tolerance=10,or_retest,long,118,785.8799999999992,6.659999999999993,68.66,0.5423728813559322,1.219374937192241,-327.06000000000006,0.09883806366951615,0.03163289885344461,70,325.1999999999996,4.64571428571428,0.5285714285714286,48,460.67999999999984,9.597499999999997,0.5625,68.66,0.08736702804499423,1152,True,True,True,False,False,False
full_history,or_retest_slip_filter|long|buffer_points=0|confirm_pattern=break_prev|end=11:00|max_risk_points=120|max_stop=120|min_reward_points=8|min_signal_rsi=50|or_class=normal_tight|rr=1.5|start=10:00|stop_mode=fixed|stop_points=40|target_mode=rr|time_exit=15:55|touch_tolerance=5,or_retest,long,126,785.659999999999,6.235396825396817,-86.34,0.46825396825396826,1.1358150180300715,-1139.9400000000003,0.06272754343237616,0.020745185034508784,75,53.499999999999744,0.7133333333333299,0.44,51,732.1599999999995,14.35607843137254,0.5098039215686274,113.66,0.14466817707405258,1152,True,True,True,False,False,False
full_history,or_retest_slip_filter|long|buffer_points=0|confirm_pattern=break_prev|end=11:00|max_close_ema_delta=50|max_risk_points=120|max_stop=120|min_reward_points=8|or_class=normal|rr=1.5|start=10:10|stop_mode=fixed|stop_points=40|target_mode=rr|time_exit=15:55|touch_tolerance=5,or_retest,long,48,784.6799999999998,16.347499999999997,78.16,0.5208333333333334,1.3951415536151317,-404.3800000000002,0.16338910207352283,0.03335166080097066,28,511.4799999999999,18.267142857142854,0.5357142857142857,20,273.19999999999993,13.659999999999997,0.5,113.66,0.1448488555844421,1152,False,True,True,False,False,False
full_history,or_retest_slip_shape|long|buffer_points=0|confirm_pattern=break_prev|end=11:30|max_risk_points=120|max_stop=120|min_reward_points=8|or_class=normal|rr=1.5|start=10:00|stop_mode=fixed|stop_points=30|target_mode=rr|time_exit=12:00|touch_tolerance=5,or_retest,long,109,783.4399999999993,7.18752293577981,-31.34,0.48623853211009177,1.2162382971206493,-532.0800000000012,0.09641516002067198,0.02965734954227732,65,579.8999999999997,8.921538461538457,0.49230769230769234,44,203.5399999999998,4.6259090909090865,0.4772727272727273,83.66,0.10678545900132758,1152,True,False,True,False,False,False
full_history,or_retest_slip_shape|long|buffer_points=0|confirm_pattern=break_prev|end=11:00|max_risk_points=120|max_stop=120|min_reward_points=8|or_class=normal|rr=1.25|start=10:20|stop_mode=fixed|stop_points=40|target_mode=rr|time_exit=15:55|touch_tolerance=5,or_retest,long,73,782.1799999999997,10.714794520547942,93.66,0.547945205479452,1.2745242557612257,-503.4000000000002,0.1200387266058898,0.030217363587306593,43,556.3799999999997,12.939069767441852,0.5581395348837209,30,225.7999999999998,7.52666666666666,0.5333333333333333,93.66,0.11974225881510654,1152,False,False,True,False,False,False
full_history,or_retest_slip_shape|long|buffer_points=0|confirm_pattern=break_prev|end=10:45|max_risk_points=120|max_stop=120|min_reward_points=8|or_class=normal|rr=2|start=10:10|stop_mode=fixed|stop_points=30|target_mode=rr|time_exit=15:55|touch_tolerance=5,or_retest,long,74,779.8399999999996,10.538378378378372,-66.34,0.43243243243243246,1.2798857257705611,-388.76000000000045,0.1183384772537394,0.029992702305483093,44,430.03999999999974,9.773636363636358,0.4318181818181818,30,349.7999999999997,11.659999999999991,0.43333333333333335,113.66,0.145747845711941,1152,False,True,True,False,False,False
full_history,or_retest_slip_shape|long|buffer_points=0|confirm_pattern=break_prev|end=11:30|max_risk_points=120|max_stop=120|min_reward_points=8|or_class=normal_tight|rr=2.5|start=10:20|stop_mode=fixed|stop_points=30|target_mode=rr|time_exit=15:55|touch_tolerance=5,or_retest,long,151,779.1599999999987,5.159999999999991,-66.34,0.3509933774834437,1.1198464311862817,-1039.4800000000002,0.05226962050608548,0.018923940814274634,90,-191.60000000000053,-2.128888888888895,0.3111111111111111,61,970.7599999999996,15.914098360655732,0.4098360655737705,143.66,0.18437804815442302,1152,True,False,True,False,False,False
full_history,or_retest_slip_shape|long|buffer_points=0|confirm_pattern=break_prev|end=11:30|max_risk_points=120|max_stop=120|min_reward_points=8|or_class=normal|rr=2.5|start=10:00|stop_mode=fixed|stop_points=60|target_mode=rr|time_exit=12:00|touch_tolerance=10,or_retest,long,118,778.8799999999994,6.60067796610169,-10.59,0.4745762711864407,1.1178232469768155,-1525.9999999999998,0.04889380670437717,0.015648352311018184,70,1103.1999999999996,15.759999999999994,0.5,48,-324.32000000000005,-6.756666666666668,0.4375,293.66,0.3770285538208713,1152,True,False,False,False,False,False
full_history,or_retest_slip_shape|long|buffer_points=0|confirm_pattern=break_prev|end=10:45|max_risk_points=120|max_stop=120|min_reward_points=8|or_class=normal_tight|rr=2|start=10:10|stop_mode=fixed|stop_points=30|target_mode=rr|time_exit=15:55|touch_tolerance=10,or_retest,long,150,777.999999999999,5.186666666666659,-66.34,0.4,1.1303051619602713,-976.5400000000005,0.058882893728306185,0.021247534090438565,90,-101.6000000000007,-1.1288888888888968,0.36666666666666664,60,879.5999999999998,14.659999999999997,0.45,113.66,0.14609254498714672,1152,True,False,True,False,False,False
full_history,or_retest_slip_shape|long|buffer_points=0|confirm_pattern=break_prev|end=11:30|max_risk_points=120|max_stop=120|min_reward_points=8|or_class=normal_tight|rr=2|start=10:10|stop_mode=fixed|stop_points=30|target_mode=rr|time_exit=15:55|touch_tolerance=5,or_retest,long,169,777.5399999999989,4.600828402366858,-66.34,0.39644970414201186,1.1149071627445062,-1213.6000000000006,0.05230668377976408,0.02003430585111127,101,-471.34000000000094,-4.666732673267336,0.3465346534653465,68,1248.88,18.365882352941178,0.47058823529411764,113.66,0.1461789747151274,1152,True,False,True,False,False,False
full_history,or_retest_slip_filter|long|buffer_points=0|confirm_pattern=break_prev|end=11:00|max_risk_points=120|max_signal_ema_slope=10|max_stop=120|min_reward_points=8|or_class=normal_tight|rr=1.25|start=10:00|stop_mode=fixed|stop_points=40|target_mode=rr|time_exit=15:55|touch_tolerance=5,or_retest,long,103,775.9799999999993,7.533786407766984,93.66,0.5242718446601942,1.183418190069634,-740.46,0.08370998616621772,0.025030506798973104,61,82.25999999999985,1.348524590163932,0.4918032786885246,42,693.7199999999997,16.51714285714285,0.5714285714285714,93.66,0.12069898708729616,1152,True,True,True,False,False,False
full_history,or_retest_slip_shape|long|buffer_points=0|confirm_pattern=break_prev|end=11:00|max_risk_points=120|max_stop=120|min_reward_points=8|or_class=normal_tight|rr=1.25|start=10:20|stop_mode=fixed|stop_points=40|target_mode=rr|time_exit=12:00|touch_tolerance=10,or_retest,long,143,773.8799999999991,5.411748251748246,15.66,0.5244755244755245,1.1435871174591155,-706.3000000000001,0.06430910804270076,0.022657618769887398,85,379.59999999999957,4.465882352941171,0.5058823529411764,58,394.27999999999986,6.797931034482756,0.5517241379310345,93.66,0.12102651573887438,1152,True,True,True,False,False,False
full_history,or_retest_slip_shape|long|buffer_points=0|confirm_pattern=break_prev|end=11:30|max_risk_points=120|max_stop=120|min_reward_points=8|or_class=normal|rr=1.25|start=10:20|stop_mode=fixed|stop_points=60|target_mode=rr|time_exit=15:55|touch_tolerance=10,or_retest,long,90,773.399999999999,8.593333333333321,36.16,0.5111111111111111,1.1391267431318084,-1569.7999999999993,0.06425759559032813,0.017960543976333055,54,1124.6399999999994,20.826666666666657,0.5555555555555556,36,-351.24000000000024,-9.756666666666673,0.4444444444444444,143.66,0.18575122834238453,1152,True,False,True,False,False,False
full_history,or_retest_slip_filter|long|buffer_points=0|confirm_pattern=break_prev|end=11:00|max_risk_points=120|max_stop=120|min_reward_points=8|min_signal_rsi=50|or_class=normal_tight|rr=1.25|start=10:00|stop_mode=fixed|stop_points=40|target_mode=rr|time_exit=15:55|touch_tolerance=5,or_retest,long,126,770.1599999999992,6.112380952380946,93.66,0.5158730158730159,1.146230875266293,-1019.9400000000004,0.06788976135975054,0.022452428140677775,75,313.49999999999966,4.179999999999995,0.5066666666666667,51,456.6599999999996,8.954117647058816,0.5294117647058824,93.66,0.12161109379869131,1152,True,True,True,False,False,False
full_history,or_retest_slip_shape|long|buffer_points=0|confirm_pattern=break_prev|end=11:30|max_risk_points=120|max_stop=120|min_reward_points=8|or_class=normal|rr=2.5|start=10:00|stop_mode=fixed|stop_points=30|target_mode=rr|time_exit=15:55|touch_tolerance=10,or_retest,long,118,768.879999999999,6.515932203389822,-66.34,0.3559322033898305,1.1524998809958262,-829.4800000000002,0.06557401438332584,0.020986815072964928,70,-27.800000000000352,-0.3971428571428622,0.32857142857142857,48,796.6799999999996,16.597499999999993,0.3958333333333333,143.66,0.18684320049942799,1152,True,False,True,False,False,False
full_history,or_retest_slip_shape|long|buffer_points=0|confirm_pattern=break_prev|end=11:00|max_risk_points=120|max_stop=120|min_reward_points=8|or_class=normal_tight|rr=2|start=10:00|stop_mode=fixed|stop_points=30|target_mode=rr|time_exit=12:00|touch_tolerance=5,or_retest,long,183,766.2799999999991,4.18732240437158,-66.34,0.41530054644808745,1.1109605148076704,-904.6000000000003,0.04973061432067643,0.01982088899969129,109,29.939999999999458,0.2746788990825638,0.3944954128440367,74,736.3399999999995,9.950540540540533,0.44594594594594594,113.66,0.14832698230411878,1152,True,True,True,False,False,False
full_history,or_retest_slip_filter|long|buffer_points=0|confirm_pattern=break_prev|end=11:00|max_close_ema_delta=50|max_risk_points=120|max_stop=120|min_reward_points=8|or_class=normal|rr=2|start=10:10|stop_mode=fixed|stop_points=40|target_mode=rr|time_exit=15:55|touch_tolerance=5,or_retest,long,48,765.6799999999998,15.951666666666663,-86.34,0.4375,1.3284516854125374,-642.4000000000003,0.13485411831840863,0.027526981632750917,28,591.4799999999998,21.12428571428571,0.4642857142857143,20,174.1999999999999,8.709999999999996,0.4,153.66,0.20068435900114934,1152,False,False,True,False,False,False
full_history,or_retest_slip_shape|long|buffer_points=0|confirm_pattern=break_prev|end=11:30|max_risk_points=120|max_stop=120|min_reward_points=8|or_class=normal_tight|rr=2.5|start=10:10|stop_mode=fixed|stop_points=30|target_mode=rr|time_exit=15:55|touch_tolerance=10,or_retest,long,182,765.6199999999991,4.206703296703291,-66.34,0.34065934065934067,1.0969347834344094,-1194.5800000000008,0.04268182432268615,0.016964943920583998,109,-612.0600000000012,-5.615229357798176,0.29357798165137616,73,1377.6799999999996,18.872328767123282,0.410958904109589,143.66,0.18763877641649926,1152,True,False,True,False,False,False
full_history,or_retest_slip_shape|long|buffer_points=0|confirm_pattern=break_prev|end=10:45|max_risk_points=120|max_stop=120|min_reward_points=8|or_class=normal|rr=1.5|start=10:10|stop_mode=fixed|stop_points=40|target_mode=rr|time_exit=15:55|touch_tolerance=10,or_retest,long,82,765.1199999999995,9.330731707317067,-86.34,0.4878048780487805,1.2109930838214364,-608.7600000000004,0.09391450029380329,0.025056092211568595,49,498.3399999999999,10.17020408163265,0.4897959183673469,33,266.78,8.084242424242424,0.48484848484848486,113.66,0.1485518611459641,1152,True,True,True,False,False,False
full_history,or_retest_slip_shape|long|buffer_points=0|confirm_pattern=break_prev|end=11:00|max_risk_points=120|max_stop=120|min_reward_points=8|or_class=normal|rr=2.5|start=10:10|stop_mode=fixed|stop_points=40|target_mode=rr|time_exit=12:00|touch_tolerance=10,or_retest,long,92,764.7199999999993,8.312173913043472,-63.34,0.42391304347826086,1.1852510404503847,-746.24,0.07459872176982765,0.021081381140096743,55,415.7999999999999,7.559999999999998,0.4,37,348.9199999999999,9.430270270270267,0.4594594594594595,193.66,0.2532430170519931,1152,True,True,False,False,False,False
full_history,or_retest_slip_shape|long|buffer_points=0|confirm_pattern=break_prev|end=11:30|max_risk_points=120|max_stop=120|min_reward_points=8|or_class=normal|rr=2.5|start=10:00|stop_mode=fixed|stop_points=60|target_mode=rr|time_exit=12:00|touch_tolerance=5,or_retest,long,109,762.9399999999993,6.999449541284397,-10.34,0.47706422018348627,1.127531183241452,-1212.4200000000003,0.05277024195705576,0.01623215177795069,65,1005.3999999999997,15.467692307692303,0.49230769230769234,44,-242.4600000000004,-5.510454545454555,0.45454545454545453,293.66,0.3849057592995521,1152,True,False,False,False,False,False
full_history,or_retest_slip_shape|long|buffer_points=0|confirm_pattern=break_prev|end=11:30|max_risk_points=120|max_stop=120|min_reward_points=8|or_class=normal_tight|rr=1.5|start=10:20|stop_mode=fixed|stop_points=40|target_mode=rr|time_exit=12:00|touch_tolerance=5,or_retest,long,151,760.6599999999992,5.037483443708604,-3.34,0.4900662251655629,1.1289433446682413,-1017.4800000000001,0.05638159667964596,0.02041266013124588,90,411.8999999999995,4.576666666666662,0.4777777777777778,61,348.75999999999954,5.71737704918032,0.5081967213114754,113.66,0.14942286961323079,1152,True,True,True,False,False,False
full_history,or_retest_slip_shape|long|buffer_points=0|confirm_pattern=break_prev|end=11:30|max_risk_points=120|max_stop=120|min_reward_points=8|or_class=normal|rr=1.25|start=10:00|stop_mode=fixed|stop_points=30|target_mode=rr|time_exit=12:00|touch_tolerance=10,or_retest,long,118,756.3799999999993,6.409999999999994,68.66,0.5338983050847458,1.2126634239604117,-334.9200000000004,0.09569944435419844,0.03062839083644333,70,308.1999999999996,4.402857142857137,0.5142857142857142,48,448.17999999999984,9.33708333333333,0.5625,68.66,0.09077447843676467,1152,True,True,True,False,False,False
full_history,or_retest_slip_shape|long|buffer_points=0|confirm_pattern=break_prev|end=11:00|max_risk_points=120|max_stop=120|min_reward_points=8|or_class=normal|rr=1.5|start=10:10|stop_mode=fixed|stop_points=30|target_mode=rr|time_exit=15:55|touch_tolerance=10,or_retest,long,92,755.7199999999992,8.214347826086948,-11.840000000000003,0.5,1.2476438898428377,-377.78000000000054,0.10940312174879867,0.030917003036849224,55,510.2999999999995,9.278181818181809,0.509090909090909,37,245.41999999999987,6.632972972972969,0.4864864864864865,83.66,0.11070237654157636,1152,True,True,True,False,False,False
full_history,or_retest_slip_filter|long|buffer_points=0|confirm_pattern=break_prev|end=11:00|max_risk_points=120|max_signal_rsi=70|max_stop=120|min_reward_points=8|or_class=normal_tight|rr=2|start=10:10|stop_mode=fixed|stop_points=40|target_mode=rr|time_exit=15:55|touch_tolerance=5,or_retest,long,115,755.3999999999993,6.568695652173907,-86.34,0.4,1.1285795988398215,-832.6200000000003,0.05728782864615805,0.018100269545166036,69,411.5399999999996,5.964347826086951,0.391304347826087,46,343.8599999999999,7.475217391304346,0.41304347826086957,153.66,0.2034154090548056,1152,True,True,True,False,False,False
full_history,or_retest_slip_shape|long|buffer_points=0|confirm_pattern=break_prev|end=11:00|max_risk_points=120|max_stop=120|min_reward_points=8|or_class=normal|rr=2.5|start=10:20|stop_mode=fixed|stop_points=30|target_mode=rr|time_exit=12:00|touch_tolerance=5,or_retest,long,73,751.6799999999995,10.296986301369856,-66.34,0.3698630136986301,1.2648495141184009,-540.9000000000003,0.10583168053742409,0.026641022112426443,43,300.87999999999977,6.997209302325576,0.32558139534883723,30,450.7999999999997,15.026666666666658,0.43333333333333335,143.66,0.19111856108982558,1152,False,False,True,False,False,False
full_history,or_retest_slip_shape|long|buffer_points=0|confirm_pattern=break_prev|end=11:00|max_risk_points=120|max_stop=120|min_reward_points=8|or_class=normal|rr=1.5|start=10:20|stop_mode=fixed|stop_points=60|target_mode=rr|time_exit=12:00|touch_tolerance=10,or_retest,long,84,750.9399999999994,8.939761904761898,1.41,0.5119047619047619,1.173750676779409,-1199.4599999999991,0.07154957223355232,0.019320592696985647,50,954.9999999999997,19.099999999999994,0.54,34,-204.0600000000001,-6.001764705882356,0.47058823529411764,173.66,0.23125682477960974,1152,True,False,True,False,False,False
full_history,or_retest_slip_shape|long|buffer_points=0|confirm_pattern=break_prev|end=10:45|max_risk_points=120|max_stop=120|min_reward_points=8|or_class=normal_tight|rr=2|start=10:20|stop_mode=fixed|stop_points=30|target_mode=rr|time_exit=15:55|touch_tolerance=10,or_retest,long,126,750.1599999999987,5.953650793650784,-66.34,0.40476190476190477,1.1507707768063504,-483.4000000000001,0.06746865196196038,0.022313159298014657,75,713.4999999999993,9.513333333333325,0.4266666666666667,51,36.659999999999826,0.7188235294117613,0.37254901960784315,113.66,0.1515143436066975,1152,True,False,True,False,False,False
full_history,or_retest_slip_shape|long|buffer_points=0|confirm_pattern=break_prev|end=11:00|max_risk_points=120|max_stop=120|min_reward_points=8|or_class=normal|rr=1.25|start=10:20|stop_mode=fixed|stop_points=60|target_mode=rr|time_exit=12:00|touch_tolerance=5,or_retest,long,73,749.6799999999994,10.269589041095882,8.16,0.5342465753424658,1.205980942751321,-1080.8999999999999,0.0857011471840579,0.02157356044614097,43,878.8799999999997,20.439069767441854,0.5581395348837209,30,-129.20000000000013,-4.306666666666671,0.5,143.66,0.19162842812933534,1152,False,False,True,False,False,False
full_history,or_retest_slip_shape|long|buffer_points=0|confirm_pattern=break_prev|end=11:00|max_risk_points=120|max_stop=120|min_reward_points=8|or_class=normal_tight|rr=2|start=10:00|stop_mode=fixed|stop_points=30|target_mode=rr|time_exit=15:55|touch_tolerance=5,or_retest,long,183,748.7799999999995,4.091693989071036,-66.34,0.39344262295081966,1.1016847417209183,-1033.6000000000004,0.046577909668303594,0.01856433084497911,109,-102.06000000000049,-0.9363302752293623,0.3669724770642202,74,850.8399999999996,11.497837837837832,0.43243243243243246,113.66,0.15179358423034814,1152,True,False,True,False,False,False
full_history,or_retest_slip_shape|long|buffer_points=0|confirm_pattern=break_prev|end=11:30|max_risk_points=120|max_stop=120|min_reward_points=8|or_class=normal|rr=2|start=10:00|stop_mode=fixed|stop_points=30|target_mode=rr|time_exit=12:00|touch_tolerance=10,or_retest,long,118,748.3799999999993,6.342203389830503,-66.34,0.4152542372881356,1.1703395501495397,-559.9200000000004,0.07424694530658146,0.023762567009745057,70,246.1999999999998,3.5171428571428542,0.4,48,502.17999999999984,10.46208333333333,0.4375,113.66,0.15187471605334202,1152,True,True,True,False,False,False
full_history,or_retest_slip_shape|long|buffer_points=0|confirm_pattern=break_prev|end=11:30|max_risk_points=120|max_stop=120|min_reward_points=8|or_class=normal|rr=1.25|start=10:10|stop_mode=fixed|stop_points=60|target_mode=rr|time_exit=15:55|touch_tolerance=10,or_retest,long,97,747.5199999999988,7.706391752577308,29.66,0.5051546391752577,1.124269365553287,-1282.4799999999996,0.05777051988084991,0.01676354649740129,58,937.7799999999995,16.168620689655164,0.5344827586206896,39,-190.26000000000013,-4.878461538461542,0.46153846153846156,143.66,0.19218214897260302,1152,True,False,True,False,False,False
full_history,or_retest_slip_shape|long|buffer_points=0|confirm_pattern=break_prev|end=11:00|max_risk_points=120|max_stop=120|min_reward_points=8|or_class=normal_tight|rr=2.5|start=10:10|stop_mode=fixed|stop_points=30|target_mode=rr|time_exit=12:00|touch_tolerance=10,or_retest,long,166,746.0599999999995,4.494337349397587,-66.34,0.3855421686746988,1.117320157630386,-981.0800000000003,0.04975040361388997,0.018885322819165214,99,-310.1600000000004,-3.132929292929297,0.3333333333333333,67,1056.2199999999998,15.764477611940295,0.4626865671641791,143.66,0.19255823928370386,1152,True,False,True,False,False,False
full_history,or_retest_slip_filter|long|buffer_points=0|confirm_pattern=break_prev|end=11:00|max_risk_points=120|max_signal_rsi=70|max_stop=120|min_reward_points=8|or_class=normal|rr=1.25|start=10:10|stop_mode=fixed|stop_points=40|target_mode=rr|time_exit=15:55|touch_tolerance=5,or_retest,long,63,745.5799999999996,11.834603174603169,93.66,0.5555555555555556,1.3084069625070316,-597.0600000000001,0.13283990732891343,0.031065088782224675,37,174.41999999999987,4.714054054054051,0.5135135135135135,26,571.1599999999999,21.967692307692303,0.6153846153846154,93.66,0.12562032243354174,1152,False,False,True,False,False,False
full_history,or_retest_slip_shape|long|buffer_points=0|confirm_pattern=break_prev|end=10:45|max_risk_points=120|max_stop=120|min_reward_points=8|or_class=normal|rr=1.5|start=10:00|stop_mode=fixed|stop_points=40|target_mode=rr|time_exit=12:00|touch_tolerance=10,or_retest,long,107,743.1199999999993,6.945046728971956,-30.34,0.4766355140186916,1.1625713185620776,-818.9200000000012,0.07239933910810938,0.022064812997501335,64,593.7399999999998,9.277187499999997,0.484375,43,149.37999999999988,3.47395348837209,0.46511627906976744,113.66,0.15294972548175276,1152,True,False,True,False,False,False
full_history,or_retest_slip_shape|long|buffer_points=0|confirm_pattern=break_prev|end=11:30|max_risk_points=120|max_stop=120|min_reward_points=8|or_class=normal|rr=1.5|start=10:10|stop_mode=fixed|stop_points=30|target_mode=rr|time_exit=15:55|touch_tolerance=5,or_retest,long,90,738.399999999999,8.204444444444432,-11.840000000000003,0.5,1.2473453254279294,-429.7400000000001,0.10926854460984138,0.030541486693759196,54,426.6399999999994,7.90074074074073,0.5,36,311.7599999999999,8.659999999999997,0.5,83.66,0.11329902491874339,1152,True,True,True,False,False,False
full_history,or_retest_slip_filter|long|buffer_points=0|confirm_pattern=break_prev|end=11:00|max_close_ema_delta=90|max_risk_points=120|max_stop=120|min_reward_points=8|or_class=normal|rr=1.25|start=10:10|stop_mode=fixed|stop_points=40|target_mode=rr|time_exit=15:55|touch_tolerance=5,or_retest,long,61,738.2599999999998,12.102622950819669,93.66,0.5573770491803278,1.3166894019337843,-690.7200000000001,0.13591461649784742,0.031275541806901674,36,260.7599999999999,7.24333333333333,0.5277777777777778,25,477.4999999999999,19.099999999999994,0.6,93.66,0.1268658738113944,1152,False,True,True,False,False,False
full_history,or_retest_slip_shape|long|buffer_points=0|confirm_pattern=break_prev|end=11:00|max_risk_points=120|max_stop=120|min_reward_points=8|or_class=normal_tight|rr=2.5|start=10:00|stop_mode=fixed|stop_points=30|target_mode=rr|time_exit=15:55|touch_tolerance=5,or_retest,long,183,734.7799999999993,4.015191256830597,-66.34,0.3442622950819672,1.0922997688674498,-984.5800000000004,0.04078597707713123,0.016255868451109365,109,-305.06000000000074,-2.798715596330282,0.3119266055045872,74,1039.8399999999997,14.051891891891888,0.3918918918918919,143.66,0.19551430360107805,1152,True,False,True,False,False,False
full_history,or_retest_slip_shape|long|buffer_points=0|confirm_pattern=break_prev|end=10:45|max_risk_points=120|max_stop=120|min_reward_points=8|or_class=normal_tight|rr=2|start=10:10|stop_mode=fixed|stop_points=30|target_mode=rr|time_exit=12:00|touch_tolerance=5,or_retest,long,136,734.2599999999993,5.398970588235289,-66.34,0.4117647058823529,1.1449473912785988,-948.8400000000005,0.06380938507896064,0.021924402882188856,81,-135.54000000000033,-1.6733333333333373,0.35802469135802467,55,869.7999999999996,15.814545454545447,0.4909090909090909,113.66,0.15479530411570847,1152,True,False,True,False,False,False
full_history,or_retest_slip_filter|long|buffer_points=0|confirm_pattern=break_prev|end=11:00|max_close_ema_delta=70|max_risk_points=120|max_stop=120|min_reward_points=8|or_class=normal|rr=1.5|start=10:10|stop_mode=fixed|stop_points=40|target_mode=rr|time_exit=15:55|touch_tolerance=5,or_retest,long,57,728.6199999999997,12.782807017543854,34.66,0.5087719298245614,1.3013915086534957,-604.3800000000001,0.12883997042468967,0.02865905096278774,34,193.43999999999986,5.689411764705878,0.47058823529411764,23,535.1799999999997,23.2686956521739,0.5652173913043478,113.66,0.15599352200049416,1152,False,True,True,False,False,False
full_history,or_retest_slip_shape|long|buffer_points=0|confirm_pattern=break_prev|end=11:30|max_risk_points=120|max_stop=120|min_reward_points=8|or_class=normal|rr=2.5|start=10:10|stop_mode=fixed|stop_points=40|target_mode=rr|time_exit=12:00|touch_tolerance=5,or_retest,long,90,727.3999999999994,8.082222222222216,-67.34,0.4111111111111111,1.177847541087818,-918.9200000000002,0.07190257237431892,0.02009737994825945,54,275.1399999999997,5.09518518518518,0.37037037037037035,36,452.2599999999998,12.562777777777773,0.4722222222222222,193.66,0.2662359087159749,1152,True,False,False,False,False,False
full_history,or_retest_slip_shape|long|buffer_points=0|confirm_pattern=break_prev|end=10:45|max_risk_points=120|max_stop=120|min_reward_points=8|or_class=normal|rr=1.25|start=10:10|stop_mode=fixed|stop_points=40|target_mode=rr|time_exit=15:55|touch_tolerance=10,or_retest,long,82,725.1199999999994,8.842926829268286,93.66,0.5365853658536586,1.2210111797910335,-589.7400000000002,0.09886736573496087,0.026377501076194416,49,578.3399999999998,11.802857142857139,0.5510204081632653,33,146.77999999999994,4.447878787878786,0.5151515151515151,93.66,0.12916482789055614,1152,True,False,True,False,False,False
full_history,or_retest_slip_shape|long|buffer_points=0|confirm_pattern=break_prev|end=11:00|max_risk_points=120|max_stop=120|min_reward_points=8|or_class=normal_tight|rr=2|start=10:00|stop_mode=fixed|stop_points=30|target_mode=rr|time_exit=12:00|touch_tolerance=10,or_retest,long,196,723.359999999999,3.690612244897954,-66.34,0.40816326530612246,1.0964102071987776,-1037.2800000000002,0.04363658484469928,0.01799917294671358,117,-221.28000000000065,-1.891282051282057,0.37606837606837606,79,944.6399999999993,11.957468354430372,0.45569620253164556,113.66,0.1571278478212787,1152,True,False,True,False,False,False
full_history,or_retest_slip_shape|long|buffer_points=0|confirm_pattern=break_prev|end=10:45|max_risk_points=120|max_stop=120|min_reward_points=8|or_class=normal_tight|rr=1.5|start=10:20|stop_mode=fixed|stop_points=40|target_mode=rr|time_exit=12:00|touch_tolerance=5,or_retest,long,112,722.9199999999994,6.454642857142852,-9.09,0.49107142857142855,1.1584003085094257,-549.7400000000001,0.0697272467103679,0.021741288976104757,67,524.7199999999997,7.831641791044771,0.47761194029850745,45,198.19999999999973,4.404444444444438,0.5111111111111111,113.66,0.1572234825430201,1152,True,False,True,False,False,False
full_history,or_retest_slip_shape|long|buffer_points=0|confirm_pattern=break_prev|end=11:30|max_risk_points=120|max_stop=120|min_reward_points=8|or_class=normal|rr=2.5|start=10:20|stop_mode=fixed|stop_points=60|target_mode=rr|time_exit=15:55|touch_tolerance=5,or_retest,long,81,717.4599999999998,8.857530864197528,-126.34,0.38271604938271603,1.1176453226203162,-1425.7999999999988,0.0503967418416224,0.013363454214719631,48,1448.6800000000003,30.18083333333334,0.4375,33,-731.22,-22.15818181818182,0.30303030303030304,293.66,0.4093050483650658,1152,True,False,False,False,False,False
full_history,or_retest_slip_shape|long|buffer_points=0|confirm_pattern=break_prev|end=10:45|max_risk_points=120|max_stop=120|min_reward_points=8|or_class=normal_tight|rr=1.25|start=10:20|stop_mode=fixed|stop_points=60|target_mode=rr|time_exit=12:00|touch_tolerance=10,or_retest,long,126,711.6599999999986,5.648095238095227,4.91,0.5238095238095238,1.1224803800082608,-1061.6799999999994,0.05122969626071899,0.016942629505904756,75,1326.9999999999998,17.69333333333333,0.56,51,-615.3400000000004,-12.06549019607844,0.47058823529411764,143.66,0.20186605963521945,1152,True,False,True,False,False,False
full_history,or_retest_slip_shape|long|buffer_points=0|confirm_pattern=break_prev|end=11:30|max_risk_points=120|max_stop=120|min_reward_points=8|or_class=normal_tight|rr=2|start=10:20|stop_mode=fixed|stop_points=30|target_mode=rr|time_exit=15:55|touch_tolerance=10,or_retest,long,163,708.5799999999988,4.3471165644171705,-66.34,0.3987730061349693,1.1089901743030641,-674.0600000000002,0.049608580404034465,0.01866054665536763,97,154.01999999999967,1.5878350515463884,0.38144329896907214,66,554.5599999999996,8.402424242424237,0.42424242424242425,113.66,0.16040531767760902,1152,True,True,True,False,False,False
full_history,or_retest_slip_shape|long|buffer_points=0|confirm_pattern=break_prev|end=11:30|max_risk_points=120|max_stop=120|min_reward_points=8|or_class=normal|rr=1.25|start=10:00|stop_mode=fixed|stop_points=30|target_mode=rr|time_exit=15:55|touch_tolerance=5,or_retest,long,109,707.9399999999993,6.4948623853210945,68.66,0.5412844036697247,1.213427796201386,-429.5800000000012,0.09635538760898185,0.029638963519725482,65,386.89999999999975,5.952307692307689,0.5384615384615384,44,321.0399999999998,7.2963636363636315,0.5454545454545454,68.66,0.0969856202503038,1152,True,True,True,False,False,False
full_history,or_retest_slip_shape|long|buffer_points=0|confirm_pattern=break_prev|end=10:45|max_risk_points=120|max_stop=120|min_reward_points=8|or_class=normal|rr=1.25|start=10:00|stop_mode=fixed|stop_points=30|target_mode=rr|time_exit=15:55|touch_tolerance=10,or_retest,long,107,705.6199999999993,6.59457943925233,68.66,0.5420560747663551,1.2170697642940196,-327.0600000000003,0.09784323950644404,0.0298192332882443,64,453.2399999999998,7.081874999999997,0.546875,43,252.3799999999998,5.8693023255813905,0.5348837209302325,68.66,0.09730449817182062,1152,True,True,True,False,False,False
full_history,or_retest_slip_shape|long|buffer_points=0|confirm_pattern=break_prev|end=11:00|max_risk_points=120|max_stop=120|min_reward_points=8|or_class=normal_tight|rr=1.5|start=10:10|stop_mode=fixed|stop_points=30|target_mode=rr|time_exit=12:00|touch_tolerance=5,or_retest,long,153,703.4799999999989,4.5979084967320185,-31.34,0.477124183006536,1.1380536530800474,-849.1200000000003,0.06289486087542334,0.022921056762348832,91,-262.9400000000006,-2.8894505494505562,0.4175824175824176,62,966.4199999999995,15.587419354838701,0.5645161290322581,83.66,0.11892306817535699,1152,True,False,True,False,False,False
full_history,or_retest_slip_shape|long|buffer_points=0|confirm_pattern=break_prev|end=10:45|max_risk_points=120|max_stop=120|min_reward_points=8|or_class=normal|rr=1.5|start=10:00|stop_mode=fixed|stop_points=40|target_mode=rr|time_exit=12:00|touch_tolerance=5,or_retest,long,96,703.3599999999996,7.326666666666662,-20.34,0.4791666666666667,1.1735405872193432,-759.900000000001,0.07663285342923233,0.022121999278068214,57,608.62,10.677543859649123,0.49122807017543857,39,94.73999999999987,2.4292307692307658,0.46153846153846156,113.66,0.16159576888080082,1152,True,False,True,False,False,False
full_history,or_retest_slip_shape|long|buffer_points=0|confirm_pattern=break_prev|end=11:30|max_risk_points=120|max_stop=120|min_reward_points=8|or_class=normal|rr=2|start=10:20|stop_mode=fixed|stop_points=30|target_mode=rr|time_exit=12:00|touch_tolerance=10,or_retest,long,90,700.8999999999994,7.787777777777771,-66.34,0.4111111111111111,1.2120392555482942,-493.5800000000004,0.0905109273472856,0.025298573281884416,54,408.13999999999953,7.558148148148139,0.3888888888888889,36,292.7599999999999,8.132222222222218,0.4444444444444444,113.66,0.1621629333713798,1152,True,True,True,False,False,False
full_history,or_retest_slip_shape|long|buffer_points=0|confirm_pattern=break_prev|end=11:00|max_risk_points=120|max_stop=120|min_reward_points=8|or_class=normal|rr=1.25|start=10:10|stop_mode=fixed|stop_points=60|target_mode=rr|time_exit=12:00|touch_tolerance=10,or_retest,long,92,698.2199999999993,7.589347826086949,4.66,0.5108695652173914,1.1507774034724016,-1015.1400000000002,0.06388750943005006,0.018054423781442785,55,871.7999999999997,15.850909090909086,0.5272727272727272,37,-173.58000000000013,-4.691351351351355,0.4864864864864865,143.66,0.20575176878347817,1152,True,False,True,False,False,False
full_history,or_retest_slip_shape|long|buffer_points=0|confirm_pattern=break_prev|end=10:45|max_risk_points=120|max_stop=120|min_reward_points=8|or_class=normal|rr=1.25|start=10:10|stop_mode=fixed|stop_points=40|target_mode=rr|time_exit=15:55|touch_tolerance=5,or_retest,long,74,695.8399999999995,9.403243243243235,93.66,0.5405405405405406,1.2370382482388367,-503.4000000000003,0.10522554094597364,0.02666924907068873,44,470.03999999999985,10.68272727272727,0.5454545454545454,30,225.80000000000004,7.526666666666668,0.5333333333333333,93.66,0.1345999080248334,1152,False,True,True,False,False,False
full_history,or_retest_slip_filter|long|buffer_points=0|confirm_pattern=break_prev|end=11:00|max_risk_points=120|max_stop=120|min_reward_points=8|or_class=normal_tight|rr=1.25|signal_vs_ema=below|start=10:00|stop_mode=fixed|stop_points=40|target_mode=rr|time_exit=15:55|touch_tolerance=5,or_retest,long,42,693.7199999999997,16.51714285714285,93.66,0.5714285714285714,1.446374797312949,-503.4000000000003,0.18320491473984107,0.034981266228468866,25,721.4999999999999,28.859999999999996,0.64,17,-27.780000000000058,-1.634117647058827,0.47058823529411764,93.66,0.13501124372945864,1152,False,False,True,False,False,False
full_history,or_retest_slip_shape|long|buffer_points=0|confirm_pattern=break_prev|end=11:30|max_risk_points=120|max_stop=120|min_reward_points=8|or_class=normal|rr=2.5|start=10:00|stop_mode=fixed|stop_points=30|target_mode=rr|time_exit=12:00|touch_tolerance=5,or_retest,long,109,693.4399999999991,6.361834862385313,-66.34,0.3669724770642202,1.1589197563401514,-673.5800000000002,0.06677429753795548,0.020539806002485242,65,195.89999999999966,3.0138461538461487,0.35384615384615387,44,497.5399999999996,11.307727272727265,0.38636363636363635,143.66,0.20717005076142156,1152,True,True,True,False,False,False
full_history,or_retest_slip_shape|long|buffer_points=0|confirm_pattern=break_prev|end=11:00|max_risk_points=120|max_stop=120|min_reward_points=8|or_class=normal|rr=1.5|start=10:10|stop_mode=fixed|stop_points=60|target_mode=rr|time_exit=12:00|touch_tolerance=10,or_retest,long,92,689.7199999999995,7.496956521739125,-2.59,0.4891304347826087,1.1428145473218643,-1141.14,0.0595433676216355,0.01682678197985286,55,920.2999999999997,16.732727272727267,0.509090909090909,37,-230.58000000000013,-6.2318918918918955,0.4594594594594595,173.66,0.2517833323667577,1152,True,False,False,False,False,False
full_history,or_retest_slip_shape|long|buffer_points=0|confirm_pattern=break_prev|end=10:45|max_risk_points=120|max_stop=120|min_reward_points=8|or_class=normal|rr=1.25|start=10:00|stop_mode=fixed|stop_points=30|target_mode=rr|time_exit=12:00|touch_tolerance=10,or_retest,long,107,688.6199999999994,6.435700934579434,68.66,0.5327102803738317,1.2135255813953483,-327.0600000000003,0.09597855798378967,0.029250942892170003,64,436.2399999999998,6.816249999999997,0.53125,43,252.3799999999998,5.8693023255813905,0.5348837209302325,68.66,0.09970665969620408,1152,True,True,True,False,False,False
full_history,or_retest_slip_shape|long|buffer_points=0|confirm_pattern=break_prev|end=10:45|max_risk_points=120|max_stop=120|min_reward_points=8|or_class=normal|rr=1.25|start=10:00|stop_mode=fixed|stop_points=60|target_mode=rr|time_exit=12:00|touch_tolerance=5,or_retest,long,96,687.8599999999994,7.165208333333328,8.66,0.5104166666666666,1.1350604164948612,-995.2000000000012,0.05880283551463094,0.01697491645674273,57,556.6199999999999,9.765263157894735,0.5087719298245614,39,131.23999999999992,3.365128205128203,0.5128205128205128,143.66,0.2088506382112641,1152,True,False,True,False,False,False
full_history,or_retest_slip_shape|long|buffer_points=0|confirm_pattern=break_prev|end=11:30|max_risk_points=120|max_stop=120|min_reward_points=8|or_class=normal|rr=1.25|start=10:10|stop_mode=fixed|stop_points=60|target_mode=rr|time_exit=12:00|touch_tolerance=5,or_retest,long,90,683.8999999999995,7.598888888888884,-0.3400000000000001,0.5,1.1527141995846633,-1111.92,0.06442452179023775,0.01800720126761101,54,734.6399999999996,13.604444444444438,0.5,36,-50.74000000000012,-1.4094444444444478,0.5,143.66,0.21005995028512955,1152,True,False,True,False,False,False
full_history,or_retest_slip_filter|long|buffer_points=0|confirm_pattern=break_prev|end=11:00|max_close_vwap_delta=50|max_risk_points=120|max_stop=120|min_reward_points=8|or_class=normal|rr=1.25|start=10:10|stop_mode=fixed|stop_points=40|target_mode=rr|time_exit=15:55|touch_tolerance=5,or_retest,long,70,681.1999999999996,9.731428571428566,93.66,0.5428571428571428,1.2465543201297193,-690.72,0.10895705748472403,0.026858276875474943,42,282.7199999999999,6.7314285714285695,0.5238095238095238,28,398.4799999999998,14.231428571428564,0.5714285714285714,93.66,0.13749266001174407,1152,False,True,True,False,False,False
full_history,or_retest_slip_filter|long|buffer_points=0|confirm_pattern=break_prev|end=11:00|max_risk_points=120|max_stop=120|min_reward_points=8|min_signal_rsi=60|or_class=normal|rr=1.25|start=10:00|stop_mode=fixed|stop_points=40|target_mode=rr|time_exit=15:55|touch_tolerance=5,or_retest,long,52,679.3199999999996,13.063846153846146,93.66,0.5576923076923077,1.342085385382361,-251.70000000000002,0.1456975639652689,0.03095478007257663,31,872.4599999999997,28.143870967741925,0.6451612903225806,21,-193.14000000000007,-9.197142857142861,0.42857142857142855,93.66,0.13787316728493207,1152,False,False,True,False,False,False
full_history,or_retest_slip_shape|long|buffer_points=0|confirm_pattern=break_prev|end=11:30|max_risk_points=120|max_stop=120|min_reward_points=8|or_class=normal|rr=2|start=10:20|stop_mode=fixed|stop_points=60|target_mode=rr|time_exit=15:55|touch_tolerance=5,or_retest,long,81,678.9599999999992,8.382222222222213,-126.34,0.4074074074074074,1.116144527200632,-1545.7999999999993,0.051259115690982876,0.013592125613519909,48,1697.1799999999996,35.35791666666666,0.4791666666666667,33,-1018.2200000000001,-30.85515151515152,0.30303030303030304,233.66,0.34414398491811043,1152,True,False,False,False,False,False
full_history,or_retest_slip_shape|long|buffer_points=0|confirm_pattern=break_prev|end=11:30|max_risk_points=120|max_stop=120|min_reward_points=8|or_class=normal|rr=1.25|start=10:00|stop_mode=fixed|stop_points=30|target_mode=rr|time_exit=12:00|touch_tolerance=5,or_retest,long,109,678.4399999999993,6.224220183486231,68.66,0.5321100917431193,1.2061288107579275,-442.0800000000012,0.09294228380336722,0.028589091149389873,65,369.89999999999975,5.690769230769227,0.5230769230769231,44,308.5399999999998,7.012272727272722,0.5454545454545454,68.66,0.10120275927126948,1152,True,True,True,False,False,False
full_history,or_retest_slip_shape|long|buffer_points=0|confirm_pattern=break_prev|end=10:45|max_risk_points=120|max_stop=120|min_reward_points=8|or_class=normal|rr=2|start=10:20|stop_mode=fixed|stop_points=30|target_mode=rr|time_exit=15:55|touch_tolerance=5,or_retest,long,62,675.9199999999996,10.901935483870961,-66.34,0.43548387096774194,1.2911064214651788,-417.0600000000003,0.1223432994511227,0.028382444279791783,37,534.4199999999997,14.443783783783777,0.4594594594594595,25,141.49999999999997,5.659999999999999,0.4,113.66,0.1681559947922832,1152,False,False,True,False,False,False
full_history,or_retest_slip_filter|long|buffer_points=0|confirm_pattern=break_prev|end=11:00|max_risk_points=120|max_stop=120|min_reward_points=8|or_class=normal_tight|prior_day_direction=down|rr=1.25|start=10:10|stop_mode=fixed|stop_points=40|target_mode=rr|time_exit=15:55|touch_tolerance=5,or_retest,long,54,673.6399999999996,12.474814814814808,93.66,0.5555555555555556,1.3250907265848195,-661.44,0.13918080299124846,0.030133527777384594,32,-62.88000000000008,-1.9650000000000025,0.46875,22,736.5199999999998,33.47818181818181,0.6818181818181818,93.66,0.13903568671694086,1152,False,False,True,False,False,False
full_history,or_retest_slip_shape|long|buffer_points=0|confirm_pattern=break_prev|end=11:30|max_risk_points=120|max_stop=120|min_reward_points=8|or_class=normal|rr=1.5|start=10:10|stop_mode=fixed|stop_points=30|target_mode=rr|time_exit=12:00|touch_tolerance=10,or_retest,long,97,672.0199999999993,6.928041237113395,-4.34,0.4845360824742268,1.2128666455495716,-439.9200000000004,0.0940090163503116,0.027279043360068547,58,362.27999999999963,6.246206896551718,0.46551724137931033,39,309.73999999999984,7.942051282051278,0.5128205128205128,83.66,0.12449034254932902,1152,True,True,True,False,False,False
full_history,or_retest_slip_shape|long|buffer_points=0|confirm_pattern=break_prev|end=10:45|max_risk_points=120|max_stop=120|min_reward_points=8|or_class=normal_tight|rr=2.5|start=10:20|stop_mode=fixed|stop_points=40|target_mode=rr|time_exit=12:00|touch_tolerance=5,or_retest,long,112,671.9199999999992,5.999285714285707,-73.09,0.42857142857142855,1.1331784685031099,-929.6000000000001,0.05494068127929585,0.01713076716192251,67,550.2199999999996,8.212238805970143,0.417910447761194,45,121.69999999999976,2.704444444444439,0.4444444444444444,193.66,0.28821883557566413,1152,True,False,False,False,False,False
full_history,or_retest_slip_shape|long|buffer_points=0|confirm_pattern=break_prev|end=11:00|max_risk_points=120|max_stop=120|min_reward_points=8|or_class=normal|rr=2.5|start=10:00|stop_mode=fixed|stop_points=30|target_mode=rr|time_exit=12:00|touch_tolerance=10,or_retest,long,114,667.2399999999996,5.852982456140347,-66.34,0.3684210526315789,1.1462450246357239,-673.5800000000002,0.06174072451823848,0.019422177001098415,68,92.37999999999977,1.3585294117647024,0.35294117647058826,46,574.8599999999996,12.49695652173912,0.391304347826087,143.66,0.2153048378394582,1152,True,True,True,False,False,False
full_history,or_retest_slip_filter|long|buffer_points=0|confirm_pattern=break_prev|end=11:00|max_risk_points=120|max_stop=120|min_reward_points=8|or_class=normal|prior_day_zombie=no|rr=1.25|start=10:10|stop_mode=fixed|stop_points=40|target_mode=rr|time_exit=15:55|touch_tolerance=5,or_retest,long,52,666.3199999999997,12.813846153846148,93.66,0.5576923076923077,1.3355389713065635,-424.38,0.1430147131258682,0.03038478387331984,31,23.460000000000008,0.7567741935483874,0.4838709677419355,21,642.8599999999998,30.612380952380942,0.6666666666666666,93.66,0.14056309280826035,1152,False,False,True,False,False,False
full_history,or_retest_slip_filter|long|buffer_points=0|confirm_pattern=break_prev|end=11:00|max_close_ema_delta=50|max_risk_points=120|max_stop=120|min_reward_points=8|or_class=normal|rr=1.25|start=10:10|stop_mode=fixed|stop_points=40|target_mode=rr|time_exit=15:55|touch_tolerance=5,or_retest,long,48,664.6799999999998,13.847499999999997,93.66,0.5625,1.3665905556107085,-345.3600000000001,0.1545652392390438,0.03155049734223882,28,411.4799999999999,14.695714285714283,0.5714285714285714,20,253.19999999999993,12.659999999999997,0.55,93.66,0.14090991153637844,1152,False,True,True,False,False,False
full_history,or_retest_slip_shape|long|buffer_points=0|confirm_pattern=break_prev|end=10:45|max_risk_points=120|max_stop=120|min_reward_points=8|or_class=normal|rr=1.5|start=10:10|stop_mode=fixed|stop_points=30|target_mode=rr|time_exit=12:00|touch_tolerance=5,or_retest,long,74,663.3399999999996,8.96405405405405,2.41,0.5,1.2814841847083478,-363.4000000000003,0.12092966450737014,0.030649434669456903,44,479.03999999999974,10.887272727272721,0.5,30,184.2999999999999,6.14333333333333,0.5,83.66,0.12611933548406556,1152,False,False,True,False,False,False
full_history,or_retest_slip_filter|long|buffer_points=0|confirm_pattern=break_prev|end=11:00|max_risk_points=120|max_stop=120|min_reward_points=8|or_class=normal_tight|prior_day_direction=up|rr=1.5|start=10:10|stop_mode=fixed|stop_points=40|target_mode=rr|time_exit=15:55|touch_tolerance=5,or_retest,long,95,662.1999999999992,6.970526315789466,-86.34,0.47368421052631576,1.1533935603428302,-636.0800000000002,0.07016016325998263,0.02014773147562937,57,207.6199999999997,3.642456140350872,0.45614035087719296,38,454.5799999999998,11.962631578947363,0.5,113.66,0.17163998791905788,1152,True,True,True,False,False,False
full_history,or_retest_slip_shape|long|buffer_points=0|confirm_pattern=break_prev|end=10:45|max_risk_points=120|max_stop=120|min_reward_points=8|or_class=normal|rr=2|start=10:20|stop_mode=fixed|stop_points=40|target_mode=rr|time_exit=15:55|touch_tolerance=10,or_retest,long,73,662.1799999999995,9.070958904109583,-86.34,0.410958904109589,1.1783592180185418,-958.1200000000002,0.07781622818586795,0.019588688805449336,43,976.3799999999997,22.70651162790697,0.46511627906976744,30,-314.2,-10.473333333333333,0.3333333333333333,153.66,0.2320517079948052,1152,False,False,True,False,False,False
full_history,or_retest_slip_shape|long|buffer_points=0|confirm_pattern=break_prev|end=11:30|max_risk_points=120|max_stop=120|min_reward_points=8|or_class=normal|rr=1.5|start=10:10|stop_mode=fixed|stop_points=60|target_mode=rr|time_exit=12:00|touch_tolerance=5,or_retest,long,90,661.3999999999996,7.348888888888885,-3.84,0.4777777777777778,1.1414160419758044,-1312.42,0.0587665681566722,0.016425755150336698,54,795.1399999999996,14.724814814814808,0.48148148148148145,36,-133.74000000000012,-3.7150000000000034,0.4722222222222222,173.66,0.26256425763531915,1152,True,False,False,False,False,False
full_history,or_retest_slip_shape|long|buffer_points=0|confirm_pattern=break_prev|end=11:00|max_risk_points=120|max_stop=120|min_reward_points=8|or_class=normal_tight|rr=1.5|start=10:10|stop_mode=fixed|stop_points=30|target_mode=rr|time_exit=12:00|touch_tolerance=10,or_retest,long,166,660.559999999999,3.9792771084337293,-66.34,0.46987951807228917,1.1174032510903906,-676.2400000000001,0.05418334003859469,0.020568071688241953,99,-274.1600000000004,-2.7692929292929334,0.41414141414141414,67,934.7199999999997,13.951044776119398,0.5522388059701493,83.66,0.12665011505389384,1152,True,False,True,False,False,False
full_history,or_retest_slip_shape|long|buffer_points=0|confirm_pattern=break_prev|end=10:45|max_risk_points=120|max_stop=120|min_reward_points=8|or_class=normal|rr=2.5|start=10:10|stop_mode=fixed|stop_points=30|target_mode=rr|time_exit=15:55|touch_tolerance=5,or_retest,long,74,659.8399999999992,8.916756756756746,-66.34,0.36486486486486486,1.211624192586225,-630.4600000000003,0.08860039115035208,0.022455630810796986,44,340.03999999999974,7.728181818181812,0.36363636363636365,30,319.79999999999995,10.659999999999998,0.36666666666666664,143.66,0.21771944713870053,1152,False,True,True,False,False,False
full_history,or_retest_slip_shape|long|buffer_points=0|confirm_pattern=break_prev|end=10:45|max_risk_points=120|max_stop=120|min_reward_points=8|or_class=normal|rr=1.5|start=10:10|stop_mode=fixed|stop_points=40|target_mode=rr|time_exit=15:55|touch_tolerance=5,or_retest,long,74,655.8399999999997,8.862702702702698,-86.34,0.4864864864864865,1.1998951513599838,-522.4200000000003,0.08927795173400596,0.02262735748289102,44,330.03999999999996,7.50090909090909,0.4772727272727273,30,325.79999999999995,10.859999999999998,0.5,113.66,0.17330446450353754,1152,False,True,True,False,False,False
full_history,or_retest_slip_filter|long|buffer_points=0|confirm_pattern=break_prev|end=11:00|max_risk_points=120|max_stop=120|min_reward_points=8|or_class=normal|prior_day_zombie=yes|rr=1.5|start=10:10|stop_mode=fixed|stop_points=40|target_mode=rr|time_exit=15:55|touch_tolerance=5,or_retest,long,31,652.4599999999999,21.047096774193545,113.66,0.5483870967741935,1.5397762996790099,-322.4200000000004,0.2107699973297602,0.03457509622041626,18,574.8799999999999,31.93777777777777,0.6111111111111112,13,77.57999999999996,5.967692307692304,0.46153846153846156,113.66,0.17420224994635689,1152,False,False,True,True,False,False
full_history,or_retest_slip_shape|long|buffer_points=0|confirm_pattern=break_prev|end=10:45|max_risk_points=120|max_stop=120|min_reward_points=8|or_class=normal|rr=2|start=10:20|stop_mode=fixed|stop_points=40|target_mode=rr|time_exit=15:55|touch_tolerance=5,or_retest,long,62,651.9199999999996,10.514838709677413,-86.34,0.41935483870967744,1.2097392736725603,-777.0600000000001,0.09009432065474372,0.020900997826452623,37,774.4199999999997,20.930270270270263,0.4594594594594595,25,-122.50000000000003,-4.900000000000001,0.36,153.66,0.23570376733341528,1152,False,False,True,False,False,False
full_history,or_retest_slip_shape|long|buffer_points=0|confirm_pattern=break_prev|end=10:45|max_risk_points=120|max_stop=120|min_reward_points=8|or_class=normal|rr=2.5|start=10:10|stop_mode=fixed|stop_points=40|target_mode=rr|time_exit=15:55|touch_tolerance=5,or_retest,long,74,649.3399999999995,8.774864864864858,-86.34,0.36486486486486486,1.160015574251228,-948.1400000000011,0.06743876767304752,0.01709225037879585,44,496.03999999999985,11.27363636363636,0.36363636363636365,30,153.30000000000007,5.110000000000002,0.36666666666666664,193.66,0.29824129115717524,1152,False,False,False,False,False,False
full_history,or_retest_slip_filter|long|buffer_points=0|confirm_pattern=break_prev|end=11:00|max_risk_points=120|max_stop=120|min_reward_points=8|or_class=normal|prior_day_zombie=yes|rr=1.5|start=10:00|stop_mode=fixed|stop_points=40|target_mode=rr|time_exit=15:55|touch_tolerance=5,or_retest,long,38,648.0799999999997,17.054736842105257,78.16,0.5263157894736842,1.4170076956734357,-667.7800000000005,0.17045454688426778,0.030958089347314127,22,829.5199999999999,37.705454545454536,0.6363636363636364,16,-181.44000000000005,-11.340000000000003,0.375,113.66,0.17537958276755963,1152,False,False,True,False,False,False
full_history,or_retest_slip_shape|long|buffer_points=0|confirm_pattern=break_prev|end=11:00|max_risk_points=120|max_stop=120|min_reward_points=8|or_class=normal_tight|rr=2.5|start=10:10|stop_mode=fixed|stop_points=30|target_mode=rr|time_exit=12:00|touch_tolerance=5,or_retest,long,153,646.4799999999989,4.225359477124176,-66.34,0.38562091503267976,1.1109178067619914,-1221.6400000000006,0.04703433129100859,0.017140932697755507,91,-414.9400000000003,-4.559780219780223,0.32967032967032966,62,1061.4199999999998,17.119677419354836,0.46774193548387094,143.66,0.22221878480386129,1152,True,False,True,False,False,False
full_history,or_retest_slip_shape|long|buffer_points=0|confirm_pattern=break_prev|end=11:30|max_risk_points=120|max_stop=120|min_reward_points=8|or_class=normal|rr=1.25|start=10:10|stop_mode=fixed|stop_points=40|target_mode=rr|time_exit=12:00|touch_tolerance=5,or_retest,long,90,641.3999999999994,7.12666666666666,12.41,0.5222222222222223,1.1887236584260663,-581.9200000000004,0.08318160849644568,0.02324996638447833,54,213.13999999999967,3.947037037037031,0.48148148148148145,36,428.2599999999999,11.896111111111107,0.5833333333333334,93.66,0.14602432179607122,1152,True,False,True,False,False,False
full_history,or_retest_slip_shape|long|buffer_points=0|confirm_pattern=break_prev|end=10:45|max_risk_points=120|max_stop=120|min_reward_points=8|or_class=normal|rr=1.5|start=10:00|stop_mode=fixed|stop_points=30|target_mode=rr|time_exit=15:55|touch_tolerance=5,or_retest,long,96,640.3599999999996,6.670416666666662,-66.34,0.4895833333333333,1.196993841250699,-472.880000000001,0.08887438308616227,0.025655824499428853,57,677.6199999999999,11.888070175438594,0.5263157894736842,39,-37.26000000000013,-0.9553846153846188,0.4358974358974359,83.66,0.13064526204010252,1152,True,False,True,False,False,False
full_history,or_retest_slip_shape|long|buffer_points=0|confirm_pattern=break_prev|end=10:45|max_risk_points=120|max_stop=120|min_reward_points=8|or_class=normal_tight|rr=2|start=10:20|stop_mode=fixed|stop_points=30|target_mode=rr|time_exit=12:00|touch_tolerance=5,or_retest,long,112,638.4199999999992,5.700178571428564,-66.34,0.41964285714285715,1.1547084767120626,-559.1200000000002,0.06763888742893556,0.021090128565137322,67,355.2199999999996,5.301791044776113,0.40298507462686567,45,283.1999999999997,6.293333333333327,0.4444444444444444,113.66,0.17803326963441019,1152,True,True,True,False,False,False
full_history,or_retest_slip_shape|long|buffer_points=0|confirm_pattern=break_prev|end=11:00|max_risk_points=120|max_stop=120|min_reward_points=8|or_class=normal_tight|rr=1.25|start=10:20|stop_mode=fixed|stop_points=40|target_mode=rr|time_exit=15:55|touch_tolerance=5,or_retest,long,131,634.4599999999992,4.843206106870223,42.66,0.5114503816793893,1.1148185950891818,-927.7800000000002,0.053969600830891994,0.018199464697890397,78,234.47999999999954,3.00615384615384,0.5,53,399.97999999999945,7.546792452830179,0.5283018867924528,93.66,0.14762159947041595,1152,True,True,True,False,False,False
full_history,or_retest_slip_filter|long|buffer_points=0|confirm_pattern=break_prev|end=11:00|max_risk_points=120|max_stop=120|min_reward_points=8|or_class=normal_tight|prior_day_zombie=yes|rr=1.25|start=10:00|stop_mode=fixed|stop_points=40|target_mode=rr|time_exit=15:55|touch_tolerance=5,or_retest,long,63,629.5799999999996,9.993333333333327,93.66,0.5396825396825397,1.2514437708178567,-690.7200000000003,0.11114841832108914,0.02599245627745896,37,894.4199999999997,24.173513513513505,0.6216216216216216,26,-264.84000000000003,-10.186153846153847,0.4230769230769231,93.66,0.1487658438959307,1152,False,False,True,False,False,False
full_history,or_retest_slip_filter|long|buffer_points=0|confirm_pattern=break_prev|end=11:00|max_close_vwap_delta=35|max_risk_points=120|max_stop=120|min_reward_points=8|or_class=normal|rr=2|start=10:10|stop_mode=fixed|stop_points=40|target_mode=rr|time_exit=15:55|touch_tolerance=5,or_retest,long,54,627.6399999999996,11.622962962962957,-86.34,0.42592592592592593,1.2344967756880143,-604.3800000000001,0.09953788386327611,0.021550584016135566,32,486.1199999999999,15.191249999999997,0.4375,22,141.51999999999992,6.432727272727269,0.4090909090909091,153.66,0.24482187241093634,1152,False,False,True,False,False,False
full_history,or_retest_slip_filter|long|buffer_points=0|confirm_pattern=break_prev|end=11:00|max_close_vwap_delta=35|max_risk_points=120|max_stop=120|min_reward_points=8|or_class=normal|rr=1.25|start=10:10|stop_mode=fixed|stop_points=40|target_mode=rr|time_exit=15:55|touch_tolerance=5,or_retest,long,54,627.6399999999995,11.622962962962955,93.66,0.5555555555555556,1.3028916685970193,-518.0400000000001,0.13052594083133265,0.028259695153199652,32,246.1199999999999,7.691249999999997,0.53125,22,381.51999999999987,17.341818181818176,0.5909090909090909,93.66,0.14922567076668164,1152,False,True,True,False,False,False
full_history,or_retest_slip_shape|long|buffer_points=0|confirm_pattern=break_prev|end=10:45|max_risk_points=120|max_stop=120|min_reward_points=8|or_class=normal_tight|rr=2|start=10:10|stop_mode=fixed|stop_points=30|target_mode=rr|time_exit=15:55|touch_tolerance=5,or_retest,long,136,626.7599999999993,4.6085294117647,-66.34,0.39705882352941174,1.1152157768186057,-1005.7600000000004,0.052393246313979784,0.018001907385128486,81,-224.54000000000042,-2.772098765432104,0.35802469135802467,55,851.2999999999996,15.478181818181811,0.45454545454545453,113.66,0.18134533154636562,1152,True,False,True,False,False,False
full_history,or_retest_slip_filter|long|buffer_points=0|confirm_pattern=break_prev|end=11:00|max_risk_points=120|max_stop=120|min_reward_points=8|or_class=normal|prior_day_zombie=no|rr=1.5|start=10:10|stop_mode=fixed|stop_points=40|target_mode=rr|time_exit=15:55|touch_tolerance=5,or_retest,long,52,626.3199999999996,12.044615384615376,-28.340000000000003,0.5,1.279004294292689,-549.74,0.12043194988968405,0.02558686927281364,31,-76.54000000000002,-2.4690322580645168,0.41935483870967744,21,702.8599999999998,33.4695238095238,0.6190476190476191,113.66,0.18147272959509528,1152,False,False,True,False,False,False
full_history,or_retest_slip_shape|long|buffer_points=0|confirm_pattern=break_prev|end=10:45|max_risk_points=120|max_stop=120|min_reward_points=8|or_class=normal|rr=2.5|start=10:00|stop_mode=fixed|stop_points=60|target_mode=rr|time_exit=12:00|touch_tolerance=10,or_retest,long,107,625.6199999999994,5.846915887850462,-10.84,0.4672897196261682,1.101977544793052,-1455.82,0.04256239950772055,0.012971546390229488,64,1173.7399999999998,18.339687499999997,0.515625,43,-548.1200000000003,-12.746976744186055,0.3953488372093023,293.66,0.46939036475816037,1152,True,False,False,False,False,False
full_history,or_retest_slip_shape|long|buffer_points=0|confirm_pattern=break_prev|end=10:45|max_risk_points=120|max_stop=120|min_reward_points=8|or_class=normal|rr=1.25|start=10:00|stop_mode=fixed|stop_points=30|target_mode=rr|time_exit=15:55|touch_tolerance=5,or_retest,long,96,625.3599999999997,6.5141666666666636,68.66,0.5416666666666666,1.2142406884643837,-395.72000000000025,0.09662117846866491,0.02789213169915128,57,512.6199999999999,8.993333333333332,0.5614035087719298,39,112.73999999999987,2.8907692307692274,0.5128205128205128,68.66,0.10979275937060258,1152,True,False,True,False,False,False
full_history,or_retest_slip_filter|long|buffer_points=0|confirm_pattern=break_prev|end=11:00|max_close_ema_delta=90|max_risk_points=120|max_stop=120|min_reward_points=8|or_class=normal_tight|rr=1.5|start=10:10|stop_mode=fixed|stop_points=40|target_mode=rr|time_exit=15:55|touch_tolerance=5,or_retest,long,113,624.0799999999991,5.522831858407072,-86.34,0.4690265486725664,1.1204694618176196,-1026.2800000000002,0.05585840602237857,0.017494499436623068,67,-55.78000000000023,-0.8325373134328392,0.43283582089552236,46,679.8599999999998,14.7795652173913,0.5217391304347826,113.66,0.18212408665555724,1152,True,False,True,False,False,False
full_history,or_retest_slip_shape|long|buffer_points=0|confirm_pattern=break_prev|end=10:45|max_risk_points=120|max_stop=120|min_reward_points=8|or_class=normal|rr=1.5|start=10:00|stop_mode=fixed|stop_points=30|target_mode=rr|time_exit=12:00|touch_tolerance=5,or_retest,long,96,623.3599999999997,6.49333333333333,-48.84,0.4791666666666667,1.1932899224806195,-472.880000000001,0.0869160703253306,0.025090508299617034,57,660.6199999999999,11.589824561403507,0.5087719298245614,39,-37.26000000000013,-0.9553846153846188,0.4358974358974359,83.66,0.13420816221765922,1152,True,False,True,False,False,False
full_history,or_retest_slip_shape|long|buffer_points=0|confirm_pattern=break_prev|end=10:45|max_risk_points=120|max_stop=120|min_reward_points=8|or_class=normal|rr=2.5|start=10:20|stop_mode=fixed|stop_points=40|target_mode=rr|time_exit=12:00|touch_tolerance=5,or_retest,long,62,621.9199999999996,10.030967741935477,-86.34,0.4032258064516129,1.20988970935648,-777.0600000000002,0.08481706242057885,0.019676725729384517,37,456.91999999999985,12.349189189189184,0.3783783783783784,25,164.99999999999991,6.599999999999997,0.44,193.66,0.3113905325443789,1152,False,False,False,False,False,False
full_history,or_retest_slip_shape|long|buffer_points=0|confirm_pattern=break_prev|end=11:30|max_risk_points=120|max_stop=120|min_reward_points=8|or_class=normal_tight|rr=2.5|start=10:20|stop_mode=fixed|stop_points=40|target_mode=rr|time_exit=12:00|touch_tolerance=5,or_retest,long,151,619.159999999999,4.10039735099337,-41.34,0.4370860927152318,1.0957429371105163,-1451.9800000000005,0.03956698032707013,0.01432501683883221,90,553.3999999999996,6.148888888888885,0.43333333333333335,61,65.75999999999982,1.078032786885243,0.4426229508196721,193.66,0.3127786032689456,1152,True,False,False,False,False,False
full_history,or_retest_slip_shape|long|buffer_points=0|confirm_pattern=break_prev|end=11:00|max_risk_points=120|max_stop=120|min_reward_points=8|or_class=normal|rr=2.5|start=10:20|stop_mode=fixed|stop_points=30|target_mode=rr|time_exit=15:55|touch_tolerance=10,or_retest,long,84,617.4399999999994,7.350476190476183,-66.34,0.35714285714285715,1.172355653814803,-639.4600000000005,0.07346326456250969,0.01983734868700669,50,361.9999999999998,7.239999999999996,0.36,34,255.43999999999988,7.5129411764705845,0.35294117647058826,143.66,0.2326703809277017,1152,True,True,True,False,False,False
full_history,or_retest_slip_shape|long|buffer_points=0|confirm_pattern=break_prev|end=11:00|max_risk_points=120|max_stop=120|min_reward_points=8|or_class=normal|rr=1.5|start=10:10|stop_mode=fixed|stop_points=60|target_mode=rr|time_exit=15:55|touch_tolerance=10,or_retest,long,92,615.2199999999988,6.687173913043465,-126.34,0.45652173913043476,1.0981525207402678,-1462.4799999999998,0.0456298469247392,0.01289486162179479,55,1572.7999999999997,28.59636363636363,0.5272727272727272,37,-957.5800000000003,-25.880540540540547,0.35135135135135137,173.66,0.2822730080296485,1152,True,False,False,False,False,False
full_history,or_retest_slip_filter|long|buffer_points=0|confirm_pattern=break_prev|end=11:00|max_risk_points=120|max_stop=120|min_reward_points=8|or_class=normal|prior_day_direction=down|rr=1.25|start=10:10|stop_mode=fixed|stop_points=40|target_mode=rr|time_exit=15:55|touch_tolerance=5,or_retest,long,38,615.0799999999998,16.186315789473678,93.66,0.5789473684210527,1.4452455408848741,-338.04,0.18145545571671903,0.032956083092637416,22,80.51999999999992,3.6599999999999966,0.5,16,534.56,33.41,0.6875,93.66,0.15227287507316126,1152,False,False,True,False,False,False
full_history,or_retest_slip_shape|long|buffer_points=0|confirm_pattern=break_prev|end=11:30|max_risk_points=120|max_stop=120|min_reward_points=8|or_class=normal|rr=2.5|start=10:00|stop_mode=fixed|stop_points=30|target_mode=rr|time_exit=12:00|touch_tolerance=10,or_retest,long,118,611.8799999999994,5.1854237288135545,-66.34,0.3644067796610169,1.1285057229864532,-739.9200000000002,0.05473469410156986,0.017517715119131763,70,-40.30000000000024,-0.5757142857142892,0.34285714285714286,48,652.1799999999998,13.58708333333333,0.3958333333333333,143.66,0.23478459828724607,1152,True,False,True,False,False,False
full_history,or_retest_slip_shape|long|buffer_points=0|confirm_pattern=break_prev|end=11:00|max_risk_points=120|max_stop=120|min_reward_points=8|or_class=normal|rr=1.25|start=10:20|stop_mode=fixed|stop_points=40|target_mode=rr|time_exit=12:00|touch_tolerance=10,or_retest,long,84,609.9399999999996,7.261190476190471,14.16,0.5238095238095238,1.1945209848194918,-627.2400000000004,0.08528945665187053,0.02303078553620293,50,406.9999999999998,8.139999999999995,0.5,34,202.9399999999999,5.968823529411762,0.5588235294117647,93.66,0.15355608748401492,1152,True,True,True,False,False,False
full_history,or_retest_slip_shape|long|buffer_points=0|confirm_pattern=break_prev|end=10:45|max_risk_points=120|max_stop=120|min_reward_points=8|or_class=normal|rr=1.25|start=10:00|stop_mode=fixed|stop_points=30|target_mode=rr|time_exit=12:00|touch_tolerance=5,or_retest,long,96,608.3599999999997,6.33708333333333,68.66,0.53125,1.2102650952199903,-395.72000000000025,0.09453612864092073,0.027290229659490337,57,495.6199999999998,8.695087719298241,0.543859649122807,39,112.73999999999987,2.8907692307692274,0.5128205128205128,68.66,0.11286080610165039,1152,True,False,True,False,False,False
full_history,or_retest_slip_filter|long|buffer_points=0|confirm_pattern=break_prev|end=11:00|max_risk_points=120|max_signal_ema_slope=10|max_stop=120|min_reward_points=8|or_class=normal_tight|rr=2|start=10:00|stop_mode=fixed|stop_points=40|target_mode=rr|time_exit=15:55|touch_tolerance=5,or_retest,long,103,607.9799999999992,5.902718446601934,-86.34,0.4077669902912621,1.1154376331468798,-630.7800000000001,0.05169046353378473,0.015456202517527303,61,259.25999999999976,4.250163934426226,0.39344262295081966,42,348.71999999999974,8.302857142857137,0.42857142857142855,153.66,0.2527385769268729,1152,True,True,False,False,False,False
full_history,or_retest_slip_shape|long|buffer_points=0|confirm_pattern=break_prev|end=11:30|max_risk_points=120|max_stop=120|min_reward_points=8|or_class=normal_tight|rr=2|start=10:20|stop_mode=fixed|stop_points=30|target_mode=rr|time_exit=12:00|touch_tolerance=5,or_retest,long,151,606.659999999999,4.017615894039728,-66.34,0.423841059602649,1.1128128265874238,-677.5800000000002,0.049347407942342436,0.017865969146074655,90,90.89999999999964,1.009999999999996,0.4,61,515.7599999999994,8.455081967213106,0.45901639344262296,113.66,0.18735370718359576,1152,True,True,True,False,False,False
full_history,or_retest_slip_shape|long|buffer_points=0|confirm_pattern=break_prev|end=11:00|max_risk_points=120|max_stop=120|min_reward_points=8|or_class=normal_tight|rr=1.5|start=10:00|stop_mode=fixed|stop_points=30|target_mode=rr|time_exit=15:55|touch_tolerance=10,or_retest,long,196,606.3599999999989,3.0936734693877495,-66.34,0.4642857142857143,1.0870493991989312,-758.1800000000012,0.04134174310850317,0.01705259902388864,117,-302.78000000000065,-2.5878632478632535,0.42735042735042733,79,909.1399999999992,11.508101265822775,0.5189873417721519,83.66,0.13797084240385274,1152,True,False,True,False,False,False
full_history,or_retest_slip_shape|long|buffer_points=0|confirm_pattern=break_prev|end=10:45|max_risk_points=120|max_stop=120|min_reward_points=8|or_class=normal|rr=2|start=10:10|stop_mode=fixed|stop_points=40|target_mode=rr|time_exit=15:55|touch_tolerance=10,or_retest,long,82,605.1199999999994,7.3795121951219445,-86.34,0.4024390243902439,1.143032056464003,-977.1400000000006,0.06345581069063468,0.01692980997663139,49,698.3399999999997,14.251836734693871,0.42857142857142855,33,-93.22000000000006,-2.8248484848484865,0.36363636363636365,153.66,0.253933104177684,1152,True,False,False,False,False,False
full_history,or_retest_slip_shape|long|buffer_points=0|confirm_pattern=break_prev|end=11:00|max_risk_points=120|max_stop=120|min_reward_points=8|or_class=normal|rr=1.25|start=10:20|stop_mode=fixed|stop_points=60|target_mode=rr|time_exit=12:00|touch_tolerance=10,or_retest,long,84,602.4399999999991,7.171904761904751,4.91,0.5238095238095238,1.1422828936491813,-1259.4599999999996,0.06060575736848699,0.01636542493065774,50,905.4999999999997,18.109999999999992,0.56,34,-303.0600000000002,-8.913529411764712,0.47058823529411764,143.66,0.23846358143549598,1152,True,False,True,False,False,False
full_history,or_retest_slip_shape|long|buffer_points=0|confirm_pattern=break_prev|end=10:45|max_risk_points=120|max_stop=120|min_reward_points=8|or_class=normal|rr=1.5|start=10:10|stop_mode=fixed|stop_points=30|target_mode=rr|time_exit=15:55|touch_tolerance=5,or_retest,long,74,599.8399999999996,8.10594594594594,-11.840000000000003,0.5,1.2443758198958674,-363.4000000000003,0.10793044330656834,0.02735480235098626,44,490.03999999999974,11.137272727272721,0.5227272727272727,30,109.7999999999999,3.6599999999999966,0.4666666666666667,83.66,0.13947052547345967,1152,False,False,True,False,False,False
full_history,or_retest_slip_filter|long|buffer_points=0|confirm_pattern=break_prev|end=11:00|max_risk_points=120|max_stop=120|min_reward_points=8|or_class=normal_tight|prior_day_direction=up|rr=1.5|start=10:00|stop_mode=fixed|stop_points=40|target_mode=rr|time_exit=15:55|touch_tolerance=5,or_retest,long,105,598.7999999999993,5.702857142857136,-86.34,0.4666666666666667,1.1238459247493295,-695.1000000000001,0.0574316468938209,0.017338825672759985,63,489.5799999999996,7.771111111111105,0.47619047619047616,42,109.21999999999983,2.6004761904761864,0.4523809523809524,113.66,0.18981295925183722,1152,True,False,True,False,False,False
full_history,or_retest_slip_shape|long|buffer_points=0|confirm_pattern=break_prev|end=11:00|max_risk_points=120|max_stop=120|min_reward_points=8|or_class=normal|rr=2.5|start=10:00|stop_mode=fixed|stop_points=60|target_mode=rr|time_exit=15:55|touch_tolerance=5,or_retest,long,104,594.1399999999996,5.712884615384612,-126.34,0.38461538461538464,1.0774602164724534,-2050.1199999999976,0.03346663014122619,0.01005547091593164,62,1462.4200000000003,23.587419354838715,0.41935483870967744,42,-868.2800000000002,-20.67333333333334,0.3333333333333333,293.66,0.49426061197697546,1152,True,False,False,False,False,False
full_history,or_retest_slip_filter|long|buffer_points=0|confirm_pattern=break_prev|end=11:00|max_risk_points=120|max_signal_rsi=65|max_stop=120|min_reward_points=8|or_class=normal|rr=1.25|start=10:10|stop_mode=fixed|stop_points=40|target_mode=rr|time_exit=15:55|touch_tolerance=5,or_retest,long,50,593.4999999999998,11.869999999999996,93.66,0.56,1.3124539347610926,-597.0600000000002,0.1336159421943919,0.027836654623831652,30,224.29999999999993,7.476666666666664,0.5333333333333333,20,369.1999999999998,18.45999999999999,0.6,93.66,0.15780960404380798,1152,False,True,True,False,False,False
full_history,or_retest_slip_filter|long|buffer_points=0|confirm_pattern=break_prev|end=11:00|max_risk_points=120|max_stop=120|min_reward_points=8|or_class=normal_tight|prior_day_zombie=yes|rr=1.25|start=10:10|stop_mode=fixed|stop_points=40|target_mode=rr|time_exit=15:55|touch_tolerance=5,or_retest,long,53,592.9799999999997,11.188301886792447,93.66,0.5471698113207547,1.286165160991429,-424.3800000000002,0.12453386317295413,0.026711554067854533,31,512.4599999999998,16.530967741935477,0.5806451612903226,22,80.51999999999992,3.6599999999999966,0.5,93.66,0.15794799150055658,1152,False,False,True,False,False,False
full_history,or_retest_slip_shape|long|buffer_points=0|confirm_pattern=break_prev|end=11:00|max_risk_points=120|max_stop=120|min_reward_points=8|or_class=normal_tight|rr=2.5|start=10:10|stop_mode=fixed|stop_points=60|target_mode=rr|time_exit=12:00|touch_tolerance=5,or_retest,long,153,587.9799999999989,3.8430065359477052,0.15999999999999992,0.5032679738562091,1.0784565418702643,-1340.44,0.032202702173232726,0.01173577545350939,91,368.5599999999995,4.050109890109884,0.4835164835164835,62,219.41999999999987,3.539032258064514,0.532258064516129,293.66,0.4994387564202874,1152,True,True,False,False,False,False
full_history,or_retest_slip_shape|long|buffer_points=0|confirm_pattern=break_prev|end=10:45|max_risk_points=120|max_stop=120|min_reward_points=8|or_class=normal|rr=1.5|start=10:10|stop_mode=fixed|stop_points=30|target_mode=rr|time_exit=12:00|touch_tolerance=10,or_retest,long,82,582.6199999999997,7.105121951219508,-17.34,0.4878048780487805,1.2167259362863982,-429.74000000000035,0.09576020823595478,0.02554852126405245,49,447.3399999999998,9.129387755102037,0.4897959183673469,33,135.2799999999999,4.099393939393936,0.48484848484848486,83.66,0.1435927362603413,1152,True,False,True,False,False,False
full_history,or_retest_slip_shape|long|buffer_points=0|confirm_pattern=break_prev|end=10:45|max_risk_points=120|max_stop=120|min_reward_points=8|or_class=normal|rr=2|start=10:00|stop_mode=fixed|stop_points=30|target_mode=rr|time_exit=15:55|touch_tolerance=5,or_retest,long,96,580.3599999999996,6.045416666666662,-66.34,0.40625,1.153478359752259,-521.4400000000005,0.06849364068227413,0.019772410942844237,57,467.6199999999999,8.203859649122805,0.42105263157894735,39,112.73999999999987,2.8907692307692274,0.38461538461538464,113.66,0.19584395892204853,1152,True,False,True,False,False,False
full_history,or_retest_slip_shape|long|buffer_points=0|confirm_pattern=break_prev|end=11:30|max_risk_points=120|max_stop=120|min_reward_points=8|or_class=normal|rr=1.5|start=10:20|stop_mode=fixed|stop_points=60|target_mode=rr|time_exit=12:00|touch_tolerance=5,or_retest,long,81,579.9599999999995,7.159999999999993,-3.34,0.49382716049382713,1.1388480562325527,-1255.58,0.05777332979978153,0.015319467477432139,48,648.6799999999997,13.51416666666666,0.5,33,-68.72000000000011,-2.0824242424242456,0.48484848484848486,173.66,0.299434443754742,1152,True,False,False,False,False,False
full_history,or_retest_slip_shape|long|buffer_points=0|confirm_pattern=break_prev|end=10:45|max_risk_points=120|max_stop=120|min_reward_points=8|or_class=normal|rr=2.5|start=10:00|stop_mode=fixed|stop_points=60|target_mode=rr|time_exit=15:55|touch_tolerance=10,or_retest,long,107,578.1199999999991,5.402990654205599,-126.34,0.37383177570093457,1.071822572950624,-2153.3399999999992,0.031003394384339286,0.009448761657295374,64,1730.2399999999998,27.034999999999997,0.421875,43,-1152.1199999999997,-26.793488372093016,0.3023255813953488,293.66,0.5079568255725463,1152,True,False,False,False,False,False
full_history,or_retest_slip_shape|long|buffer_points=0|confirm_pattern=break_prev|end=10:45|max_risk_points=120|max_stop=120|min_reward_points=8|or_class=normal_tight|rr=1.25|start=10:20|stop_mode=fixed|stop_points=60|target_mode=rr|time_exit=12:00|touch_tolerance=5,or_retest,long,112,577.9199999999989,5.15999999999999,4.91,0.5267857142857143,1.1111487214204385,-809.1600000000003,0.046763795604329673,0.014581175104710575,67,1036.7199999999998,15.473432835820892,0.5522388059701493,45,-458.8000000000003,-10.195555555555561,0.4888888888888889,143.66,0.24858111849390965,1152,True,False,True,False,False,False
full_history,or_retest_slip_shape|long|buffer_points=0|confirm_pattern=break_prev|end=11:00|max_risk_points=120|max_stop=120|min_reward_points=8|or_class=normal_tight|rr=1.5|start=10:00|stop_mode=fixed|stop_points=30|target_mode=rr|time_exit=12:00|touch_tolerance=10,or_retest,long,196,576.359999999999,2.940612244897954,-66.34,0.4642857142857143,1.0838500370979232,-686.2800000000007,0.03965584684767651,0.016357202294817554,117,-237.78000000000065,-2.0323076923076977,0.42735042735042733,79,814.1399999999993,10.305569620253156,0.5189873417721519,83.66,0.14515233534596458,1152,True,False,True,False,False,False
full_history,or_retest_slip_filter|long|buffer_points=0|confirm_pattern=break_prev|end=11:00|max_risk_points=120|max_signal_rsi=70|max_stop=120|min_reward_points=8|or_class=normal_tight|rr=1.25|start=10:10|stop_mode=fixed|stop_points=40|target_mode=rr|time_exit=15:55|touch_tolerance=5,or_retest,long,115,575.8999999999993,5.007826086956515,42.66,0.5130434782608696,1.1191096661041062,-1192.6200000000003,0.05582757802637845,0.017638898771545713,69,-428.4600000000004,-6.20956521739131,0.4492753623188406,46,1004.3599999999996,21.83391304347825,0.6086956521739131,93.66,0.16263240145858676,1152,True,False,True,False,False,False
full_history,or_retest_slip_shape|long|buffer_points=0|confirm_pattern=break_prev|end=10:45|max_risk_points=120|max_stop=120|min_reward_points=8|or_class=normal|rr=2|start=10:10|stop_mode=fixed|stop_points=40|target_mode=rr|time_exit=15:55|touch_tolerance=5,or_retest,long,74,575.8399999999993,7.781621621621613,-86.34,0.40540540540540543,1.1515783266999384,-804.4600000000004,0.06691110383242121,0.016958514802197726,44,650.0399999999997,14.773636363636358,0.4318181818181818,30,-74.19999999999999,-2.473333333333333,0.36666666666666664,153.66,0.26684495693248156,1152,False,False,False,False,False,False
full_history,or_retest_slip_shape|long|buffer_points=0|confirm_pattern=break_prev|end=11:30|max_risk_points=120|max_stop=120|min_reward_points=8|or_class=normal|rr=1.25|start=10:20|stop_mode=fixed|stop_points=40|target_mode=rr|time_exit=15:55|touch_tolerance=10,or_retest,long,90,574.3999999999994,6.382222222222215,68.16,0.5222222222222223,1.1547155378142653,-676.0800000000004,0.0712389423954413,0.019911889730174808,54,326.63999999999953,6.0488888888888805,0.5185185185185185,36,247.75999999999988,6.882222222222219,0.5277777777777778,93.66,0.163057103064067,1152,True,True,True,False,False,False
full_history,or_retest_slip_shape|long|buffer_points=0|confirm_pattern=break_prev|end=11:30|max_risk_points=120|max_stop=120|min_reward_points=8|or_class=normal|rr=1.5|start=10:10|stop_mode=fixed|stop_points=30|target_mode=rr|time_exit=15:55|touch_tolerance=10,or_retest,long,97,574.0199999999992,5.917731958762878,-66.34,0.4845360824742268,1.1730539644256852,-444.12000000000046,0.07887194767559909,0.02288664815423945,58,311.27999999999963,5.366896551724132,0.4827586206896552,39,262.7399999999999,6.736923076923074,0.48717948717948717,83.66,0.14574405072993993,1152,True,True,True,False,False,False
full_history,or_retest_slip_filter|long|buffer_points=0|confirm_pattern=break_prev|end=11:00|max_risk_points=120|max_stop=120|min_reward_points=8|or_class=normal_tight|rr=1.5|signal_vs_ema=below|start=10:00|stop_mode=fixed|stop_points=40|target_mode=rr|time_exit=15:55|touch_tolerance=5,or_retest,long,42,573.7199999999997,13.659999999999993,13.659999999999997,0.5,1.3164234422052352,-463.4000000000003,0.13496401284010767,0.025770116872282724,25,641.4999999999999,25.659999999999997,0.56,17,-67.78000000000006,-3.987058823529415,0.4117647058823529,113.66,0.1981105765878827,1152,False,False,True,False,False,False
full_history,or_retest_slip_shape|long|buffer_points=0|confirm_pattern=break_prev|end=11:30|max_risk_points=120|max_stop=120|min_reward_points=8|or_class=normal_tight|rr=1.25|start=10:20|stop_mode=fixed|stop_points=40|target_mode=rr|time_exit=15:55|touch_tolerance=10,or_retest,long,163,571.5799999999991,3.5066257668711605,29.66,0.5030674846625767,1.0817297105614605,-1336.0200000000004,0.03905050006332823,0.014689065327253559,97,-145.98000000000056,-1.5049484536082531,0.4742268041237113,66,717.5599999999995,10.872121212121204,0.5454545454545454,93.66,0.16386157668217946,1152,True,False,True,False,False,False
full_history,or_retest_slip_shape|long|buffer_points=0|confirm_pattern=break_prev|end=10:45|max_risk_points=120|max_stop=120|min_reward_points=8|or_class=normal|rr=2.5|start=10:10|stop_mode=fixed|stop_points=30|target_mode=rr|time_exit=12:00|touch_tolerance=5,or_retest,long,74,571.3399999999997,7.720810810810806,-66.34,0.36486486486486486,1.1971511190553412,-544.4600000000002,0.08067166619518665,0.020446107849533622,44,243.03999999999988,5.523636363636361,0.3409090909090909,30,328.29999999999995,10.943333333333332,0.4,143.66,0.2514439738159416,1152,False,True,False,False,False,False
full_history,or_retest_slip_shape|long|buffer_points=0|confirm_pattern=break_prev|end=10:45|max_risk_points=120|max_stop=120|min_reward_points=8|or_class=normal|rr=2|start=10:00|stop_mode=fixed|stop_points=30|target_mode=rr|time_exit=15:55|touch_tolerance=10,or_retest,long,107,570.6199999999992,5.3328971962616745,-66.34,0.40186915887850466,1.1343976107928846,-654.1200000000006,0.060521619463638196,0.018444895108462905,64,363.2399999999998,5.675624999999997,0.40625,43,207.3799999999998,4.822790697674414,0.3953488372093023,113.66,0.1991868493918898,1152,True,True,True,False,False,False
full_history,or_retest_slip_shape|long|buffer_points=0|confirm_pattern=break_prev|end=10:45|max_risk_points=120|max_stop=120|min_reward_points=8|or_class=normal|rr=2|start=10:00|stop_mode=fixed|stop_points=60|target_mode=rr|time_exit=12:00|touch_tolerance=5,or_retest,long,96,569.3599999999993,5.930833333333326,-20.59,0.4583333333333333,1.1019503355608553,-1140.2200000000005,0.04292863975165851,0.012392430858282255,57,876.6199999999997,15.379298245614029,0.47368421052631576,39,-307.26000000000016,-7.878461538461543,0.4358974358974359,233.66,0.4103906140227629,1152,True,False,False,False,False,False
full_history,or_retest_slip_shape|long|buffer_points=0|confirm_pattern=break_prev|end=11:30|max_risk_points=120|max_stop=120|min_reward_points=8|or_class=normal_tight|rr=2.5|start=10:00|stop_mode=fixed|stop_points=30|target_mode=rr|time_exit=15:55|touch_tolerance=5,or_retest,long,195,568.6999999999989,2.9164102564102508,-66.34,0.3384615384615385,1.0664535292701676,-1183.6000000000008,0.029731446291804298,0.012232271228142839,117,-835.7800000000009,-7.143418803418811,0.2905982905982906,78,1404.48,18.006153846153847,0.41025641025641024,143.66,0.25261121856866586,1152,True,False,False,False,False,False
full_history,or_retest_slip_filter|long|buffer_points=0|confirm_pattern=break_prev|end=11:00|max_close_ema_delta=90|max_risk_points=120|max_stop=120|min_reward_points=8|or_class=normal_tight|rr=1.25|start=10:10|stop_mode=fixed|stop_points=40|target_mode=rr|time_exit=15:55|touch_tolerance=5,or_retest,long,113,568.5799999999992,5.031681415929197,42.66,0.5132743362831859,1.119733821888095,-992.1600000000003,0.05609697128865425,0.017569216568987814,67,-255.7800000000003,-3.8176119402985123,0.4626865671641791,46,824.3599999999996,17.92086956521738,0.5869565217391305,93.66,0.1647261599071373,1152,True,False,True,False,False,False
full_history,or_retest_slip_shape|long|buffer_points=0|confirm_pattern=break_prev|end=11:30|max_risk_points=120|max_stop=120|min_reward_points=8|or_class=normal|rr=1.5|start=10:10|stop_mode=fixed|stop_points=60|target_mode=rr|time_exit=15:55|touch_tolerance=5,or_retest,long,90,567.8999999999991,6.30999999999999,-126.34,0.45555555555555555,1.0924668574945533,-1462.4800000000002,0.04308589679820102,0.012042874264039754,54,1399.1399999999999,25.909999999999997,0.5185185185185185,36,-831.2400000000002,-23.090000000000007,0.3611111111111111,173.66,0.30579327346363844,1152,True,False,False,False,False,False
full_history,or_retest_slip_shape|long|buffer_points=0|confirm_pattern=break_prev|end=11:30|max_risk_points=120|max_stop=120|min_reward_points=8|or_class=normal|rr=2.5|start=10:10|stop_mode=fixed|stop_points=40|target_mode=rr|time_exit=12:00|touch_tolerance=10,or_retest,long,97,567.019999999999,5.845567010309267,-86.34,0.41237113402061853,1.126754266348935,-962.3800000000002,0.05262575803662983,0.015270666485735895,58,156.7799999999997,2.703103448275857,0.3793103448275862,39,410.23999999999984,10.518974358974354,0.46153846153846156,193.66,0.34153998095305343,1152,True,True,False,False,False,False
full_history,or_retest_slip_shape|long|buffer_points=0|confirm_pattern=break_prev|end=11:30|max_risk_points=120|max_stop=120|min_reward_points=8|or_class=normal|rr=2.5|start=10:10|stop_mode=fixed|stop_points=40|target_mode=rr|time_exit=15:55|touch_tolerance=10,or_retest,long,97,564.519999999999,5.819793814432979,-86.34,0.35051546391752575,1.1037831239360074,-981.3200000000006,0.045069398496013824,0.013078001701492053,58,687.2799999999997,11.849655172413788,0.3620689655172414,39,-122.76000000000013,-3.147692307692311,0.3333333333333333,193.66,0.34305250478282495,1152,True,False,False,False,False,False
full_history,or_retest_slip_shape|long|buffer_points=0|confirm_pattern=break_prev|end=11:00|max_risk_points=120|max_stop=120|min_reward_points=8|or_class=normal_tight|rr=2.5|start=10:20|stop_mode=fixed|stop_points=60|target_mode=rr|time_exit=12:00|touch_tolerance=10,or_retest,long,143,563.8799999999995,3.94321678321678,1.16,0.5104895104895105,1.0839444419632887,-1185.2600000000007,0.0342480445310088,0.012066395573119752,85,789.5999999999995,9.289411764705877,0.5176470588235295,58,-225.72000000000006,-3.8917241379310354,0.5,293.66,0.5207845640916512,1152,True,False,False,False,False,False
full_history,or_retest_slip_shape|long|buffer_points=0|confirm_pattern=break_prev|end=11:30|max_risk_points=120|max_stop=120|min_reward_points=8|or_class=normal_tight|rr=2|start=10:00|stop_mode=fixed|stop_points=30|target_mode=rr|time_exit=12:00|touch_tolerance=10,or_retest,long,209,561.4399999999987,2.686315789473678,-66.34,0.4019138755980861,1.0703867611107623,-1236.3000000000006,0.03209038296265701,0.013668529784278984,125,-248.5000000000011,-1.9880000000000089,0.376,84,809.9399999999994,9.642142857142849,0.44047619047619047,113.66,0.20244371615845017,1152,True,False,True,False,False,False
full_history,or_retest_slip_shape|long|buffer_points=0|confirm_pattern=break_prev|end=10:45|max_risk_points=120|max_stop=120|min_reward_points=8|or_class=normal|rr=2|start=10:20|stop_mode=fixed|stop_points=30|target_mode=rr|time_exit=12:00|touch_tolerance=5,or_retest,long,62,559.4199999999997,9.022903225806447,-66.34,0.41935483870967744,1.2481634608559864,-417.0600000000003,0.10410300287960779,0.024150874562361313,37,379.41999999999985,10.25459459459459,0.40540540540540543,25,179.99999999999997,7.199999999999999,0.44,113.66,0.20317471667083775,1152,False,True,True,False,False,False
full_history,or_retest_slip_filter|long|buffer_points=0|confirm_pattern=break_prev|end=11:00|max_risk_points=120|max_stop=120|min_reward_points=8|or_class=normal|rr=1.5|signal_vs_ema=below|start=10:00|stop_mode=fixed|stop_points=40|target_mode=rr|time_exit=15:55|touch_tolerance=5,or_retest,long,26,555.16,21.35230769230769,113.66,0.5384615384615384,1.535827349239441,-318.0400000000002,0.2099988231477577,0.031548396860263936,15,304.89999999999986,20.326666666666657,0.5333333333333333,11,250.25999999999996,22.750909090909087,0.5454545454545454,113.66,0.20473377044455654,1152,False,True,True,True,False,False
full_history,or_retest_slip_shape|long|buffer_points=0|confirm_pattern=break_prev|end=11:00|max_risk_points=120|max_stop=120|min_reward_points=8|or_class=normal|rr=2.5|start=10:00|stop_mode=fixed|stop_points=60|target_mode=rr|time_exit=15:55|touch_tolerance=10,or_retest,long,114,550.74,4.831052631578947,-126.34,0.37719298245614036,1.0643790971916995,-2018.6799999999994,0.027994500112338075,0.008806410039430036,68,1820.8800000000003,26.777647058823533,0.4264705882352941,46,-1270.1399999999996,-27.611739130434774,0.30434782608695654,293.66,0.5332098630932927,1152,True,False,False,False,False,False
full_history,or_retest_slip_shape|long|buffer_points=0|confirm_pattern=break_prev|end=10:45|max_risk_points=120|max_stop=120|min_reward_points=8|or_class=normal|rr=2.5|start=10:10|stop_mode=fixed|stop_points=30|target_mode=rr|time_exit=15:55|touch_tolerance=10,or_retest,long,82,549.1199999999995,6.696585365853653,-66.34,0.35365853658536583,1.156176586026245,-675.3000000000008,0.06699626155026099,0.01787439108957778,49,218.33999999999978,4.455918367346934,0.3469387755102041,33,330.77999999999986,10.02363636363636,0.36363636363636365,143.66,0.2616185897435899,1152,True,True,False,False,False,False
full_history,or_retest_slip_filter|long|buffer_points=0|confirm_pattern=break_prev|end=11:00|max_close_ema_delta=70|max_risk_points=120|max_stop=120|min_reward_points=8|or_class=normal|rr=1.25|start=10:10|stop_mode=fixed|stop_points=40|target_mode=rr|time_exit=15:55|touch_tolerance=5,or_retest,long,57,548.6199999999998,9.62491228070175,93.66,0.543859649122807,1.2443915824735834,-604.3800000000001,0.10785636908634226,0.023991476931559317,34,73.43999999999988,2.1599999999999966,0.5,23,475.1799999999997,20.65999999999999,0.6086956521739131,93.66,0.17071925923225553,1152,False,False,True,False,False,False
full_history,or_retest_slip_shape|long|buffer_points=0|confirm_pattern=break_prev|end=10:45|max_risk_points=120|max_stop=120|min_reward_points=8|or_class=normal|rr=2.5|start=10:10|stop_mode=fixed|stop_points=30|target_mode=rr|time_exit=12:00|touch_tolerance=10,or_retest,long,82,546.6199999999998,6.666097560975607,-66.34,0.36585365853658536,1.1692489658418166,-580.8000000000006,0.07007020379175172,0.018694509175867693,49,207.33999999999983,4.231428571428568,0.3469387755102041,33,339.27999999999986,10.281212121212118,0.3939393939393939,143.66,0.26281511836376287,1152,True,True,False,False,False,False
full_history,or_retest_slip_shape|long|buffer_points=0|confirm_pattern=break_prev|end=11:30|max_risk_points=120|max_stop=120|min_reward_points=8|or_class=normal|rr=1.25|start=10:10|stop_mode=fixed|stop_points=40|target_mode=rr|time_exit=12:00|touch_tolerance=10,or_retest,long,97,542.5199999999993,5.592989690721642,11.66,0.5154639175257731,1.1434486697444188,-619.9200000000003,0.06475395859251196,0.018789964120025197,58,231.2799999999998,3.987586206896548,0.4827586206896552,39,311.23999999999984,7.980512820512816,0.5641025641025641,93.66,0.17263879672638818,1152,True,True,True,False,False,False
full_history,or_retest_slip_shape|long|buffer_points=0|confirm_pattern=break_prev|end=10:45|max_risk_points=120|max_stop=120|min_reward_points=8|or_class=normal|rr=1.25|start=10:20|stop_mode=fixed|stop_points=60|target_mode=rr|time_exit=15:55|touch_tolerance=5,or_retest,long,62,539.9199999999996,8.708387096774187,36.16,0.5161290322580645,1.1424515856683022,-1137.06,0.06533349825994159,0.015156730137946668,37,1112.4199999999998,30.0654054054054,0.5945945945945946,25,-572.5,-22.9,0.4,143.66,0.2660764557712256,1152,False,False,False,False,False,False
full_history,or_retest_slip_shape|long|buffer_points=0|confirm_pattern=break_prev|end=10:45|max_risk_points=120|max_stop=120|min_reward_points=8|or_class=normal|rr=2.5|start=10:20|stop_mode=fixed|stop_points=40|target_mode=rr|time_exit=12:00|touch_tolerance=10,or_retest,long,73,537.1799999999995,7.358630136986294,-86.34,0.410958904109589,1.1561969340994203,-863.4000000000002,0.06426998474805652,0.016178691259020602,43,523.8799999999997,12.18325581395348,0.4186046511627907,30,13.300000000000011,0.4433333333333337,0.4,193.66,0.3605123050001865,1152,False,False,False,False,False,False
full_history,or_retest_slip_shape|long|buffer_points=0|confirm_pattern=break_prev|end=11:30|max_risk_points=120|max_stop=120|min_reward_points=8|or_class=normal_tight|rr=2|start=10:00|stop_mode=fixed|stop_points=30|target_mode=rr|time_exit=12:00|touch_tolerance=5,or_retest,long,195,536.6999999999991,2.7523076923076877,-66.34,0.40512820512820513,1.0727290959747617,-1103.6200000000003,0.033005728625969497,0.01357939404201234,117,-357.28000000000065,-3.0536752136752194,0.37606837606837606,78,893.9799999999993,11.461282051282042,0.44871794871794873,113.66,0.21177566610769552,1152,True,False,True,False,False,False
full_history,or_retest_slip_shape|long|buffer_points=0|confirm_pattern=break_prev|end=11:00|max_risk_points=120|max_stop=120|min_reward_points=8|or_class=normal_tight|rr=2.5|start=10:10|stop_mode=fixed|stop_points=60|target_mode=rr|time_exit=12:00|touch_tolerance=10,or_retest,long,166,535.559999999999,3.226265060240958,-0.3400000000000001,0.5,1.0653822019186394,-1529.4400000000003,0.02708147885630684,0.010280167264391009,99,133.33999999999972,1.346868686868684,0.47474747474747475,67,402.2199999999996,6.003283582089546,0.5373134328358209,293.66,0.5483232504294581,1152,True,True,False,False,False,False
full_history,or_retest_slip_shape|long|buffer_points=0|confirm_pattern=break_prev|end=11:00|max_risk_points=120|max_stop=120|min_reward_points=8|or_class=normal|rr=2.5|start=10:20|stop_mode=fixed|stop_points=30|target_mode=rr|time_exit=12:00|touch_tolerance=10,or_retest,long,84,527.9399999999995,6.284999999999994,-66.34,0.35714285714285715,1.1567117659979926,-643.4600000000004,0.06555657130301855,0.01770229748714788,50,342.49999999999966,6.849999999999993,0.34,34,185.43999999999988,5.45411764705882,0.38235294117647056,143.66,0.27211425540781176,1152,True,True,False,False,False,False
full_history,or_retest_slip_shape|long|buffer_points=0|confirm_pattern=break_prev|end=10:45|max_risk_points=120|max_stop=120|min_reward_points=8|or_class=normal_tight|rr=1.25|start=10:20|stop_mode=fixed|stop_points=40|target_mode=rr|time_exit=15:55|touch_tolerance=10,or_retest,long,126,526.1599999999993,4.175873015873011,36.16,0.5079365079365079,1.0982910772863468,-518.0400000000001,0.04653521321515728,0.015390075171834081,75,493.49999999999966,6.579999999999996,0.52,51,32.659999999999826,0.6403921568627416,0.49019607843137253,93.66,0.1780066899802344,1152,True,False,True,False,False,False
full_history,or_retest_slip_shape|long|buffer_points=0|confirm_pattern=break_prev|end=11:30|max_risk_points=120|max_stop=120|min_reward_points=8|or_class=normal|rr=2.5|start=10:20|stop_mode=fixed|stop_points=30|target_mode=rr|time_exit=12:00|touch_tolerance=5,or_retest,long,81,524.9599999999992,6.480987654320979,-66.34,0.35802469135802467,1.162946040575103,-673.5800000000003,0.06777978744466628,0.01797283024856488,48,63.179999999999495,1.3162499999999895,0.3125,33,461.77999999999986,13.993333333333329,0.42424242424242425,143.66,0.27365894544346275,1152,True,False,False,False,False,False
full_history,or_retest_slip_shape|long|buffer_points=0|confirm_pattern=break_prev|end=11:30|max_risk_points=120|max_stop=120|min_reward_points=8|or_class=normal_tight|rr=2.5|start=10:10|stop_mode=fixed|stop_points=30|target_mode=rr|time_exit=12:00|touch_tolerance=10,or_retest,long,182,524.6199999999995,2.88252747252747,-66.34,0.3791208791208791,1.0753177841393624,-1180.1000000000006,0.032380635265711485,0.012870482227810918,109,-540.5600000000006,-4.959266055045878,0.3302752293577982,73,1065.1799999999994,14.59150684931506,0.4520547945205479,143.66,0.27383630056040587,1152,True,False,False,False,False,False
full_history,or_retest_slip_shape|long|buffer_points=0|confirm_pattern=break_prev|end=11:00|max_risk_points=120|max_stop=120|min_reward_points=8|or_class=normal_tight|rr=1.25|start=10:00|stop_mode=fixed|stop_points=30|target_mode=rr|time_exit=12:00|touch_tolerance=10,or_retest,long,196,523.859999999999,2.6727551020408113,62.41,0.5102040816326531,1.083461852201177,-519.1200000000001,0.0398146597524525,0.01642270927592999,117,-162.78000000000074,-1.3912820512820576,0.47863247863247865,79,686.6399999999994,8.691645569620245,0.5569620253164557,68.66,0.13106555186500235,1152,True,False,True,False,False,False
full_history,or_retest_slip_shape|long|buffer_points=0|confirm_pattern=break_prev|end=10:45|max_risk_points=120|max_stop=120|min_reward_points=8|or_class=normal|rr=1.5|start=10:10|stop_mode=fixed|stop_points=30|target_mode=rr|time_exit=15:55|touch_tolerance=10,or_retest,long,82,519.1199999999995,6.330731707317067,-66.34,0.4878048780487805,1.1863129333735298,-461.4400000000005,0.08434396248387586,0.022502702935901356,49,458.3399999999998,9.353877551020403,0.5102040816326531,33,60.77999999999989,1.8418181818181785,0.45454545454545453,83.66,0.16115734319617828,1152,True,False,True,False,False,False
full_history,or_retest_slip_shape|long|buffer_points=0|confirm_pattern=break_prev|end=10:45|max_risk_points=120|max_stop=120|min_reward_points=8|or_class=normal|rr=2.5|start=10:10|stop_mode=fixed|stop_points=40|target_mode=rr|time_exit=15:55|touch_tolerance=10,or_retest,long,82,518.6199999999995,6.324634146341458,-86.34,0.35365853658536583,1.113334294867592,-1293.5000000000011,0.04884486507666634,0.013031655810272484,49,344.3399999999996,7.027346938775501,0.3469387755102041,33,174.2799999999999,5.281212121212118,0.36363636363636365,193.66,0.3734140603910381,1152,True,True,False,False,False,False
full_history,or_retest_slip_shape|long|buffer_points=0|confirm_pattern=break_prev|end=11:00|max_risk_points=120|max_stop=120|min_reward_points=8|or_class=normal|rr=1.25|start=10:20|stop_mode=fixed|stop_points=40|target_mode=rr|time_exit=12:00|touch_tolerance=5,or_retest,long,73,514.6799999999997,7.050410958904106,11.66,0.5205479452054794,1.1874358133945149,-540.9000000000003,0.08245055985929765,0.02075528969434385,43,326.37999999999977,7.59023255813953,0.4883720930232558,30,188.2999999999998,6.27666666666666,0.5666666666666667,93.66,0.18197715085101432,1152,False,True,True,False,False,False
full_history,or_retest_slip_filter|long|buffer_points=0|confirm_pattern=break_prev|end=11:00|max_risk_points=120|max_signal_rsi=65|max_stop=120|min_reward_points=8|or_class=normal|rr=1.5|start=10:10|stop_mode=fixed|stop_points=40|target_mode=rr|time_exit=15:55|touch_tolerance=5,or_retest,long,50,513.4999999999999,10.269999999999998,-29.090000000000003,0.5,1.2378966875144777,-577.0600000000001,0.10377599096569223,0.021619998117852552,30,324.2999999999999,10.809999999999997,0.5,20,189.19999999999993,9.459999999999997,0.5,113.66,0.2213437195715677,1152,False,True,True,False,False,False
full_history,or_retest_slip_shape|long|buffer_points=0|confirm_pattern=break_prev|end=11:00|max_risk_points=120|max_stop=120|min_reward_points=8|or_class=normal|rr=2|start=10:20|stop_mode=fixed|stop_points=60|target_mode=rr|time_exit=12:00|touch_tolerance=5,or_retest,long,73,512.6799999999996,7.023013698630131,-3.34,0.4931506849315068,1.1308832089209304,-1208.4399999999998,0.05382646712355165,0.013549743267709403,43,792.3799999999997,18.42744186046511,0.5116279069767442,30,-279.7000000000001,-9.323333333333336,0.4666666666666667,233.66,0.45576187875477914,1152,False,False,False,False,False,False
full_history,or_retest_slip_filter|long|buffer_points=0|confirm_pattern=break_prev|end=11:00|max_risk_points=120|max_stop=120|min_reward_points=8|or_class=normal|prior_day_zombie=yes|rr=1.25|start=10:10|stop_mode=fixed|stop_points=40|target_mode=rr|time_exit=15:55|touch_tolerance=5,or_retest,long,31,512.4599999999998,16.530967741935477,93.66,0.5806451612903226,1.4565670604586518,-402.4200000000004,0.1850589100533476,0.030357402394085468,18,554.8799999999999,30.82666666666666,0.6666666666666666,13,-42.420000000000044,-3.2630769230769263,0.46153846153846156,93.66,0.1827654841353472,1152,False,False,True,False,False,False
full_history,or_retest_slip_filter|long|buffer_points=0|confirm_pattern=break_prev|end=11:00|max_risk_points=120|max_stop=120|min_reward_points=8|or_class=normal|rr=2|signal_vs_ema=below|start=10:00|stop_mode=fixed|stop_points=40|target_mode=rr|time_exit=15:55|touch_tolerance=5,or_retest,long,26,512.1600000000001,19.69846153846154,-86.34,0.46153846153846156,1.423706939342798,-278.0400000000002,0.16531956445211882,0.02483617360289534,15,261.9,17.459999999999997,0.4666666666666667,11,250.25999999999996,22.750909090909087,0.45454545454545453,153.66,0.3000234301780693,1152,False,True,False,False,False,False
full_history,or_retest_slip_shape|long|buffer_points=0|confirm_pattern=break_prev|end=10:45|max_risk_points=120|max_stop=120|min_reward_points=8|or_class=normal|rr=2.5|start=10:00|stop_mode=fixed|stop_points=60|target_mode=rr|time_exit=15:55|touch_tolerance=5,or_retest,long,96,509.86000000000035,5.311041666666671,-126.34,0.375,1.0711607977780568,-2260.739999999998,0.030695115110332603,0.008860916485878539,57,1260.1200000000003,22.107368421052637,0.40350877192982454,39,-750.2600000000001,-19.2374358974359,0.3333333333333333,293.66,0.5759620287922171,1152,True,False,False,False,False,False
full_history,or_retest_slip_shape|long|buffer_points=0|confirm_pattern=break_prev|end=11:00|max_risk_points=120|max_stop=120|min_reward_points=8|or_class=normal_tight|rr=1.25|start=10:20|stop_mode=fixed|stop_points=40|target_mode=rr|time_exit=12:00|touch_tolerance=5,or_retest,long,131,505.45999999999924,3.858473282442742,13.66,0.5190839694656488,1.1010936174978794,-845.7800000000002,0.04600257887734119,0.015512849778404636,78,219.47999999999954,2.8138461538461477,0.5,53,285.9799999999997,5.395849056603767,0.5471698113207547,93.66,0.18529656154789723,1152,True,True,True,False,False,False
full_history,or_retest_slip_shape|long|buffer_points=0|confirm_pattern=break_prev|end=11:30|max_risk_points=120|max_stop=120|min_reward_points=8|or_class=normal_tight|rr=2|start=10:20|stop_mode=fixed|stop_points=30|target_mode=rr|time_exit=12:00|touch_tolerance=10,or_retest,long,163,504.579999999999,3.0955828220858836,-66.34,0.4110429447852761,1.0844536239840388,-573.2000000000002,0.03772792266344163,0.014191570396438896,97,186.51999999999956,1.9228865979381398,0.3917525773195876,66,318.0599999999996,4.819090909090903,0.4393939393939394,113.66,0.22525664909429668,1152,True,True,True,False,False,False
full_history,or_retest_slip_shape|long|buffer_points=0|confirm_pattern=break_prev|end=11:00|max_risk_points=120|max_stop=120|min_reward_points=8|or_class=normal_tight|rr=2.5|start=10:00|stop_mode=fixed|stop_points=30|target_mode=rr|time_exit=15:55|touch_tolerance=10,or_retest,long,196,502.359999999999,2.5630612244897906,-66.34,0.336734693877551,1.058250040583474,-1184.0600000000013,0.026163053534877592,0.010791708999784195,117,-835.7800000000009,-7.143418803418811,0.2905982905982906,79,1338.1399999999999,16.938481012658226,0.4050632911392405,143.66,0.28597022055896226,1152,True,False,False,False,False,False
full_history,or_retest_slip_shape|long|buffer_points=0|confirm_pattern=break_prev|end=11:30|max_risk_points=120|max_stop=120|min_reward_points=8|or_class=normal_tight|rr=2|start=10:20|stop_mode=fixed|stop_points=40|target_mode=rr|time_exit=12:00|touch_tolerance=5,or_retest,long,151,498.65999999999906,3.3023841059602588,-31.34,0.44370860927152317,1.0781530147824012,-1491.9800000000002,0.03348135138832529,0.012121746932921255,90,150.3999999999996,1.6711111111111068,0.43333333333333335,61,348.25999999999976,5.709180327868848,0.45901639344262296,153.66,0.3081458308266159,1152,True,True,False,False,False,False
full_history,or_retest_slip_shape|long|buffer_points=0|confirm_pattern=break_prev|end=11:30|max_risk_points=120|max_stop=120|min_reward_points=8|or_class=normal|rr=1.5|start=10:20|stop_mode=fixed|stop_points=60|target_mode=rr|time_exit=12:00|touch_tolerance=10,or_retest,long,90,497.39999999999947,5.526666666666661,-3.84,0.4888888888888889,1.1053112971455425,-1325.8,0.04466289284483816,0.012483658059105888,54,680.1399999999996,12.595185185185178,0.5,36,-182.74000000000012,-5.076111111111114,0.4722222222222222,173.66,0.3491355046240454,1152,True,False,False,False,False,False
full_history,or_retest_slip_shape|long|buffer_points=0|confirm_pattern=break_prev|end=11:00|max_risk_points=120|max_stop=120|min_reward_points=8|or_class=normal_tight|rr=1.5|start=10:10|stop_mode=fixed|stop_points=30|target_mode=rr|time_exit=15:55|touch_tolerance=10,or_retest,long,166,496.55999999999904,2.9913253012048133,-66.34,0.463855421686747,1.084101987378604,-738.2400000000004,0.039974417038625656,0.015174344637308884,99,-458.6600000000004,-4.632929292929298,0.41414141414141414,67,955.2199999999996,14.257014925373127,0.5373134328358209,83.66,0.1684791364588371,1152,True,False,True,False,False,False
full_history,or_retest_slip_shape|long|buffer_points=0|confirm_pattern=break_prev|end=11:30|max_risk_points=120|max_stop=120|min_reward_points=8|or_class=normal_tight|rr=2|start=10:00|stop_mode=fixed|stop_points=30|target_mode=rr|time_exit=15:55|touch_tolerance=5,or_retest,long,195,492.69999999999925,2.526666666666663,-66.34,0.38461538461538464,1.061890764747261,-1280.860000000001,0.028882432786477057,0.01188296553438041,117,-632.7800000000007,-5.408376068376074,0.3418803418803419,78,1125.4799999999998,14.429230769230767,0.44871794871794873,113.66,0.2306880454637714,1152,True,False,True,False,False,False
full_history,or_retest_slip_shape|long|buffer_points=0|confirm_pattern=break_prev|end=11:30|max_risk_points=120|max_stop=120|min_reward_points=8|or_class=normal|rr=1.25|start=10:10|stop_mode=fixed|stop_points=60|target_mode=rr|time_exit=12:00|touch_tolerance=10,or_retest,long,97,492.5199999999995,5.077525773195871,-1.84,0.4948453608247423,1.098896420998522,-1141.4800000000005,0.042878230743638085,0.012442180134085093,58,648.7799999999997,11.185862068965513,0.5,39,-156.26000000000013,-4.00666666666667,0.48717948717948717,143.66,0.29168358645334225,1152,True,False,False,False,False,False
full_history,or_retest_slip_filter|long|buffer_points=0|confirm_pattern=break_prev|end=11:00|max_risk_points=120|max_stop=120|min_reward_points=8|or_class=normal_tight|prior_day_zombie=yes|rr=1.5|start=10:10|stop_mode=fixed|stop_points=40|target_mode=rr|time_exit=15:55|touch_tolerance=5,or_retest,long,53,488.4799999999997,9.2166037735849,-86.34,0.49056603773584906,1.2095419487126688,-490.72000000000014,0.09296914576150386,0.019941165401749023,31,452.4599999999998,14.595483870967735,0.5161290322580645,22,36.019999999999925,1.6372727272727239,0.45454545454545453,113.66,0.23268096953815934,1152,False,False,True,False,False,False
full_history,or_retest_slip_shape|long|buffer_points=0|confirm_pattern=break_prev|end=11:30|max_risk_points=120|max_stop=120|min_reward_points=8|or_class=normal|rr=1.5|start=10:10|stop_mode=fixed|stop_points=60|target_mode=rr|time_exit=12:00|touch_tolerance=10,or_retest,long,97,488.01999999999936,5.03113402061855,-4.34,0.4742268041237113,1.0942334576855046,-1312.4200000000003,0.04017286769312688,0.01165715207162119,58,697.2799999999997,12.022068965517237,0.4827586206896552,39,-209.26000000000013,-5.365641025641029,0.46153846153846156,173.66,0.3558460718823004,1152,True,False,False,False,False,False
full_history,or_retest_slip_shape|long|buffer_points=0|confirm_pattern=break_prev|end=10:45|max_risk_points=120|max_stop=120|min_reward_points=8|or_class=normal|rr=2|start=10:20|stop_mode=fixed|stop_points=30|target_mode=rr|time_exit=15:55|touch_tolerance=10,or_retest,long,73,486.17999999999927,6.65999999999999,-66.34,0.410958904109589,1.170432795114666,-483.4000000000003,0.07535170989653639,0.01896829530976688,43,496.37999999999965,11.543720930232551,0.4418604651162791,30,-10.200000000000074,-0.34000000000000247,0.36666666666666664,113.66,0.2337817269324122,1152,False,False,True,False,False,False
full_history,or_retest_slip_shape|long|buffer_points=0|confirm_pattern=break_prev|end=10:45|max_risk_points=120|max_stop=120|min_reward_points=8|or_class=normal|rr=1.5|start=10:20|stop_mode=fixed|stop_points=40|target_mode=rr|time_exit=12:00|touch_tolerance=5,or_retest,long,62,479.91999999999973,7.740645161290319,-16.84,0.4838709677419355,1.1868207156426143,-577.0600000000003,0.08147810024366389,0.018902119286990166,37,362.41999999999985,9.795135135135132,0.4594594594594595,25,117.49999999999997,4.699999999999999,0.52,113.66,0.23683113852308732,1152,False,False,True,False,False,False
full_history,or_retest_slip_shape|long|buffer_points=0|confirm_pattern=break_prev|end=11:30|max_risk_points=120|max_stop=120|min_reward_points=8|or_class=normal_tight|rr=2|start=10:20|stop_mode=fixed|stop_points=60|target_mode=rr|time_exit=12:00|touch_tolerance=5,or_retest,long,151,475.6599999999993,3.150066225165558,-0.8400000000000001,0.4966887417218543,1.068123293910064,-1286.7799999999997,0.027556082545907933,0.009976534555312411,90,856.8999999999995,9.521111111111106,0.5111111111111111,61,-381.24000000000046,-6.249836065573778,0.47540983606557374,233.66,0.49123323382247897,1152,True,False,False,False,False,False
full_history,or_retest_slip_shape|long|buffer_points=0|confirm_pattern=break_prev|end=10:45|max_risk_points=120|max_stop=120|min_reward_points=8|or_class=normal|rr=1.5|start=10:20|stop_mode=fixed|stop_points=40|target_mode=rr|time_exit=12:00|touch_tolerance=10,or_retest,long,73,475.1799999999995,6.509315068493144,-30.34,0.4794520547945205,1.156056645166375,-663.4000000000003,0.06891423974157744,0.01734779014651663,43,589.3799999999998,13.706511627906972,0.4883720930232558,30,-114.20000000000002,-3.806666666666667,0.4666666666666667,113.66,0.23919356875289388,1152,False,False,True,False,False,False
full_history,or_retest_slip_shape|long|buffer_points=0|confirm_pattern=break_prev|end=10:45|max_risk_points=120|max_stop=120|min_reward_points=8|or_class=normal|rr=1.5|start=10:10|stop_mode=fixed|stop_points=40|target_mode=rr|time_exit=12:00|touch_tolerance=10,or_retest,long,82,473.11999999999955,5.76975609756097,-20.34,0.47560975609756095,1.1374302130354201,-549.7400000000002,0.06101740867317934,0.016279252015857504,49,246.3399999999999,5.027346938775508,0.4489795918367347,33,226.7799999999999,6.8721212121212085,0.5151515151515151,113.66,0.240235035508962,1152,True,True,True,False,False,False
full_history,or_retest_slip_shape|long|buffer_points=0|confirm_pattern=break_prev|end=11:00|max_risk_points=120|max_stop=120|min_reward_points=8|or_class=normal_tight|rr=1.25|start=10:00|stop_mode=fixed|stop_points=30|target_mode=rr|time_exit=15:55|touch_tolerance=10,or_retest,long,196,471.3599999999989,2.4048979591836677,68.66,0.5102040816326531,1.074012662044015,-523.7600000000001,0.03559971068608289,0.014684131486738241,117,-227.78000000000074,-1.9468376068376132,0.47863247863247865,79,699.1399999999994,8.849873417721511,0.5569620253164557,68.66,0.1456636116768503,1152,True,False,True,False,False,False
full_history,or_retest_slip_filter|long|buffer_points=0|confirm_pattern=break_prev|end=11:00|max_risk_points=120|max_stop=120|min_reward_points=8|or_class=normal|prior_day_direction=up|rr=1.25|start=10:10|stop_mode=fixed|stop_points=40|target_mode=rr|time_exit=15:55|touch_tolerance=5,or_retest,long,44,470.03999999999974,10.682727272727266,93.66,0.5454545454545454,1.2722029186935375,-676.0800000000004,0.11880771454571311,0.02321906569557567,26,764.16,29.39076923076923,0.6538461538461539,18,-294.1200000000001,-16.340000000000007,0.3888888888888889,93.66,0.19925963747766157,1152,False,False,True,False,False,False
full_history,or_retest_slip_shape|long|buffer_points=0|confirm_pattern=break_prev|end=11:00|max_risk_points=120|max_stop=120|min_reward_points=8|or_class=normal_tight|rr=1.5|start=10:00|stop_mode=fixed|stop_points=30|target_mode=rr|time_exit=12:00|touch_tolerance=5,or_retest,long,183,469.27999999999923,2.5643715846994493,-66.34,0.4644808743169399,1.0732183757403273,-625.8200000000002,0.03471452103125185,0.013835997753838581,109,-76.56000000000054,-0.7023853211009224,0.44036697247706424,74,545.8399999999997,7.376216216216212,0.5,83.66,0.17827309921582027,1152,True,False,True,False,False,False
full_history,or_retest_slip_shape|long|buffer_points=0|confirm_pattern=break_prev|end=11:00|max_risk_points=120|max_stop=120|min_reward_points=8|or_class=normal_tight|rr=2.5|start=10:00|stop_mode=fixed|stop_points=30|target_mode=rr|time_exit=12:00|touch_tolerance=5,or_retest,long,183,467.7799999999992,2.5561748633879735,-66.34,0.3770491803278688,1.0637279878369428,-855.5800000000002,0.028009773456025955,0.011163719132815218,109,-236.0600000000006,-2.165688073394501,0.3577981651376147,74,703.8399999999995,9.511351351351344,0.40540540540540543,143.66,0.3071101799991454,1152,True,False,False,False,False,False
full_history,or_retest_slip_shape|long|buffer_points=0|confirm_pattern=break_prev|end=10:45|max_risk_points=120|max_stop=120|min_reward_points=8|or_class=normal|rr=2|start=10:00|stop_mode=fixed|stop_points=30|target_mode=rr|time_exit=12:00|touch_tolerance=5,or_retest,long,96,465.3599999999996,4.847499999999996,-66.34,0.40625,1.1293608125913852,-436.08000000000027,0.05712981269761373,0.016491956369860096,57,388.6199999999998,6.817894736842101,0.42105263157894735,39,76.73999999999987,1.9676923076923043,0.38461538461538464,113.66,0.24424101770672188,1152,True,False,True,False,False,False
full_history,or_retest_slip_shape|long|buffer_points=0|confirm_pattern=break_prev|end=11:00|max_risk_points=120|max_stop=120|min_reward_points=8|or_class=normal|rr=1.5|start=10:20|stop_mode=fixed|stop_points=30|target_mode=rr|time_exit=12:00|touch_tolerance=5,or_retest,long,73,464.1799999999997,6.358630136986298,-4.34,0.4794520547945205,1.1966097961811493,-390.9000000000003,0.08681146546950409,0.021853061006315327,43,307.37999999999977,7.148372093023251,0.46511627906976744,30,156.7999999999999,5.226666666666663,0.5,83.66,0.18023180662673974,1152,False,True,True,False,False,False
full_history,or_retest_slip_shape|long|buffer_points=0|confirm_pattern=break_prev|end=11:30|max_risk_points=120|max_stop=120|min_reward_points=8|or_class=normal_tight|rr=2|start=10:00|stop_mode=fixed|stop_points=30|target_mode=rr|time_exit=15:55|touch_tolerance=10,or_retest,long,209,463.93999999999846,2.219808612440184,-66.34,0.3827751196172249,1.0542121511686329,-1479.880000000001,0.02539646635829637,0.010817332944819161,125,-443.5000000000016,-3.548000000000013,0.352,84,907.4399999999994,10.802857142857135,0.42857142857142855,113.66,0.24498857610898042,1152,True,False,True,False,False,False
full_history,or_retest_slip_shape|long|buffer_points=0|confirm_pattern=break_prev|end=10:45|max_risk_points=120|max_stop=120|min_reward_points=8|or_class=normal|rr=1.5|start=10:10|stop_mode=fixed|stop_points=40|target_mode=rr|time_exit=12:00|touch_tolerance=5,or_retest,long,74,460.8399999999996,6.2275675675675615,-20.34,0.47297297297297297,1.1487895753020405,-490.72,0.06573119146952106,0.016659467855944195,44,175.03999999999994,3.9781818181818167,0.4318181818181818,30,285.79999999999984,9.526666666666662,0.5333333333333333,113.66,0.24663657668605177,1152,False,False,True,False,False,False
full_history,or_retest_slip_shape|long|buffer_points=0|confirm_pattern=break_prev|end=11:00|max_risk_points=120|max_stop=120|min_reward_points=8|or_class=normal_tight|rr=1.5|start=10:10|stop_mode=fixed|stop_points=30|target_mode=rr|time_exit=15:55|touch_tolerance=5,or_retest,long,153,458.979999999999,2.9998692810457452,-66.34,0.46405228758169936,1.084373184702603,-911.120000000001,0.04008616027673188,0.014608779513917638,91,-527.9400000000006,-5.801538461538469,0.4065934065934066,62,986.9199999999995,15.918064516129025,0.5483870967741935,83.66,0.1822737374177528,1152,True,False,True,False,False,False
full_history,or_retest_slip_shape|long|buffer_points=0|confirm_pattern=break_prev|end=11:00|max_risk_points=120|max_stop=120|min_reward_points=8|or_class=normal|rr=1.25|start=10:10|stop_mode=fixed|stop_points=30|target_mode=rr|time_exit=12:00|touch_tolerance=5,or_retest,long,83,458.7799999999993,5.527469879518064,68.66,0.5301204819277109,1.184303768991587,-337.24000000000035,0.08313285411942066,0.022314414581438614,49,222.33999999999966,4.537551020408157,0.5102040816326531,34,236.43999999999988,6.95411764705882,0.5588235294117647,68.66,0.1496577880465585,1152,True,True,True,False,False,False
full_history,or_retest_slip_shape|long|buffer_points=0|confirm_pattern=break_prev|end=11:30|max_risk_points=120|max_stop=120|min_reward_points=8|or_class=normal|rr=1.25|start=10:20|stop_mode=fixed|stop_points=60|target_mode=rr|time_exit=12:00|touch_tolerance=5,or_retest,long,81,456.95999999999924,5.641481481481472,1.16,0.5061728395061729,1.1117507519992171,-1255.5800000000002,0.04803638839752231,0.012737570992349559,48,617.1799999999998,12.857916666666663,0.5208333333333334,33,-160.2200000000001,-4.855151515151519,0.48484848484848486,143.66,0.31438200280112094,1152,True,False,False,False,False,False
full_history,or_retest_slip_shape|long|buffer_points=0|confirm_pattern=break_prev|end=10:45|max_risk_points=120|max_stop=120|min_reward_points=8|or_class=normal|rr=2|start=10:00|stop_mode=fixed|stop_points=30|target_mode=rr|time_exit=12:00|touch_tolerance=10,or_retest,long,107,455.61999999999944,4.25813084112149,-66.34,0.40186915887850466,1.1121730481367678,-549.7400000000002,0.05006586492283636,0.015258342972316031,64,284.2399999999998,4.441249999999997,0.40625,43,171.37999999999982,3.985581395348833,0.3953488372093023,113.66,0.249462271190905,1152,True,True,True,False,False,False
full_history,or_retest_slip_filter|long|buffer_points=0|confirm_pattern=break_prev|end=11:00|max_risk_points=120|max_signal_rsi=65|max_stop=120|min_reward_points=8|or_class=normal|rr=2|start=10:10|stop_mode=fixed|stop_points=40|target_mode=rr|time_exit=15:55|touch_tolerance=5,or_retest,long,50,454.4999999999999,9.089999999999998,-86.34,0.42,1.181519733531427,-659.5400000000003,0.0785099176544691,0.016356232844681063,30,404.2999999999999,13.476666666666663,0.43333333333333335,20,50.19999999999993,2.5099999999999967,0.4,153.66,0.3380858085808582,1152,False,False,False,False,False,False
full_history,or_retest_slip_shape|long|buffer_points=0|confirm_pattern=break_prev|end=11:30|max_risk_points=120|max_stop=120|min_reward_points=8|or_class=normal|rr=1.25|start=10:20|stop_mode=fixed|stop_points=40|target_mode=rr|time_exit=15:55|touch_tolerance=5,or_retest,long,81,451.45999999999924,5.573580246913571,42.66,0.5185185185185185,1.134073400925381,-676.0800000000004,0.062227057014735396,0.016500440245650498,48,304.6799999999996,6.347499999999992,0.5208333333333334,33,146.7799999999999,4.447878787878785,0.5151515151515151,93.66,0.2074602401098661,1152,True,True,True,False,False,False
full_history,or_retest_slip_filter|long|buffer_points=0|confirm_pattern=break_prev|end=11:00|max_risk_points=120|max_stop=120|min_reward_points=8|or_class=normal|prior_day_zombie=yes|rr=1.25|start=10:00|stop_mode=fixed|stop_points=40|target_mode=rr|time_exit=15:55|touch_tolerance=5,or_retest,long,38,448.0799999999997,11.791578947368412,93.66,0.5526315789473685,1.3052773576421537,-747.7800000000005,0.13123484098612045,0.02383497540542203,22,749.5199999999998,34.069090909090896,0.6818181818181818,16,-301.44000000000005,-18.840000000000003,0.375,93.66,0.20902517407605797,1152,False,False,True,False,False,False
full_history,or_retest_slip_shape|long|buffer_points=0|confirm_pattern=break_prev|end=11:00|max_risk_points=120|max_stop=120|min_reward_points=8|or_class=normal_tight|rr=1.25|start=10:00|stop_mode=fixed|stop_points=30|target_mode=rr|time_exit=12:00|touch_tolerance=5,or_retest,long,183,441.2799999999993,2.411366120218575,56.16,0.5081967213114754,1.0750654917837572,-576.1800000000001,0.035931523893113534,0.014321052663510948,109,-37.06000000000037,-0.3400000000000034,0.48623853211009177,74,478.3399999999996,6.464054054054048,0.5405405405405406,68.66,0.1555928208846993,1152,True,False,True,False,False,False
full_history,or_retest_slip_shape|long|buffer_points=0|confirm_pattern=break_prev|end=10:45|max_risk_points=120|max_stop=120|min_reward_points=8|or_class=normal_tight|rr=2|start=10:20|stop_mode=fixed|stop_points=30|target_mode=rr|time_exit=12:00|touch_tolerance=10,or_retest,long,126,429.6599999999992,3.4099999999999935,-66.34,0.40476190476190477,1.0896993736951979,-559.1200000000002,0.04049923793155623,0.013393863981816462,75,544.4999999999997,7.259999999999995,0.41333333333333333,51,-114.84000000000017,-2.251764705882356,0.39215686274509803,113.66,0.26453474840571667,1152,True,False,False,False,False,False
full_history,or_retest_slip_shape|long|buffer_points=0|confirm_pattern=break_prev|end=11:30|max_risk_points=120|max_stop=120|min_reward_points=8|or_class=normal|rr=2.5|start=10:20|stop_mode=fixed|stop_points=30|target_mode=rr|time_exit=15:55|touch_tolerance=10,or_retest,long,90,429.39999999999907,4.771111111111101,-66.34,0.34444444444444444,1.1097070561003146,-705.8000000000002,0.04808890734299362,0.013441258222827816,54,96.63999999999959,1.789629629629622,0.3333333333333333,36,332.7599999999999,9.24333333333333,0.3611111111111111,143.66,0.3345598509548214,1152,True,True,False,False,False,False
full_history,or_retest_slip_shape|long|buffer_points=0|confirm_pattern=break_prev|end=11:30|max_risk_points=120|max_stop=120|min_reward_points=8|or_class=normal_tight|rr=2|start=10:10|stop_mode=fixed|stop_points=60|target_mode=rr|time_exit=12:00|touch_tolerance=10,or_retest,long,182,426.6199999999991,2.344065934065929,-3.34,0.4835164835164835,1.04713012430457,-1782.1200000000003,0.019583620357314823,0.007783992985212311,109,271.43999999999915,2.49027522935779,0.46788990825688076,73,155.1799999999997,2.12575342465753,0.5068493150684932,233.66,0.547700529745442,1152,True,True,False,False,False,False
full_history,or_retest_slip_filter|long|buffer_points=0|confirm_pattern=break_prev|end=11:00|max_risk_points=120|max_stop=120|min_reward_points=8|or_class=normal_tight|prior_day_zombie=yes|rr=1.5|start=10:00|stop_mode=fixed|stop_points=40|target_mode=rr|time_exit=15:55|touch_tolerance=5,or_retest,long,63,425.0799999999997,6.747301587301583,-86.34,0.47619047619047616,1.1491917086079695,-777.0600000000002,0.0680745780442629,0.01591948423692722,37,734.4199999999997,19.849189189189183,0.5405405405405406,26,-309.34000000000015,-11.897692307692314,0.38461538461538464,113.66,0.2673849628305262,1152,False,False,False,False,False,False
full_history,or_retest_slip_shape|long|buffer_points=0|confirm_pattern=break_prev|end=10:45|max_risk_points=120|max_stop=120|min_reward_points=8|or_class=normal|rr=1.25|start=10:10|stop_mode=fixed|stop_points=60|target_mode=rr|time_exit=15:55|touch_tolerance=5,or_retest,long,74,422.33999999999935,5.707297297297289,-23.840000000000003,0.5,1.0913053065777694,-1082.960000000001,0.04291853987239263,0.010877636924620836,44,816.5399999999997,18.557727272727266,0.5454545454545454,30,-394.19999999999993,-13.139999999999997,0.43333333333333335,143.66,0.3401524837808406,1152,False,False,False,False,False,False
full_history,or_retest_slip_filter|long|buffer_points=0|confirm_pattern=break_prev|end=11:00|max_close_vwap_delta=50|max_risk_points=120|max_stop=120|min_reward_points=8|or_class=normal|rr=2|start=10:10|stop_mode=fixed|stop_points=40|target_mode=rr|time_exit=15:55|touch_tolerance=5,or_retest,long,70,422.1999999999995,6.031428571428564,-86.34,0.4,1.1164278544403627,-777.0600000000002,0.05218652047888974,0.012864150781478071,42,342.7199999999997,8.159999999999993,0.40476190476190477,28,79.48000000000008,2.838571428571431,0.39285714285714285,153.66,0.36395073424917146,1152,False,False,False,False,False,False
full_history,or_retest_slip_shape|long|buffer_points=0|confirm_pattern=break_prev|end=10:45|max_risk_points=120|max_stop=120|min_reward_points=8|or_class=normal|rr=1.25|start=10:20|stop_mode=fixed|stop_points=40|target_mode=rr|time_exit=15:55|touch_tolerance=10,or_retest,long,73,422.1799999999995,5.78328767123287,42.66,0.5205479452054794,1.1397068069757432,-683.4000000000003,0.06460486472858962,0.016262990638195973,43,556.3799999999998,12.939069767441856,0.5581395348837209,30,-134.20000000000002,-4.473333333333334,0.4666666666666667,93.66,0.2218485006395379,1152,False,False,True,False,False,False
full_history,or_retest_slip_shape|long|buffer_points=0|confirm_pattern=break_prev|end=11:00|max_risk_points=120|max_stop=120|min_reward_points=8|or_class=normal_tight|rr=1.5|start=10:00|stop_mode=fixed|stop_points=30|target_mode=rr|time_exit=15:55|touch_tolerance=5,or_retest,long,183,418.7799999999993,2.2884153005464443,-66.34,0.45901639344262296,1.0637639585484016,-631.3800000000007,0.030606121189110658,0.01219853281700242,109,-222.06000000000049,-2.037247706422023,0.43119266055045874,74,640.8399999999997,8.659999999999997,0.5,83.66,0.19977076269162838,1152,True,False,True,False,False,False
full_history,or_retest_slip_shape|long|buffer_points=0|confirm_pattern=break_prev|end=11:00|max_risk_points=120|max_stop=120|min_reward_points=8|or_class=normal_tight|rr=1.5|start=10:20|stop_mode=fixed|stop_points=30|target_mode=rr|time_exit=12:00|touch_tolerance=5,or_retest,long,131,412.9599999999991,3.1523664122137336,-31.34,0.4732824427480916,1.0945862994622022,-552.4800000000001,0.043677239914059134,0.014728706043388218,78,49.47999999999965,0.6343589743589698,0.44871794871794873,53,363.4799999999997,6.858113207547164,0.5094339622641509,83.66,0.20258620689655216,1152,True,True,True,False,False,False
full_history,or_retest_slip_filter|long|buffer_points=0|confirm_pattern=break_prev|end=11:00|max_risk_points=120|max_stop=120|min_reward_points=8|or_class=normal|prior_day_direction=up|rr=2|start=10:10|stop_mode=fixed|stop_points=40|target_mode=rr|time_exit=15:55|touch_tolerance=5,or_retest,long,44,410.03999999999985,9.319090909090905,-86.34,0.4090909090909091,1.1826588977388142,-796.0800000000004,0.07934194705661599,0.015506113287059493,26,764.16,29.39076923076923,0.5,18,-354.1200000000001,-19.67333333333334,0.2777777777777778,153.66,0.3747439274217151,1152,False,False,False,False,False,False
full_history,or_retest_slip_shape|long|buffer_points=0|confirm_pattern=break_prev|end=11:00|max_risk_points=120|max_stop=120|min_reward_points=8|or_class=normal|rr=1.25|start=10:10|stop_mode=fixed|stop_points=30|target_mode=rr|time_exit=15:55|touch_tolerance=5,or_retest,long,83,407.7799999999994,4.913012048192764,68.66,0.5301204819277109,1.1576107542342082,-327.06000000000006,0.07273153887006074,0.019522506819760598,49,233.33999999999978,4.762040816326526,0.5306122448979592,34,174.43999999999988,5.130588235294114,0.5294117647058824,68.66,0.1683751042228655,1152,True,True,True,False,False,False
full_history,or_retest_slip_filter|long|buffer_points=0|confirm_pattern=break_prev|end=11:00|max_risk_points=120|max_stop=120|min_reward_points=8|or_class=normal|prior_day_zombie=no|rr=2|start=10:10|stop_mode=fixed|stop_points=40|target_mode=rr|time_exit=15:55|touch_tolerance=5,or_retest,long,52,407.3199999999996,7.8330769230769155,-86.34,0.40384615384615385,1.1521815478191988,-488.76000000000005,0.06707475510891507,0.014250645215408971,31,-36.53999999999999,-1.1787096774193546,0.3548387096774194,21,443.8599999999999,21.13619047619047,0.47619047619047616,153.66,0.37724639104389707,1152,False,False,False,False,False,False
full_history,or_retest_slip_shape|long|buffer_points=0|confirm_pattern=break_prev|end=11:30|max_risk_points=120|max_stop=120|min_reward_points=8|or_class=normal_tight|rr=2.5|start=10:20|stop_mode=fixed|stop_points=30|target_mode=rr|time_exit=15:55|touch_tolerance=10,or_retest,long,163,403.0799999999989,2.4728834355828155,-66.34,0.3374233128834356,1.056259002445315,-830.4000000000007,0.025280053960285914,0.00950923454237287,97,-235.9800000000003,-2.4327835051546423,0.30927835051546393,66,639.0599999999996,9.682727272727266,0.3787878787878788,143.66,0.3564056762925483,1152,True,False,False,False,False,False
full_history,or_retest_slip_shape|long|buffer_points=0|confirm_pattern=break_prev|end=11:00|max_risk_points=120|max_stop=120|min_reward_points=8|or_class=normal|rr=1.25|start=10:10|stop_mode=fixed|stop_points=30|target_mode=rr|time_exit=12:00|touch_tolerance=10,or_retest,long,92,401.71999999999923,4.366521739130427,62.41,0.5217391304347826,1.1424054222675963,-403.58000000000027,0.06552131010193935,0.018516131084917987,55,364.2999999999995,6.623636363636354,0.5272727272727272,37,37.419999999999874,1.011351351351348,0.5135135135135135,68.66,0.17091506521955624,1152,True,False,True,False,False,False
full_history,or_retest_slip_shape|long|buffer_points=0|confirm_pattern=break_prev|end=10:45|max_risk_points=120|max_stop=120|min_reward_points=8|or_class=normal|rr=1.25|start=10:10|stop_mode=fixed|stop_points=40|target_mode=rr|time_exit=12:00|touch_tolerance=5,or_retest,long,74,400.83999999999946,5.416756756756749,9.91,0.5135135135135135,1.1375452948281535,-503.4000000000003,0.06232956784679154,0.015797331659506014,44,175.0399999999999,3.9781818181818163,0.4772727272727273,30,225.79999999999993,7.526666666666665,0.5666666666666667,93.66,0.2336593154375814,1152,False,True,True,False,False,False
full_history,or_retest_slip_shape|long|buffer_points=0|confirm_pattern=break_prev|end=11:00|max_risk_points=120|max_stop=120|min_reward_points=8|or_class=normal_tight|rr=2.5|start=10:20|stop_mode=fixed|stop_points=30|target_mode=rr|time_exit=12:00|touch_tolerance=5,or_retest,long,131,391.95999999999924,2.9920610687022844,-66.34,0.3816793893129771,1.0778541833017514,-922.9600000000003,0.03355289501200868,0.011314605238539102,78,-10.020000000000437,-0.12846153846154407,0.358974358974359,53,401.9799999999997,7.584528301886786,0.41509433962264153,143.66,0.36651699152974865,1152,True,False,False,False,False,False
full_history,or_retest_slip_shape|long|buffer_points=0|confirm_pattern=break_prev|end=10:45|max_risk_points=120|max_stop=120|min_reward_points=8|or_class=normal_tight|rr=2.5|start=10:10|stop_mode=fixed|stop_points=30|target_mode=rr|time_exit=15:55|touch_tolerance=5,or_retest,long,136,389.25999999999897,2.8622058823529337,-66.34,0.33088235294117646,1.0651542236594553,-1464.240000000001,0.029112579533524436,0.010002853370909682,81,-434.54000000000053,-5.3646913580246975,0.2962962962962963,55,823.7999999999995,14.97818181818181,0.38181818181818183,143.66,0.3690592406103899,1152,True,False,False,False,False,False
full_history,or_retest_slip_shape|long|buffer_points=0|confirm_pattern=break_prev|end=11:00|max_risk_points=120|max_stop=120|min_reward_points=8|or_class=normal_tight|rr=1.25|start=10:00|stop_mode=fixed|stop_points=30|target_mode=rr|time_exit=15:55|touch_tolerance=5,or_retest,long,183,388.77999999999923,2.124480874316936,68.66,0.5081967213114754,1.0651157337621002,-576.1800000000001,0.031444378491483044,0.012532632951707487,109,-102.06000000000043,-0.9363302752293617,0.48623853211009177,74,490.8399999999996,6.632972972972968,0.5405405405405406,68.66,0.17660373476001887,1152,True,False,True,False,False,False
full_history,or_retest_slip_shape|long|buffer_points=0|confirm_pattern=break_prev|end=10:45|max_risk_points=120|max_stop=120|min_reward_points=8|or_class=normal_tight|rr=2|start=10:00|stop_mode=fixed|stop_points=30|target_mode=rr|time_exit=15:55|touch_tolerance=10,or_retest,long,183,388.77999999999844,2.1244808743169314,-66.34,0.3825136612021858,1.0518620888370709,-1147.2600000000004,0.024312500557335782,0.009690115061609609,109,-282.0600000000009,-2.587706422018357,0.3577981651376147,74,670.8399999999991,9.065405405405393,0.4189189189189189,113.66,0.29235042954884627,1152,True,False,False,False,False,False
full_history,or_retest_slip_shape|long|buffer_points=0|confirm_pattern=break_prev|end=10:45|max_risk_points=120|max_stop=120|min_reward_points=8|or_class=normal_tight|rr=2|start=10:20|stop_mode=fixed|stop_points=40|target_mode=rr|time_exit=12:00|touch_tolerance=10,or_retest,long,126,384.65999999999906,3.0528571428571354,-54.34,0.4365079365079365,1.0685957015785603,-842.5200000000001,0.03004312919724294,0.009935831057761049,75,448.99999999999943,5.986666666666659,0.44,51,-64.34000000000029,-1.261568627450986,0.43137254901960786,153.66,0.3994696615192647,1152,True,False,False,False,False,False
full_history,or_retest_slip_shape|long|buffer_points=0|confirm_pattern=break_prev|end=11:30|max_risk_points=120|max_stop=120|min_reward_points=8|or_class=normal|rr=2|start=10:00|stop_mode=fixed|stop_points=60|target_mode=rr|time_exit=15:55|touch_tolerance=5,or_retest,long,109,383.43999999999903,3.517798165137606,-126.34,0.3944954128440367,1.0481893793342665,-1959.9599999999966,0.02173333477813717,0.006685184218916923,65,1717.3999999999999,26.42153846153846,0.4461538461538462,44,-1333.9600000000003,-30.317272727272734,0.3181818181818182,233.66,0.6093782599624468,1152,True,False,False,False,False,False
full_history,or_retest_slip_shape|long|buffer_points=0|confirm_pattern=break_prev|end=11:30|max_risk_points=120|max_stop=120|min_reward_points=8|or_class=normal_tight|rr=1.5|start=10:10|stop_mode=fixed|stop_points=30|target_mode=rr|time_exit=12:00|touch_tolerance=5,or_retest,long,169,378.0399999999987,2.2369230769230692,-66.34,0.46153846153846156,1.0663002416721319,-1097.160000000001,0.030981139964120188,0.011866277668656092,101,-403.3400000000008,-3.9934653465346615,0.4158415841584158,68,781.3799999999995,11.49088235294117,0.5294117647058824,83.66,0.22129933340387334,1152,True,False,True,False,False,False
full_history,or_retest_slip_shape|long|buffer_points=0|confirm_pattern=break_prev|end=11:00|max_risk_points=120|max_stop=120|min_reward_points=8|or_class=normal_tight|rr=1.25|start=10:20|stop_mode=fixed|stop_points=30|target_mode=rr|time_exit=12:00|touch_tolerance=5,or_retest,long,131,377.9599999999994,2.885190839694652,15.66,0.5114503816793893,1.0922695336721786,-464.3800000000001,0.0434291973965773,0.014645061899815036,78,321.97999999999956,4.127948717948712,0.5128205128205128,53,55.97999999999976,1.0562264150943352,0.5094339622641509,68.66,0.1816594348608321,1152,True,False,True,False,False,False
full_history,or_retest_slip_shape|long|buffer_points=0|confirm_pattern=break_prev|end=10:45|max_risk_points=120|max_stop=120|min_reward_points=8|or_class=normal_tight|rr=2.5|start=10:10|stop_mode=fixed|stop_points=30|target_mode=rr|time_exit=15:55|touch_tolerance=10,or_retest,long,150,377.4999999999986,2.5166666666666573,-66.34,0.3333333333333333,1.057445027771437,-1232.6000000000008,0.025713228459557275,0.009278462108037337,90,-401.60000000000093,-4.462222222222232,0.3,60,779.0999999999996,12.984999999999992,0.38333333333333336,143.66,0.3805562913907299,1152,True,False,False,False,False,False
full_history,or_retest_slip_filter|long|buffer_points=0|confirm_pattern=break_prev|end=11:00|max_risk_points=120|max_signal_rsi=65|max_stop=120|min_reward_points=8|or_class=normal_tight|rr=1.5|start=10:10|stop_mode=fixed|stop_points=40|target_mode=rr|time_exit=15:55|touch_tolerance=5,or_retest,long,91,373.5599999999996,4.105054945054941,-86.34,0.46153846153846156,1.0882982797010392,-994.5800000000003,0.041463597994656036,0.011653635811942894,54,-147.86000000000027,-2.738148148148153,0.42592592592592593,37,521.4199999999997,14.092432432432425,0.5135135135135135,113.66,0.30426169825463145,1152,True,False,False,False,False,False
full_history,or_retest_slip_filter|long|buffer_points=0|confirm_pattern=break_prev|end=11:00|max_close_ema_delta=50|max_risk_points=120|max_stop=120|min_reward_points=8|or_class=normal_tight|rr=1.25|start=10:10|stop_mode=fixed|stop_points=40|target_mode=rr|time_exit=15:55|touch_tolerance=5,or_retest,long,91,372.0599999999996,4.0885714285714245,42.66,0.5054945054945055,1.0957609451007637,-812.1600000000002,0.045381773093824976,0.012754866478394538,54,-213.36000000000016,-3.951111111111114,0.46296296296296297,37,585.4199999999998,15.822162162162158,0.5675675675675675,93.66,0.25173359135623313,1152,True,False,False,False,False,False
full_history,or_retest_slip_filter|long|buffer_points=0|confirm_pattern=break_prev|end=11:00|max_risk_points=120|max_signal_ema_slope=10|max_stop=120|min_reward_points=8|or_class=normal_tight|rr=1.5|start=10:00|stop_mode=fixed|stop_points=40|target_mode=rr|time_exit=15:55|touch_tolerance=5,or_retest,long,103,371.47999999999934,3.6066019417475665,-86.34,0.4563106796116505,1.076830801813428,-726.8000000000003,0.03639413667073262,0.010882377683956192,61,62.259999999999906,1.0206557377049166,0.4426229508196721,42,309.21999999999986,7.362380952380949,0.47619047619047616,113.66,0.305965327877679,1152,True,True,False,False,False,False
full_history,or_retest_slip_shape|long|buffer_points=0|confirm_pattern=break_prev|end=11:30|max_risk_points=120|max_stop=120|min_reward_points=8|or_class=normal_tight|rr=2.5|start=10:10|stop_mode=fixed|stop_points=30|target_mode=rr|time_exit=12:00|touch_tolerance=5,or_retest,long,169,370.5399999999987,2.192544378698217,-66.34,0.378698224852071,1.057584658181422,-1420.6600000000012,0.0248277505406178,0.009509429999809362,101,-565.8400000000007,-5.602376237623769,0.33663366336633666,68,936.3799999999997,13.770294117647055,0.4411764705882353,143.66,0.3877044313704337,1152,True,False,False,False,False,False
full_history,or_retest_slip_shape|long|buffer_points=0|confirm_pattern=break_prev|end=11:30|max_risk_points=120|max_stop=120|min_reward_points=8|or_class=normal_tight|rr=1.5|start=10:00|stop_mode=fixed|stop_points=30|target_mode=rr|time_exit=12:00|touch_tolerance=10,or_retest,long,209,370.439999999999,1.772440191387555,-66.34,0.45454545454545453,1.0504187955782147,-932.0400000000011,0.024096117896249027,0.010263464463283163,125,-325.0000000000007,-2.6000000000000054,0.424,84,695.4399999999994,8.279047619047612,0.5,83.66,0.22583954216607338,1152,True,False,True,False,False,False
full_history,or_retest_slip_shape|long|buffer_points=0|confirm_pattern=break_prev|end=10:45|max_risk_points=120|max_stop=120|min_reward_points=8|or_class=normal|rr=2|start=10:20|stop_mode=fixed|stop_points=30|target_mode=rr|time_exit=12:00|touch_tolerance=10,or_retest,long,73,369.67999999999927,5.064109589041085,-66.34,0.3972602739726027,1.1327415833620584,-483.4000000000002,0.058726933930029465,0.014783338386766605,43,341.37999999999965,7.939069767441852,0.3953488372093023,30,28.299999999999926,0.9433333333333309,0.4,113.66,0.30745509629950285,1152,False,False,False,False,False,False
full_history,or_retest_slip_shape|long|buffer_points=0|confirm_pattern=break_prev|end=11:00|max_risk_points=120|max_stop=120|min_reward_points=8|or_class=normal|rr=1.5|start=10:20|stop_mode=fixed|stop_points=30|target_mode=rr|time_exit=15:55|touch_tolerance=5,or_retest,long,73,366.1799999999997,5.01616438356164,-66.34,0.4794520547945205,1.1452564936610437,-363.4000000000003,0.06686677789840355,0.016832382321928074,43,256.3799999999999,5.962325581395346,0.4883720930232558,30,109.7999999999999,3.6599999999999966,0.4666666666666667,83.66,0.22846687421486717,1152,False,True,True,False,False,False
full_history,or_retest_slip_shape|long|buffer_points=0|confirm_pattern=break_prev|end=10:45|max_risk_points=120|max_stop=120|min_reward_points=8|or_class=normal_tight|rr=2.5|start=10:20|stop_mode=fixed|stop_points=30|target_mode=rr|time_exit=15:55|touch_tolerance=5,or_retest,long,112,362.41999999999956,3.2358928571428534,-66.34,0.3392857142857143,1.0738252572741562,-730.2000000000002,0.032918815205925656,0.010264244006591507,67,74.21999999999977,1.1077611940298473,0.3283582089552239,45,288.1999999999997,6.4044444444444375,0.35555555555555557,143.66,0.39639092765299977,1152,True,True,False,False,False,False
full_history,or_retest_slip_shape|long|buffer_points=0|confirm_pattern=break_prev|end=11:30|max_risk_points=120|max_stop=120|min_reward_points=8|or_class=normal|rr=2.5|start=10:20|stop_mode=fixed|stop_points=30|target_mode=rr|time_exit=12:00|touch_tolerance=10,or_retest,long,90,354.3999999999991,3.937777777777768,-66.34,0.34444444444444444,1.0961460204120383,-709.8000000000001,0.04138575534273233,0.011567670280815576,54,91.63999999999965,1.6970370370370305,0.3148148148148148,36,262.7599999999999,7.298888888888886,0.3888888888888889,143.66,0.4053611738148994,1152,True,True,False,False,False,False
full_history,or_retest_slip_shape|long|buffer_points=0|confirm_pattern=break_prev|end=10:45|max_risk_points=120|max_stop=120|min_reward_points=8|or_class=normal|rr=1.25|start=10:10|stop_mode=fixed|stop_points=40|target_mode=rr|time_exit=12:00|touch_tolerance=10,or_retest,long,82,353.11999999999955,4.306341463414629,9.91,0.5121951219512195,1.1083323107129706,-589.7400000000002,0.049688749565535754,0.013256801527950541,49,206.33999999999983,4.211020408163262,0.4897959183673469,33,146.7799999999999,4.447878787878785,0.5454545454545454,93.66,0.26523561395559614,1152,True,True,False,False,False,False
full_history,or_retest_slip_shape|long|buffer_points=0|confirm_pattern=break_prev|end=11:00|max_risk_points=120|max_stop=120|min_reward_points=8|or_class=normal|rr=1.25|start=10:10|stop_mode=fixed|stop_points=30|target_mode=rr|time_exit=15:55|touch_tolerance=10,or_retest,long,92,350.71999999999935,3.812173913043471,68.66,0.5217391304347826,1.1201523830405344,-452.7800000000004,0.056403569785697556,0.015939484271368126,55,375.2999999999996,6.823636363636356,0.5454545454545454,37,-24.580000000000126,-0.6643243243243278,0.4864864864864865,68.66,0.1957687043795624,1152,True,False,True,False,False,False
full_history,or_retest_slip_shape|long|buffer_points=0|confirm_pattern=break_prev|end=10:45|max_risk_points=120|max_stop=120|min_reward_points=8|or_class=normal_tight|rr=2|start=10:00|stop_mode=fixed|stop_points=30|target_mode=rr|time_exit=12:00|touch_tolerance=10,or_retest,long,183,349.7799999999986,1.9113661202185717,-66.34,0.39344262295081966,1.0487176415859063,-1018.2600000000002,0.022574757402474305,0.008997511226869483,109,-312.5600000000008,-2.867522935779824,0.3669724770642202,74,662.3399999999991,8.950540540540528,0.43243243243243246,113.66,0.32494710961175727,1152,True,False,False,False,False,False
full_history,or_retest_slip_shape|long|buffer_points=0|confirm_pattern=break_prev|end=10:45|max_risk_points=120|max_stop=120|min_reward_points=8|or_class=normal|rr=2.5|start=10:00|stop_mode=fixed|stop_points=30|target_mode=rr|time_exit=15:55|touch_tolerance=5,or_retest,long,96,347.3599999999997,3.61833333333333,-66.34,0.34375,1.083112010757473,-929.6800000000009,0.03679755934389538,0.010622540396359613,57,204.6199999999998,3.589824561403505,0.3508771929824561,39,142.73999999999987,3.6599999999999966,0.3333333333333333,143.66,0.41357669276830994,1152,True,True,False,False,False,False
full_history,or_retest_slip_shape|long|buffer_points=0|confirm_pattern=break_prev|end=11:30|max_risk_points=120|max_stop=120|min_reward_points=8|or_class=normal|rr=1.25|start=10:20|stop_mode=fixed|stop_points=60|target_mode=rr|time_exit=12:00|touch_tolerance=10,or_retest,long,90,344.8999999999994,3.8322222222222155,-1.0899999999999999,0.5,1.0744072659806265,-1385.8000000000002,0.032635209742060745,0.009121818430401402,54,630.6399999999994,11.678518518518509,0.5185185185185185,36,-285.74000000000024,-7.937222222222228,0.4722222222222222,143.66,0.4165265294288206,1152,True,False,False,False,False,False
full_history,or_retest_slip_shape|long|buffer_points=0|confirm_pattern=break_prev|end=11:30|max_risk_points=120|max_stop=120|min_reward_points=8|or_class=normal_tight|rr=1.5|start=10:00|stop_mode=fixed|stop_points=30|target_mode=rr|time_exit=15:55|touch_tolerance=10,or_retest,long,209,343.93999999999915,1.64564593301435,-66.34,0.45454545454545453,1.0454781058766898,-1104.2600000000018,0.022028033140091656,0.009382587531435857,125,-533.5000000000006,-4.268000000000004,0.416,84,877.4399999999994,10.445714285714278,0.5119047619047619,83.66,0.2432401000174455,1152,True,False,True,False,False,False
full_history,or_retest_slip_shape|long|buffer_points=0|confirm_pattern=break_prev|end=11:30|max_risk_points=120|max_stop=120|min_reward_points=8|or_class=normal_tight|rr=1.5|start=10:10|stop_mode=fixed|stop_points=30|target_mode=rr|time_exit=12:00|touch_tolerance=10,or_retest,long,182,335.11999999999887,1.841318681318675,-66.34,0.45604395604395603,1.0537683749795428,-924.2800000000004,0.025375207527292873,0.010086002168489597,109,-564.560000000001,-5.179449541284413,0.4036697247706422,73,899.6799999999996,12.324383561643831,0.5342465753424658,83.66,0.24964191931248592,1152,True,False,True,False,False,False
full_history,or_retest_slip_shape|long|buffer_points=0|confirm_pattern=break_prev|end=11:00|max_risk_points=120|max_stop=120|min_reward_points=8|or_class=normal|rr=1.5|start=10:20|stop_mode=fixed|stop_points=30|target_mode=rr|time_exit=12:00|touch_tolerance=10,or_retest,long,84,334.4399999999997,3.981428571428568,-48.84,0.4642857142857143,1.1183732700952103,-457.24000000000024,0.05427091812471177,0.014654822826282516,50,292.9999999999998,5.859999999999996,0.46,34,41.439999999999884,1.2188235294117613,0.47058823529411764,83.66,0.25014950364788924,1152,True,False,False,False,False,False
full_history,or_retest_slip_filter|long|buffer_points=0|confirm_pattern=break_prev|end=11:00|max_risk_points=120|max_stop=120|min_reward_points=8|or_class=normal|prior_day_direction=up|rr=1.5|start=10:10|stop_mode=fixed|stop_points=40|target_mode=rr|time_exit=15:55|touch_tolerance=5,or_retest,long,44,330.03999999999985,7.500909090909087,-86.34,0.4772727272727273,1.1661983462750904,-636.0800000000004,0.07508142336805601,0.014673462143146044,26,484.15999999999997,18.62153846153846,0.5384615384615384,18,-154.1200000000001,-8.562222222222227,0.3888888888888889,113.66,0.3443824990910194,1152,False,False,False,False,False,False
full_history,or_retest_slip_shape|long|buffer_points=0|confirm_pattern=break_prev|end=11:30|max_risk_points=120|max_stop=120|min_reward_points=8|or_class=normal|rr=1.25|start=10:20|stop_mode=fixed|stop_points=40|target_mode=rr|time_exit=12:00|touch_tolerance=10,or_retest,long,90,306.3999999999996,3.4044444444444397,2.41,0.5,1.0867300724637674,-713.5800000000003,0.03995200539558,0.011166924987744407,54,96.1399999999997,1.7803703703703648,0.46296296296296297,36,210.25999999999988,5.840555555555552,0.5555555555555556,93.66,0.30567885117493515,1152,True,True,False,False,False,False
full_history,or_retest_slip_shape|long|buffer_points=0|confirm_pattern=break_prev|end=10:45|max_risk_points=120|max_stop=120|min_reward_points=8|or_class=normal_tight|rr=2|start=10:00|stop_mode=fixed|stop_points=30|target_mode=rr|time_exit=15:55|touch_tolerance=5,or_retest,long,168,303.87999999999886,1.808809523809517,-66.34,0.38095238095238093,1.0440446650124064,-1128.2400000000002,0.02071873632331319,0.007912098125451145,100,-225.0000000000008,-2.250000000000008,0.36,68,528.8799999999997,7.777647058823525,0.4117647058823529,113.66,0.37402922206134137,1152,True,False,False,False,False,False
full_history,or_retest_slip_shape|long|buffer_points=0|confirm_pattern=break_prev|end=11:00|max_risk_points=120|max_stop=120|min_reward_points=8|or_class=normal|rr=2|start=10:20|stop_mode=fixed|stop_points=60|target_mode=rr|time_exit=12:00|touch_tolerance=10,or_retest,long,84,303.43999999999966,3.6123809523809483,-3.84,0.4880952380952381,1.067257437461488,-1258.1599999999994,0.028399558739340885,0.00766875733911963,50,731.4999999999995,14.62999999999999,0.52,34,-428.06,-12.59,0.4411764705882353,233.66,0.7700369100975489,1152,True,False,False,False,False,False
full_history,or_retest_slip_shape|long|buffer_points=0|confirm_pattern=break_prev|end=10:45|max_risk_points=120|max_stop=120|min_reward_points=8|or_class=normal|rr=2|start=10:10|stop_mode=fixed|stop_points=40|target_mode=rr|time_exit=12:00|touch_tolerance=5,or_retest,long,74,300.3399999999996,4.058648648648643,-86.34,0.40540540540540543,1.086330397590084,-675.4600000000002,0.03764368610021394,0.009540733471362053,44,254.5399999999999,5.7849999999999975,0.38636363636363635,30,45.80000000000007,1.5266666666666688,0.43333333333333335,153.66,0.5116201638143445,1152,False,False,False,False,False,False
full_history,or_retest_slip_shape|long|buffer_points=0|confirm_pattern=break_prev|end=11:30|max_risk_points=120|max_stop=120|min_reward_points=8|or_class=normal|rr=2.5|start=10:20|stop_mode=fixed|stop_points=60|target_mode=rr|time_exit=15:55|touch_tolerance=10,or_retest,long,90,299.8999999999992,3.3322222222222133,-126.34,0.36666666666666664,1.0429478954242375,-1432.2999999999995,0.01911540982866953,0.005342919474334085,54,1110.64,20.56740740740741,0.4074074074074074,36,-810.7400000000001,-22.52055555555556,0.3055555555555556,293.66,0.9791930643547877,1152,True,False,False,False,False,False
full_history,or_retest_slip_shape|long|buffer_points=0|confirm_pattern=break_prev|end=10:45|max_risk_points=120|max_stop=120|min_reward_points=8|or_class=normal|rr=2|start=10:10|stop_mode=fixed|stop_points=40|target_mode=rr|time_exit=12:00|touch_tolerance=10,or_retest,long,82,298.61999999999966,3.6417073170731666,-86.34,0.4146341463414634,1.078084469918835,-792.8000000000002,0.03405182326027978,0.00908491895194488,49,271.8399999999998,5.547755102040813,0.40816326530612246,33,26.779999999999916,0.811515151515149,0.42424242424242425,153.66,0.5145670082378949,1152,True,False,False,False,False,False
full_history,or_retest_slip_shape|long|buffer_points=0|confirm_pattern=break_prev|end=11:30|max_risk_points=120|max_stop=120|min_reward_points=8|or_class=normal_tight|rr=2.5|start=10:00|stop_mode=fixed|stop_points=30|target_mode=rr|time_exit=12:00|touch_tolerance=5,or_retest,long,195,298.1999999999989,1.5292307692307636,-66.34,0.36923076923076925,1.0381631519538455,-1054.6000000000004,0.01689753813047477,0.0069520758415587145,117,-623.2800000000009,-5.327179487179495,0.3418803418803419,78,921.4799999999996,11.813846153846148,0.41025641025641024,143.66,0.4817572099262258,1152,True,False,False,False,False,False
full_history,or_retest_slip_shape|long|buffer_points=0|confirm_pattern=break_prev|end=10:45|max_risk_points=120|max_stop=120|min_reward_points=8|or_class=normal_tight|rr=1.25|start=10:20|stop_mode=fixed|stop_points=40|target_mode=rr|time_exit=15:55|touch_tolerance=5,or_retest,long,112,294.9199999999993,2.633214285714279,-28.340000000000003,0.5,1.0609963929977826,-589.74,0.02935639838931117,0.009153465406870398,67,284.2199999999997,4.242089552238801,0.5074626865671642,45,10.69999999999979,0.2377777777777731,0.4888888888888889,93.66,0.31757764817577727,1152,True,False,False,False,False,False
full_history,or_retest_slip_filter|long|buffer_points=0|confirm_pattern=break_prev|end=11:00|max_risk_points=120|max_signal_rsi=65|max_stop=120|min_reward_points=8|or_class=normal_tight|rr=1.25|start=10:10|stop_mode=fixed|stop_points=40|target_mode=rr|time_exit=15:55|touch_tolerance=5,or_retest,long,91,293.55999999999966,3.2259340659340623,28.16,0.5054945054945055,1.0755565850770847,-1034.5800000000004,0.03601308250683497,0.010121730102973611,54,-407.86000000000035,-7.55296296296297,0.4444444444444444,37,701.4199999999997,18.95729729729729,0.5945945945945946,93.66,0.31904891674615105,1152,True,False,False,False,False,False
full_history,or_retest_slip_shape|long|buffer_points=0|confirm_pattern=break_prev|end=10:45|max_risk_points=120|max_stop=120|min_reward_points=8|or_class=normal|rr=1.25|start=10:20|stop_mode=fixed|stop_points=40|target_mode=rr|time_exit=15:55|touch_tolerance=5,or_retest,long,62,291.9199999999996,4.708387096774187,36.16,0.5161290322580645,1.1127017218747584,-597.0600000000003,0.052634419547460544,0.012210668558941448,37,354.41999999999985,9.578918918918914,0.5405405405405406,25,-62.49999999999997,-2.4999999999999987,0.48,93.66,0.3208413263907924,1152,False,False,False,False,False,False
full_history,or_retest_slip_shape|long|buffer_points=0|confirm_pattern=break_prev|end=11:00|max_risk_points=120|max_stop=120|min_reward_points=8|or_class=normal_tight|rr=1.5|start=10:20|stop_mode=fixed|stop_points=30|target_mode=rr|time_exit=12:00|touch_tolerance=10,or_retest,long,143,286.3799999999994,2.0026573426573386,-66.34,0.46153846153846156,1.0584845242082386,-552.4800000000001,0.027594652362717763,0.00972224825302948,85,104.5999999999996,1.2305882352941129,0.4470588235294118,58,181.77999999999986,3.13413793103448,0.4827586206896552,83.66,0.29212933864096713,1152,True,True,False,False,False,False
full_history,or_retest_slip_shape|long|buffer_points=0|confirm_pattern=break_prev|end=11:30|max_risk_points=120|max_stop=120|min_reward_points=8|or_class=normal|rr=2|start=10:00|stop_mode=fixed|stop_points=60|target_mode=rr|time_exit=15:55|touch_tolerance=10,or_retest,long,118,286.37999999999886,2.426949152542363,-126.34,0.3898305084745763,1.0328606606096626,-1921.8399999999995,0.014952330052548724,0.004785459433494277,70,1765.7,25.224285714285713,0.44285714285714284,48,-1479.3200000000002,-30.81916666666667,0.3125,233.66,0.8159089321880052,1152,True,False,False,False,False,False
full_history,or_retest_slip_shape|long|buffer_points=0|confirm_pattern=break_prev|end=10:45|max_risk_points=120|max_stop=120|min_reward_points=8|or_class=normal_tight|rr=1.5|start=10:10|stop_mode=fixed|stop_points=30|target_mode=rr|time_exit=12:00|touch_tolerance=5,or_retest,long,136,284.2599999999993,2.0901470588235243,-66.34,0.45588235294117646,1.0597227533059077,-931.3800000000003,0.028358668313039972,0.009743815404710036,81,-274.0400000000003,-3.3832098765432135,0.4074074074074074,55,558.2999999999996,10.150909090909083,0.5272727272727272,83.66,0.29430802786181737,1152,True,False,False,False,False,False
full_history,or_retest_slip_shape|long|buffer_points=0|confirm_pattern=break_prev|end=11:30|max_risk_points=120|max_stop=120|min_reward_points=8|or_class=normal|rr=1.5|start=10:10|stop_mode=fixed|stop_points=60|target_mode=rr|time_exit=15:55|touch_tolerance=10,or_retest,long,97,283.5199999999994,2.922886597938138,-126.34,0.44329896907216493,1.0418581029208542,-1588.8200000000002,0.01999329881541535,0.005801550600893131,58,1193.7799999999997,20.582413793103445,0.5,39,-910.2600000000003,-23.340000000000007,0.358974358974359,173.66,0.6125141083521457,1152,True,False,False,False,False,False
full_history,or_retest_slip_filter|long|buffer_points=0|confirm_pattern=break_prev|end=11:00|max_risk_points=120|max_signal_rsi=65|max_stop=120|min_reward_points=8|or_class=normal_tight|rr=2|start=10:10|stop_mode=fixed|stop_points=40|target_mode=rr|time_exit=15:55|touch_tolerance=5,or_retest,long,91,277.55999999999915,3.050109890109881,-86.34,0.38461538461538464,1.0584024542665602,-901.4400000000003,0.026792140940475943,0.007530119628855955,54,12.139999999999674,0.22481481481480878,0.37037037037037035,37,265.41999999999985,7.17351351351351,0.40540540540540543,153.66,0.5536100302637285,1152,True,True,False,False,False,False
full_history,or_retest_slip_filter|long|buffer_points=0|confirm_pattern=break_prev|end=11:00|max_close_ema_delta=70|max_risk_points=120|max_stop=120|min_reward_points=8|or_class=normal_tight|rr=2|start=10:10|stop_mode=fixed|stop_points=40|target_mode=rr|time_exit=15:55|touch_tolerance=5,or_retest,long,106,273.45999999999873,2.579811320754705,-86.34,0.3867924528301887,1.0494538483796294,-967.2600000000006,0.022837283559500234,0.006927413911909211,63,-94.42000000000027,-1.4987301587301631,0.36507936507936506,43,367.8799999999998,8.555348837209298,0.4186046511627907,153.66,0.561910334235357,1152,True,False,False,False,False,False
full_history,or_retest_slip_shape|long|buffer_points=0|confirm_pattern=break_prev|end=11:30|max_risk_points=120|max_stop=120|min_reward_points=8|or_class=normal_tight|rr=1.25|start=10:00|stop_mode=fixed|stop_points=30|target_mode=rr|time_exit=12:00|touch_tolerance=10,or_retest,long,209,272.93999999999903,1.3059330143540624,-3.34,0.49760765550239233,1.0404343575005177,-692.6200000000006,0.019582378229193502,0.00834088893187163,125,-280.00000000000057,-2.2400000000000047,0.472,84,552.9399999999994,6.5826190476190405,0.5357142857142857,68.66,0.25155711878068526,1152,True,False,False,False,False,False
full_history,or_retest_slip_shape|long|buffer_points=0|confirm_pattern=break_prev|end=11:30|max_risk_points=120|max_stop=120|min_reward_points=8|or_class=normal_tight|rr=2.5|start=10:00|stop_mode=fixed|stop_points=30|target_mode=rr|time_exit=15:55|touch_tolerance=10,or_retest,long,209,269.93999999999835,1.2915789473684132,-66.34,0.33014354066985646,1.0290645591972087,-1442.1000000000006,0.013243606263656874,0.00564096186937713,125,-1078.5000000000007,-8.628000000000005,0.288,84,1348.4399999999996,16.05285714285714,0.39285714285714285,143.66,0.5321923390383081,1152,True,False,False,False,False,False
full_history,or_retest_slip_shape|long|buffer_points=0|confirm_pattern=break_prev|end=10:45|max_risk_points=120|max_stop=120|min_reward_points=8|or_class=normal_tight|rr=1.5|start=10:00|stop_mode=fixed|stop_points=30|target_mode=rr|time_exit=15:55|touch_tolerance=10,or_retest,long,183,268.7799999999985,1.4687431693988988,-66.34,0.453551912568306,1.0405155260777803,-637.2600000000003,0.019663187804512754,0.00783706109762027,109,-222.0600000000006,-2.037247706422024,0.43119266055045874,74,490.8399999999991,6.632972972972961,0.4864864864864865,83.66,0.3112582781456971,1152,True,False,False,False,False,False
full_history,or_retest_slip_shape|long|buffer_points=0|confirm_pattern=break_prev|end=11:00|max_risk_points=120|max_stop=120|min_reward_points=8|or_class=normal_tight|rr=1.5|start=10:20|stop_mode=fixed|stop_points=30|target_mode=rr|time_exit=15:55|touch_tolerance=5,or_retest,long,131,268.4599999999992,2.0493129770992304,-66.34,0.4580152671755725,1.056996182703698,-565.0400000000002,0.02740993593254405,0.009243095255398579,78,-115.52000000000032,-1.4810256410256453,0.4358974358974359,53,383.9799999999997,7.244905660377352,0.49056603773584906,83.66,0.3116292930045454,1152,True,False,False,False,False,False
full_history,or_retest_slip_shape|long|buffer_points=0|confirm_pattern=break_prev|end=11:30|max_risk_points=120|max_stop=120|min_reward_points=8|or_class=normal_tight|rr=2|start=10:20|stop_mode=fixed|stop_points=60|target_mode=rr|time_exit=12:00|touch_tolerance=10,or_retest,long,163,267.079999999999,1.6385276073619572,-3.34,0.48466257668711654,1.034251740287987,-1662.3000000000006,0.01418015032110486,0.005333943331818943,97,447.0199999999994,4.608453608247417,0.4845360824742268,66,-179.9400000000003,-2.726363636363641,0.48484848484848486,233.66,0.8748689531226631,1152,True,False,False,False,False,False
full_history,or_retest_slip_shape|long|buffer_points=0|confirm_pattern=break_prev|end=10:45|max_risk_points=120|max_stop=120|min_reward_points=8|or_class=normal_tight|rr=2|start=10:00|stop_mode=fixed|stop_points=30|target_mode=rr|time_exit=12:00|touch_tolerance=5,or_retest,long,168,264.8799999999991,1.5766666666666613,-66.34,0.39285714285714285,1.0402389300406518,-999.2400000000002,0.018694748894823393,0.007139175159060021,100,-255.50000000000048,-2.555000000000005,0.37,68,520.3799999999997,7.652647058823525,0.4264705882352941,113.66,0.4290999697976457,1152,True,False,False,False,False,False
full_history,or_retest_slip_shape|long|buffer_points=0|confirm_pattern=break_prev|end=11:30|max_risk_points=120|max_stop=120|min_reward_points=8|or_class=normal|rr=1.25|start=10:10|stop_mode=fixed|stop_points=30|target_mode=rr|time_exit=12:00|touch_tolerance=5,or_retest,long,90,264.3999999999996,2.937777777777773,32.16,0.5111111111111111,1.0937269581986266,-469.9200000000001,0.04405842504675697,0.012314704173265995,54,160.63999999999982,2.9748148148148115,0.5,36,103.75999999999988,2.882222222222219,0.5277777777777778,68.66,0.25968229954614264,1152,True,True,False,False,False,False
full_history,or_retest_slip_shape|long|buffer_points=0|confirm_pattern=break_prev|end=11:30|max_risk_points=120|max_stop=120|min_reward_points=8|or_class=normal|rr=2|start=10:20|stop_mode=fixed|stop_points=60|target_mode=rr|time_exit=15:55|touch_tolerance=10,or_retest,long,90,261.89999999999895,2.9099999999999886,-126.34,0.3888888888888889,1.038914148167959,-1549.3599999999997,0.017850922152101188,0.004989484424144388,54,1299.1399999999999,24.058148148148145,0.4444444444444444,36,-1037.2400000000002,-28.81222222222223,0.3055555555555556,233.66,0.8921725849560936,1152,True,False,False,False,False,False
full_history,or_retest_slip_shape|long|buffer_points=0|confirm_pattern=break_prev|end=11:00|max_risk_points=120|max_stop=120|min_reward_points=8|or_class=normal|rr=1.25|start=10:20|stop_mode=fixed|stop_points=30|target_mode=rr|time_exit=12:00|touch_tolerance=10,or_retest,long,84,257.43999999999966,3.064761904761901,32.16,0.5119047619047619,1.0981868387529838,-472.24000000000024,0.046005310081837454,0.01242285355792656,50,290.9999999999998,5.819999999999996,0.52,34,-33.560000000000116,-0.9870588235294152,0.5,68.66,0.2667029210689873,1152,True,False,False,False,False,False
full_history,or_retest_slip_shape|long|buffer_points=0|confirm_pattern=break_prev|end=11:00|max_risk_points=120|max_stop=120|min_reward_points=8|or_class=normal_tight|rr=1.25|start=10:20|stop_mode=fixed|stop_points=30|target_mode=rr|time_exit=12:00|touch_tolerance=10,or_retest,long,143,256.8799999999994,1.7963636363636324,8.16,0.5034965034965035,1.056325428010103,-464.38000000000005,0.026995676580300575,0.009511214927526155,85,262.59999999999957,3.0894117647058774,0.5058823529411764,58,-5.720000000000141,-0.09862068965517484,0.5,68.66,0.26728433509810084,1152,True,False,False,False,False,False
full_history,or_retest_slip_shape|long|buffer_points=0|confirm_pattern=break_prev|end=11:30|max_risk_points=120|max_stop=120|min_reward_points=8|or_class=normal_tight|rr=1.25|start=10:20|stop_mode=fixed|stop_points=40|target_mode=rr|time_exit=12:00|touch_tolerance=10,or_retest,long,163,256.0799999999989,1.5710429447852694,8.16,0.5030674846625767,1.0408483595574438,-1115.0200000000002,0.018984627414000223,0.007141174424029913,97,-167.48000000000044,-1.7265979381443344,0.4742268041237113,66,423.5599999999995,6.41757575757575,0.5454545454545454,93.66,0.365745079662607,1152,True,False,False,False,False,False
full_history,or_retest_slip_shape|long|buffer_points=0|confirm_pattern=break_prev|end=10:45|max_risk_points=120|max_stop=120|min_reward_points=8|or_class=normal_tight|rr=1.5|start=10:10|stop_mode=fixed|stop_points=30|target_mode=rr|time_exit=12:00|touch_tolerance=10,or_retest,long,150,255.49999999999898,1.7033333333333265,-66.34,0.4533333333333333,1.0482952075276253,-795.7600000000003,0.02309179782080221,0.008332534804945358,90,-271.10000000000065,-3.0122222222222295,0.4111111111111111,60,526.5999999999996,8.77666666666666,0.5166666666666667,83.66,0.32743639921722245,1152,True,False,False,False,False,False
full_history,or_retest_slip_shape|long|buffer_points=0|confirm_pattern=break_prev|end=10:45|max_risk_points=120|max_stop=120|min_reward_points=8|or_class=normal_tight|rr=1.25|start=10:00|stop_mode=fixed|stop_points=30|target_mode=rr|time_exit=15:55|touch_tolerance=10,or_retest,long,183,253.77999999999898,1.3867759562841475,42.66,0.5027322404371585,1.0420378536145787,-459.74000000000007,0.020523643520275175,0.008180008745950164,109,-102.06000000000071,-0.9363302752293643,0.48623853211009177,74,355.83999999999935,4.8086486486486395,0.527027027027027,68.66,0.27054929466467126,1152,True,False,False,False,False,False
full_history,or_retest_slip_shape|long|buffer_points=0|confirm_pattern=break_prev|end=11:00|max_risk_points=120|max_stop=120|min_reward_points=8|or_class=normal_tight|rr=2.5|start=10:00|stop_mode=fixed|stop_points=30|target_mode=rr|time_exit=12:00|touch_tolerance=10,or_retest,long,196,250.35999999999888,1.2773469387755045,-66.34,0.3673469387755102,1.0312806890847432,-1099.580000000001,0.014000303304497768,0.005774830486412635,117,-751.7800000000008,-6.425470085470092,0.3333333333333333,79,1002.1399999999993,12.685316455696194,0.4177215189873418,143.66,0.573813708260108,1152,True,False,False,False,False,False
full_history,or_retest_slip_shape|long|buffer_points=0|confirm_pattern=break_prev|end=11:30|max_risk_points=120|max_stop=120|min_reward_points=8|or_class=normal|rr=1.5|start=10:20|stop_mode=fixed|stop_points=30|target_mode=rr|time_exit=12:00|touch_tolerance=5,or_retest,long,81,247.95999999999927,3.0612345679012254,-51.84,0.4567901234567901,1.0903492854696364,-523.5800000000003,0.041893188008514805,0.011108608997378916,48,140.1799999999996,2.9204166666666587,0.4375,33,107.77999999999989,3.2660606060606026,0.48484848484848486,83.66,0.33739312792385967,1152,True,True,False,False,False,False
full_history,or_retest_slip_shape|long|buffer_points=0|confirm_pattern=break_prev|end=10:45|max_risk_points=120|max_stop=120|min_reward_points=8|or_class=normal|rr=2.5|start=10:00|stop_mode=fixed|stop_points=30|target_mode=rr|time_exit=15:55|touch_tolerance=10,or_retest,long,107,247.61999999999958,2.3142056074766315,-66.34,0.3364485981308411,1.0525716857673013,-1040.4000000000005,0.023633710023913655,0.007202736910845888,64,-49.7600000000003,-0.7775000000000047,0.328125,43,297.37999999999977,6.9158139534883665,0.3488372093023256,143.66,0.5801631532186424,1152,True,False,False,False,False,False
full_history,or_retest_slip_filter|long|buffer_points=0|confirm_pattern=break_prev|end=11:00|max_close_ema_delta=50|max_risk_points=120|max_stop=120|min_reward_points=8|or_class=normal_tight|rr=2|start=10:10|stop_mode=fixed|stop_points=40|target_mode=rr|time_exit=15:55|touch_tolerance=5,or_retest,long,91,247.5599999999994,2.7204395604395537,-86.34,0.38461538461538464,1.052090040273201,-689.2200000000005,0.024028893001040514,0.0067534893627504335,54,-37.36000000000027,-0.6918518518518568,0.37037037037037035,37,284.9199999999999,7.700540540540538,0.40540540540540543,153.66,0.6206980126030068,1152,True,False,False,False,False,False
full_history,or_retest_slip_shape|long|buffer_points=0|confirm_pattern=break_prev|end=11:00|max_risk_points=120|max_stop=120|min_reward_points=8|or_class=normal_tight|rr=2.5|start=10:20|stop_mode=fixed|stop_points=30|target_mode=rr|time_exit=12:00|touch_tolerance=10,or_retest,long,143,241.37999999999928,1.687972027972023,-66.34,0.3706293706293706,1.0428617089281904,-712.96,0.01885038504707804,0.006641436198721427,85,171.09999999999937,2.012941176470581,0.36470588235294116,58,70.2799999999998,1.211724137931031,0.3793103448275862,143.66,0.5951611566824112,1152,True,True,False,False,False,False
full_history,or_retest_slip_shape|long|buffer_points=0|confirm_pattern=break_prev|end=10:45|max_risk_points=120|max_stop=120|min_reward_points=8|or_class=normal_tight|rr=1.25|start=10:00|stop_mode=fixed|stop_points=30|target_mode=rr|time_exit=12:00|touch_tolerance=10,or_retest,long,183,236.77999999999898,1.2938797814207594,-9.34,0.4972677595628415,1.0393892814841423,-459.74000000000007,0.019207926623255045,0.007655609863549639,109,-119.06000000000071,-1.0922935779816578,0.47706422018348627,74,355.83999999999935,4.8086486486486395,0.527027027027027,68.66,0.28997381535602795,1152,True,False,False,False,False,False
full_history,or_retest_slip_shape|long|buffer_points=0|confirm_pattern=break_prev|end=10:45|max_risk_points=120|max_stop=120|min_reward_points=8|or_class=normal_tight|rr=1.5|start=10:10|stop_mode=fixed|stop_points=30|target_mode=rr|time_exit=15:55|touch_tolerance=5,or_retest,long,136,236.75999999999928,1.7408823529411712,-66.34,0.45588235294117646,1.0482282101214864,-931.3800000000003,0.023294041383023878,0.008003649422476363,81,-314.5400000000003,-3.8832098765432135,0.41975308641975306,55,551.2999999999995,10.023636363636355,0.509090909090909,83.66,0.3533536070282153,1152,True,False,False,False,False,False
full_history,or_retest_slip_shape|long|buffer_points=0|confirm_pattern=break_prev|end=11:30|max_risk_points=120|max_stop=120|min_reward_points=8|or_class=normal_tight|rr=2|start=10:10|stop_mode=fixed|stop_points=60|target_mode=rr|time_exit=12:00|touch_tolerance=5,or_retest,long,169,236.53999999999886,1.3996449704141944,-3.34,0.48520710059171596,1.0285777109802003,-1593.1200000000003,0.01194014388946373,0.00457326821931575,101,543.6599999999993,5.382772277227716,0.48514851485148514,68,-307.12000000000035,-4.5164705882353,0.4852941176470588,233.66,0.9878244694343499,1152,True,False,False,False,False,False
full_history,or_retest_slip_shape|long|buffer_points=0|confirm_pattern=break_prev|end=11:00|max_risk_points=120|max_stop=120|min_reward_points=8|or_class=normal|rr=1.5|start=10:20|stop_mode=fixed|stop_points=30|target_mode=rr|time_exit=15:55|touch_tolerance=10,or_retest,long,84,236.43999999999963,2.8147619047619004,-66.34,0.4642857142857143,1.079201420292767,-496.0800000000001,0.03759924017907666,0.010152955252406424,50,241.9999999999998,4.839999999999996,0.48,34,-5.560000000000116,-0.16352941176470928,0.4411764705882353,83.66,0.3538318389443416,1152,True,False,False,False,False,False
full_history,or_retest_slip_shape|long|buffer_points=0|confirm_pattern=break_prev|end=10:45|max_risk_points=120|max_stop=120|min_reward_points=8|or_class=normal|rr=2.5|start=10:10|stop_mode=fixed|stop_points=40|target_mode=rr|time_exit=12:00|touch_tolerance=5,or_retest,long,74,232.8399999999996,3.146486486486481,-86.34,0.3783783783783784,1.064576607758955,-776.3000000000002,0.027539453837152745,0.006979831579396261,44,-3.9600000000001785,-0.09000000000000406,0.3409090909090909,30,236.8000000000001,7.893333333333336,0.43333333333333335,193.66,0.8317299433087112,1152,False,False,False,False,False,False
full_history,or_retest_slip_shape|long|buffer_points=0|confirm_pattern=break_prev|end=10:45|max_risk_points=120|max_stop=120|min_reward_points=8|or_class=normal|rr=1.25|start=10:20|stop_mode=fixed|stop_points=60|target_mode=rr|time_exit=15:55|touch_tolerance=10,or_retest,long,73,230.17999999999952,3.1531506849315005,-126.34,0.4931506849315068,1.0492407874076384,-1578.1199999999997,0.023629971242679917,0.005948375601667065,43,1164.3799999999997,27.07860465116278,0.5813953488372093,30,-934.2,-31.14,0.36666666666666664,143.66,0.6241202537144855,1152,False,False,False,False,False,False
full_history,or_retest_slip_shape|long|buffer_points=0|confirm_pattern=break_prev|end=10:45|max_risk_points=120|max_stop=120|min_reward_points=8|or_class=normal|rr=2.5|start=10:00|stop_mode=fixed|stop_points=60|target_mode=rr|time_exit=12:00|touch_tolerance=5,or_retest,long,96,228.85999999999945,2.3839583333333274,-20.59,0.4583333333333333,1.0409799666229753,-1222.720000000001,0.017619894884002795,0.005086425527185962,57,506.1199999999999,8.879298245614033,0.47368421052631576,39,-277.26000000000005,-7.109230769230771,0.4358974358974359,293.66,1.2831425325526555,1152,True,False,False,False,False,False
full_history,or_retest_slip_shape|long|buffer_points=0|confirm_pattern=break_prev|end=10:45|max_risk_points=120|max_stop=120|min_reward_points=8|or_class=normal|rr=1.5|start=10:10|stop_mode=fixed|stop_points=60|target_mode=rr|time_exit=15:55|touch_tolerance=5,or_retest,long,74,228.33999999999938,3.085675675675667,-126.34,0.44594594594594594,1.0445025667811354,-1455.6400000000008,0.02114320555546519,0.005358712438465701,44,862.5399999999996,19.60318181818181,0.5,30,-634.2,-21.14,0.36666666666666664,173.66,0.760532539195938,1152,False,False,False,False,False,False
full_history,or_retest_slip_shape|long|buffer_points=0|confirm_pattern=break_prev|end=11:30|max_risk_points=120|max_stop=120|min_reward_points=8|or_class=normal|rr=2|start=10:20|stop_mode=fixed|stop_points=60|target_mode=rr|time_exit=12:00|touch_tolerance=5,or_retest,long,81,223.9599999999995,2.764938271604932,-16.84,0.4691358024691358,1.0512890977460823,-1256.78,0.021737887848701395,0.005764127964933528,48,530.6800000000001,11.055833333333334,0.4791666666666667,33,-306.7200000000001,-9.294545454545457,0.45454545454545453,233.66,1.0433113055902863,1152,True,False,False,False,False,False
full_history,or_retest_slip_shape|long|buffer_points=0|confirm_pattern=break_prev|end=10:45|max_risk_points=120|max_stop=120|min_reward_points=8|or_class=normal_tight|rr=2|start=10:20|stop_mode=fixed|stop_points=60|target_mode=rr|time_exit=12:00|touch_tolerance=5,or_retest,long,112,223.41999999999905,1.99482142857142,-2.09,0.49107142857142855,1.0398723627524813,-1185.1600000000003,0.01660283255682416,0.005176842589801001,67,798.2199999999995,11.913731343283574,0.5074626865671642,45,-574.8000000000004,-12.773333333333342,0.4666666666666667,233.66,1.0458329603437517,1152,True,False,False,False,False,False
full_history,or_retest_slip_shape|long|buffer_points=0|confirm_pattern=break_prev|end=11:00|max_risk_points=120|max_stop=120|min_reward_points=8|or_class=normal_tight|rr=1.5|start=10:20|stop_mode=fixed|stop_points=30|target_mode=rr|time_exit=15:55|touch_tolerance=10,or_retest,long,143,222.37999999999937,1.5551048951048907,-66.34,0.45454545454545453,1.0429759668529635,-628.7600000000001,0.020813871827623596,0.007333219000370225,85,20.099999999999596,0.23647058823528938,0.4470588235294118,58,202.27999999999977,3.4875862068965477,0.46551724137931033,83.66,0.3762028959438809,1152,True,True,False,False,False,False
full_history,or_retest_slip_shape|long|buffer_points=0|confirm_pattern=break_prev|end=10:45|max_risk_points=120|max_stop=120|min_reward_points=8|or_class=normal|rr=1.25|start=10:10|stop_mode=fixed|stop_points=60|target_mode=rr|time_exit=15:55|touch_tolerance=10,or_retest,long,82,221.6199999999998,2.702682926829266,-101.84,0.4878048780487805,1.042154878568385,-1318.3200000000008,0.020309374602064403,0.005418477031732572,49,724.8399999999998,14.792653061224486,0.5306122448979592,33,-503.22000000000014,-15.249090909090913,0.42424242424242425,143.66,0.6482266943416665,1152,True,False,False,False,False,False
full_history,or_retest_slip_shape|long|buffer_points=0|confirm_pattern=break_prev|end=10:45|max_risk_points=120|max_stop=120|min_reward_points=8|or_class=normal|rr=2|start=10:20|stop_mode=fixed|stop_points=40|target_mode=rr|time_exit=12:00|touch_tolerance=5,or_retest,long,62,221.41999999999965,3.5712903225806394,-86.34,0.4032258064516129,1.0747262983112165,-777.0600000000002,0.03299437859662638,0.007654371888500749,37,223.91999999999987,6.051891891891889,0.3783783783783784,25,-2.5000000000000853,-0.1000000000000034,0.44,153.66,0.6939752506548652,1152,False,False,False,False,False,False
full_history,or_retest_slip_shape|long|buffer_points=0|confirm_pattern=break_prev|end=10:45|max_risk_points=120|max_stop=120|min_reward_points=8|or_class=normal|rr=1.5|start=10:20|stop_mode=fixed|stop_points=60|target_mode=rr|time_exit=12:00|touch_tolerance=5,or_retest,long,62,215.91999999999965,3.4825806451612844,-15.09,0.4838709677419355,1.0622179703663572,-1137.0600000000002,0.027077540106703806,0.006281723451633588,37,495.91999999999985,13.403243243243239,0.5135135135135135,25,-280.0000000000001,-11.200000000000005,0.44,173.66,0.8042793627269372,1152,False,False,False,False,False,False
full_history,or_retest_slip_shape|long|buffer_points=0|confirm_pattern=break_prev|end=11:30|max_risk_points=120|max_stop=120|min_reward_points=8|or_class=normal|rr=1.25|start=10:10|stop_mode=fixed|stop_points=30|target_mode=rr|time_exit=15:55|touch_tolerance=5,or_retest,long,90,213.39999999999944,2.3711111111111047,55.66,0.5111111111111111,1.0731082303286095,-457.4200000000001,0.0350588955576385,0.009799259210368136,54,171.63999999999982,3.178518518518515,0.5185185185185185,36,41.75999999999988,1.1599999999999966,0.5,68.66,0.3217432052483607,1152,True,False,False,False,False,False
full_history,or_retest_slip_shape|long|buffer_points=0|confirm_pattern=break_prev|end=10:45|max_risk_points=120|max_stop=120|min_reward_points=8|or_class=normal|rr=2|start=10:20|stop_mode=fixed|stop_points=40|target_mode=rr|time_exit=12:00|touch_tolerance=10,or_retest,long,73,212.6799999999994,2.9134246575342386,-86.34,0.410958904109589,1.0618414012887012,-863.4000000000002,0.02734592124591971,0.006883792158432175,43,406.87999999999965,9.46232558139534,0.4186046511627907,30,-194.2,-6.473333333333333,0.4,153.66,0.7224938875305643,1152,False,False,False,False,False,False
full_history,or_retest_slip_shape|long|buffer_points=0|confirm_pattern=break_prev|end=10:45|max_risk_points=120|max_stop=120|min_reward_points=8|or_class=normal_tight|rr=1.5|start=10:10|stop_mode=fixed|stop_points=30|target_mode=rr|time_exit=15:55|touch_tolerance=10,or_retest,long,150,207.99999999999875,1.3866666666666583,-66.34,0.4533333333333333,1.0382361375618574,-795.7600000000003,0.018564119626329565,0.006698749664706119,90,-311.60000000000053,-3.4622222222222283,0.4222222222222222,60,519.5999999999996,8.659999999999993,0.5,83.66,0.40221153846154084,1152,True,False,False,False,False,False
full_history,or_retest_slip_filter|long|buffer_points=0|confirm_pattern=break_prev|end=11:00|max_close_ema_delta=50|max_risk_points=120|max_stop=120|min_reward_points=8|or_class=normal_tight|rr=1.5|start=10:10|stop_mode=fixed|stop_points=40|target_mode=rr|time_exit=15:55|touch_tolerance=5,or_retest,long,91,207.5599999999996,2.2808791208791166,-86.34,0.45054945054945056,1.0480796849664116,-853.6000000000004,0.023062357040125454,0.0064818376337060285,54,-133.3600000000002,-2.4696296296296336,0.42592592592592593,37,340.9199999999999,9.214054054054051,0.4864864864864865,113.66,0.547600693775295,1152,True,False,False,False,False,False
full_history,or_retest_slip_shape|long|buffer_points=0|confirm_pattern=break_prev|end=11:00|max_risk_points=120|max_stop=120|min_reward_points=8|or_class=normal|rr=1.25|start=10:20|stop_mode=fixed|stop_points=30|target_mode=rr|time_exit=15:55|touch_tolerance=10,or_retest,long,84,206.43999999999966,2.4576190476190436,55.66,0.5119047619047619,1.0758987330602876,-521.4400000000004,0.03633331056990489,0.009811115188261462,50,301.9999999999998,6.039999999999996,0.54,34,-95.56000000000012,-2.810588235294121,0.47058823529411764,68.66,0.33259058322030666,1152,True,False,False,False,False,False
full_history,or_retest_slip_shape|long|buffer_points=0|confirm_pattern=break_prev|end=11:30|max_risk_points=120|max_stop=120|min_reward_points=8|or_class=normal|rr=1.25|start=10:10|stop_mode=fixed|stop_points=30|target_mode=rr|time_exit=12:00|touch_tolerance=10,or_retest,long,97,205.01999999999956,2.113608247422676,8.16,0.5051546391752577,1.0664286269732233,-469.9200000000001,0.03166233938582592,0.009187611598536724,58,165.2799999999998,2.8496551724137897,0.5,39,39.73999999999987,1.0189743589743556,0.5128205128205128,68.66,0.3348941566676429,1152,True,False,False,False,False,False
full_history,or_retest_slip_shape|long|buffer_points=0|confirm_pattern=break_prev|end=10:45|max_risk_points=120|max_stop=120|min_reward_points=8|or_class=normal|rr=2.5|start=10:20|stop_mode=fixed|stop_points=30|target_mode=rr|time_exit=15:55|touch_tolerance=5,or_retest,long,62,195.91999999999965,3.1599999999999944,-66.34,0.3387096774193548,1.072031000683838,-597.0600000000002,0.03201183653041083,0.0074264317759484035,37,174.41999999999987,4.714054054054051,0.35135135135135137,25,21.499999999999915,0.8599999999999965,0.32,143.66,0.7332584728460609,1152,False,False,False,False,False,False
full_history,or_retest_slip_shape|long|buffer_points=0|confirm_pattern=break_prev|end=11:00|max_risk_points=120|max_stop=120|min_reward_points=8|or_class=normal_tight|rr=1.25|start=10:20|stop_mode=fixed|stop_points=30|target_mode=rr|time_exit=15:55|touch_tolerance=5,or_retest,long,131,193.45999999999938,1.4767938931297664,42.66,0.5038167938931297,1.0448644511954726,-475.0400000000003,0.02184693136096459,0.007367155768058295,78,199.4799999999997,2.5574358974358935,0.5128205128205128,53,-6.020000000000238,-0.11358490566038185,0.49056603773584906,68.66,0.35490540680244087,1152,True,False,False,False,False,False
full_history,or_retest_slip_shape|long|buffer_points=0|confirm_pattern=break_prev|end=10:45|max_risk_points=120|max_stop=120|min_reward_points=8|or_class=normal|rr=1.5|start=10:10|stop_mode=fixed|stop_points=60|target_mode=rr|time_exit=12:00|touch_tolerance=5,or_retest,long,74,187.83999999999972,2.5383783783783747,-10.59,0.4594594594594595,1.0452779250831603,-1026.1200000000003,0.019827679546290104,0.0050252944252889105,44,497.03999999999985,11.296363636363633,0.4772727272727273,30,-309.1999999999999,-10.306666666666663,0.43333333333333335,173.66,0.924510221465078,1152,False,False,False,False,False,False
full_history,or_retest_slip_shape|long|buffer_points=0|confirm_pattern=break_prev|end=11:30|max_risk_points=120|max_stop=120|min_reward_points=8|or_class=normal_tight|rr=1.5|start=10:10|stop_mode=fixed|stop_points=30|target_mode=rr|time_exit=15:55|touch_tolerance=10,or_retest,long,182,185.11999999999875,1.0171428571428502,-66.34,0.45054945054945056,1.0279047331926432,-1107.200000000001,0.013625455847356999,0.005415773529153995,109,-822.0600000000011,-7.541834862385331,0.3944954128440367,73,1007.1799999999995,13.796986301369856,0.5342465753424658,83.66,0.4519230769230799,1152,True,False,False,False,False,False
full_history,or_retest_slip_shape|long|buffer_points=0|confirm_pattern=break_prev|end=10:45|max_risk_points=120|max_stop=120|min_reward_points=8|or_class=normal_tight|rr=1.5|start=10:00|stop_mode=fixed|stop_points=30|target_mode=rr|time_exit=12:00|touch_tolerance=10,or_retest,long,183,184.2799999999986,1.006994535519118,-66.34,0.44808743169398907,1.027885974389937,-637.2600000000003,0.013559615851261038,0.005404390119398869,109,-239.06000000000057,-2.193211009174317,0.42201834862385323,74,423.3399999999991,5.720810810810799,0.4864864864864865,83.66,0.4539830692424605,1152,True,False,False,False,False,False
full_history,or_retest_slip_shape|long|buffer_points=0|confirm_pattern=break_prev|end=11:30|max_risk_points=120|max_stop=120|min_reward_points=8|or_class=normal_tight|rr=1.5|start=10:00|stop_mode=fixed|stop_points=30|target_mode=rr|time_exit=12:00|touch_tolerance=5,or_retest,long,195,179.6999999999989,0.921538461538456,-66.34,0.4512820512820513,1.0261082570086932,-805.2400000000005,0.012590485443065107,0.005180045105172387,117,-463.78000000000065,-3.9639316239316296,0.4188034188034188,78,643.4799999999993,8.24974358974358,0.5,83.66,0.46555370061213414,1152,True,False,False,False,False,False
full_history,or_retest_slip_shape|long|buffer_points=0|confirm_pattern=break_prev|end=11:00|max_risk_points=120|max_stop=120|min_reward_points=8|or_class=normal|rr=1.25|start=10:20|stop_mode=fixed|stop_points=30|target_mode=rr|time_exit=12:00|touch_tolerance=5,or_retest,long,73,177.17999999999975,2.4271232876712294,8.16,0.5068493150684932,1.0773630711191833,-405.9000000000002,0.036497375786203004,0.009187488948755172,43,215.37999999999985,5.008837209302322,0.5116279069767442,30,-38.2000000000001,-1.2733333333333368,0.5,68.66,0.3875155209391584,1152,False,False,False,False,False,False
full_history,or_retest_slip_shape|long|buffer_points=0|confirm_pattern=break_prev|end=11:30|max_risk_points=120|max_stop=120|min_reward_points=8|or_class=normal|rr=1.25|start=10:20|stop_mode=fixed|stop_points=40|target_mode=rr|time_exit=12:00|touch_tolerance=5,or_retest,long,81,175.95999999999927,2.1723456790123366,-3.34,0.49382716049382713,1.0551349860877846,-675.5800000000003,0.025656967750897226,0.006803330955503998,48,28.67999999999961,0.5974999999999918,0.4583333333333333,33,147.2799999999999,4.463030303030299,0.5454545454545454,93.66,0.5322800636508319,1152,True,True,False,False,False,False
full_history,or_retest_slip_shape|long|buffer_points=0|confirm_pattern=break_prev|end=10:45|max_risk_points=120|max_stop=120|min_reward_points=8|or_class=normal|rr=2.5|start=10:00|stop_mode=fixed|stop_points=30|target_mode=rr|time_exit=12:00|touch_tolerance=5,or_retest,long,96,173.35999999999962,1.8058333333333294,-66.34,0.34375,1.0437179416051763,-836.6800000000003,0.01930767956772634,0.00557364699792692,57,96.61999999999986,1.6950877192982432,0.3508771929824561,39,76.73999999999987,1.9676923076923043,0.3333333333333333,143.66,0.8286802030456871,1152,True,True,False,False,False,False
full_history,or_retest_slip_shape|long|buffer_points=0|confirm_pattern=break_prev|end=10:45|max_risk_points=120|max_stop=120|min_reward_points=8|or_class=normal|rr=2.5|start=10:00|stop_mode=fixed|stop_points=30|target_mode=rr|time_exit=12:00|touch_tolerance=10,or_retest,long,107,169.11999999999955,1.5805607476635473,-66.34,0.34579439252336447,1.038177795837283,-947.4000000000003,0.01692291090857963,0.005157517584706249,64,-62.260000000000275,-0.9728125000000043,0.34375,43,231.3799999999998,5.380930232558135,0.3488372093023256,143.66,0.8494560075685926,1152,True,False,False,False,False,False
full_history,or_retest_slip_shape|long|buffer_points=0|confirm_pattern=break_prev|end=11:30|max_risk_points=120|max_stop=120|min_reward_points=8|or_class=normal_tight|rr=1.25|start=10:20|stop_mode=fixed|stop_points=40|target_mode=rr|time_exit=15:55|touch_tolerance=5,or_retest,long,151,167.65999999999872,1.1103311258278061,-86.34,0.4900662251655629,1.025218932098709,-1350.6600000000003,0.012372114708313243,0.00447925896956298,90,-261.6000000000004,-2.906666666666671,0.4666666666666667,61,429.2599999999994,7.037049180327859,0.5245901639344263,93.66,0.5586305618513702,1152,True,False,False,False,False,False
full_history,or_retest_slip_shape|long|buffer_points=0|confirm_pattern=break_prev|end=10:45|max_risk_points=120|max_stop=120|min_reward_points=8|or_class=normal_tight|rr=2|start=10:20|stop_mode=fixed|stop_points=40|target_mode=rr|time_exit=12:00|touch_tolerance=5,or_retest,long,112,162.41999999999916,1.450178571428564,-73.09,0.42857142857142855,1.0321925926513202,-969.6000000000001,0.014358956199174754,0.004477191210750475,67,158.71999999999966,2.368955223880592,0.417910447761194,45,3.6999999999997897,0.08222222222221755,0.4444444444444444,153.66,0.9460657554488412,1152,True,False,False,False,False,False
full_history,or_retest_slip_shape|long|buffer_points=0|confirm_pattern=break_prev|end=11:30|max_risk_points=120|max_stop=120|min_reward_points=8|or_class=normal|rr=1.25|start=10:10|stop_mode=fixed|stop_points=30|target_mode=rr|time_exit=15:55|touch_tolerance=10,or_retest,long,97,154.01999999999944,1.587835051546386,42.66,0.5051546391752577,1.0483682544467887,-519.1200000000001,0.02347778168779799,0.006812659567387781,58,176.2799999999998,3.039310344827583,0.5172413793103449,39,-22.260000000000133,-0.5707692307692341,0.48717948717948717,68.66,0.4457862615244789,1152,True,False,False,False,False,False
full_history,or_retest_slip_shape|long|buffer_points=0|confirm_pattern=break_prev|end=10:45|max_risk_points=120|max_stop=120|min_reward_points=8|or_class=normal_tight|rr=1.25|start=10:20|stop_mode=fixed|stop_points=40|target_mode=rr|time_exit=12:00|touch_tolerance=10,or_retest,long,126,152.15999999999946,1.2076190476190434,2.41,0.5,1.03019095541199,-561.4800000000002,0.014278070397552278,0.004722027934224558,75,158.9999999999998,2.1199999999999974,0.49333333333333335,51,-6.840000000000174,-0.13411764705882695,0.5098039215686274,93.66,0.6155362776025258,1152,True,False,False,False,False,False
full_history,or_retest_slip_shape|long|buffer_points=0|confirm_pattern=break_prev|end=10:45|max_risk_points=120|max_stop=120|min_reward_points=8|or_class=normal_tight|rr=2.5|start=10:10|stop_mode=fixed|stop_points=30|target_mode=rr|time_exit=12:00|touch_tolerance=10,or_retest,long,150,149.49999999999875,0.9966666666666584,-66.34,0.36666666666666664,1.0250616062897082,-1406.7600000000014,0.011133993232866847,0.0040176337438444665,90,-487.1000000000006,-5.412222222222229,0.32222222222222224,60,636.5999999999996,10.609999999999992,0.43333333333333335,143.66,0.9609364548495063,1152,True,False,False,False,False,False
full_history,or_retest_slip_shape|long|buffer_points=0|confirm_pattern=break_prev|end=11:30|max_risk_points=120|max_stop=120|min_reward_points=8|or_class=normal_tight|rr=1.25|start=10:00|stop_mode=fixed|stop_points=30|target_mode=rr|time_exit=15:55|touch_tolerance=10,or_retest,long,209,148.93999999999903,0.7126315789473638,-66.34,0.49760765550239233,1.021381914236903,-776.5800000000015,0.010548157244823591,0.004492866340607604,125,-488.5000000000007,-3.9080000000000052,0.464,84,637.4399999999994,7.588571428571421,0.5476190476190477,68.66,0.460991003088495,1152,True,False,False,False,False,False
full_history,or_retest_slip_shape|long|buffer_points=0|confirm_pattern=break_prev|end=11:30|max_risk_points=120|max_stop=120|min_reward_points=8|or_class=normal_tight|rr=2.5|start=10:00|stop_mode=fixed|stop_points=30|target_mode=rr|time_exit=12:00|touch_tolerance=10,or_retest,long,209,148.43999999999846,0.7102392344497535,-66.34,0.36363636363636365,1.0175104574376972,-1298.7000000000016,0.007855220636938262,0.003345840944404349,125,-847.0000000000014,-6.776000000000011,0.336,84,995.4399999999995,11.850476190476185,0.40476190476190477,143.66,0.9677984370789645,1152,True,False,False,False,False,False
full_history,or_retest_slip_shape|long|buffer_points=0|confirm_pattern=break_prev|end=11:30|max_risk_points=120|max_stop=120|min_reward_points=8|or_class=normal_tight|rr=1.5|start=10:10|stop_mode=fixed|stop_points=30|target_mode=rr|time_exit=15:55|touch_tolerance=5,or_retest,long,169,147.5399999999987,0.8730177514792823,-66.34,0.44970414201183434,1.023913952561097,-1222.5600000000018,0.011696638258399832,0.004480001624366955,101,-741.3400000000009,-7.34000000000001,0.39603960396039606,68,888.8799999999994,13.071764705882345,0.5294117647058824,83.66,0.5670326691066878,1152,True,False,False,False,False,False
full_history,or_retest_slip_shape|long|buffer_points=0|confirm_pattern=break_prev|end=11:30|max_risk_points=120|max_stop=120|min_reward_points=8|or_class=normal_tight|rr=2.5|start=10:20|stop_mode=fixed|stop_points=60|target_mode=rr|time_exit=12:00|touch_tolerance=5,or_retest,long,151,139.15999999999926,0.921589403973505,-0.8400000000000001,0.4966887417218543,1.0199302812524165,-1315.2800000000007,0.008244023690007155,0.0029847053579241125,90,568.3999999999996,6.315555555555552,0.5111111111111111,61,-429.24000000000046,-7.036721311475417,0.47540983606557374,293.66,2.1102328255245877,1152,True,False,False,False,False,False
full_history,or_retest_slip_shape|long|buffer_points=0|confirm_pattern=break_prev|end=10:45|max_risk_points=120|max_stop=120|min_reward_points=8|or_class=normal|rr=1.25|start=10:10|stop_mode=fixed|stop_points=60|target_mode=rr|time_exit=12:00|touch_tolerance=5,or_retest,long,74,137.33999999999972,1.8559459459459422,-2.59,0.4864864864864865,1.0347703244622672,-993.4000000000001,0.015560948601036045,0.00394389812859494,44,500.53999999999985,11.375909090909088,0.5,30,-363.1999999999999,-12.106666666666662,0.4666666666666667,143.66,1.0460171836318646,1152,False,False,False,False,False,False
full_history,or_retest_slip_shape|long|buffer_points=0|confirm_pattern=break_prev|end=11:30|max_risk_points=120|max_stop=120|min_reward_points=8|or_class=normal|rr=1.5|start=10:20|stop_mode=fixed|stop_points=30|target_mode=rr|time_exit=15:55|touch_tolerance=5,or_retest,long,81,135.45999999999927,1.6723456790123366,-66.34,0.4567901234567901,1.0464069394578885,-496.0800000000001,0.022367614484289037,0.005931109455302707,48,74.67999999999961,1.5558333333333252,0.4583333333333333,33,60.77999999999989,1.8418181818181785,0.45454545454545453,83.66,0.6175992913037092,1152,True,True,False,False,False,False
full_history,or_retest_slip_shape|long|buffer_points=0|confirm_pattern=break_prev|end=10:45|max_risk_points=120|max_stop=120|min_reward_points=8|or_class=normal_tight|rr=2|start=10:10|stop_mode=fixed|stop_points=60|target_mode=rr|time_exit=12:00|touch_tolerance=10,or_retest,long,150,134.49999999999883,0.896666666666659,-3.59,0.48,1.017211549781688,-1537.0400000000004,0.007302501238594558,0.0026350631599125897,90,170.8999999999992,1.8988888888888802,0.4666666666666667,60,-36.40000000000035,-0.6066666666666725,0.5,233.66,1.7372490706319852,1152,True,False,False,False,False,False
full_history,or_retest_slip_shape|long|buffer_points=0|confirm_pattern=break_prev|end=11:00|max_risk_points=120|max_stop=120|min_reward_points=8|or_class=normal_tight|rr=1.25|start=10:10|stop_mode=fixed|stop_points=30|target_mode=rr|time_exit=12:00|touch_tolerance=5,or_retest,long,153,133.4799999999991,0.8724183006535889,-3.34,0.49673202614379086,1.0269184541047205,-1001.1200000000008,0.013097744779302334,0.004773269983692068,91,-405.4400000000005,-4.455384615384621,0.45054945054945056,62,538.9199999999996,8.692258064516123,0.5645161290322581,68.66,0.5143841774048581,1152,True,False,False,False,False,False
full_history,or_retest_slip_shape|long|buffer_points=0|confirm_pattern=break_prev|end=10:45|max_risk_points=120|max_stop=120|min_reward_points=8|or_class=normal|rr=1.25|start=10:10|stop_mode=fixed|stop_points=30|target_mode=rr|time_exit=12:00|touch_tolerance=10,or_retest,long,82,132.61999999999958,1.6173170731707265,2.41,0.5,1.0505808676018518,-459.7400000000001,0.02422438402077935,0.00646298918584722,49,222.33999999999983,4.53755102040816,0.5102040816326531,33,-89.72000000000011,-2.7187878787878823,0.48484848484848486,68.66,0.5177198009350039,1152,True,False,False,False,False,False
full_history,or_retest_slip_filter|long|buffer_points=0|confirm_pattern=break_prev|end=11:00|max_risk_points=120|max_signal_ema_slope=10|max_stop=120|min_reward_points=8|or_class=normal|rr=1.5|start=10:10|stop_mode=fixed|stop_points=40|target_mode=rr|time_exit=15:55|touch_tolerance=5,or_retest,long,44,130.03999999999974,2.9554545454545393,-86.34,0.45454545454545453,1.0627557717550769,-644.8400000000001,0.029699976960650142,0.005804385000109425,26,284.15999999999997,10.929230769230768,0.5,18,-154.1200000000001,-8.562222222222227,0.3888888888888889,113.66,0.8740387573054462,1152,False,False,False,False,False,False
full_history,or_retest_slip_shape|long|buffer_points=0|confirm_pattern=break_prev|end=11:30|max_risk_points=120|max_stop=120|min_reward_points=8|or_class=normal|rr=1.25|start=10:20|stop_mode=fixed|stop_points=30|target_mode=rr|time_exit=12:00|touch_tolerance=10,or_retest,long,90,129.3999999999995,1.437777777777772,2.41,0.5,1.0448169570186672,-538.5800000000002,0.02155507636071856,0.006024827000345685,54,160.63999999999976,2.97481481481481,0.5,36,-31.240000000000123,-0.8677777777777812,0.5,68.66,0.5306027820710995,1152,True,False,False,False,False,False
full_history,or_retest_slip_shape|long|buffer_points=0|confirm_pattern=break_prev|end=11:00|max_risk_points=120|max_stop=120|min_reward_points=8|or_class=normal|rr=1.25|start=10:20|stop_mode=fixed|stop_points=30|target_mode=rr|time_exit=15:55|touch_tolerance=5,or_retest,long,73,126.17999999999975,1.7284931506849281,42.66,0.5068493150684932,1.052833886041603,-393.40000000000015,0.025541264413912867,0.006429505669521753,43,226.37999999999985,5.2646511627906944,0.5348837209302325,30,-100.2000000000001,-3.3400000000000034,0.4666666666666667,68.66,0.5441432873672541,1152,False,False,False,False,False,False
full_history,or_retest_slip_shape|long|buffer_points=0|confirm_pattern=break_prev|end=10:45|max_risk_points=120|max_stop=120|min_reward_points=8|or_class=normal|rr=2.5|start=10:10|stop_mode=fixed|stop_points=40|target_mode=rr|time_exit=12:00|touch_tolerance=10,or_retest,long,82,123.61999999999966,1.5075609756097519,-86.34,0.3902439024390244,1.0312882814477344,-967.1600000000003,0.01352789437867679,0.0036091995157307064,49,-109.16000000000022,-2.227755102040821,0.3673469387755102,33,232.7799999999999,7.05393939393939,0.42424242424242425,193.66,1.5665749878660453,1152,True,False,False,False,False,False
full_history,or_retest_slip_shape|long|buffer_points=0|confirm_pattern=break_prev|end=10:45|max_risk_points=120|max_stop=120|min_reward_points=8|or_class=normal|rr=1.25|start=10:10|stop_mode=fixed|stop_points=30|target_mode=rr|time_exit=12:00|touch_tolerance=5,or_retest,long,74,123.33999999999958,1.666756756756751,2.41,0.5,1.0523385584194036,-393.4000000000001,0.02499535053567161,0.006335032569585534,44,149.03999999999985,3.3872727272727237,0.5,30,-25.700000000000102,-0.8566666666666701,0.5,68.66,0.5566726122912293,1152,False,False,False,False,False,False
full_history,or_retest_slip_shape|long|buffer_points=0|confirm_pattern=break_prev|end=11:30|max_risk_points=120|max_stop=120|min_reward_points=8|or_class=normal_tight|rr=1.25|start=10:00|stop_mode=fixed|stop_points=30|target_mode=rr|time_exit=12:00|touch_tolerance=5,or_retest,long,195,121.699999999999,0.6241025641025589,-5.84,0.49230769230769234,1.0191588373088831,-769.2000000000007,0.009366928266195463,0.0038537919078038664,117,-424.28000000000054,-3.626324786324791,0.46153846153846156,78,545.9799999999996,6.999743589743584,0.5384615384615384,68.66,0.5641741988496348,1152,True,False,False,False,False,False
full_history,or_retest_slip_shape|long|buffer_points=0|confirm_pattern=break_prev|end=10:45|max_risk_points=120|max_stop=120|min_reward_points=8|or_class=normal|rr=1.5|start=10:10|stop_mode=fixed|stop_points=60|target_mode=rr|time_exit=15:55|touch_tolerance=10,or_retest,long,82,117.61999999999938,1.4343902439024314,-126.34,0.43902439024390244,1.0204107839462466,-1661.0000000000005,0.00982730012673059,0.0026218926512498147,49,830.8399999999996,16.95591836734693,0.4897959183673469,33,-713.2200000000001,-21.612727272727277,0.36363636363636365,173.66,1.4764495834041906,1152,True,False,False,False,False,False
full_history,or_retest_slip_shape|long|buffer_points=0|confirm_pattern=break_prev|end=10:45|max_risk_points=120|max_stop=120|min_reward_points=8|or_class=normal_tight|rr=2|start=10:20|stop_mode=fixed|stop_points=60|target_mode=rr|time_exit=12:00|touch_tolerance=10,or_retest,long,126,115.15999999999929,0.9139682539682483,-5.84,0.48412698412698413,1.018162319023436,-1365.9000000000005,0.007636359362333403,0.0025254884743317455,75,730.9999999999995,9.74666666666666,0.5066666666666667,51,-615.8400000000006,-12.07529411764707,0.45098039215686275,233.66,2.029003126085459,1152,True,False,False,False,False,False
full_history,or_retest_slip_filter|long|buffer_points=0|confirm_pattern=break_prev|end=11:00|max_risk_points=120|max_signal_ema_slope=10|max_stop=120|min_reward_points=8|or_class=normal|rr=1.25|start=10:10|stop_mode=fixed|stop_points=40|target_mode=rr|time_exit=15:55|touch_tolerance=5,or_retest,long,44,110.03999999999974,2.5009090909090848,-21.840000000000003,0.5,1.0579316444500604,-624.8400000000001,0.02772974601397187,0.005419334904993108,26,224.15999999999997,8.62153846153846,0.5384615384615384,18,-114.12000000000006,-6.340000000000003,0.4444444444444444,93.66,0.851145038167941,1152,False,False,False,False,False,False
full_history,or_retest_slip_shape|long|buffer_points=0|confirm_pattern=break_prev|end=10:45|max_risk_points=120|max_stop=120|min_reward_points=8|or_class=normal|rr=1.5|start=10:20|stop_mode=fixed|stop_points=30|target_mode=rr|time_exit=12:00|touch_tolerance=5,or_retest,long,62,109.4199999999997,1.7648387096774145,-66.34,0.45161290322580644,1.050714696230927,-447.0600000000002,0.023970191888984485,0.005560849173736879,37,193.41999999999987,5.227567567567564,0.4594594594594595,25,-84.00000000000009,-3.3600000000000034,0.44,83.66,0.7645768598062532,1152,False,False,False,False,False,False
full_history,or_retest_slip_shape|long|buffer_points=0|confirm_pattern=break_prev|end=10:45|max_risk_points=120|max_stop=120|min_reward_points=8|or_class=normal|rr=1.5|start=10:10|stop_mode=fixed|stop_points=60|target_mode=rr|time_exit=12:00|touch_tolerance=10,or_retest,long,82,105.61999999999966,1.2880487804878007,-10.59,0.4634146341463415,1.023099163251291,-1197.3000000000002,0.010187498016001606,0.002717992311044123,49,412.3399999999998,8.415102040816322,0.4897959183673469,33,-306.72000000000014,-9.294545454545458,0.42424242424242425,173.66,1.6441961749668677,1152,True,False,False,False,False,False
full_history,or_retest_slip_shape|long|buffer_points=0|confirm_pattern=break_prev|end=11:30|max_risk_points=120|max_stop=120|min_reward_points=8|or_class=normal|rr=1.5|start=10:20|stop_mode=fixed|stop_points=30|target_mode=rr|time_exit=12:00|touch_tolerance=10,or_retest,long,90,100.8999999999993,1.1211111111111032,-66.34,0.4444444444444444,1.032108194112967,-523.58,0.015342593064066027,0.004288385130296053,54,42.13999999999959,0.7803703703703627,0.42592592592592593,36,58.75999999999988,1.632222222222219,0.4722222222222222,83.66,0.8291377601585787,1152,True,True,False,False,False,False
full_history,or_retest_slip_shape|long|buffer_points=0|confirm_pattern=break_prev|end=11:00|max_risk_points=120|max_stop=120|min_reward_points=8|or_class=normal|rr=2.5|start=10:20|stop_mode=fixed|stop_points=60|target_mode=rr|time_exit=12:00|touch_tolerance=5,or_retest,long,73,100.17999999999975,1.3723287671232842,-3.34,0.4931506849315068,1.0255751733434084,-1236.94,0.011089460224379594,0.002791551202365146,43,427.37999999999954,9.93906976744185,0.5116279069767442,30,-327.2000000000001,-10.90666666666667,0.4666666666666667,236.66,2.3623477740067935,1152,False,False,False,False,False,False
full_history,or_retest_slip_shape|long|buffer_points=0|confirm_pattern=break_prev|end=10:45|max_risk_points=120|max_stop=120|min_reward_points=8|or_class=normal|rr=1.5|start=10:20|stop_mode=fixed|stop_points=60|target_mode=rr|time_exit=12:00|touch_tolerance=10,or_retest,long,73,98.17999999999952,1.3449315068493086,-26.84,0.4794520547945205,1.0241529968609464,-1255.6200000000003,0.010665971510707688,0.0026849463357693946,43,628.3799999999999,14.61348837209302,0.5348837209302325,30,-530.2000000000002,-17.67333333333334,0.4,173.66,1.768792014666947,1152,False,False,False,False,False,False
full_history,or_retest_slip_filter|long|buffer_points=0|confirm_pattern=break_prev|end=11:00|max_close_ema_delta=70|max_risk_points=120|max_stop=120|min_reward_points=8|or_class=normal_tight|rr=1.25|start=10:10|stop_mode=fixed|stop_points=40|target_mode=rr|time_exit=15:55|touch_tolerance=5,or_retest,long,106,97.95999999999907,0.9241509433962176,-86.34,0.49056603773584906,1.0210108185554092,-1091.6400000000006,0.010307267383095522,0.003126584966963844,63,-450.4200000000002,-7.149523809523813,0.4444444444444444,43,548.3799999999997,12.753023255813945,0.5581395348837209,93.66,0.9561045324622385,1152,True,False,False,False,False,False
full_history,or_retest_slip_shape|long|buffer_points=0|confirm_pattern=break_prev|end=11:00|max_risk_points=120|max_stop=120|min_reward_points=8|or_class=normal_tight|rr=1.25|start=10:10|stop_mode=fixed|stop_points=30|target_mode=rr|time_exit=12:00|touch_tolerance=10,or_retest,long,166,81.05999999999932,0.4883132530120441,-9.09,0.4939759036144578,1.0149472806865492,-861.4800000000006,0.0073236576268629425,0.002780070681913684,99,-396.16000000000054,-4.001616161616167,0.45454545454545453,67,477.2199999999997,7.122686567164174,0.5522388059701493,68.66,0.8470268936590251,1152,True,False,False,False,False,False
full_history,or_retest_slip_shape|long|buffer_points=0|confirm_pattern=break_prev|end=11:30|max_risk_points=120|max_stop=120|min_reward_points=8|or_class=normal|rr=1.25|start=10:20|stop_mode=fixed|stop_points=30|target_mode=rr|time_exit=15:55|touch_tolerance=10,or_retest,long,90,78.39999999999964,0.8711111111111071,-11.840000000000003,0.5,1.0262620172176993,-587.7800000000002,0.012878150005130656,0.003599552354488927,54,171.63999999999982,3.178518518518515,0.5185185185185185,36,-93.24000000000012,-2.5900000000000034,0.4722222222222222,68.66,0.875765306122453,1152,True,False,False,False,False,False
full_history,or_retest_slip_shape|long|buffer_points=0|confirm_pattern=break_prev|end=10:45|max_risk_points=120|max_stop=120|min_reward_points=8|or_class=normal|rr=1.25|start=10:20|stop_mode=fixed|stop_points=40|target_mode=rr|time_exit=12:00|touch_tolerance=10,or_retest,long,73,75.17999999999964,1.029863013698625,-3.34,0.4931506849315068,1.0254108389835659,-683.4000000000002,0.012043814151346912,0.003031790835169867,43,209.37999999999985,4.869302325581392,0.4883720930232558,30,-134.20000000000005,-4.4733333333333345,0.5,93.66,1.2458100558659277,1152,False,False,False,False,False,False
full_history,or_retest_slip_shape|long|buffer_points=0|confirm_pattern=break_prev|end=11:30|max_risk_points=120|max_stop=120|min_reward_points=8|or_class=normal_tight|rr=1.5|start=10:00|stop_mode=fixed|stop_points=30|target_mode=rr|time_exit=15:55|touch_tolerance=5,or_retest,long,195,72.69999999999891,0.3728205128205072,-66.34,0.4461538461538462,1.0101469422391935,-896.7400000000011,0.0049990460935571525,0.0020567343780795284,117,-752.7800000000008,-6.434017094017101,0.4017094017094017,78,825.4799999999993,10.583076923076915,0.5128205128205128,83.66,1.1507565337001548,1152,True,False,False,False,False,False
full_history,or_retest_slip_shape|long|buffer_points=0|confirm_pattern=break_prev|end=11:00|max_risk_points=120|max_stop=120|min_reward_points=8|or_class=normal_tight|rr=1.25|start=10:20|stop_mode=fixed|stop_points=30|target_mode=rr|time_exit=15:55|touch_tolerance=10,or_retest,long,143,72.37999999999943,0.5061538461538422,-66.34,0.4965034965034965,1.0151534184169089,-530.72,0.007488967843787707,0.0026385403801872016,85,140.09999999999965,1.648235294117643,0.5058823529411764,58,-67.72000000000014,-1.1675862068965541,0.4827586206896552,68.66,0.9486045869024667,1152,True,False,False,False,False,False
full_history,or_retest_slip_shape|long|buffer_points=0|confirm_pattern=break_prev|end=10:45|max_risk_points=120|max_stop=120|min_reward_points=8|or_class=normal|rr=1.25|start=10:10|stop_mode=fixed|stop_points=30|target_mode=rr|time_exit=15:55|touch_tolerance=10,or_retest,long,82,69.1199999999996,0.8429268292682879,-11.840000000000003,0.5,1.0254123252718805,-521.44,0.01245890697208763,0.003323997050203976,49,233.33999999999983,4.762040816326527,0.5306122448979592,33,-164.2200000000001,-4.97636363636364,0.45454545454545453,68.66,0.993344907407413,1152,True,False,False,False,False,False
full_history,or_retest_slip_shape|long|buffer_points=0|confirm_pattern=break_prev|end=10:45|max_risk_points=120|max_stop=120|min_reward_points=8|or_class=normal_tight|rr=1.5|start=10:00|stop_mode=fixed|stop_points=30|target_mode=rr|time_exit=15:55|touch_tolerance=5,or_retest,long,168,63.87999999999943,0.3802380952380918,-66.34,0.44642857142857145,1.0103539602114873,-625.5000000000002,0.005098034459767629,0.001946844067281539,100,-225.0000000000005,-2.2500000000000053,0.43,68,288.8799999999997,4.2482352941176424,0.47058823529411764,83.66,1.3096430807764676,1152,True,False,False,False,False,False
full_history,or_retest_slip_shape|long|buffer_points=0|confirm_pattern=break_prev|end=10:45|max_risk_points=120|max_stop=120|min_reward_points=8|or_class=normal_tight|rr=2.5|start=10:20|stop_mode=fixed|stop_points=30|target_mode=rr|time_exit=15:55|touch_tolerance=10,or_retest,long,126,63.65999999999863,0.5052380952380844,-66.34,0.3253968253968254,1.0112894358828843,-619.4800000000001,0.005191225366836555,0.0017168364150424473,75,173.4999999999994,2.3133333333333255,0.3333333333333333,51,-109.84000000000017,-2.153725490196082,0.3137254901960784,143.66,2.256676091737403,1152,True,False,False,False,False,False
full_history,or_retest_slip_shape|long|buffer_points=0|confirm_pattern=break_prev|end=10:45|max_risk_points=120|max_stop=120|min_reward_points=8|or_class=normal|rr=1.25|start=10:10|stop_mode=fixed|stop_points=30|target_mode=rr|time_exit=15:55|touch_tolerance=5,or_retest,long,74,59.83999999999975,0.8086486486486453,-11.840000000000003,0.5,1.0243789161485868,-393.40000000000003,0.011949246731256238,0.003028517928423914,44,160.03999999999985,3.6372727272727237,0.5227272727272727,30,-100.2000000000001,-3.3400000000000034,0.4666666666666667,68.66,1.147393048128347,1152,False,False,False,False,False,False
full_history,or_retest_slip_shape|long|buffer_points=0|confirm_pattern=break_prev|end=10:45|max_risk_points=120|max_stop=120|min_reward_points=8|or_class=normal_tight|rr=2.5|start=10:00|stop_mode=fixed|stop_points=30|target_mode=rr|time_exit=15:55|touch_tolerance=5,or_retest,long,168,58.87999999999903,0.3504761904761847,-66.34,0.3273809523809524,1.007854415841161,-1139.2200000000003,0.003610777967048502,0.0013788886126398772,100,-548.0000000000007,-5.480000000000007,0.3,68,606.8799999999997,8.924705882352937,0.36764705882352944,143.66,2.4398777173913446,1152,True,False,False,False,False,False
full_history,or_retest_slip_shape|long|buffer_points=0|confirm_pattern=break_prev|end=11:30|max_risk_points=120|max_stop=120|min_reward_points=8|or_class=normal|rr=1.25|start=10:20|stop_mode=fixed|stop_points=30|target_mode=rr|time_exit=12:00|touch_tolerance=5,or_retest,long,81,51.45999999999927,0.6353086419752996,-3.34,0.49382716049382713,1.0196266886351324,-538.5800000000002,0.009537628115518264,0.002529045568844414,48,153.67999999999984,3.201666666666663,0.5,33,-102.22000000000011,-3.097575757575761,0.48484848484848486,68.66,1.3342401865526812,1152,True,False,False,False,False,False
full_history,or_retest_slip_shape|long|buffer_points=0|confirm_pattern=break_prev|end=11:30|max_risk_points=120|max_stop=120|min_reward_points=8|or_class=normal|rr=2|start=10:20|stop_mode=fixed|stop_points=60|target_mode=rr|time_exit=12:00|touch_tolerance=10,or_retest,long,90,49.89999999999924,0.554444444444436,-21.84,0.4666666666666667,1.0101570991813256,-1384.5000000000002,0.0044096129758977665,0.0012325242960715686,54,456.6399999999994,8.456296296296285,0.48148148148148145,36,-406.7400000000002,-11.29833333333334,0.4444444444444444,233.66,4.682565130260593,1152,True,False,False,False,False,False
full_history,or_retest_slip_shape|long|buffer_points=0|confirm_pattern=break_prev|end=10:45|max_risk_points=120|max_stop=120|min_reward_points=8|or_class=normal|rr=1.5|start=10:20|stop_mode=fixed|stop_points=30|target_mode=rr|time_exit=15:55|touch_tolerance=5,or_retest,long,62,45.91999999999976,0.7406451612903188,-66.34,0.45161290322580644,1.020358580574225,-447.0600000000002,0.009914825028012114,0.002300142060610876,37,204.41999999999987,5.5248648648648615,0.4864864864864865,25,-158.50000000000009,-6.340000000000003,0.4,83.66,1.8218641114982672,1152,False,False,False,False,False,False
full_history,or_retest_slip_shape|long|buffer_points=0|confirm_pattern=break_prev|end=11:30|max_risk_points=120|max_stop=120|min_reward_points=8|or_class=normal|rr=2.5|start=10:00|stop_mode=fixed|stop_points=60|target_mode=rr|time_exit=15:55|touch_tolerance=10,or_retest,long,118,45.379999999999825,0.38457627118643917,-126.34,0.3644067796610169,1.005008830022075,-2145.02,0.002245528582741702,0.000718676346876827,70,1568.2000000000003,22.402857142857147,0.4142857142857143,48,-1522.82,-31.725416666666664,0.2916666666666667,293.66,6.471132657558421,1152,True,False,False,False,False,False
full_history,or_retest_slip_shape|long|buffer_points=0|confirm_pattern=break_prev|end=10:45|max_risk_points=120|max_stop=120|min_reward_points=8|or_class=normal|rr=1.25|start=10:10|stop_mode=fixed|stop_points=60|target_mode=rr|time_exit=12:00|touch_tolerance=10,or_retest,long,82,37.11999999999975,0.45268292682926525,-2.59,0.4878048780487805,1.0084869380718735,-1071.3000000000004,0.0038317623055390587,0.0010223020871116136,49,427.8399999999998,8.731428571428568,0.5102040816326531,33,-390.72000000000014,-11.840000000000003,0.45454545454545453,143.66,3.8701508620689915,1152,True,False,False,False,False,False
full_history,or_retest_slip_shape|long|buffer_points=0|confirm_pattern=break_prev|end=10:45|max_risk_points=120|max_stop=120|min_reward_points=8|or_class=normal|rr=2.5|start=10:20|stop_mode=fixed|stop_points=30|target_mode=rr|time_exit=12:00|touch_tolerance=5,or_retest,long,62,36.91999999999973,0.5954838709677376,-66.34,0.3225806451612903,1.014012555127942,-597.0600000000001,0.0062763781645697484,0.0014560581113473314,37,6.919999999999874,0.18702702702702362,0.2972972972972973,25,29.999999999999915,1.1999999999999966,0.36,143.66,3.891115926327222,1152,False,True,False,False,False,False
full_history,or_retest_slip_shape|long|buffer_points=0|confirm_pattern=break_prev|end=11:30|max_risk_points=120|max_stop=120|min_reward_points=8|or_class=normal_tight|rr=2.5|start=10:10|stop_mode=fixed|stop_points=60|target_mode=rr|time_exit=12:00|touch_tolerance=5,or_retest,long,169,36.039999999999026,0.2132544378698167,-3.34,0.48520710059171596,1.0043541925413306,-1593.1200000000003,0.0018335945221391225,0.0007022963569651688,101,333.1599999999995,3.298613861386134,0.48514851485148514,68,-297.12000000000035,-4.369411764705887,0.4852941176470588,293.66,8.148168701443062,1152,True,False,False,False,False,False
full_history,or_retest_slip_shape|long|buffer_points=0|confirm_pattern=break_prev|end=10:45|max_risk_points=120|max_stop=120|min_reward_points=8|or_class=normal_tight|rr=2.5|start=10:10|stop_mode=fixed|stop_points=30|target_mode=rr|time_exit=12:00|touch_tolerance=5,or_retest,long,136,35.759999999999195,0.2629411764705823,-66.34,0.3602941176470588,1.00658008530558,-1526.5800000000008,0.0029487668148906964,0.0010131730869258752,81,-606.0400000000004,-7.481975308641981,0.30864197530864196,55,641.7999999999996,11.669090909090903,0.43636363636363634,143.66,4.017337807606355,1152,True,False,False,False,False,False
full_history,or_retest_slip_shape|long|buffer_points=0|confirm_pattern=break_prev|end=10:45|max_risk_points=120|max_stop=120|min_reward_points=8|or_class=normal_tight|rr=1.25|start=10:00|stop_mode=fixed|stop_points=30|target_mode=rr|time_exit=15:55|touch_tolerance=5,or_retest,long,168,33.87999999999923,0.20166666666666208,-66.34,0.49404761904761907,1.0060082640231243,-577.5600000000002,0.0029845807710127473,0.0011397556084062983,100,-180.00000000000057,-1.8000000000000056,0.48,68,213.87999999999977,3.1452941176470555,0.5147058823529411,68.66,2.026564344746209,1152,True,False,False,False,False,False
full_history,or_retest_slip_filter|long|buffer_points=0|confirm_pattern=break_prev|end=11:00|max_close_ema_delta=70|max_risk_points=120|max_stop=120|min_reward_points=8|or_class=normal_tight|rr=1.5|start=10:10|stop_mode=fixed|stop_points=40|target_mode=rr|time_exit=15:55|touch_tolerance=5,or_retest,long,106,33.459999999999184,0.31566037735848285,-86.34,0.44339622641509435,1.006568434608151,-1171.6400000000006,0.003212677524193679,0.0009745268922896525,63,-310.4200000000002,-4.92730158730159,0.4126984126984127,43,343.87999999999994,7.99720930232558,0.4883720930232558,113.66,3.3968918111178352,1152,True,False,False,False,False,False
full_history,or_retest_slip_shape|long|buffer_points=0|confirm_pattern=break_prev|end=10:45|max_risk_points=120|max_stop=120|min_reward_points=8|or_class=normal_tight|rr=1.5|start=10:20|stop_mode=fixed|stop_points=30|target_mode=rr|time_exit=15:55|touch_tolerance=5,or_retest,long,112,28.91999999999922,0.25821428571427874,-66.34,0.44642857142857145,1.0070312272068613,-634.3200000000002,0.0034616196712366626,0.0010793495677570537,67,14.219999999999658,0.21223880597014413,0.44776119402985076,45,14.699999999999818,0.3266666666666626,0.4444444444444444,83.66,2.892807745504919,1152,True,True,False,False,False,False
full_history,or_retest_slip_shape|long|buffer_points=0|confirm_pattern=break_prev|end=11:00|max_risk_points=120|max_stop=120|min_reward_points=8|or_class=normal|rr=2|start=10:10|stop_mode=fixed|stop_points=60|target_mode=rr|time_exit=12:00|touch_tolerance=5,or_retest,long,83,20.77999999999938,0.2503614457831251,-10.84,0.4457831325301205,1.0044715674586946,-1191.5000000000005,0.0019463822325777003,0.0005224454342598908,49,533.3399999999996,10.884489795918359,0.4489795918367347,34,-512.5600000000002,-15.075294117647063,0.4411764705882353,233.66,11.244465832531615,1152,True,False,False,False,False,False
full_history,or_retest_slip_shape|long|buffer_points=0|confirm_pattern=break_prev|end=10:45|max_risk_points=120|max_stop=120|min_reward_points=8|or_class=normal_tight|rr=1.25|start=10:00|stop_mode=fixed|stop_points=30|target_mode=rr|time_exit=12:00|touch_tolerance=5,or_retest,long,168,16.879999999999228,0.10047619047618588,-48.84,0.4880952380952381,1.0030071758912849,-577.5600000000003,0.0014920487069573077,0.0005697855116827373,100,-197.00000000000057,-1.9700000000000057,0.47,68,213.87999999999977,3.1452941176470555,0.5147058823529411,68.66,4.067535545023882,1152,True,False,False,False,False,False
full_history,or_retest_slip_shape|long|buffer_points=0|confirm_pattern=break_prev|end=11:30|max_risk_points=120|max_stop=120|min_reward_points=8|or_class=normal|rr=1.25|start=10:20|stop_mode=fixed|stop_points=30|target_mode=rr|time_exit=15:55|touch_tolerance=5,or_retest,long,81,0.459999999999269,0.005679012345669987,-66.34,0.49382716049382713,1.000169121377677,-526.08,8.39478248489393e-05,2.226002858120458e-05,48,164.67999999999984,3.43083333333333,0.5208333333333334,33,-164.2200000000001,-4.97636363636364,0.45454545454545453,68.66,149.26086956545458,1152,True,False,False,False,False,False
full_history,or_retest_slip_shape|long|buffer_points=0|confirm_pattern=break_prev|end=11:30|max_risk_points=120|max_stop=120|min_reward_points=8|or_class=normal_tight|rr=1.25|start=10:00|stop_mode=fixed|stop_points=30|target_mode=rr|time_exit=15:55|touch_tolerance=5,or_retest,long,195,-2.3000000000010914,-0.011794871794877392,-66.34,0.49230769230769234,0.9996497991674349,-852.2000000000015,-0.00017459525054484634,-7.183291518511953e-05,117,-632.7800000000005,-5.408376068376073,0.452991452991453,78,630.4799999999996,8.083076923076918,0.5512820512820513,68.66,,1152,True,False,False,False,False,False
full_history,or_retest_slip_shape|long|buffer_points=0|confirm_pattern=break_prev|end=11:30|max_risk_points=120|max_stop=120|min_reward_points=8|or_class=normal|rr=1.5|start=10:20|stop_mode=fixed|stop_points=30|target_mode=rr|time_exit=15:55|touch_tolerance=10,or_retest,long,90,-11.600000000000648,-0.1288888888888961,-66.34,0.4444444444444444,0.9965028640337651,-562.4200000000001,-0.0017285538588540895,-0.00048314549139591515,54,-23.36000000000041,-0.4325925925926002,0.4444444444444444,36,11.759999999999877,0.3266666666666633,0.4444444444444444,83.66,,1152,True,False,False,False,False,False
full_history,or_retest_slip_shape|long|buffer_points=0|confirm_pattern=break_prev|end=10:45|max_risk_points=120|max_stop=120|min_reward_points=8|or_class=normal|rr=1.25|start=10:20|stop_mode=fixed|stop_points=40|target_mode=rr|time_exit=12:00|touch_tolerance=5,or_retest,long,62,-20.080000000000155,-0.32387096774193797,-16.84,0.4838709677419355,0.9921833639562764,-597.0600000000002,-0.0037682412561971146,-0.0008741949740333388,37,42.419999999999874,1.146486486486483,0.4594594594594595,25,-62.50000000000003,-2.5000000000000013,0.52,93.66,,1152,False,False,False,False,False,False
full_history,or_retest_slip_shape|long|buffer_points=0|confirm_pattern=break_prev|end=10:45|max_risk_points=120|max_stop=120|min_reward_points=8|or_class=normal|rr=1.5|start=10:20|stop_mode=fixed|stop_points=30|target_mode=rr|time_exit=12:00|touch_tolerance=10,or_retest,long,73,-20.32000000000042,-0.2783561643835674,-66.34,0.4383561643835616,0.9922500133488941,-513.4000000000001,-0.003783755622733133,-0.0009524852737985709,43,95.3799999999998,2.2181395348837163,0.4418604651162791,30,-115.7000000000001,-3.85666666666667,0.43333333333333335,83.66,,1152,False,False,False,False,False,False
full_history,or_retest_slip_shape|long|buffer_points=0|confirm_pattern=break_prev|end=10:45|max_risk_points=120|max_stop=120|min_reward_points=8|or_class=normal_tight|rr=1.5|start=10:00|stop_mode=fixed|stop_points=30|target_mode=rr|time_exit=12:00|touch_tolerance=5,or_retest,long,168,-20.6200000000006,-0.12273809523809882,-66.34,0.44047619047619047,0.9966438583584522,-625.5000000000002,-0.001656221053149938,-0.0006324798619699225,100,-242.0000000000005,-2.4200000000000053,0.42,68,221.37999999999974,3.255588235294114,0.47058823529411764,83.66,,1152,True,False,False,False,False,False
full_history,or_retest_slip_shape|long|buffer_points=0|confirm_pattern=break_prev|end=10:45|max_risk_points=120|max_stop=120|min_reward_points=8|or_class=normal_tight|rr=1.5|start=10:20|stop_mode=fixed|stop_points=30|target_mode=rr|time_exit=12:00|touch_tolerance=5,or_retest,long,112,-23.580000000000837,-0.21053571428572176,-66.34,0.44642857142857145,0.9940508328329433,-649.1200000000001,-0.0028989241081860922,-0.0009038984002576294,67,-45.28000000000034,-0.6758208955223932,0.43283582089552236,45,21.699999999999818,0.48222222222221817,0.4666666666666667,83.66,,1152,True,False,False,False,False,False
full_history,or_retest_slip_shape|long|buffer_points=0|confirm_pattern=break_prev|end=11:30|max_risk_points=120|max_stop=120|min_reward_points=8|or_class=normal|rr=2.5|start=10:00|stop_mode=fixed|stop_points=60|target_mode=rr|time_exit=15:55|touch_tolerance=5,or_retest,long,109,-37.56000000000043,-0.3445871559633067,-126.34,0.3669724770642202,0.995475767168235,-2429.1399999999985,-0.0020389758503107577,-0.0006271899511234851,65,1399.9,21.536923076923078,0.4153846153846154,44,-1437.4599999999998,-32.66954545454545,0.29545454545454547,293.66,,1152,True,False,False,False,False,False
full_history,or_retest_slip_shape|long|buffer_points=0|confirm_pattern=break_prev|end=11:30|max_risk_points=120|max_stop=120|min_reward_points=8|or_class=normal_tight|rr=2.5|start=10:10|stop_mode=fixed|stop_points=60|target_mode=rr|time_exit=12:00|touch_tolerance=10,or_retest,long,182,-39.88000000000079,-0.21912087912088346,-3.34,0.4835164835164835,0.9955943243231296,-1782.1200000000003,-0.0018768898964017175,-0.0007460161870504118,109,-41.56000000000083,-0.3812844036697324,0.46788990825688076,73,1.679999999999751,0.023013698630133576,0.5068493150684932,293.66,,1152,True,False,False,False,False,False
full_history,or_retest_slip_shape|long|buffer_points=0|confirm_pattern=break_prev|end=10:45|max_risk_points=120|max_stop=120|min_reward_points=8|or_class=normal_tight|rr=1.25|start=10:20|stop_mode=fixed|stop_points=40|target_mode=rr|time_exit=12:00|touch_tolerance=5,or_retest,long,112,-44.080000000000496,-0.393571428571433,-9.09,0.49107142857142855,0.9903415514868922,-610.8000000000003,-0.004655098941482915,-0.0014514821117135922,67,-15.280000000000229,-0.22805970149254073,0.47761194029850745,45,-28.800000000000182,-0.640000000000004,0.5111111111111111,93.66,,1152,True,False,False,False,False,False
full_history,or_retest_slip_shape|long|buffer_points=0|confirm_pattern=break_prev|end=11:30|max_risk_points=120|max_stop=120|min_reward_points=8|or_class=normal_tight|rr=1.25|start=10:20|stop_mode=fixed|stop_points=30|target_mode=rr|time_exit=12:00|touch_tolerance=5,or_retest,long,151,-45.8400000000008,-0.30357615894040263,-3.34,0.4900662251655629,0.9905194842797985,-692.2000000000005,-0.004637725823182497,-0.001679064208635698,90,18.899999999999523,0.2099999999999947,0.4888888888888889,61,-64.74000000000038,-1.0613114754098423,0.4918032786885246,68.66,,1152,True,False,False,False,False,False
full_history,or_retest_slip_shape|long|buffer_points=0|confirm_pattern=break_prev|end=11:00|max_risk_points=120|max_stop=120|min_reward_points=8|or_class=normal_tight|rr=1.25|start=10:10|stop_mode=fixed|stop_points=30|target_mode=rr|time_exit=15:55|touch_tolerance=5,or_retest,long,153,-51.02000000000089,-0.3334640522875875,-66.34,0.49019607843137253,0.9901401482649591,-1001.120000000001,-0.004935289974772716,-0.0017985899018757492,91,-527.9400000000005,-5.801538461538467,0.45054945054945056,62,476.9199999999996,7.692258064516123,0.5483870967741935,68.66,,1152,True,False,False,False,False,False
full_history,or_retest_slip_shape|long|buffer_points=0|confirm_pattern=break_prev|end=10:45|max_risk_points=120|max_stop=120|min_reward_points=8|or_class=normal_tight|rr=1.25|start=10:20|stop_mode=fixed|stop_points=30|target_mode=rr|time_exit=12:00|touch_tolerance=5,or_retest,long,112,-51.080000000000666,-0.4560714285714345,-23.09,0.48214285714285715,0.9861879498785895,-590.2800000000003,-0.006842245868613682,-0.002133444983035156,67,159.71999999999966,2.38388059701492,0.4925373134328358,45,-210.80000000000015,-4.6844444444444475,0.4666666666666667,68.66,,1152,True,False,False,False,False,False
full_history,or_retest_slip_shape|long|buffer_points=0|confirm_pattern=break_prev|end=11:30|max_risk_points=120|max_stop=120|min_reward_points=8|or_class=normal_tight|rr=1.25|start=10:20|stop_mode=fixed|stop_points=40|target_mode=rr|time_exit=12:00|touch_tolerance=5,or_retest,long,151,-54.840000000000714,-0.3631788079470246,-3.34,0.4966887417218543,0.9906117431959098,-1164.3400000000006,-0.004441809243849769,-0.001608133642927917,90,-228.10000000000042,-2.534444444444449,0.4777777777777778,61,173.25999999999974,2.8403278688524547,0.5245901639344263,93.66,,1152,True,False,False,False,False,False
full_history,or_retest_slip_shape|long|buffer_points=0|confirm_pattern=break_prev|end=10:45|max_risk_points=120|max_stop=120|min_reward_points=8|or_class=normal|rr=1.25|start=10:20|stop_mode=fixed|stop_points=60|target_mode=rr|time_exit=12:00|touch_tolerance=5,or_retest,long,62,-55.08000000000018,-0.8883870967741965,-1.0899999999999999,0.5,0.9837163788159189,-1137.0600000000002,-0.007473514810935011,-0.001733782059558596,37,434.91999999999985,11.75459459459459,0.5405405405405406,25,-490.0000000000001,-19.600000000000005,0.44,143.66,,1152,False,False,False,False,False,False
full_history,or_retest_slip_shape|long|buffer_points=0|confirm_pattern=break_prev|end=11:30|max_risk_points=120|max_stop=120|min_reward_points=8|or_class=normal_tight|rr=2.5|start=10:20|stop_mode=fixed|stop_points=30|target_mode=rr|time_exit=12:00|touch_tolerance=5,or_retest,long,151,-57.84000000000094,-0.3830463576159003,-66.34,0.3708609271523179,0.9900708976361726,-1121.9800000000005,-0.004416998125584504,-0.001599150908233427,90,-489.10000000000025,-5.4344444444444475,0.34444444444444444,61,431.25999999999965,7.069836065573765,0.4098360655737705,143.66,,1152,True,False,False,False,False,False
full_history,or_retest_slip_shape|long|buffer_points=0|confirm_pattern=break_prev|end=11:00|max_risk_points=120|max_stop=120|min_reward_points=8|or_class=normal|rr=2|start=10:10|stop_mode=fixed|stop_points=60|target_mode=rr|time_exit=15:55|touch_tolerance=5,or_retest,long,83,-71.72000000000071,-0.8640963855421773,-126.34,0.3855421686746988,0.9883379079780935,-1530.4200000000008,-0.005434275591960066,-0.0014586613173967942,49,925.3399999999998,18.884489795918363,0.42857142857142855,34,-997.0600000000002,-29.325294117647065,0.3235294117647059,233.66,,1152,True,False,False,False,False,False
full_history,or_retest_slip_shape|long|buffer_points=0|confirm_pattern=break_prev|end=10:45|max_risk_points=120|max_stop=120|min_reward_points=8|or_class=normal|rr=1.25|start=10:20|stop_mode=fixed|stop_points=30|target_mode=rr|time_exit=12:00|touch_tolerance=10,or_retest,long,73,-80.32000000000025,-1.100273972602743,-31.34,0.4794520547945205,0.9668499166295208,-528.4000000000001,-0.016512108165007613,-0.00415659504330736,43,80.37999999999985,1.8693023255813919,0.4883720930232558,30,-160.7000000000001,-5.35666666666667,0.4666666666666667,68.66,,1152,False,False,False,False,False,False
full_history,or_retest_slip_shape|long|buffer_points=0|confirm_pattern=break_prev|end=10:45|max_risk_points=120|max_stop=120|min_reward_points=8|or_class=normal|rr=2|start=10:20|stop_mode=fixed|stop_points=60|target_mode=rr|time_exit=12:00|touch_tolerance=5,or_retest,long,62,-83.0800000000003,-1.3400000000000047,-30.84,0.45161290322580644,0.9773009185641763,-1264.6000000000001,-0.010026920213014589,-0.002326147042956777,37,434.91999999999985,11.75459459459459,0.4864864864864865,25,-518.0000000000001,-20.720000000000006,0.4,233.66,,1152,False,False,False,False,False,False
full_history,or_retest_slip_shape|long|buffer_points=0|confirm_pattern=break_prev|end=10:45|max_risk_points=120|max_stop=120|min_reward_points=8|or_class=normal|rr=1.5|start=10:20|stop_mode=fixed|stop_points=30|target_mode=rr|time_exit=15:55|touch_tolerance=10,or_retest,long,73,-83.82000000000042,-1.1482191780821975,-66.34,0.4383561643835616,0.9691831437458177,-545.1,-0.015421693057537676,-0.003882104712601916,43,106.3799999999998,2.4739534883720884,0.46511627906976744,30,-190.2000000000001,-6.340000000000003,0.4,83.66,,1152,False,False,False,False,False,False
full_history,or_retest_slip_shape|long|buffer_points=0|confirm_pattern=break_prev|end=11:30|max_risk_points=120|max_stop=120|min_reward_points=8|or_class=normal_tight|rr=1.5|start=10:20|stop_mode=fixed|stop_points=30|target_mode=rr|time_exit=12:00|touch_tolerance=5,or_retest,long,151,-86.340000000001,-0.5717880794702053,-66.34,0.4503311258278146,0.9832567988954215,-809.8000000000009,-0.008080161200480855,-0.0029253798066105267,90,-359.1000000000005,-3.990000000000005,0.4222222222222222,61,272.75999999999954,4.471475409836058,0.4918032786885246,83.66,,1152,True,False,False,False,False,False
full_history,or_retest_slip_filter|long|buffer_points=0|confirm_pattern=break_prev|end=11:00|max_risk_points=120|max_signal_ema_slope=10|max_stop=120|min_reward_points=8|or_class=normal|rr=2|start=10:10|stop_mode=fixed|stop_points=40|target_mode=rr|time_exit=15:55|touch_tolerance=5,or_retest,long,44,-88.96000000000032,-2.021818181818189,-86.34,0.36363636363636365,0.9632019590323967,-1063.8400000000001,-0.01773154241196503,-0.003465346082294097,26,284.15999999999997,10.929230769230768,0.4230769230769231,18,-373.1200000000001,-20.728888888888896,0.2777777777777778,153.66,,1152,False,False,False,False,False,False
full_history,or_retest_slip_shape|long|buffer_points=0|confirm_pattern=break_prev|end=10:45|max_risk_points=120|max_stop=120|min_reward_points=8|or_class=normal_tight|rr=2.5|start=10:00|stop_mode=fixed|stop_points=30|target_mode=rr|time_exit=15:55|touch_tolerance=10,or_retest,long,183,-96.22000000000128,-0.5257923497267829,-66.34,0.3224043715846995,0.9883031694010322,-1338.700000000001,-0.00543345351555155,-0.0021655851327771177,109,-935.0600000000012,-8.578532110091754,0.28440366972477066,74,838.8399999999991,11.335675675675663,0.3783783783783784,143.66,,1152,True,False,False,False,False,False
full_history,or_retest_slip_shape|long|buffer_points=0|confirm_pattern=break_prev|end=11:00|max_risk_points=120|max_stop=120|min_reward_points=8|or_class=normal_tight|rr=1.25|start=10:10|stop_mode=fixed|stop_points=30|target_mode=rr|time_exit=15:55|touch_tolerance=10,or_retest,long,166,-103.44000000000065,-0.6231325301204859,-66.34,0.4879518072289157,0.9816559967369515,-893.0200000000012,-0.00922426811052967,-0.003501545080716644,99,-518.6600000000005,-5.238989898989904,0.45454545454545453,67,415.2199999999996,6.197313432835815,0.5373134328358209,68.66,,1152,True,False,False,False,False,False
full_history,or_retest_slip_shape|long|buffer_points=0|confirm_pattern=break_prev|end=11:00|max_risk_points=120|max_stop=120|min_reward_points=8|or_class=normal|rr=2.5|start=10:20|stop_mode=fixed|stop_points=60|target_mode=rr|time_exit=12:00|touch_tolerance=10,or_retest,long,84,-109.06000000000029,-1.2983333333333367,-3.84,0.4880952380952381,0.9758268648512062,-1286.6600000000005,-0.01072077437956103,-0.0028949399516695604,50,366.49999999999966,7.329999999999993,0.52,34,-475.5600000000001,-13.987058823529415,0.4411764705882353,236.66,,1152,True,False,False,False,False,False
full_history,or_retest_slip_shape|long|buffer_points=0|confirm_pattern=break_prev|end=10:45|max_risk_points=120|max_stop=120|min_reward_points=8|or_class=normal_tight|rr=2.5|start=10:20|stop_mode=fixed|stop_points=60|target_mode=rr|time_exit=12:00|touch_tolerance=5,or_retest,long,112,-109.58000000000098,-0.9783928571428658,-2.09,0.49107142857142855,0.980443946332392,-1213.6600000000005,-0.008368314953005366,-0.0026092806215636134,67,509.7199999999996,7.607761194029845,0.5074626865671642,45,-619.3000000000003,-13.76222222222223,0.4666666666666667,293.66,,1152,True,False,False,False,False,False
full_history,or_retest_slip_shape|long|buffer_points=0|confirm_pattern=break_prev|end=10:45|max_risk_points=120|max_stop=120|min_reward_points=8|or_class=normal|rr=2.5|start=10:20|stop_mode=fixed|stop_points=30|target_mode=rr|time_exit=15:55|touch_tolerance=10,or_retest,long,73,-113.82000000000048,-1.5591780821917873,-66.34,0.3150684931506849,0.9656858607175153,-774.1200000000001,-0.01609439174133561,-0.0040514432359916456,43,-13.620000000000374,-0.3167441860465203,0.32558139534883723,30,-100.2000000000001,-3.3400000000000034,0.3,143.66,,1152,False,False,False,False,False,False
full_history,or_retest_slip_filter|long|buffer_points=0|confirm_pattern=break_prev|end=11:00|max_risk_points=120|max_stop=120|min_reward_points=8|or_class=normal|rr=1.25|signal_vs_ema=below|start=10:10|stop_mode=fixed|stop_points=40|target_mode=rr|time_exit=15:55|touch_tolerance=5,or_retest,long,18,-114.12000000000006,-6.340000000000003,-86.34,0.4444444444444444,0.8678248783877691,-503.40000000000003,-0.06888623874830803,-0.008610779843538504,10,36.599999999999966,3.6599999999999966,0.5,8,-150.72000000000003,-18.840000000000003,0.375,93.66,,1152,False,False,False,False,False,False
full_history,or_retest_slip_shape|long|buffer_points=0|confirm_pattern=break_prev|end=11:00|max_risk_points=120|max_stop=120|min_reward_points=8|or_class=normal|rr=2.5|start=10:10|stop_mode=fixed|stop_points=60|target_mode=rr|time_exit=15:55|touch_tolerance=5,or_retest,long,83,-117.22000000000003,-1.4122891566265063,-126.34,0.3614457831325301,0.9816915839388237,-1519.92,-0.008323804530922192,-0.002234264986632572,49,592.84,12.098775510204081,0.3877551020408163,34,-710.0599999999998,-20.88411764705882,0.3235294117647059,293.66,,1152,True,False,False,False,False,False
full_history,or_retest_slip_filter|long|buffer_points=0|confirm_pattern=break_prev|end=11:00|max_risk_points=120|max_stop=120|min_reward_points=8|or_class=normal_tight|rr=2|signal_vs_ema=below|start=10:10|stop_mode=fixed|stop_points=40|target_mode=rr|time_exit=15:55|touch_tolerance=5,or_retest,long,32,-122.88000000000011,-3.8400000000000034,-86.34,0.34375,0.9322280684337672,-680.46,-0.03315658769172891,-0.005526097948621486,19,39.539999999999935,2.081052631578944,0.3684210526315789,13,-162.4200000000001,-12.493846153846162,0.3076923076923077,153.66,,1152,False,False,False,False,False,False
full_history,or_retest_slip_shape|long|buffer_points=0|confirm_pattern=break_prev|end=10:45|max_risk_points=120|max_stop=120|min_reward_points=8|or_class=normal|rr=1.25|start=10:20|stop_mode=fixed|stop_points=30|target_mode=rr|time_exit=15:55|touch_tolerance=10,or_retest,long,73,-143.82000000000025,-1.9701369863013733,-66.34,0.4794520547945205,0.942949399425606,-590.1000000000001,-0.02914251955109612,-0.007336050073380689,43,91.37999999999985,2.125116279069764,0.5116279069767442,30,-235.2000000000001,-7.840000000000003,0.43333333333333335,68.66,,1152,False,False,False,False,False,False
full_history,or_retest_slip_shape|long|buffer_points=0|confirm_pattern=break_prev|end=10:45|max_risk_points=120|max_stop=120|min_reward_points=8|or_class=normal_tight|rr=1.5|start=10:20|stop_mode=fixed|stop_points=30|target_mode=rr|time_exit=15:55|touch_tolerance=10,or_retest,long,126,-149.8400000000011,-1.189206349206358,-66.34,0.4365079365079365,0.9681877821041405,-726.4800000000004,-0.015982361026739146,-0.005285669080050339,75,83.49999999999952,1.1133333333333268,0.4533333333333333,51,-233.34000000000017,-4.575294117647062,0.4117647058823529,83.66,,1152,True,False,False,False,False,False
full_history,or_retest_slip_shape|long|buffer_points=0|confirm_pattern=break_prev|end=11:30|max_risk_points=120|max_stop=120|min_reward_points=8|or_class=normal_tight|rr=2.5|start=10:20|stop_mode=fixed|stop_points=30|target_mode=rr|time_exit=12:00|touch_tolerance=10,or_retest,long,163,-153.9200000000011,-0.9442944785276141,-66.34,0.3619631901840491,0.9760337321483062,-973.0600000000017,-0.010808809622432134,-0.004065794558232876,97,-387.48000000000036,-3.9946391752577357,0.3402061855670103,66,233.55999999999963,3.5387878787878733,0.3939393939393939,143.66,,1152,True,False,False,False,False,False
full_history,or_retest_slip_filter|long|buffer_points=0|confirm_pattern=break_prev|end=11:00|max_risk_points=120|max_stop=120|min_reward_points=8|or_class=normal|rr=1.5|signal_vs_ema=below|start=10:10|stop_mode=fixed|stop_points=40|target_mode=rr|time_exit=15:55|touch_tolerance=5,or_retest,long,18,-154.1200000000001,-8.562222222222227,-86.34,0.3888888888888889,0.8377240086760585,-463.4000000000001,-0.08534377523369809,-0.01066797190421226,10,-63.400000000000034,-6.340000000000003,0.4,8,-90.72000000000003,-11.340000000000003,0.375,113.66,,1152,False,False,False,False,False,False
full_history,or_retest_slip_shape|long|buffer_points=0|confirm_pattern=break_prev|end=11:30|max_risk_points=120|max_stop=120|min_reward_points=8|or_class=normal_tight|rr=1.5|start=10:20|stop_mode=fixed|stop_points=30|target_mode=rr|time_exit=15:55|touch_tolerance=5,or_retest,long,151,-158.34000000000117,-1.0486092715231865,-66.34,0.4370860927152318,0.9719200553299395,-945.7600000000009,-0.014091078322534773,-0.005101600692775465,90,-611.6000000000004,-6.79555555555556,0.4,61,453.2599999999994,7.430491803278679,0.4918032786885246,83.66,,1152,True,False,False,False,False,False
full_history,or_retest_slip_shape|long|buffer_points=0|confirm_pattern=break_prev|end=10:45|max_risk_points=120|max_stop=120|min_reward_points=8|or_class=normal|rr=1.25|start=10:20|stop_mode=fixed|stop_points=30|target_mode=rr|time_exit=12:00|touch_tolerance=5,or_retest,long,62,-160.5800000000002,-2.5900000000000034,-48.84,0.46774193548387094,0.923212287564197,-462.06000000000006,-0.03899690365670309,-0.009046898768354468,37,73.41999999999987,1.984324324324321,0.4864864864864865,25,-234.00000000000009,-9.360000000000003,0.44,68.66,,1152,False,False,False,False,False,False
full_history,or_retest_slip_filter|long|buffer_points=0|confirm_pattern=break_prev|end=11:00|max_risk_points=120|max_stop=120|min_reward_points=8|or_class=normal_tight|rr=1.5|signal_vs_ema=below|start=10:10|stop_mode=fixed|stop_points=40|target_mode=rr|time_exit=15:55|touch_tolerance=5,or_retest,long,32,-162.8800000000001,-5.090000000000003,-86.34,0.40625,0.9007107762456874,-640.46,-0.05100293235993147,-0.008500488726655245,19,159.53999999999994,8.396842105263154,0.47368421052631576,13,-322.42000000000013,-24.80153846153847,0.3076923076923077,113.66,,1152,False,False,False,False,False,False
full_history,or_retest_slip_shape|long|buffer_points=0|confirm_pattern=break_prev|end=10:45|max_risk_points=120|max_stop=120|min_reward_points=8|or_class=normal_tight|rr=1.25|start=10:20|stop_mode=fixed|stop_points=30|target_mode=rr|time_exit=15:55|touch_tolerance=5,or_retest,long,112,-166.08000000000055,-1.4828571428571478,-66.34,0.48214285714285715,0.9568367760647858,-664.7800000000003,-0.021947867522745457,-0.006843450053368037,67,119.21999999999977,1.7794029850746234,0.5074626865671642,45,-285.3000000000002,-6.340000000000004,0.4444444444444444,68.66,,1152,True,False,False,False,False,False
full_history,or_retest_slip_shape|long|buffer_points=0|confirm_pattern=break_prev|end=11:30|max_risk_points=120|max_stop=120|min_reward_points=8|or_class=normal_tight|rr=1.25|start=10:20|stop_mode=fixed|stop_points=30|target_mode=rr|time_exit=12:00|touch_tolerance=10,or_retest,long,163,-166.92000000000095,-1.0240490797546071,-5.84,0.48466257668711654,0.9685030455358551,-632.8200000000003,-0.015612870989174764,-0.0058728692727122965,97,-175.48000000000044,-1.8090721649484582,0.4742268041237113,66,8.559999999999661,0.12969696969696456,0.5,68.66,,1152,True,False,False,False,False,False
full_history,or_retest_slip_shape|long|buffer_points=0|confirm_pattern=break_prev|end=10:45|max_risk_points=120|max_stop=120|min_reward_points=8|or_class=normal_tight|rr=1.25|start=10:20|stop_mode=fixed|stop_points=30|target_mode=rr|time_exit=12:00|touch_tolerance=10,or_retest,long,126,-169.8400000000006,-1.3479365079365127,-48.84,0.47619047619047616,0.9598386356864834,-651.9800000000002,-0.020202763827255877,-0.006681436110386316,75,168.99999999999974,2.25333333333333,0.49333333333333335,51,-338.84000000000026,-6.643921568627456,0.45098039215686275,68.66,,1152,True,False,False,False,False,False
full_history,or_retest_slip_shape|long|buffer_points=0|confirm_pattern=break_prev|end=10:45|max_risk_points=120|max_stop=120|min_reward_points=8|or_class=normal|rr=2.5|start=10:20|stop_mode=fixed|stop_points=30|target_mode=rr|time_exit=12:00|touch_tolerance=10,or_retest,long,73,-186.82000000000048,-2.5591780821917873,-66.34,0.3150684931506849,0.9409824672247664,-699.6200000000001,-0.027456671890789843,-0.0069116714320482395,43,-95.1200000000002,-2.2120930232558185,0.3023255813953488,30,-91.7000000000001,-3.05666666666667,0.3333333333333333,143.66,,1152,False,False,False,False,False,False
full_history,or_retest_slip_shape|long|buffer_points=0|confirm_pattern=break_prev|end=11:30|max_risk_points=120|max_stop=120|min_reward_points=8|or_class=normal_tight|rr=1.25|start=10:20|stop_mode=fixed|stop_points=30|target_mode=rr|time_exit=15:55|touch_tolerance=5,or_retest,long,151,-188.34000000000083,-1.247284768211926,-66.34,0.48344370860927155,0.9636024210941297,-781.2200000000005,-0.018466850479655825,-0.006685825956252725,90,-191.60000000000042,-2.1288888888888935,0.4777777777777778,61,3.2599999999996214,0.053442622950813465,0.4918032786885246,68.66,,1152,True,False,False,False,False,False
full_history,or_retest_slip_shape|long|buffer_points=0|confirm_pattern=break_prev|end=11:30|max_risk_points=120|max_stop=120|min_reward_points=8|or_class=normal|rr=2.5|start=10:20|stop_mode=fixed|stop_points=60|target_mode=rr|time_exit=12:00|touch_tolerance=5,or_retest,long,81,-188.5400000000005,-2.3276543209876603,-16.84,0.4691358024691358,0.9568224393237786,-1285.2800000000002,-0.019264575421876276,-0.005108291969058153,48,165.67999999999995,3.4516666666666658,0.4791666666666667,33,-354.2200000000001,-10.733939393939396,0.45454545454545453,236.66,,1152,True,False,False,False,False,False
full_history,or_retest_slip_shape|long|buffer_points=0|confirm_pattern=break_prev|end=10:45|max_risk_points=120|max_stop=120|min_reward_points=8|or_class=normal|rr=1.25|start=10:20|stop_mode=fixed|stop_points=60|target_mode=rr|time_exit=12:00|touch_tolerance=10,or_retest,long,73,-202.32000000000025,-2.771506849315072,-3.34,0.4931506849315068,0.9491285063413355,-1315.6200000000003,-0.023677390950221512,-0.005960312570547887,43,567.8799999999999,13.206511627906973,0.5581395348837209,30,-770.2000000000002,-25.67333333333334,0.4,143.66,,1152,False,False,False,False,False,False
full_history,or_retest_slip_shape|long|buffer_points=0|confirm_pattern=break_prev|end=10:45|max_risk_points=120|max_stop=120|min_reward_points=8|or_class=normal_tight|rr=1.5|start=10:20|stop_mode=fixed|stop_points=30|target_mode=rr|time_exit=12:00|touch_tolerance=10,or_retest,long,126,-202.340000000001,-1.605873015873024,-66.34,0.4365079365079365,0.9556334198708945,-774.4800000000004,-0.022104306215712802,-0.007310312143799416,75,23.999999999999517,0.31999999999999357,0.44,51,-226.34000000000017,-4.438039215686278,0.43137254901960786,83.66,,1152,True,False,False,False,False,False
full_history,or_retest_slip_shape|long|buffer_points=0|confirm_pattern=break_prev|end=11:30|max_risk_points=120|max_stop=120|min_reward_points=8|or_class=normal_tight|rr=1.5|start=10:20|stop_mode=fixed|stop_points=30|target_mode=rr|time_exit=15:55|touch_tolerance=10,or_retest,long,163,-204.4200000000011,-1.2541104294478596,-66.34,0.43558282208588955,0.9665065341914504,-1009.160000000001,-0.016859552599921123,-0.0063418155753932216,97,-625.9800000000005,-6.453402061855675,0.4020618556701031,66,421.5599999999996,6.387272727272721,0.48484848484848486,83.66,,1152,True,False,False,False,False,False
full_history,or_retest_slip_shape|long|buffer_points=0|confirm_pattern=break_prev|end=11:30|max_risk_points=120|max_stop=120|min_reward_points=8|or_class=normal_tight|rr=1.5|start=10:20|stop_mode=fixed|stop_points=30|target_mode=rr|time_exit=12:00|touch_tolerance=10,or_retest,long,163,-212.92000000000098,-1.3062576687116625,-66.34,0.44171779141104295,0.9625631215450179,-763.1600000000003,-0.018350055407915112,-0.006902476593346202,97,-453.9800000000005,-4.680206185567015,0.41237113402061853,66,241.05999999999963,3.652424242424237,0.48484848484848486,83.66,,1152,True,False,False,False,False,False
full_history,or_retest_slip_shape|long|buffer_points=0|confirm_pattern=break_prev|end=10:45|max_risk_points=120|max_stop=120|min_reward_points=8|or_class=normal_tight|rr=2.5|start=10:00|stop_mode=fixed|stop_points=30|target_mode=rr|time_exit=12:00|touch_tolerance=5,or_retest,long,168,-213.6200000000008,-1.2715476190476238,-66.34,0.35119047619047616,0.969557050958663,-1177.0000000000016,-0.014063964525521265,-0.005370765167447908,100,-641.5000000000003,-6.415000000000004,0.33,68,427.87999999999965,6.292352941176466,0.38235294117647056,143.66,,1152,True,False,False,False,False,False
full_history,or_retest_slip_shape|long|buffer_points=0|confirm_pattern=break_prev|end=11:30|max_risk_points=120|max_stop=120|min_reward_points=8|or_class=normal|rr=2|start=10:10|stop_mode=fixed|stop_points=60|target_mode=rr|time_exit=12:00|touch_tolerance=5,or_retest,long,90,-216.10000000000028,-2.4011111111111143,-23.59,0.43333333333333335,0.957164151885887,-1366.1800000000003,-0.019015137635483088,-0.00531489254430685,54,492.13999999999976,9.113703703703699,0.4444444444444444,36,-708.2400000000002,-19.67333333333334,0.4166666666666667,233.66,,1152,True,False,False,False,False,False
full_history,or_retest_slip_shape|long|buffer_points=0|confirm_pattern=break_prev|end=11:30|max_risk_points=120|max_stop=120|min_reward_points=8|or_class=normal_tight|rr=2.5|start=10:20|stop_mode=fixed|stop_points=60|target_mode=rr|time_exit=12:00|touch_tolerance=10,or_retest,long,163,-220.420000000001,-1.352269938650313,-3.34,0.48466257668711654,0.9717321828879799,-1690.8000000000006,-0.012085054099735168,-0.004545861099512733,97,158.5199999999995,1.6342268041237062,0.4845360824742268,66,-378.9400000000004,-5.7415151515151575,0.48484848484848486,293.66,,1152,True,False,False,False,False,False
full_history,or_retest_slip_shape|long|buffer_points=0|confirm_pattern=break_prev|end=10:45|max_risk_points=120|max_stop=120|min_reward_points=8|or_class=normal|rr=1.25|start=10:20|stop_mode=fixed|stop_points=30|target_mode=rr|time_exit=15:55|touch_tolerance=5,or_retest,long,62,-224.0800000000002,-3.6141935483871004,-66.34,0.46774193548387094,0.8976439097029992,-462.06000000000006,-0.05351385987940114,-0.012414690081417042,37,84.41999999999987,2.281621621621618,0.5135135135135135,25,-308.5000000000001,-12.340000000000005,0.4,68.66,,1152,False,False,False,False,False,False
full_history,or_retest_slip_shape|long|buffer_points=0|confirm_pattern=break_prev|end=11:30|max_risk_points=120|max_stop=120|min_reward_points=8|or_class=normal_tight|rr=1.25|start=10:10|stop_mode=fixed|stop_points=30|target_mode=rr|time_exit=12:00|touch_tolerance=5,or_retest,long,169,-236.9600000000012,-1.4021301775148,-14.84,0.47928994082840237,0.9574189745764534,-1304.5600000000018,-0.021293970018046234,-0.008155934907327743,101,-575.8400000000007,-5.701386138613868,0.44554455445544555,68,338.87999999999954,4.9835294117646995,0.5294117647058824,68.66,,1152,True,False,False,False,False,False
full_history,or_retest_slip_filter|long|buffer_points=0|confirm_pattern=break_prev|end=11:00|max_risk_points=120|max_stop=120|min_reward_points=8|or_class=normal_tight|rr=1.25|signal_vs_ema=below|start=10:10|stop_mode=fixed|stop_points=40|target_mode=rr|time_exit=15:55|touch_tolerance=5,or_retest,long,32,-242.8800000000001,-7.590000000000003,-86.34,0.4375,0.843718631765887,-740.4600000000002,-0.08366134387250661,-0.013943557312084437,19,159.53999999999994,8.396842105263154,0.5263157894736842,13,-402.4200000000002,-30.95538461538463,0.3076923076923077,93.66,,1152,False,False,False,False,False,False
full_history,or_retest_slip_shape|long|buffer_points=0|confirm_pattern=break_prev|end=10:45|max_risk_points=120|max_stop=120|min_reward_points=8|or_class=normal_tight|rr=2.5|start=10:00|stop_mode=fixed|stop_points=30|target_mode=rr|time_exit=12:00|touch_tolerance=10,or_retest,long,183,-273.2200000000008,-1.4930054644808788,-66.34,0.34972677595628415,0.9644266098645129,-1254.220000000001,-0.016487585425344876,-0.006571376707341741,109,-933.0600000000005,-8.560183486238536,0.3211009174311927,74,659.8399999999993,8.916756756756747,0.3918918918918919,143.66,,1152,True,False,False,False,False,False
full_history,or_retest_slip_shape|long|buffer_points=0|confirm_pattern=break_prev|end=10:45|max_risk_points=120|max_stop=120|min_reward_points=8|or_class=normal_tight|rr=1.25|start=10:10|stop_mode=fixed|stop_points=30|target_mode=rr|time_exit=12:00|touch_tolerance=10,or_retest,long,150,-277.0000000000007,-1.8466666666666711,-66.34,0.47333333333333333,0.9455941045221702,-1031.4600000000014,-0.02763714148039056,-0.009972694420834542,90,-421.1000000000006,-4.6788888888888955,0.4444444444444444,60,144.0999999999999,2.401666666666665,0.5166666666666667,68.66,,1152,True,False,False,False,False,False
full_history,or_retest_slip_shape|long|buffer_points=0|confirm_pattern=break_prev|end=10:45|max_risk_points=120|max_stop=120|min_reward_points=8|or_class=normal_tight|rr=2|start=10:10|stop_mode=fixed|stop_points=60|target_mode=rr|time_exit=12:00|touch_tolerance=5,or_retest,long,136,-282.24000000000075,-2.0752941176470645,-7.09,0.47058823529411764,0.9610379929265401,-1461.1600000000008,-0.017090813076828595,-0.005872268961954322,81,100.45999999999961,1.240246913580242,0.4567901234567901,55,-382.70000000000016,-6.958181818181821,0.4909090909090909,233.66,,1152,True,False,False,False,False,False
full_history,or_retest_slip_shape|long|buffer_points=0|confirm_pattern=break_prev|end=10:45|max_risk_points=120|max_stop=120|min_reward_points=8|or_class=normal_tight|rr=1.25|start=10:20|stop_mode=fixed|stop_points=30|target_mode=rr|time_exit=15:55|touch_tolerance=10,or_retest,long,126,-284.84000000000106,-2.260634920634929,-66.34,0.47619047619047616,0.9349448662080552,-726.4800000000004,-0.03348359964273432,-0.011073659706740775,75,128.49999999999963,1.7133333333333285,0.5066666666666667,51,-413.34000000000026,-8.104705882352945,0.43137254901960786,68.66,,1152,True,False,False,False,False,False
full_history,or_retest_slip_shape|long|buffer_points=0|confirm_pattern=break_prev|end=11:30|max_risk_points=120|max_stop=120|min_reward_points=8|or_class=normal_tight|rr=1.25|start=10:10|stop_mode=fixed|stop_points=30|target_mode=rr|time_exit=12:00|touch_tolerance=10,or_retest,long,182,-289.3800000000007,-1.5900000000000036,-23.09,0.47802197802197804,0.9520043786177492,-1096.260000000002,-0.024107228828409603,-0.00958201275706193,109,-701.5600000000007,-6.4363302752293645,0.44036697247706424,73,412.1799999999996,5.646301369863008,0.5342465753424658,68.66,,1152,True,False,False,False,False,False
full_history,or_retest_slip_shape|long|buffer_points=0|confirm_pattern=break_prev|end=10:45|max_risk_points=120|max_stop=120|min_reward_points=8|or_class=normal|rr=2|start=10:20|stop_mode=fixed|stop_points=60|target_mode=rr|time_exit=12:00|touch_tolerance=10,or_retest,long,73,-292.3200000000005,-4.004383561643842,-31.34,0.4520547945205479,0.9312931885488647,-1314.3200000000004,-0.0309783040296555,-0.007798172328631612,43,461.8799999999999,10.741395348837207,0.5116279069767442,30,-754.2000000000002,-25.140000000000004,0.36666666666666664,233.66,,1152,False,False,False,False,False,False
full_history,or_retest_slip_shape|long|buffer_points=0|confirm_pattern=break_prev|end=10:45|max_risk_points=120|max_stop=120|min_reward_points=8|or_class=normal_tight|rr=1.25|start=10:10|stop_mode=fixed|stop_points=30|target_mode=rr|time_exit=12:00|touch_tolerance=5,or_retest,long,136,-293.24000000000063,-2.15617647058824,-66.34,0.47058823529411764,0.936623888583914,-1081.3800000000006,-0.032307373083725235,-0.01110055930920301,81,-499.0400000000003,-6.160987654320992,0.43209876543209874,55,205.79999999999976,3.7418181818181773,0.5272727272727272,68.66,,1152,True,False,False,False,False,False
full_history,or_retest_slip_shape|long|buffer_points=0|confirm_pattern=break_prev|end=11:00|max_risk_points=120|max_stop=120|min_reward_points=8|or_class=normal|rr=2|start=10:10|stop_mode=fixed|stop_points=60|target_mode=rr|time_exit=12:00|touch_tolerance=10,or_retest,long,92,-293.28000000000077,-3.1878260869565302,-20.59,0.44565217391304346,0.9435711344649376,-1362.6800000000003,-0.025303855893731537,-0.007150795854864018,55,516.7999999999997,9.396363636363631,0.4727272727272727,37,-810.0800000000003,-21.89405405405406,0.40540540540540543,233.66,,1152,True,False,False,False,False,False
full_history,or_retest_slip_shape|long|buffer_points=0|confirm_pattern=break_prev|end=10:45|max_risk_points=120|max_stop=120|min_reward_points=8|or_class=normal_tight|rr=2.5|start=10:20|stop_mode=fixed|stop_points=30|target_mode=rr|time_exit=12:00|touch_tolerance=5,or_retest,long,112,-296.0800000000008,-2.6435714285714353,-66.34,0.3482142857142857,0.9352734395494844,-905.8600000000004,-0.030154297372508205,-0.009402254125568617,67,-344.7800000000003,-5.145970149253736,0.3283582089552239,45,48.69999999999982,1.0822222222222182,0.37777777777777777,143.66,,1152,True,False,False,False,False,False
full_history,or_retest_slip_shape|long|buffer_points=0|confirm_pattern=break_prev|end=11:30|max_risk_points=120|max_stop=120|min_reward_points=8|or_class=normal_tight|rr=1.25|start=10:20|stop_mode=fixed|stop_points=30|target_mode=rr|time_exit=15:55|touch_tolerance=10,or_retest,long,163,-309.420000000001,-1.898282208588963,-66.34,0.4785276073619632,0.9451275958076922,-749.6800000000003,-0.028118933945900388,-0.010577095222704697,97,-385.9800000000005,-3.9791752577319635,0.4639175257731959,66,76.55999999999966,1.1599999999999948,0.5,68.66,,1152,True,False,False,False,False,False
full_history,or_retest_slip_shape|long|buffer_points=0|confirm_pattern=break_prev|end=10:45|max_risk_points=120|max_stop=120|min_reward_points=8|or_class=normal_tight|rr=2.5|start=10:10|stop_mode=fixed|stop_points=60|target_mode=rr|time_exit=12:00|touch_tolerance=10,or_retest,long,150,-328.50000000000125,-2.1900000000000084,-3.59,0.48,0.9579628691205597,-1513.5400000000009,-0.01835836484747208,-0.006624504304105856,90,-145.10000000000065,-1.6122222222222293,0.4666666666666667,60,-183.40000000000023,-3.0566666666666706,0.5,293.66,,1152,True,False,False,False,False,False
full_history,or_retest_slip_shape|long|buffer_points=0|confirm_pattern=break_prev|end=11:00|max_risk_points=120|max_stop=120|min_reward_points=8|or_class=normal|rr=2.5|start=10:10|stop_mode=fixed|stop_points=60|target_mode=rr|time_exit=12:00|touch_tolerance=5,or_retest,long,83,-335.2200000000004,-4.038795180722897,-10.84,0.4457831325301205,0.9278653107072302,-1220.0000000000005,-0.03286448255180117,-0.008821442454169616,49,223.83999999999983,4.568163265306119,0.4489795918367347,34,-559.0600000000002,-16.442941176470594,0.4411764705882353,236.66,,1152,True,False,False,False,False,False
full_history,or_retest_slip_filter|long|buffer_points=0|confirm_pattern=break_prev|end=11:00|max_risk_points=120|max_stop=120|min_reward_points=8|or_class=normal|rr=2|signal_vs_ema=below|start=10:10|stop_mode=fixed|stop_points=40|target_mode=rr|time_exit=15:55|touch_tolerance=5,or_retest,long,18,-354.1200000000001,-19.67333333333334,-86.34,0.2777777777777778,0.6845031271716469,-661.44,-0.17785691033961987,-0.022232113792452483,10,-143.40000000000003,-14.340000000000003,0.3,8,-210.72000000000003,-26.340000000000003,0.25,153.66,,1152,False,False,False,False,False,False
full_history,or_retest_slip_shape|long|buffer_points=0|confirm_pattern=break_prev|end=11:30|max_risk_points=120|max_stop=120|min_reward_points=8|or_class=normal|rr=2.5|start=10:20|stop_mode=fixed|stop_points=60|target_mode=rr|time_exit=12:00|touch_tolerance=10,or_retest,long,90,-362.60000000000053,-4.028888888888895,-21.84,0.4666666666666667,0.9261931029429126,-1413.0000000000005,-0.03360746225972766,-0.00939357127050122,54,91.63999999999965,1.6970370370370305,0.48148148148148145,36,-454.2400000000002,-12.617777777777782,0.4444444444444444,236.66,,1152,True,False,False,False,False,False
full_history,or_retest_slip_shape|long|buffer_points=0|confirm_pattern=break_prev|end=10:45|max_risk_points=120|max_stop=120|min_reward_points=8|or_class=normal_tight|rr=2.5|start=10:20|stop_mode=fixed|stop_points=60|target_mode=rr|time_exit=12:00|touch_tolerance=10,or_retest,long,126,-368.84000000000054,-2.9273015873015917,-5.84,0.48412698412698413,0.9418288490048258,-1394.4000000000005,-0.02542923934397877,-0.008409930416713389,75,442.49999999999955,5.899999999999994,0.5066666666666667,51,-811.3400000000006,-15.908627450980404,0.45098039215686275,293.66,,1152,True,False,False,False,False,False
full_history,or_retest_slip_shape|long|buffer_points=0|confirm_pattern=break_prev|end=10:45|max_risk_points=120|max_stop=120|min_reward_points=8|or_class=normal_tight|rr=1.25|start=10:10|stop_mode=fixed|stop_points=30|target_mode=rr|time_exit=15:55|touch_tolerance=10,or_retest,long,150,-392.0000000000009,-2.6133333333333395,-66.34,0.47333333333333333,0.9252031155192079,-1105.9600000000019,-0.03872784432044573,-0.013974707089714539,90,-461.6000000000005,-5.128888888888894,0.45555555555555555,60,69.59999999999991,1.1599999999999986,0.5,68.66,,1152,True,False,False,False,False,False
full_history,or_retest_slip_shape|long|buffer_points=0|confirm_pattern=break_prev|end=10:45|max_risk_points=120|max_stop=120|min_reward_points=8|or_class=normal|rr=2.5|start=10:10|stop_mode=fixed|stop_points=60|target_mode=rr|time_exit=15:55|touch_tolerance=5,or_retest,long,74,-400.65999999999997,-5.4143243243243235,-126.34,0.33783783783783783,0.9320588215344334,-1870.3200000000002,-0.03146929558050361,-0.007975843833831948,44,485.03999999999996,11.023636363636363,0.36363636363636365,30,-885.6999999999999,-29.52333333333333,0.3,293.66,,1152,False,False,False,False,False,False
full_history,or_retest_slip_shape|long|buffer_points=0|confirm_pattern=break_prev|end=10:45|max_risk_points=120|max_stop=120|min_reward_points=8|or_class=normal|rr=2|start=10:10|stop_mode=fixed|stop_points=60|target_mode=rr|time_exit=15:55|touch_tolerance=5,or_retest,long,74,-403.6600000000009,-5.454864864864876,-126.34,0.36486486486486486,0.9284858835534892,-1969.6800000000007,-0.034245420976121294,-0.00867944848115997,44,709.0399999999996,16.114545454545446,0.4090909090909091,30,-1112.6999999999998,-37.089999999999996,0.3,233.66,,1152,False,False,False,False,False,False
full_history,or_retest_slip_shape|long|buffer_points=0|confirm_pattern=break_prev|end=10:45|max_risk_points=120|max_stop=120|min_reward_points=8|or_class=normal_tight|rr=1.25|start=10:10|stop_mode=fixed|stop_points=30|target_mode=rr|time_exit=15:55|touch_tolerance=5,or_retest,long,136,-408.24000000000063,-3.0017647058823576,-66.34,0.47058823529411764,0.914531202894181,-1081.3800000000008,-0.04449349968807941,-0.015287616572278156,81,-539.5400000000003,-6.660987654320992,0.4444444444444444,55,131.29999999999976,2.3872727272727228,0.509090909090909,68.66,,1152,True,False,False,False,False,False
full_history,or_retest_slip_shape|long|buffer_points=0|confirm_pattern=break_prev|end=11:00|max_risk_points=120|max_stop=120|min_reward_points=8|or_class=normal|rr=2.5|start=10:10|stop_mode=fixed|stop_points=60|target_mode=rr|time_exit=15:55|touch_tolerance=10,or_retest,long,92,-414.280000000001,-4.503043478260881,-126.34,0.34782608695652173,0.9431472917152698,-1965.9000000000005,-0.02642237689209273,-0.007466886625861532,55,674.7999999999997,12.269090909090904,0.38181818181818183,37,-1089.0800000000002,-29.4345945945946,0.2972972972972973,293.66,,1152,True,False,False,False,False,False
full_history,or_retest_slip_shape|long|buffer_points=0|confirm_pattern=break_prev|end=11:30|max_risk_points=120|max_stop=120|min_reward_points=8|or_class=normal_tight|rr=1.25|start=10:10|stop_mode=fixed|stop_points=30|target_mode=rr|time_exit=15:55|touch_tolerance=5,or_retest,long,169,-437.4600000000013,-2.5885207100591794,-66.34,0.47337278106508873,0.9259077344154892,-1387.5600000000018,-0.038364808736219044,-0.014694342225498752,101,-786.3400000000007,-7.785544554455453,0.43564356435643564,68,348.87999999999954,5.130588235294111,0.5294117647058824,68.66,,1152,True,False,False,False,False,False
full_history,or_retest_slip_filter|long|buffer_points=0|confirm_pattern=break_prev|end=11:00|max_risk_points=120|max_signal_ema_slope=10|max_stop=120|min_reward_points=8|or_class=normal_tight|rr=1.25|start=10:10|stop_mode=fixed|stop_points=40|target_mode=rr|time_exit=15:55|touch_tolerance=5,or_retest,long,88,-448.9200000000003,-5.10136363636364,-86.34,0.45454545454545453,0.8916782487838775,-1306.7400000000011,-0.05689349420350673,-0.01572453110710764,52,-580.6800000000003,-11.166923076923082,0.4230769230769231,36,131.7599999999999,3.6599999999999975,0.5,93.66,,1152,True,False,False,False,False,False
full_history,or_retest_slip_shape|long|buffer_points=0|confirm_pattern=break_prev|end=10:45|max_risk_points=120|max_stop=120|min_reward_points=8|or_class=normal_tight|rr=2.5|start=10:10|stop_mode=fixed|stop_points=60|target_mode=rr|time_exit=12:00|touch_tolerance=5,or_retest,long,136,-479.24000000000063,-3.5238235294117692,-7.09,0.47058823529411764,0.9338429979099885,-1335.1600000000008,-0.029284590572107905,-0.010061955010980669,81,-113.04000000000022,-1.3955555555555583,0.4567901234567901,55,-366.20000000000016,-6.658181818181821,0.4909090909090909,293.66,,1152,True,False,False,False,False,False
full_history,or_retest_slip_shape|long|buffer_points=0|confirm_pattern=break_prev|end=11:00|max_risk_points=120|max_stop=120|min_reward_points=8|or_class=normal|rr=2|start=10:10|stop_mode=fixed|stop_points=60|target_mode=rr|time_exit=15:55|touch_tolerance=10,or_retest,long,92,-488.780000000001,-5.312826086956533,-126.34,0.3695652173913043,0.9305139731199761,-2035.7800000000007,-0.0334789223968411,-0.009461045798950811,55,887.2999999999996,16.132727272727266,0.41818181818181815,37,-1376.0799999999997,-37.191351351351344,0.2972972972972973,233.66,,1152,True,False,False,False,False,False
full_history,or_retest_slip_shape|long|buffer_points=0|confirm_pattern=break_prev|end=11:30|max_risk_points=120|max_stop=120|min_reward_points=8|or_class=normal_tight|rr=1.25|start=10:10|stop_mode=fixed|stop_points=30|target_mode=rr|time_exit=15:55|touch_tolerance=10,or_retest,long,182,-489.8800000000008,-2.691648351648356,-66.34,0.4725274725274725,0.9230793387599229,-1179.2600000000023,-0.039899931895175114,-0.015859212153614112,109,-912.060000000001,-8.367522935779826,0.43119266055045874,73,422.1799999999996,5.783287671232872,0.5342465753424658,68.66,,1152,True,False,False,False,False,False
full_history,or_retest_slip_shape|long|buffer_points=0|confirm_pattern=break_prev|end=11:30|max_risk_points=120|max_stop=120|min_reward_points=8|or_class=normal|rr=2|start=10:10|stop_mode=fixed|stop_points=60|target_mode=rr|time_exit=12:00|touch_tolerance=10,or_retest,long,97,-494.98000000000053,-5.1028865979381495,-30.34,0.4329896907216495,0.9107613535976342,-1489.0200000000004,-0.04078106174103978,-0.011833634630937923,58,293.77999999999975,5.065172413793099,0.4482758620689655,39,-788.7600000000002,-20.22461538461539,0.41025641025641024,233.66,,1152,True,False,False,False,False,False
full_history,or_retest_slip_shape|long|buffer_points=0|confirm_pattern=break_prev|end=10:45|max_risk_points=120|max_stop=120|min_reward_points=8|or_class=normal|rr=2.5|start=10:20|stop_mode=fixed|stop_points=60|target_mode=rr|time_exit=12:00|touch_tolerance=5,or_retest,long,62,-495.58000000000027,-7.993225806451617,-30.84,0.45161290322580644,0.8645978481227081,-1293.1000000000004,-0.06374814520112498,-0.014788943793639058,37,69.91999999999985,1.8897297297297255,0.4864864864864865,25,-565.5000000000001,-22.620000000000005,0.4,236.66,,1152,False,False,False,False,False,False
full_history,or_retest_slip_shape|long|buffer_points=0|confirm_pattern=break_prev|end=10:45|max_risk_points=120|max_stop=120|min_reward_points=8|or_class=normal_tight|rr=2.5|start=10:20|stop_mode=fixed|stop_points=30|target_mode=rr|time_exit=12:00|touch_tolerance=10,or_retest,long,126,-498.84000000000106,-3.9590476190476274,-66.34,0.3412698412698413,0.904760086449829,-1052.380000000001,-0.04516200994816596,-0.014935930878834021,75,-149.50000000000054,-1.9933333333333405,0.3466666666666667,51,-349.34000000000015,-6.84980392156863,0.3333333333333333,143.66,,1152,True,False,False,False,False,False
full_history,or_retest_slip_shape|long|buffer_points=0|confirm_pattern=break_prev|end=10:45|max_risk_points=120|max_stop=120|min_reward_points=8|or_class=normal|rr=2.5|start=10:10|stop_mode=fixed|stop_points=60|target_mode=rr|time_exit=15:55|touch_tolerance=10,or_retest,long,82,-571.3800000000001,-6.968048780487806,-126.34,0.32926829268292684,0.9141453299675439,-2375.6800000000003,-0.04025204887294493,-0.010739119572695221,49,273.34000000000003,5.5783673469387764,0.3469387755102041,33,-844.72,-25.597575757575758,0.30303030303030304,293.66,,1152,True,False,False,False,False,False
full_history,or_retest_slip_shape|long|buffer_points=0|confirm_pattern=break_prev|end=11:30|max_risk_points=120|max_stop=120|min_reward_points=8|or_class=normal|rr=2.5|start=10:10|stop_mode=fixed|stop_points=60|target_mode=rr|time_exit=12:00|touch_tolerance=5,or_retest,long,90,-572.1000000000005,-6.356666666666672,-23.59,0.43333333333333335,0.8865969981208518,-1394.6800000000007,-0.0526158270904501,-0.014706570758327677,54,182.63999999999982,3.382222222222219,0.4444444444444444,36,-754.7400000000002,-20.965000000000007,0.4166666666666667,236.66,,1152,True,False,False,False,False,False
full_history,or_retest_slip_shape|long|buffer_points=0|confirm_pattern=break_prev|end=11:30|max_risk_points=120|max_stop=120|min_reward_points=8|or_class=normal|rr=2.5|start=10:10|stop_mode=fixed|stop_points=60|target_mode=rr|time_exit=15:55|touch_tolerance=5,or_retest,long,90,-581.6000000000004,-6.462222222222226,-126.34,0.34444444444444444,0.9187773023338954,-1969.3000000000006,-0.03826015125288321,-0.010694037378858826,54,801.1399999999999,14.835925925925924,0.3888888888888889,36,-1382.7399999999996,-38.40944444444443,0.2777777777777778,293.66,,1152,True,False,False,False,False,False
full_history,or_retest_slip_shape|long|buffer_points=0|confirm_pattern=break_prev|end=11:30|max_risk_points=120|max_stop=120|min_reward_points=8|or_class=normal|rr=2|start=10:10|stop_mode=fixed|stop_points=60|target_mode=rr|time_exit=15:55|touch_tolerance=5,or_retest,long,90,-596.1000000000008,-6.623333333333343,-126.34,0.36666666666666664,0.9137072444802167,-2162.120000000001,-0.04193917416523051,-0.011722355544207303,54,1013.6399999999995,18.771111111111104,0.42592592592592593,36,-1609.7399999999998,-44.714999999999996,0.2777777777777778,233.66,,1152,True,False,False,False,False,False
full_history,or_retest_slip_shape|long|buffer_points=0|confirm_pattern=break_prev|end=10:45|max_risk_points=120|max_stop=120|min_reward_points=8|or_class=normal|rr=2|start=10:10|stop_mode=fixed|stop_points=60|target_mode=rr|time_exit=12:00|touch_tolerance=5,or_retest,long,74,-632.6600000000005,-8.549459459459467,-35.84,0.40540540540540543,0.859921265770094,-1427.8400000000004,-0.06580395474013585,-0.016677909593280763,44,251.03999999999974,5.70545454545454,0.4318181818181818,30,-883.7,-29.456666666666667,0.36666666666666664,233.66,,1152,False,False,False,False,False,False
full_history,or_retest_slip_shape|long|buffer_points=0|confirm_pattern=break_prev|end=11:00|max_risk_points=120|max_stop=120|min_reward_points=8|or_class=normal|rr=2.5|start=10:10|stop_mode=fixed|stop_points=60|target_mode=rr|time_exit=12:00|touch_tolerance=10,or_retest,long,92,-649.2800000000007,-7.057391304347833,-20.59,0.44565217391304346,0.8750745573697312,-1391.1800000000003,-0.05851578527890493,-0.016536390207634876,55,207.29999999999978,3.769090909090905,0.4727272727272727,37,-856.5800000000003,-23.150810810810817,0.40540540540540543,236.66,,1152,True,False,False,False,False,False
full_history,or_retest_slip_shape|long|buffer_points=0|confirm_pattern=break_prev|end=10:45|max_risk_points=120|max_stop=120|min_reward_points=8|or_class=normal|rr=2|start=10:10|stop_mode=fixed|stop_points=60|target_mode=rr|time_exit=15:55|touch_tolerance=10,or_retest,long,82,-694.3800000000007,-8.468048780487813,-126.34,0.35365853658536583,0.891545828829898,-2475.040000000001,-0.05318398109145617,-0.014189318265411392,49,437.3399999999996,8.925306122448971,0.3877551020408163,33,-1131.72,-34.29454545454546,0.30303030303030304,233.66,,1152,True,False,False,False,False,False
full_history,or_retest_slip_shape|long|buffer_points=0|confirm_pattern=break_prev|end=10:45|max_risk_points=120|max_stop=120|min_reward_points=8|or_class=normal|rr=2.5|start=10:20|stop_mode=fixed|stop_points=60|target_mode=rr|time_exit=12:00|touch_tolerance=10,or_retest,long,73,-704.8200000000005,-9.655068493150692,-31.34,0.4520547945205479,0.8343393033422647,-1342.8200000000002,-0.07916823253556499,-0.01992902902865536,43,96.87999999999991,2.2530232558139516,0.5116279069767442,30,-801.7000000000002,-26.72333333333334,0.36666666666666664,236.66,,1152,False,False,False,False,False,False
full_history,or_retest_slip_filter|long|buffer_points=0|confirm_pattern=break_prev|end=11:00|max_risk_points=120|max_signal_ema_slope=10|max_stop=120|min_reward_points=8|or_class=normal_tight|rr=1.5|start=10:10|stop_mode=fixed|stop_points=40|target_mode=rr|time_exit=15:55|touch_tolerance=5,or_retest,long,88,-733.4200000000005,-8.334318181818189,-86.34,0.3977272727272727,0.839725350850739,-1384.780000000001,-0.08587108382965881,-0.023733513783677766,52,-560.6800000000004,-10.7823076923077,0.38461538461538464,36,-172.74000000000015,-4.798333333333337,0.4166666666666667,113.66,,1152,True,False,False,False,False,False
full_history,or_retest_slip_shape|long|buffer_points=0|confirm_pattern=break_prev|end=10:45|max_risk_points=120|max_stop=120|min_reward_points=8|or_class=normal|rr=2|start=10:10|stop_mode=fixed|stop_points=60|target_mode=rr|time_exit=12:00|touch_tolerance=10,or_retest,long,82,-820.3800000000005,-10.004634146341468,-35.84,0.4146341463414634,0.8339419308870678,-1657.2000000000007,-0.07891160797243527,-0.02105336790096248,49,65.83999999999978,1.3436734693877506,0.4489795918367347,33,-886.2200000000001,-26.85515151515152,0.36363636363636365,233.66,,1152,True,False,False,False,False,False
full_history,or_retest_slip_shape|long|buffer_points=0|confirm_pattern=break_prev|end=11:30|max_risk_points=120|max_stop=120|min_reward_points=8|or_class=normal|rr=2.5|start=10:10|stop_mode=fixed|stop_points=60|target_mode=rr|time_exit=12:00|touch_tolerance=10,or_retest,long,97,-850.9800000000006,-8.772989690721655,-30.34,0.4329896907216495,0.8465790470009191,-1517.5200000000004,-0.07314042765465063,-0.021223505731943103,58,-15.720000000000255,-0.2710344827586251,0.4482758620689655,39,-835.2600000000002,-21.416923076923084,0.41025641025641024,236.66,,1152,True,False,False,False,False,False
full_history,or_retest_slip_filter|long|buffer_points=0|confirm_pattern=break_prev|end=11:00|max_risk_points=120|max_signal_ema_slope=10|max_stop=120|min_reward_points=8|or_class=normal_tight|rr=2|start=10:10|stop_mode=fixed|stop_points=40|target_mode=rr|time_exit=15:55|touch_tolerance=5,or_retest,long,88,-869.4200000000006,-9.879772727272735,-86.34,0.32954545454545453,0.8265170924821809,-1622.2800000000009,-0.09027842039433942,-0.02495163725949939,52,-520.6800000000004,-10.01307692307693,0.3269230769230769,36,-348.74000000000024,-9.687222222222228,0.3333333333333333,153.66,,1152,True,False,False,False,False,False
full_history,or_retest_slip_shape|long|buffer_points=0|confirm_pattern=break_prev|end=10:45|max_risk_points=120|max_stop=120|min_reward_points=8|or_class=normal|rr=2.5|start=10:10|stop_mode=fixed|stop_points=60|target_mode=rr|time_exit=12:00|touch_tolerance=5,or_retest,long,74,-988.6600000000005,-13.360270270270277,-35.84,0.40540540540540543,0.7810984709263447,-1460.8400000000006,-0.10847012865957885,-0.027491584761129725,44,-58.46000000000018,-1.3286363636363676,0.4318181818181818,30,-930.2,-31.006666666666668,0.36666666666666664,236.66,,1152,False,False,False,False,False,False
full_history,or_retest_slip_shape|long|buffer_points=0|confirm_pattern=break_prev|end=11:30|max_risk_points=120|max_stop=120|min_reward_points=8|or_class=normal|rr=2.5|start=10:10|stop_mode=fixed|stop_points=60|target_mode=rr|time_exit=15:55|touch_tolerance=10,or_retest,long,97,-1045.9800000000007,-10.783298969072172,-126.34,0.32989690721649484,0.8679084686687041,-2348.32,-0.06413934425106847,-0.018611618553601224,58,295.7799999999997,5.0996551724137875,0.3620689655172414,39,-1341.7599999999998,-34.40410256410256,0.28205128205128205,293.66,,1152,True,False,False,False,False,False
full_history,or_retest_slip_shape|long|buffer_points=0|confirm_pattern=break_prev|end=11:30|max_risk_points=120|max_stop=120|min_reward_points=8|or_class=normal|rr=2|start=10:10|stop_mode=fixed|stop_points=60|target_mode=rr|time_exit=15:55|touch_tolerance=10,or_retest,long,97,-1120.4800000000007,-11.551340206185575,-126.34,0.35051546391752575,0.8538361996994487,-2541.1400000000012,-0.07365614224834355,-0.02137315308821738,58,508.27999999999963,8.763448275862062,0.39655172413793105,39,-1628.7599999999995,-41.76307692307691,0.28205128205128205,233.66,,1152,True,False,False,False,False,False
full_history,or_retest_slip_shape|long|buffer_points=0|confirm_pattern=break_prev|end=10:45|max_risk_points=120|max_stop=120|min_reward_points=8|or_class=normal|rr=2.5|start=10:10|stop_mode=fixed|stop_points=60|target_mode=rr|time_exit=12:00|touch_tolerance=10,or_retest,long,82,-1176.38,-14.346097560975611,-35.84,0.4146341463414634,0.7618818214204746,-1690.2000000000003,-0.1190443774952164,-0.03176066411957191,49,-243.66000000000022,-4.972653061224494,0.4489795918367347,33,-932.7200000000001,-28.26424242424243,0.36363636363636365,236.66,,1152,True,False,False,False,False,False
