scope,rule_id,family,direction,trades,total_pnl,avg_pnl,median_pnl,win_rate,profit_factor,max_drawdown,sharpe_trade,adjusted_t,is_trades,is_pnl,is_avg,is_win_rate,oos_trades,oos_pnl,oos_avg,oos_win_rate,largest_day_pnl,largest_day_concentration,rules_tried,passes_n80,passes_oos,passes_concentration,passes_pf,passes_adjusted_t,passes_all_core,slippage_rt
full_history,or_retest_slip_shape|long|buffer_points=0|confirm_pattern=break_prev|end=11:00|max_risk_points=120|max_stop=120|min_reward_points=8|or_class=normal_tight|rr=1.25|start=10:00|stop_mode=fixed|stop_points=60|target_mode=rr|time_exit=15:55|touch_tolerance=10,or_retest,long,196,6102.859999999998,31.137040816326518,147.66,0.576530612244898,1.6098761632183172,-683.3999999999993,0.2368033360379712,0.09767639275336028,117,3907.2199999999984,33.39504273504272,0.5811965811965812,79,2195.64,27.792911392405063,0.569620253164557,147.66,0.02419521339175404,1152,True,True,True,True,False,True,1.0
full_history,or_retest_slip_shape|long|buffer_points=0|confirm_pattern=break_prev|end=11:30|max_risk_points=120|max_stop=120|min_reward_points=8|or_class=normal_tight|rr=1.25|start=10:00|stop_mode=fixed|stop_points=60|target_mode=rr|time_exit=15:55|touch_tolerance=10,or_retest,long,209,5640.439999999997,26.987751196172233,147.66,0.5645933014354066,1.5134468897012774,-790.2800000000025,0.20522167991831752,0.08741181579563916,125,3658.4999999999973,29.26799999999998,0.576,84,1981.94,23.59452380952381,0.5476190476190477,147.66,0.02617880874541704,1152,True,True,True,True,False,True,1.0
full_history,or_retest_slip_shape|long|buffer_points=0|confirm_pattern=break_prev|end=11:00|max_risk_points=120|max_stop=120|min_reward_points=8|or_class=normal_tight|rr=1.25|start=10:00|stop_mode=fixed|stop_points=60|target_mode=rr|time_exit=15:55|touch_tolerance=5,or_retest,long,183,5533.279999999997,30.23650273224042,147.66,0.5737704918032787,1.5889588313808805,-683.3999999999994,0.23001976114811895,0.09167785710535248,109,3265.9399999999982,29.962752293577964,0.5688073394495413,74,2267.3399999999992,30.63972972972972,0.581081081081081,147.66,0.026685799381198867,1152,True,True,True,True,False,True,1.0
full_history,or_retest_slip_shape|long|buffer_points=0|confirm_pattern=break_prev|end=10:45|max_risk_points=120|max_stop=120|min_reward_points=8|or_class=normal_tight|rr=1.25|start=10:00|stop_mode=fixed|stop_points=60|target_mode=rr|time_exit=15:55|touch_tolerance=10,or_retest,long,183,5503.279999999998,30.07256830601092,147.66,0.5737704918032787,1.583901148220375,-748.5800000000017,0.2284731841293041,0.09106144542739221,109,3805.9399999999987,34.91688073394494,0.5871559633027523,74,1697.3399999999997,22.93702702702702,0.5540540540540541,147.66,0.026831271532613287,1152,True,True,True,True,False,True,1.0
full_history,or_retest_slip_shape|long|buffer_points=0|confirm_pattern=break_prev|end=11:00|max_risk_points=120|max_stop=120|min_reward_points=8|or_class=normal_tight|rr=1.25|start=10:00|stop_mode=fixed|stop_points=60|target_mode=rr|time_exit=12:00|touch_tolerance=10,or_retest,long,196,5319.359999999999,27.139591836734688,46.66,0.5918367346938775,1.6674060876765953,-613.6000000000001,0.23562378953618396,0.09718985464411276,117,3509.2199999999984,29.99333333333332,0.5897435897435898,79,1810.1399999999999,22.913164556962023,0.5949367088607594,147.66,0.027758978523732183,1152,True,True,True,True,False,True,1.0
full_history,or_retest_slip_shape|long|buffer_points=0|confirm_pattern=break_prev|end=11:30|max_risk_points=120|max_stop=120|min_reward_points=8|or_class=normal_tight|rr=1.25|start=10:00|stop_mode=fixed|stop_points=60|target_mode=rr|time_exit=12:00|touch_tolerance=10,or_retest,long,209,5199.939999999999,24.880095693779896,38.66,0.5885167464114832,1.6088751604170373,-827.4600000000028,0.21759325079568748,0.09268134421517935,125,3552.4999999999986,28.419999999999987,0.592,84,1647.4399999999996,19.61238095238095,0.5833333333333334,147.66,0.028396481497863443,1152,True,True,True,True,False,True,1.0
full_history,or_retest_slip_shape|long|buffer_points=0|confirm_pattern=break_prev|end=11:30|max_risk_points=120|max_stop=120|min_reward_points=8|or_class=normal_tight|rr=1.25|start=10:00|stop_mode=fixed|stop_points=60|target_mode=rr|time_exit=15:55|touch_tolerance=5,or_retest,long,195,5193.199999999997,26.631794871794856,147.66,0.5641025641025641,1.506584466511891,-704.4599999999999,0.2027628535768714,0.08342178162480457,117,2875.2199999999984,24.5745299145299,0.5555555555555556,78,2317.9799999999996,29.717692307692303,0.5769230769230769,147.66,0.02843333590079336,1152,True,True,True,True,False,True,1.0
full_history,or_retest_slip_shape|long|buffer_points=0|confirm_pattern=break_prev|end=11:00|max_risk_points=120|max_stop=120|min_reward_points=8|or_class=normal_tight|rr=1.5|start=10:00|stop_mode=fixed|stop_points=60|target_mode=rr|time_exit=12:00|touch_tolerance=5,or_retest,long,183,4948.279999999999,27.03978142076502,25.66,0.5846994535519126,1.649181222564199,-846.3999999999997,0.22323116678268212,0.08897216007708734,109,3274.9399999999987,30.04532110091742,0.5779816513761468,74,1673.3399999999995,22.612702702702695,0.5945945945945946,177.66,0.03590338461041009,1152,True,True,True,True,False,True,1.0
full_history,or_retest_slip_filter|long|buffer_points=0|confirm_pattern=break_prev|end=11:00|max_risk_points=120|max_stop=120|min_reward_points=8|or_class=normal_tight|rr=2|start=10:00|stop_mode=fixed|stop_points=40|target_mode=rr|time_exit=15:55|touch_tolerance=5,or_retest,long,183,4715.779999999997,25.769289617486322,-82.34,0.4644808743169399,1.584408599485458,-583.4000000000002,0.2187401852513981,0.08718221141775148,109,2902.439999999998,26.62788990825686,0.46788990825688076,74,1813.3399999999997,24.50459459459459,0.4594594594594595,157.66,0.03343243323479893,1152,True,True,True,True,False,True,1.0
full_history,or_retest_slip_shape|long|buffer_points=0|confirm_pattern=break_prev|end=11:00|max_risk_points=120|max_stop=120|min_reward_points=8|or_class=normal_tight|rr=2|start=10:00|stop_mode=fixed|stop_points=40|target_mode=rr|time_exit=15:55|touch_tolerance=5,or_retest,long,183,4715.779999999997,25.769289617486322,-82.34,0.4644808743169399,1.584408599485458,-583.4000000000002,0.2187401852513981,0.08718221141775148,109,2902.439999999998,26.62788990825686,0.46788990825688076,74,1813.3399999999997,24.50459459459459,0.4594594594594595,157.66,0.03343243323479893,1152,True,True,True,True,False,True,1.0
full_history,or_retest_slip_shape|long|buffer_points=0|confirm_pattern=break_prev|end=11:00|max_risk_points=120|max_stop=120|min_reward_points=8|or_class=normal_tight|rr=1.25|start=10:00|stop_mode=fixed|stop_points=60|target_mode=rr|time_exit=12:00|touch_tolerance=5,or_retest,long,183,4704.779999999999,25.709180327868847,38.66,0.5956284153005464,1.632731996890659,-572.880000000001,0.22487390756628897,0.08962689927892342,109,2908.4399999999987,26.682935779816503,0.5871559633027523,74,1796.3399999999997,24.27486486486486,0.6081081081081081,147.66,0.031385101960134165,1152,True,True,True,True,False,True,1.0
full_history,or_retest_slip_shape|long|buffer_points=0|confirm_pattern=break_prev|end=11:30|max_risk_points=120|max_stop=120|min_reward_points=8|or_class=normal_tight|rr=1.5|start=10:00|stop_mode=fixed|stop_points=60|target_mode=rr|time_exit=12:00|touch_tolerance=5,or_retest,long,195,4664.199999999999,23.918974358974353,23.66,0.5743589743589743,1.5728764929277843,-864.9599999999992,0.20008107944302767,0.08231843171522289,117,3173.2199999999984,27.12153846153845,0.5726495726495726,78,1490.98,19.115128205128205,0.5769230769230769,177.66,0.03809013335620257,1152,True,True,True,True,False,True,1.0
full_history,or_retest_slip_shape|long|buffer_points=0|confirm_pattern=break_prev|end=11:00|max_risk_points=120|max_stop=120|min_reward_points=8|or_class=normal_tight|rr=2.5|start=10:10|stop_mode=fixed|stop_points=40|target_mode=rr|time_exit=15:55|touch_tolerance=10,or_retest,long,166,4646.059999999998,27.988313253012034,-82.34,0.42771084337349397,1.59395062833182,-691.4800000000005,0.2118142723340159,0.08040499413390975,99,2648.839999999999,26.755959595959585,0.40404040404040403,67,1997.2199999999991,29.809253731343272,0.4626865671641791,197.66,0.04254357455564502,1152,True,True,True,True,False,True,1.0
full_history,or_retest_slip_shape|long|buffer_points=0|confirm_pattern=break_prev|end=10:45|max_risk_points=120|max_stop=120|min_reward_points=8|or_class=normal_tight|rr=1.25|start=10:00|stop_mode=fixed|stop_points=60|target_mode=rr|time_exit=15:55|touch_tolerance=5,or_retest,long,168,4638.379999999999,27.609404761904756,147.66,0.5654761904761905,1.5262920216218177,-611.7000000000007,0.20959886162293906,0.08004188741364107,100,3016.9999999999995,30.169999999999995,0.57,68,1621.38,23.843823529411765,0.5588235294117647,147.66,0.031834390455288276,1152,True,True,True,True,False,True,1.0
full_history,or_retest_slip_shape|long|buffer_points=0|confirm_pattern=break_prev|end=11:30|max_risk_points=120|max_stop=120|min_reward_points=8|or_class=normal_tight|rr=2|start=10:00|stop_mode=fixed|stop_points=40|target_mode=rr|time_exit=15:55|touch_tolerance=5,or_retest,long,195,4563.699999999997,23.40358974358973,-82.34,0.4564102564102564,1.5228779886434982,-618.5000000000008,0.1994715571457246,0.0820676587798253,117,2359.7199999999984,20.168547008546994,0.4444444444444444,78,2203.979999999999,28.256153846153836,0.47435897435897434,157.66,0.03454653022766617,1152,True,True,True,True,False,True,1.0
full_history,or_retest_slip_filter|long|buffer_points=0|confirm_pattern=break_prev|end=11:00|max_risk_points=120|max_signal_ema_slope=30|max_stop=120|min_reward_points=8|or_class=normal_tight|rr=2|start=10:00|stop_mode=fixed|stop_points=40|target_mode=rr|time_exit=15:55|touch_tolerance=5,or_retest,long,160,4526.0999999999985,28.28812499999999,-82.34,0.475,1.6543859953502893,-658.7200000000001,0.23945260161241,0.0892387157657541,96,2609.359999999999,27.180833333333325,0.46875,64,1916.7399999999998,29.949062499999997,0.484375,157.66,0.034833521132984255,1152,True,True,True,True,False,True,1.0
full_history,or_retest_slip_filter|long|buffer_points=0|confirm_pattern=break_prev|end=11:00|max_risk_points=120|max_signal_volume_ratio=2|max_stop=120|min_reward_points=8|or_class=normal_tight|rr=2|start=10:00|stop_mode=fixed|stop_points=40|target_mode=rr|time_exit=15:55|touch_tolerance=5,or_retest,long,150,4371.999999999998,29.146666666666654,-82.34,0.48,1.6807296824299491,-508.08000000000015,0.24689601289676882,0.08909092469237176,90,2587.8999999999987,28.75444444444443,0.4777777777777778,60,1784.1000000000001,29.735000000000003,0.48333333333333334,157.66,0.036061299176578236,1152,True,True,True,True,False,True,1.0
full_history,or_retest_slip_shape|long|buffer_points=0|confirm_pattern=break_prev|end=11:00|max_risk_points=120|max_stop=120|min_reward_points=8|or_class=normal_tight|rr=2|start=10:10|stop_mode=fixed|stop_points=40|target_mode=rr|time_exit=15:55|touch_tolerance=10,or_retest,long,166,4356.559999999998,26.244337349397576,-82.34,0.46987951807228917,1.6012431823702162,-755.1000000000005,0.2230335199184478,0.08466383621415732,99,2241.339999999999,22.63979797979797,0.4444444444444444,67,2115.2199999999993,31.57044776119402,0.5074626865671642,157.66,0.03618910332923226,1152,True,True,True,True,False,True,1.0
full_history,or_retest_slip_filter|long|buffer_points=0|confirm_pattern=break_prev|end=11:00|max_risk_points=120|max_signal_volume_ratio=2.25|max_stop=120|min_reward_points=8|or_class=normal_tight|rr=2|start=10:00|stop_mode=fixed|stop_points=40|target_mode=rr|time_exit=15:55|touch_tolerance=5,or_retest,long,161,4127.259999999998,25.635155279503095,-82.34,0.4658385093167702,1.5828442476176483,-508.08000000000175,0.2180377619026535,0.08151141154397341,96,2772.8599999999988,28.88395833333332,0.4791666666666667,65,1354.3999999999999,20.836923076923075,0.4461538461538462,157.66,0.03819967726772727,1152,True,True,True,True,False,True,1.0
full_history,or_retest_slip_filter|long|buffer_points=0|confirm_pattern=break_prev|end=11:00|max_risk_points=120|max_stop=120|min_reward_points=8|min_signal_rsi=55|or_class=normal_tight|rr=2|start=10:10|stop_mode=fixed|stop_points=40|target_mode=rr|time_exit=15:55|touch_tolerance=5,or_retest,long,102,3578.819999999999,35.08647058823528,44.16,0.5098039215686274,1.8692786009230016,-432.76000000000016,0.2983017104260954,0.08876251312999478,61,1770.26,29.020655737704917,0.47540983606557374,41,1808.5599999999997,44.11121951219511,0.5609756097560976,157.66,0.04405362661435894,1152,True,True,True,True,False,True,1.0
full_history,or_retest_slip_filter|long|buffer_points=0|confirm_pattern=break_prev|end=11:00|max_risk_points=120|max_stop=120|min_reward_points=8|min_signal_rsi=50|or_class=normal_tight|rr=2|start=10:10|stop_mode=fixed|stop_points=40|target_mode=rr|time_exit=15:55|touch_tolerance=5,or_retest,long,112,3575.419999999999,31.92339285714285,-82.34,0.49107142857142855,1.7618006639138526,-590.4200000000004,0.26995061091972594,0.08417189145099424,67,1756.22,26.21223880597015,0.4626865671641791,45,1819.2,40.42666666666667,0.5333333333333333,157.66,0.04409551884813533,1152,True,True,True,True,False,True,1.0
full_history,or_retest_slip_filter|long|buffer_points=0|confirm_pattern=break_prev|end=11:00|max_risk_points=120|max_stop=120|min_reward_points=8|min_signal_rsi=60|or_class=normal_tight|rr=2|start=10:10|stop_mode=fixed|stop_points=40|target_mode=rr|time_exit=15:55|touch_tolerance=5,or_retest,long,86,3556.2599999999984,41.35186046511626,77.41,0.5348837209302325,2.0797486033519546,-254.0400000000002,0.35090498081583166,0.09587657664879955,51,2353.6599999999994,46.150196078431364,0.5490196078431373,35,1202.6000000000001,34.36000000000001,0.5142857142857142,157.66,0.04433309150624534,1152,True,True,True,True,False,True,1.0
full_history,or_retest_slip_filter|long|buffer_points=0|confirm_pattern=break_prev|end=11:00|max_risk_points=120|max_signal_volume_ratio=2|max_stop=120|min_reward_points=8|or_class=normal|rr=2|start=10:00|stop_mode=fixed|stop_points=40|target_mode=rr|time_exit=15:55|touch_tolerance=5,or_retest,long,82,2846.119999999999,34.708780487804866,-22.340000000000003,0.5,1.843060006990645,-418.7199999999998,0.2915384398761338,0.077781535438093,49,1858.3399999999997,37.92530612244897,0.5102040816326531,33,987.7799999999999,29.93272727272727,0.48484848484848486,157.66,0.0553947128019901,1152,True,True,True,True,False,True,1.0
full_history,or_retest_slip_shape|long|buffer_points=0|confirm_pattern=break_prev|end=11:00|max_risk_points=120|max_stop=120|min_reward_points=8|or_class=normal|rr=1.25|start=10:00|stop_mode=fixed|stop_points=40|target_mode=rr|time_exit=15:55|touch_tolerance=10,or_retest,long,114,2806.239999999999,24.616140350877185,97.66,0.5964912280701754,1.7408940659619172,-448.08000000000175,0.27825405207841153,0.0875321676723005,68,1913.88,28.14529411764706,0.6176470588235294,46,892.3599999999996,19.3991304347826,0.5652173913043478,97.66,0.03480101488112208,1152,True,True,True,True,False,True,1.0
full_history,or_retest_slip_filter|long|buffer_points=0|confirm_pattern=break_prev|end=11:00|max_close_vwap_delta=65|max_risk_points=120|max_stop=120|min_reward_points=8|or_class=normal|rr=1.25|start=10:00|stop_mode=fixed|stop_points=40|target_mode=rr|time_exit=15:55|touch_tolerance=5,or_retest,long,95,2750.6999999999985,28.95473684210525,97.66,0.6210526315789474,1.9279612986802679,-381.0600000000011,0.3308004655588154,0.09499520300993446,57,1919.6200000000001,33.67754385964913,0.6491228070175439,38,831.0799999999997,21.870526315789466,0.5789473684210527,97.66,0.035503689969825884,1152,True,True,True,True,False,True,1.0
full_history,or_retest_slip_filter|long|buffer_points=0|confirm_pattern=break_prev|end=11:00|max_risk_points=120|max_stop=120|min_reward_points=8|min_signal_rsi=60|or_class=normal_tight|rr=1.5|start=10:10|stop_mode=fixed|stop_points=40|target_mode=rr|time_exit=15:55|touch_tolerance=5,or_retest,long,86,2571.7599999999984,29.904186046511608,117.66,0.5697674418604651,1.844146551214804,-294.0400000000002,0.3028796300338606,0.08275477309209896,51,1533.6599999999999,30.07176470588235,0.5686274509803921,35,1038.1,29.659999999999997,0.5714285714285714,117.66,0.04575076990076837,1152,True,True,True,True,False,True,1.0
full_history,or_retest_slip_filter|long|buffer_points=0|confirm_pattern=break_prev|end=11:00|max_risk_points=120|max_signal_volume_ratio=2.5|max_stop=120|min_reward_points=8|or_class=normal|rr=1.25|start=10:00|stop_mode=fixed|stop_points=40|target_mode=rr|time_exit=15:55|touch_tolerance=5,or_retest,long,94,2473.0399999999986,26.30893617021275,97.66,0.6063829787234043,1.8117430036302993,-463.4000000000003,0.29849608208765577,0.08526608493191357,56,1641.96,29.320714285714285,0.625,38,831.0799999999997,21.870526315789466,0.5789473684210527,97.66,0.03948985863552553,1152,True,True,True,True,False,True,1.0
full_history,or_retest_slip_filter|long|buffer_points=0|confirm_pattern=break_prev|end=11:00|max_risk_points=120|max_stop=120|min_reward_points=8|min_signal_rsi=60|or_class=normal_tight|rr=1.25|start=10:10|stop_mode=fixed|stop_points=40|target_mode=rr|time_exit=15:55|touch_tolerance=5,or_retest,long,86,2351.7599999999984,27.34604651162789,97.66,0.6162790697674418,1.8655022412612885,-247.02000000000004,0.31275718763563976,0.08545358462309557,51,1513.6599999999999,29.67960784313725,0.6274509803921569,35,838.0999999999998,23.94571428571428,0.6,97.66,0.04152634622580538,1152,True,True,True,True,False,True,1.0
full_history,or_retest_slip_filter|long|buffer_points=0|confirm_pattern=break_prev|end=11:00|max_risk_points=120|max_signal_volume_ratio=2.25|max_stop=120|min_reward_points=8|or_class=normal|rr=1.5|start=10:00|stop_mode=fixed|stop_points=40|target_mode=rr|time_exit=15:55|touch_tolerance=5,or_retest,long,90,2322.3999999999987,25.80444444444443,117.66,0.5444444444444444,1.6879269181324308,-541.0600000000002,0.25875494307582275,0.07232420527895353,54,1486.64,27.530370370370374,0.5555555555555556,36,835.7599999999998,23.21555555555555,0.5277777777777778,117.66,0.05066310713055462,1152,True,True,True,True,False,True,1.0
full_history,or_retest_slip_filter|long|buffer_points=0|confirm_pattern=break_prev|end=11:00|max_risk_points=120|max_signal_volume_ratio=2|max_stop=120|min_reward_points=8|or_class=normal|rr=1.25|start=10:00|stop_mode=fixed|stop_points=40|target_mode=rr|time_exit=15:55|touch_tolerance=5,or_retest,long,82,2321.119999999999,28.306341463414622,97.66,0.6219512195121951,1.909337365917869,-329.36,0.32464465869784215,0.08661417011088618,49,1138.34,23.23142857142857,0.5918367346938775,33,1182.78,35.841818181818184,0.6666666666666666,97.66,0.04207451575101677,1152,True,True,True,True,False,True,1.0
full_history,or_retest_slip_filter|long|buffer_points=0|confirm_pattern=break_prev|end=11:00|max_close_vwap_delta=65|max_risk_points=120|max_stop=120|min_reward_points=8|or_class=normal|rr=1.5|start=10:00|stop_mode=fixed|stop_points=40|target_mode=rr|time_exit=15:55|touch_tolerance=5,or_retest,long,95,2310.699999999999,24.32315789473683,117.66,0.5368421052631579,1.6377934064963449,-541.0600000000001,0.24363738900462406,0.06996478433066058,57,1439.6200000000001,25.25649122807018,0.543859649122807,38,871.0799999999997,22.923157894736836,0.5263157894736842,117.66,0.05091963474271868,1152,True,True,True,True,False,True,1.0
full_history,or_retest_slip_filter|long|buffer_points=0|confirm_pattern=break_prev|end=11:00|max_risk_points=120|max_signal_rsi=70|max_stop=120|min_reward_points=8|or_class=normal|rr=1.25|start=10:00|stop_mode=fixed|stop_points=40|target_mode=rr|time_exit=15:55|touch_tolerance=5,or_retest,long,82,2201.119999999999,26.84292682926828,97.66,0.6097560975609756,1.835377702210347,-478.72000000000025,0.30490926841950683,0.08134883028478594,49,1318.34,26.90489795918367,0.6122448979591837,33,882.7799999999999,26.750909090909087,0.6060606060606061,97.66,0.04436832158174022,1152,True,True,True,True,False,True,1.0
full_history,or_retest_slip_filter|long|buffer_points=0|confirm_pattern=break_prev|end=11:00|max_risk_points=120|max_signal_rsi=70|max_stop=120|min_reward_points=8|or_class=normal|rr=1.5|start=10:00|stop_mode=fixed|stop_points=40|target_mode=rr|time_exit=15:55|touch_tolerance=5,or_retest,long,82,1981.1199999999994,24.159999999999993,117.66,0.5365853658536586,1.6331641588791013,-458.72000000000025,0.2419550532426625,0.06455284440781034,49,1098.3399999999997,22.415102040816322,0.5306122448979592,33,882.7799999999999,26.750909090909087,0.5454545454545454,117.66,0.05939064771442418,1152,True,True,True,True,False,True,1.0
full_history,or_retest_slip_shape|long|buffer_points=0|confirm_pattern=break_prev|end=11:00|max_risk_points=120|max_stop=120|min_reward_points=8|or_class=normal_tight|rr=2|start=10:00|stop_mode=fixed|stop_points=60|target_mode=rr|time_exit=15:55|touch_tolerance=10,or_retest,long,196,5968.359999999999,30.450816326530607,-71.34,0.4897959183673469,1.497591396056526,-1015.2600000000057,0.18749728459748108,0.07733868414588335,117,4935.719999999999,42.18564102564102,0.5128205128205128,79,1032.6399999999992,13.07139240506328,0.45569620253164556,237.66,0.03981998404921956,1152,True,False,True,False,False,False,1.0
full_history,or_retest_slip_shape|long|buffer_points=0|confirm_pattern=break_prev|end=11:00|max_risk_points=120|max_stop=120|min_reward_points=8|or_class=normal_tight|rr=2|start=10:00|stop_mode=fixed|stop_points=60|target_mode=rr|time_exit=15:55|touch_tolerance=5,or_retest,long,183,5601.779999999998,30.610819672131136,-69.34,0.4918032786885246,1.502937659138167,-1360.9599999999991,0.18910650150236805,0.07537125826012535,109,4154.439999999998,38.114128440366954,0.5045871559633027,74,1447.3399999999995,19.558648648648642,0.47297297297297297,237.66,0.042425800370596504,1152,True,False,True,True,False,False,1.0
full_history,or_retest_slip_shape|long|buffer_points=0|confirm_pattern=break_prev|end=11:00|max_risk_points=120|max_stop=120|min_reward_points=8|or_class=normal_tight|rr=1.5|start=10:00|stop_mode=fixed|stop_points=60|target_mode=rr|time_exit=15:55|touch_tolerance=10,or_retest,long,196,5473.859999999999,27.927857142857135,53.91,0.5306122448979592,1.492795139982967,-950.7600000000057,0.19456163743021476,0.08025258102497024,117,4517.719999999998,38.61299145299144,0.5555555555555556,79,956.1399999999988,12.103037974683529,0.4936708860759494,177.66,0.03245607304534644,1152,True,False,True,False,False,False,1.0
full_history,or_retest_slip_shape|long|buffer_points=0|confirm_pattern=break_prev|end=11:00|max_risk_points=120|max_stop=120|min_reward_points=8|or_class=normal_tight|rr=1.5|start=10:00|stop_mode=fixed|stop_points=60|target_mode=rr|time_exit=15:55|touch_tolerance=5,or_retest,long,183,5465.279999999997,29.864918032786868,57.16,0.5355191256830601,1.5331252316756738,-923.3999999999993,0.2076533419813977,0.08276338223549691,109,4094.4399999999987,37.563669724770634,0.5504587155963303,74,1370.8399999999997,18.52486486486486,0.5135135135135135,177.66,0.03250702617249255,1152,True,False,True,True,False,False,1.0
full_history,or_retest_slip_shape|long|buffer_points=0|confirm_pattern=break_prev|end=10:45|max_risk_points=120|max_stop=120|min_reward_points=8|or_class=normal_tight|rr=2|start=10:00|stop_mode=fixed|stop_points=60|target_mode=rr|time_exit=15:55|touch_tolerance=5,or_retest,long,168,5421.879999999999,32.27309523809523,-49.84,0.49404761904761907,1.53210983963727,-1116.2800000000004,0.1978064885422395,0.07553860055818565,100,4039.499999999999,40.39499999999999,0.51,68,1382.38,20.329117647058826,0.47058823529411764,237.66,0.043833504245759776,1152,True,False,True,True,False,False,1.0
full_history,or_retest_slip_shape|long|buffer_points=0|confirm_pattern=break_prev|end=10:45|max_risk_points=120|max_stop=120|min_reward_points=8|or_class=normal_tight|rr=1.5|start=10:00|stop_mode=fixed|stop_points=60|target_mode=rr|time_exit=15:55|touch_tolerance=10,or_retest,long,183,5269.279999999999,28.79387978142076,57.16,0.5355191256830601,1.5125060789386662,-1178.7400000000052,0.20079544045525782,0.08003006178938456,109,4296.439999999999,39.41688073394494,0.5596330275229358,74,972.8399999999989,13.146486486486472,0.5,177.66,0.0337161813378678,1152,True,False,True,True,False,False,1.0
full_history,or_retest_slip_shape|long|buffer_points=0|confirm_pattern=break_prev|end=11:30|max_risk_points=120|max_stop=120|min_reward_points=8|or_class=normal_tight|rr=1.5|start=10:00|stop_mode=fixed|stop_points=60|target_mode=rr|time_exit=15:55|touch_tolerance=5,or_retest,long,195,5215.199999999997,26.74461538461537,39.66,0.5282051282051282,1.4695087587258662,-946.799999999999,0.1864766548419185,0.07672122631894658,117,3733.719999999998,31.912136752136735,0.5384615384615384,78,1481.4799999999998,18.993333333333332,0.5128205128205128,177.66,0.03406580763920849,1152,True,False,True,False,False,False,1.0
full_history,or_retest_slip_shape|long|buffer_points=0|confirm_pattern=break_prev|end=11:30|max_risk_points=120|max_stop=120|min_reward_points=8|or_class=normal_tight|rr=2|start=10:00|stop_mode=fixed|stop_points=60|target_mode=rr|time_exit=15:55|touch_tolerance=5,or_retest,long,195,5171.699999999998,26.52153846153845,-92.34,0.48205128205128206,1.42681920368677,-1483.299999999999,0.16456913883370278,0.06770791848597897,117,3853.7199999999984,32.93777777777776,0.49572649572649574,78,1317.9799999999996,16.897179487179482,0.46153846153846156,237.66,0.04595394164394688,1152,True,False,True,False,False,False,1.0
full_history,or_retest_slip_shape|long|buffer_points=0|confirm_pattern=break_prev|end=11:00|max_risk_points=120|max_stop=120|min_reward_points=8|or_class=normal_tight|rr=2|start=10:20|stop_mode=fixed|stop_points=60|target_mode=rr|time_exit=15:55|touch_tolerance=5,or_retest,long,131,5147.959999999999,39.297404580152666,37.66,0.5038167938931297,1.6702985638207835,-856.380000000001,0.24031294640434048,0.08103760111615295,78,4685.479999999999,60.07025641025639,0.5512820512820513,53,462.47999999999973,8.72603773584905,0.4339622641509434,237.66,0.046165859874591104,1152,True,False,True,True,False,False,1.0
full_history,or_retest_slip_shape|long|buffer_points=0|confirm_pattern=break_prev|end=11:30|max_risk_points=120|max_stop=120|min_reward_points=8|or_class=normal_tight|rr=1.5|start=10:00|stop_mode=fixed|stop_points=60|target_mode=rr|time_exit=15:55|touch_tolerance=10,or_retest,long,209,5101.439999999997,24.408803827751182,39.16,0.5215311004784688,1.4220775245108181,-1195.440000000006,0.17049146479916713,0.07261887984585831,125,3998.9999999999973,31.99199999999998,0.544,84,1102.4399999999996,13.12428571428571,0.4880952380952381,177.66,0.03482546104629283,1152,True,False,True,False,False,False,1.0
full_history,or_retest_slip_shape|long|buffer_points=0|confirm_pattern=break_prev|end=11:00|max_risk_points=120|max_stop=120|min_reward_points=8|or_class=normal_tight|rr=1.5|start=10:00|stop_mode=fixed|stop_points=60|target_mode=rr|time_exit=12:00|touch_tolerance=10,or_retest,long,196,5059.359999999999,25.81306122448979,24.91,0.576530612244898,1.6110913830046791,-846.3999999999997,0.2129942185670711,0.08785563284301162,117,3626.219999999998,30.993333333333315,0.5811965811965812,79,1433.1399999999996,18.141012658227844,0.569620253164557,177.66,0.0351151133740236,1152,True,False,True,True,False,False,1.0
full_history,or_retest_slip_shape|long|buffer_points=0|confirm_pattern=break_prev|end=10:45|max_risk_points=120|max_stop=120|min_reward_points=8|or_class=normal_tight|rr=1.5|start=10:00|stop_mode=fixed|stop_points=60|target_mode=rr|time_exit=15:55|touch_tolerance=5,or_retest,long,168,4905.38,29.198690476190478,53.91,0.5357142857142857,1.5204636170533323,-856.380000000001,0.20329679254238328,0.07763524503060044,100,3695.4999999999995,36.955,0.55,68,1209.8799999999997,17.792352941176464,0.5147058823529411,177.66,0.036217377654738266,1152,True,False,True,True,False,False,1.0
full_history,or_retest_slip_shape|long|buffer_points=0|confirm_pattern=break_prev|end=11:00|max_risk_points=120|max_stop=120|min_reward_points=8|or_class=normal_tight|rr=2|start=10:20|stop_mode=fixed|stop_points=60|target_mode=rr|time_exit=15:55|touch_tolerance=10,or_retest,long,143,4759.879999999999,33.28587412587412,-92.34,0.4825174825174825,1.5420559470502757,-830.0599999999993,0.20282782056242063,0.07146103521104684,85,4189.099999999999,49.2835294117647,0.5176470588235295,58,570.7799999999997,9.841034482758616,0.43103448275862066,237.66,0.049929830163785646,1152,True,False,True,True,False,False,1.0
full_history,or_retest_slip_shape|long|buffer_points=0|confirm_pattern=break_prev|end=10:45|max_risk_points=120|max_stop=120|min_reward_points=8|or_class=normal_tight|rr=2|start=10:20|stop_mode=fixed|stop_points=60|target_mode=rr|time_exit=15:55|touch_tolerance=5,or_retest,long,112,4737.42,42.29839285714286,40.91,0.5089285714285714,1.7303282100297528,-734.0400000000009,0.25662954507854097,0.08001831941729659,67,4455.219999999999,66.49582089552239,0.5671641791044776,45,282.1999999999995,6.271111111111099,0.4222222222222222,237.66,0.05016654634801221,1152,True,False,True,True,False,False,1.0
full_history,or_retest_slip_shape|long|buffer_points=0|confirm_pattern=break_prev|end=11:00|max_risk_points=120|max_stop=120|min_reward_points=8|or_class=normal_tight|rr=2.5|start=10:00|stop_mode=fixed|stop_points=40|target_mode=rr|time_exit=15:55|touch_tolerance=5,or_retest,long,183,4701.779999999997,25.692786885245884,-82.34,0.4207650273224044,1.5419269620702527,-784.440000000006,0.19622822813470803,0.07820973019525017,109,3779.939999999998,34.67834862385319,0.44036697247706424,74,921.8399999999992,12.457297297297288,0.3918918918918919,197.66,0.04203939784507147,1152,True,False,True,True,False,False,1.0
full_history,or_retest_slip_shape|long|buffer_points=0|confirm_pattern=break_prev|end=10:45|max_risk_points=120|max_stop=120|min_reward_points=8|or_class=normal_tight|rr=2|start=10:20|stop_mode=fixed|stop_points=60|target_mode=rr|time_exit=15:55|touch_tolerance=10,or_retest,long,126,4464.659999999998,35.43380952380951,-62.34,0.48412698412698413,1.5790664193719923,-805.5400000000045,0.2138054440897288,0.07070950425164338,75,4196.499999999999,55.95333333333332,0.5333333333333333,51,268.1599999999994,5.258039215686263,0.4117647058823529,237.66,0.053231377081345524,1152,True,False,True,True,False,False,1.0
full_history,or_retest_slip_shape|long|buffer_points=0|confirm_pattern=break_prev|end=11:00|max_risk_points=120|max_stop=120|min_reward_points=8|or_class=normal_tight|rr=1.5|start=10:20|stop_mode=fixed|stop_points=60|target_mode=rr|time_exit=15:55|touch_tolerance=10,or_retest,long,143,4420.879999999999,30.91524475524475,97.66,0.5314685314685315,1.5423540842665198,-746.560000000005,0.2123295434516717,0.0748087167671153,85,4203.5999999999985,49.45411764705881,0.5882352941176471,58,217.2799999999999,3.746206896551722,0.4482758620689655,177.66,0.04018656918984456,1152,True,False,True,True,False,False,1.0
full_history,or_retest_slip_shape|long|buffer_points=0|confirm_pattern=break_prev|end=11:00|max_risk_points=120|max_stop=120|min_reward_points=8|or_class=normal_tight|rr=1.5|start=10:20|stop_mode=fixed|stop_points=60|target_mode=rr|time_exit=15:55|touch_tolerance=5,or_retest,long,131,4388.959999999999,33.50351145038167,99.66,0.5419847328244275,1.6016477264938516,-611.7000000000007,0.23088502396715943,0.07785834577743804,78,4159.979999999999,53.33307692307691,0.6025641025641025,53,228.97999999999976,4.320377358490561,0.4528301886792453,177.66,0.04047883781123547,1152,True,False,True,True,False,False,1.0
full_history,or_retest_slip_shape|long|buffer_points=0|confirm_pattern=break_prev|end=11:00|max_risk_points=120|max_stop=120|min_reward_points=8|or_class=normal_tight|rr=2.5|start=10:00|stop_mode=fixed|stop_points=60|target_mode=rr|time_exit=15:55|touch_tolerance=5,or_retest,long,183,4357.28,23.810273224043716,-122.34,0.4644808743169399,1.372041236972563,-1894.1399999999994,0.1417837197267238,0.05651004736328597,109,3422.439999999999,31.398532110091736,0.47706422018348627,74,934.8399999999997,12.632972972972969,0.44594594594594594,297.66,0.06831325964822092,1152,True,False,True,False,False,False,1.0
full_history,or_retest_slip_shape|long|buffer_points=0|confirm_pattern=break_prev|end=11:00|max_risk_points=120|max_stop=120|min_reward_points=8|or_class=normal_tight|rr=2.5|start=10:20|stop_mode=fixed|stop_points=60|target_mode=rr|time_exit=15:55|touch_tolerance=5,or_retest,long,131,4282.459999999999,32.69053435114503,-106.84,0.46564885496183206,1.5236369416626927,-978.7200000000012,0.18960727548027329,0.06393878893747935,78,3829.4799999999987,49.09589743589742,0.5,53,452.98,8.54679245283019,0.41509433962264153,297.66,0.06950677881404616,1152,True,False,True,True,False,False,1.0
full_history,or_retest_slip_shape|long|buffer_points=0|confirm_pattern=break_prev|end=11:00|max_risk_points=120|max_stop=120|min_reward_points=8|or_class=normal_tight|rr=1.5|start=10:10|stop_mode=fixed|stop_points=60|target_mode=rr|time_exit=15:55|touch_tolerance=10,or_retest,long,166,4154.059999999998,25.024457831325286,28.159999999999997,0.5120481927710844,1.4255319584840875,-923.4000000000001,0.1723586097003251,0.0654275693945195,99,3004.8399999999983,30.351919191919176,0.5151515151515151,67,1149.2199999999996,17.15253731343283,0.5074626865671642,177.66,0.042767798250386395,1152,True,False,True,False,False,False,1.0
full_history,or_retest_slip_shape|long|buffer_points=0|confirm_pattern=break_prev|end=11:00|max_risk_points=120|max_stop=120|min_reward_points=8|or_class=normal_tight|rr=2.5|start=10:20|stop_mode=fixed|stop_points=40|target_mode=rr|time_exit=15:55|touch_tolerance=10,or_retest,long,143,4136.379999999997,28.92573426573425,-82.34,0.4195804195804196,1.6052453681619845,-905.7399999999998,0.21637051526233594,0.0762324466481937,85,3025.5999999999985,35.59529411764704,0.43529411764705883,58,1110.7800000000002,19.15137931034483,0.39655172413793105,197.66,0.04778574502342631,1152,True,False,True,True,False,False,1.0
full_history,or_retest_slip_shape|long|buffer_points=0|confirm_pattern=break_prev|end=10:45|max_risk_points=120|max_stop=120|min_reward_points=8|or_class=normal_tight|rr=2.5|start=10:00|stop_mode=fixed|stop_points=60|target_mode=rr|time_exit=15:55|touch_tolerance=5,or_retest,long,168,4127.38,24.567738095238095,-122.34,0.4642857142857143,1.383475021137033,-1649.4599999999996,0.1450964015083186,0.05540960358146456,100,3257.4999999999995,32.574999999999996,0.48,68,869.8799999999999,12.79235294117647,0.4411764705882353,297.66,0.0721183898744482,1152,True,False,True,False,False,False,1.0
full_history,or_retest_slip_shape|long|buffer_points=0|confirm_pattern=break_prev|end=11:00|max_risk_points=120|max_stop=120|min_reward_points=8|or_class=normal_tight|rr=1.5|start=10:10|stop_mode=fixed|stop_points=60|target_mode=rr|time_exit=15:55|touch_tolerance=5,or_retest,long,153,4103.479999999998,26.820130718954232,50.66,0.5163398692810458,1.4607721381683105,-923.3999999999995,0.1845825454876296,0.06726824646040391,91,3083.5599999999986,33.88527472527471,0.5274725274725275,62,1019.9199999999995,16.450322580645153,0.5,177.66,0.0432949594003139,1152,True,False,True,False,False,False,1.0
full_history,or_retest_slip_shape|long|buffer_points=0|confirm_pattern=break_prev|end=11:00|max_risk_points=120|max_stop=120|min_reward_points=8|or_class=normal_tight|rr=1.25|start=10:20|stop_mode=fixed|stop_points=60|target_mode=rr|time_exit=15:55|touch_tolerance=5,or_retest,long,131,4092.4599999999987,31.240152671755716,147.66,0.5801526717557252,1.6123503710797218,-586.38,0.2377025359677503,0.08015732644566596,78,3212.4799999999987,41.18564102564101,0.6153846153846154,53,879.9799999999996,16.603396226415086,0.5283018867924528,147.66,0.03608098796322995,1152,True,False,True,True,False,False,1.0
full_history,or_retest_slip_shape|long|buffer_points=0|confirm_pattern=break_prev|end=11:00|max_risk_points=120|max_stop=120|min_reward_points=8|or_class=normal_tight|rr=1.25|start=10:20|stop_mode=fixed|stop_points=60|target_mode=rr|time_exit=15:55|touch_tolerance=10,or_retest,long,143,3974.3799999999983,27.79286713286712,147.66,0.5664335664335665,1.5271354637791492,-586.3800000000002,0.2104494918928581,0.07414633016615287,85,3166.0999999999985,37.24823529411763,0.6,58,808.2799999999996,13.93586206896551,0.5172413793103449,147.66,0.0371529647391543,1152,True,False,True,True,False,False,1.0
full_history,or_retest_slip_shape|long|buffer_points=0|confirm_pattern=break_prev|end=11:00|max_risk_points=120|max_stop=120|min_reward_points=8|or_class=normal_tight|rr=2.5|start=10:20|stop_mode=fixed|stop_points=60|target_mode=rr|time_exit=15:55|touch_tolerance=10,or_retest,long,143,3961.880000000001,27.705454545454554,-122.34,0.44755244755244755,1.4269561693909922,-1038.1399999999983,0.16032708124017747,0.05648702020274745,85,3559.1000000000004,41.871764705882356,0.47058823529411764,58,402.77999999999975,6.944482758620685,0.41379310344827586,297.66,0.07513099841489393,1152,True,False,True,False,False,False,1.0
full_history,or_retest_slip_shape|long|buffer_points=0|confirm_pattern=break_prev|end=10:45|max_risk_points=120|max_stop=120|min_reward_points=8|or_class=normal_tight|rr=2.5|start=10:20|stop_mode=fixed|stop_points=60|target_mode=rr|time_exit=15:55|touch_tolerance=5,or_retest,long,112,3958.42,35.34303571428571,-114.59,0.4642857142857143,1.5667110481180828,-856.380000000001,0.20114529155501912,0.06271806383013628,67,3745.7199999999993,55.906268656716406,0.5074626865671642,45,212.69999999999962,4.726666666666659,0.4,297.66,0.07519666937818625,1152,True,False,True,True,False,False,1.0
full_history,or_retest_slip_shape|long|buffer_points=0|confirm_pattern=break_prev|end=10:45|max_risk_points=120|max_stop=120|min_reward_points=8|or_class=normal_tight|rr=1.5|start=10:20|stop_mode=fixed|stop_points=60|target_mode=rr|time_exit=15:55|touch_tolerance=10,or_retest,long,126,3805.6599999999985,30.20365079365078,89.91,0.5317460317460317,1.5283760218588944,-974.5400000000045,0.20760032076830062,0.06865735260627012,75,3926.999999999998,52.35999999999998,0.6,51,-121.34000000000046,-2.379215686274519,0.43137254901960786,177.66,0.04668309833248374,1152,True,False,True,True,False,False,1.0
full_history,or_retest_slip_shape|long|buffer_points=0|confirm_pattern=break_prev|end=11:30|max_risk_points=120|max_stop=120|min_reward_points=8|or_class=normal_tight|rr=1.5|start=10:20|stop_mode=fixed|stop_points=60|target_mode=rr|time_exit=15:55|touch_tolerance=5,or_retest,long,151,3795.659999999999,25.136821192052974,39.66,0.5231788079470199,1.4331471713960318,-678.7200000000001,0.17475304270123318,0.06326841873297179,90,3508.399999999999,38.98222222222221,0.5666666666666667,61,287.25999999999976,4.709180327868848,0.45901639344262296,177.66,0.0468060890596102,1152,True,False,True,False,False,False,1.0
full_history,or_retest_slip_shape|long|buffer_points=0|confirm_pattern=break_prev|end=10:45|max_risk_points=120|max_stop=120|min_reward_points=8|or_class=normal_tight|rr=1.5|start=10:20|stop_mode=fixed|stop_points=60|target_mode=rr|time_exit=15:55|touch_tolerance=5,or_retest,long,112,3718.4199999999983,33.20017857142856,98.66,0.5446428571428571,1.597447877837476,-611.7000000000007,0.22923707501005006,0.07147721625281717,67,3705.7199999999993,55.309253731343276,0.6119402985074627,45,12.699999999999648,0.2822222222222144,0.4444444444444444,177.66,0.0477783574744112,1152,True,False,True,True,False,False,1.0
full_history,or_retest_slip_shape|long|buffer_points=0|confirm_pattern=break_prev|end=10:45|max_risk_points=120|max_stop=120|min_reward_points=8|or_class=normal_tight|rr=2.5|start=10:20|stop_mode=fixed|stop_points=40|target_mode=rr|time_exit=15:55|touch_tolerance=5,or_retest,long,112,3383.9199999999996,30.213571428571424,-82.34,0.42857142857142855,1.6421393004615008,-675.0999999999991,0.2264319482668945,0.07060256431953674,67,2547.7199999999993,38.025671641791035,0.44776119402985076,45,836.1999999999997,18.582222222222217,0.4,197.66,0.058411546372254666,1152,True,False,True,True,False,False,1.0
full_history,or_retest_slip_filter|long|buffer_points=0|confirm_pattern=break_prev|end=11:00|max_risk_points=120|max_stop=120|min_reward_points=8|or_class=normal|rr=2|start=10:00|stop_mode=fixed|stop_points=40|target_mode=rr|time_exit=15:55|touch_tolerance=5,or_retest,long,104,3195.6399999999985,30.72730769230768,-82.34,0.4807692307692308,1.7187092363191456,-605.4200000000019,0.2580346266858413,0.0775297564467508,62,2348.919999999999,37.885806451612886,0.5161290322580645,42,846.7199999999996,20.15999999999999,0.42857142857142855,157.66,0.04933597025947856,1152,True,False,True,True,False,False,1.0
full_history,or_retest_slip_shape|long|buffer_points=0|confirm_pattern=break_prev|end=11:00|max_risk_points=120|max_stop=120|min_reward_points=8|or_class=normal|rr=2|start=10:00|stop_mode=fixed|stop_points=40|target_mode=rr|time_exit=15:55|touch_tolerance=5,or_retest,long,104,3195.6399999999985,30.72730769230768,-82.34,0.4807692307692308,1.7187092363191456,-605.4200000000019,0.2580346266858413,0.0775297564467508,62,2348.919999999999,37.885806451612886,0.5161290322580645,42,846.7199999999996,20.15999999999999,0.42857142857142855,157.66,0.04933597025947856,1152,True,False,True,True,False,False,1.0
full_history,or_retest_slip_filter|long|buffer_points=0|confirm_pattern=break_prev|end=11:00|max_risk_points=120|max_signal_ema_slope=30|max_stop=120|min_reward_points=8|or_class=normal|rr=2|start=10:00|stop_mode=fixed|stop_points=40|target_mode=rr|time_exit=15:55|touch_tolerance=5,or_retest,long,88,2833.0799999999995,32.1940909090909,-82.34,0.48863636363636365,1.764602056513642,-576.3799999999995,0.2704772352722322,0.07475595864422295,52,2212.319999999999,42.54461538461536,0.5384615384615384,36,620.7599999999998,17.243333333333325,0.4166666666666667,157.66,0.05564968161859179,1152,True,False,True,True,False,False,1.0
full_history,or_retest_slip_filter|long|buffer_points=0|confirm_pattern=break_prev|end=11:00|max_risk_points=120|max_stop=120|min_reward_points=8|or_class=normal|rr=1.25|start=10:00|stop_mode=fixed|stop_points=40|target_mode=rr|time_exit=15:55|touch_tolerance=5,or_retest,long,104,2729.6399999999985,26.246538461538446,97.66,0.6057692307692307,1.8085570241177265,-463.40000000000146,0.29777320445414335,0.08946971309321965,62,2047.9199999999994,33.03096774193548,0.6451612903225806,42,681.7199999999999,16.23142857142857,0.5476190476190477,97.66,0.03577761169971134,1152,True,False,True,True,False,False,1.0
full_history,or_retest_slip_shape|long|buffer_points=0|confirm_pattern=break_prev|end=11:00|max_risk_points=120|max_stop=120|min_reward_points=8|or_class=normal|rr=1.25|start=10:00|stop_mode=fixed|stop_points=40|target_mode=rr|time_exit=15:55|touch_tolerance=5,or_retest,long,104,2729.6399999999985,26.246538461538446,97.66,0.6057692307692307,1.8085570241177265,-463.40000000000146,0.29777320445414335,0.08946971309321965,62,2047.9199999999994,33.03096774193548,0.6451612903225806,42,681.7199999999999,16.23142857142857,0.5476190476190477,97.66,0.03577761169971134,1152,True,False,True,True,False,False,1.0
full_history,or_retest_slip_filter|long|buffer_points=0|confirm_pattern=break_prev|end=11:00|max_risk_points=120|max_stop=120|min_reward_points=8|or_class=normal|rr=2|signal_vs_ema=above|start=10:00|stop_mode=fixed|stop_points=40|target_mode=rr|time_exit=15:55|touch_tolerance=5,or_retest,long,82,2726.119999999999,33.24536585365853,-82.34,0.4878048780487805,1.7882878193784189,-523.0800000000011,0.27761702142315475,0.07406734494160487,49,2338.3399999999992,47.7212244897959,0.5510204081632653,33,387.77999999999986,11.750909090909087,0.3939393939393939,157.66,0.0578331107948293,1152,True,False,True,True,False,False,1.0
full_history,or_retest_slip_filter|long|buffer_points=0|confirm_pattern=break_prev|end=11:00|max_risk_points=120|max_signal_volume_ratio=2.25|max_stop=120|min_reward_points=8|or_class=normal|rr=1.25|start=10:00|stop_mode=fixed|stop_points=40|target_mode=rr|time_exit=15:55|touch_tolerance=5,or_retest,long,90,2442.3999999999987,27.137777777777764,97.66,0.6111111111111112,1.847496443318643,-381.0600000000003,0.3085207446794242,0.08623416969650614,54,1806.6400000000003,33.4562962962963,0.6481481481481481,36,635.7599999999998,17.659999999999993,0.5555555555555556,97.66,0.03998526039960696,1152,True,False,True,True,False,False,1.0
full_history,or_retest_slip_filter|long|buffer_points=0|confirm_pattern=break_prev|end=11:00|max_risk_points=120|max_signal_ema_slope=30|max_stop=120|min_reward_points=8|or_class=normal|rr=1.25|start=10:00|stop_mode=fixed|stop_points=40|target_mode=rr|time_exit=15:55|touch_tolerance=5,or_retest,long,88,2427.079999999999,27.580454545454533,97.66,0.6136363636363636,1.8669505207961243,-545.7400000000007,0.3139037512345059,0.08675841359415974,52,1971.3200000000002,37.910000000000004,0.6730769230769231,36,455.75999999999976,12.659999999999993,0.5277777777777778,97.66,0.04023765182853471,1152,True,False,True,True,False,False,1.0
full_history,or_retest_slip_filter|long|buffer_points=0|confirm_pattern=break_prev|end=11:00|max_risk_points=120|max_signal_volume_ratio=2|max_stop=120|min_reward_points=8|or_class=normal|rr=1.5|start=10:00|stop_mode=fixed|stop_points=40|target_mode=rr|time_exit=15:55|touch_tolerance=5,or_retest,long,82,2301.119999999999,28.06243902439023,117.66,0.5609756097560976,1.7762934175370406,-458.72000000000025,0.2836851376188099,0.07568629918693648,49,898.3399999999997,18.333469387755095,0.5102040816326531,33,1402.78,42.50848484848485,0.6363636363636364,117.66,0.051131622861910746,1152,True,False,True,True,False,False,1.0
full_history,or_retest_slip_shape|long|buffer_points=0|confirm_pattern=break_prev|end=11:00|max_risk_points=120|max_stop=120|min_reward_points=8|or_class=normal_tight|rr=1.25|start=10:00|stop_mode=fixed|stop_points=60|target_mode=rr|time_exit=15:55|touch_tolerance=10,or_retest,long,196,5999.359999999998,30.608979591836725,147.16,0.576530612244898,1.5969381764777288,-688.3999999999993,0.23277940894635596,0.09601660750882947,117,3845.2199999999984,32.865128205128194,0.5811965811965812,79,2154.14,27.26759493670886,0.569620253164557,147.16,0.024529283123533186,1152,True,True,True,True,False,True,1.5
full_history,or_retest_slip_shape|long|buffer_points=0|confirm_pattern=break_prev|end=11:30|max_risk_points=120|max_stop=120|min_reward_points=8|or_class=normal_tight|rr=1.25|start=10:00|stop_mode=fixed|stop_points=60|target_mode=rr|time_exit=15:55|touch_tolerance=10,or_retest,long,209,5529.439999999997,26.456650717703333,147.16,0.5645933014354066,1.5011755706094658,-799.7800000000025,0.20117844899504833,0.08568964805573609,125,3590.9999999999973,28.727999999999977,0.576,84,1938.44,23.076666666666668,0.5476190476190477,147.16,0.026613906652391578,1152,True,True,True,True,False,True,1.5
full_history,or_retest_slip_shape|long|buffer_points=0|confirm_pattern=break_prev|end=11:00|max_risk_points=120|max_stop=120|min_reward_points=8|or_class=normal_tight|rr=1.25|start=10:00|stop_mode=fixed|stop_points=60|target_mode=rr|time_exit=15:55|touch_tolerance=5,or_retest,long,183,5436.279999999997,29.706448087431678,147.16,0.5737704918032787,1.576120016701957,-688.3999999999994,0.2259795647133263,0.09006757566875902,109,3207.9399999999982,29.430642201834846,0.5688073394495413,74,2228.3399999999992,30.11270270270269,0.581081081081081,147.16,0.027069981678647912,1152,True,True,True,True,False,True,1.5
full_history,or_retest_slip_shape|long|buffer_points=0|confirm_pattern=break_prev|end=10:45|max_risk_points=120|max_stop=120|min_reward_points=8|or_class=normal_tight|rr=1.25|start=10:00|stop_mode=fixed|stop_points=60|target_mode=rr|time_exit=15:55|touch_tolerance=10,or_retest,long,183,5406.779999999998,29.545245901639333,147.16,0.5737704918032787,1.57120792095944,-755.0800000000017,0.22446352646761736,0.0894633356810179,109,3747.9399999999987,34.38477064220182,0.5871559633027523,74,1658.8399999999997,22.41675675675675,0.5540540540540541,147.16,0.02721767854434618,1152,True,True,True,True,False,True,1.5
full_history,or_retest_slip_shape|long|buffer_points=0|confirm_pattern=break_prev|end=11:00|max_risk_points=120|max_stop=120|min_reward_points=8|or_class=normal_tight|rr=1.25|start=10:00|stop_mode=fixed|stop_points=60|target_mode=rr|time_exit=12:00|touch_tolerance=10,or_retest,long,196,5190.859999999999,26.48397959183673,45.66,0.5918367346938775,1.647223261265305,-624.6000000000001,0.22992822710892483,0.09484055500203743,117,3430.7199999999984,29.322393162393148,0.5897435897435898,79,1760.1399999999999,22.28025316455696,0.5949367088607594,147.16,0.028349830278605093,1152,True,True,True,True,False,True,1.5
full_history,or_retest_slip_shape|long|buffer_points=0|confirm_pattern=break_prev|end=11:30|max_risk_points=120|max_stop=120|min_reward_points=8|or_class=normal_tight|rr=1.25|start=10:00|stop_mode=fixed|stop_points=60|target_mode=rr|time_exit=12:00|touch_tolerance=10,or_retest,long,209,5061.439999999999,24.21741626794258,37.66,0.5885167464114832,1.5889339836914023,-839.9600000000028,0.2117959799512714,0.09021206333135058,125,3466.9999999999986,27.73599999999999,0.592,84,1594.4399999999996,18.981428571428566,0.5833333333333334,147.16,0.029074729721186073,1152,True,True,True,True,False,True,1.5
full_history,or_retest_slip_shape|long|buffer_points=0|confirm_pattern=break_prev|end=11:00|max_risk_points=120|max_stop=120|min_reward_points=8|or_class=normal_tight|rr=1.5|start=10:00|stop_mode=fixed|stop_points=60|target_mode=rr|time_exit=12:00|touch_tolerance=5,or_retest,long,183,4796.779999999999,26.211912568306005,24.66,0.5846994535519126,1.6254080919549818,-852.8999999999999,0.21668594361869314,0.08636346232453022,109,3174.9399999999987,29.12788990825687,0.5779816513761468,74,1621.8399999999995,21.91675675675675,0.5945945945945946,177.16,0.0369331092941515,1152,True,True,True,True,False,True,1.5
full_history,or_retest_slip_filter|long|buffer_points=0|confirm_pattern=break_prev|end=11:00|max_risk_points=120|max_stop=120|min_reward_points=8|or_class=normal_tight|rr=2|start=10:00|stop_mode=fixed|stop_points=40|target_mode=rr|time_exit=15:55|touch_tolerance=5,or_retest,long,183,4620.779999999997,25.25016393442621,-82.84,0.4644808743169399,1.5691793375969407,-588.4000000000002,0.2143466006305464,0.08543108177114975,109,2845.939999999998,26.10954128440365,0.46788990825688076,74,1774.8399999999997,23.98432432432432,0.4594594594594595,157.16,0.034011573803556995,1152,True,True,True,True,False,True,1.5
full_history,or_retest_slip_shape|long|buffer_points=0|confirm_pattern=break_prev|end=11:00|max_risk_points=120|max_stop=120|min_reward_points=8|or_class=normal_tight|rr=2|start=10:00|stop_mode=fixed|stop_points=40|target_mode=rr|time_exit=15:55|touch_tolerance=5,or_retest,long,183,4620.779999999997,25.25016393442621,-82.84,0.4644808743169399,1.5691793375969407,-588.4000000000002,0.2143466006305464,0.08543108177114975,109,2845.939999999998,26.10954128440365,0.46788990825688076,74,1774.8399999999997,23.98432432432432,0.4594594594594595,157.16,0.034011573803556995,1152,True,True,True,True,False,True,1.5
full_history,or_retest_slip_shape|long|buffer_points=0|confirm_pattern=break_prev|end=11:00|max_risk_points=120|max_stop=120|min_reward_points=8|or_class=normal_tight|rr=1.25|start=10:00|stop_mode=fixed|stop_points=60|target_mode=rr|time_exit=12:00|touch_tolerance=5,or_retest,long,183,4583.779999999999,25.047978142076495,37.66,0.5956284153005464,1.6126688462186196,-577.380000000001,0.21908993464121895,0.08732160933044661,109,2834.4399999999987,26.004036697247695,0.5871559633027523,74,1749.3399999999997,23.639729729729726,0.6081081081081081,147.16,0.03210450763343791,1152,True,True,True,True,False,True,1.5
full_history,or_retest_slip_shape|long|buffer_points=0|confirm_pattern=break_prev|end=11:00|max_risk_points=120|max_stop=120|min_reward_points=8|or_class=normal_tight|rr=2.5|start=10:10|stop_mode=fixed|stop_points=40|target_mode=rr|time_exit=15:55|touch_tolerance=10,or_retest,long,166,4555.559999999998,27.44313253012047,-82.84,0.42771084337349397,1.5788660448804284,-702.4800000000005,0.20772356520978535,0.07885215598611664,99,2596.339999999999,26.225656565656553,0.40404040404040403,67,1959.2199999999993,29.242089552238795,0.4626865671641791,197.16,0.04327898216684669,1152,True,True,True,True,False,True,1.5
full_history,or_retest_slip_shape|long|buffer_points=0|confirm_pattern=break_prev|end=10:45|max_risk_points=120|max_stop=120|min_reward_points=8|or_class=normal_tight|rr=1.25|start=10:00|stop_mode=fixed|stop_points=60|target_mode=rr|time_exit=15:55|touch_tolerance=5,or_retest,long,168,4549.379999999999,27.07964285714285,147.16,0.5654761904761905,1.5139775762259187,-614.2000000000007,0.2055746392153875,0.07850511209731255,100,2963.4999999999995,29.634999999999994,0.57,68,1585.88,23.321764705882355,0.5588235294117647,147.16,0.03234726490203061,1152,True,True,True,True,False,True,1.5
full_history,or_retest_slip_shape|long|buffer_points=0|confirm_pattern=break_prev|end=11:30|max_risk_points=120|max_stop=120|min_reward_points=8|or_class=normal_tight|rr=1.5|start=10:00|stop_mode=fixed|stop_points=60|target_mode=rr|time_exit=12:00|touch_tolerance=5,or_retest,long,195,4502.199999999999,23.08820512820512,22.66,0.5743589743589743,1.549402542124685,-876.4599999999992,0.19338891294678975,0.07956510465260913,117,3066.219999999999,26.207008547008538,0.5726495726495726,78,1435.9799999999998,18.409999999999997,0.5769230769230769,177.16,0.03934965128159567,1152,True,True,True,True,False,True,1.5
full_history,or_retest_slip_shape|long|buffer_points=0|confirm_pattern=break_prev|end=11:30|max_risk_points=120|max_stop=120|min_reward_points=8|or_class=normal_tight|rr=2|start=10:00|stop_mode=fixed|stop_points=40|target_mode=rr|time_exit=15:55|touch_tolerance=5,or_retest,long,195,4462.199999999997,22.883076923076906,-82.84,0.4564102564102564,1.508163042190902,-631.0000000000007,0.1950472941254874,0.08024740473913633,117,2298.7199999999984,19.647179487179475,0.4444444444444444,78,2163.479999999999,27.736923076923066,0.47435897435897434,157.16,0.03522029492178748,1152,True,True,True,True,False,True,1.5
full_history,or_retest_slip_filter|long|buffer_points=0|confirm_pattern=break_prev|end=11:00|max_risk_points=120|max_signal_ema_slope=30|max_stop=120|min_reward_points=8|or_class=normal_tight|rr=2|start=10:00|stop_mode=fixed|stop_points=40|target_mode=rr|time_exit=15:55|touch_tolerance=5,or_retest,long,160,4443.0999999999985,27.76937499999999,-82.84,0.475,1.6385085419971943,-662.7200000000001,0.23507396267996222,0.08760689338210738,96,2559.859999999999,26.665208333333325,0.46875,64,1883.2399999999998,29.425624999999997,0.484375,157.16,0.03537169993923163,1152,True,True,True,True,False,True,1.5
full_history,or_retest_slip_filter|long|buffer_points=0|confirm_pattern=break_prev|end=11:00|max_risk_points=120|max_signal_volume_ratio=2|max_stop=120|min_reward_points=8|or_class=normal_tight|rr=2|start=10:00|stop_mode=fixed|stop_points=40|target_mode=rr|time_exit=15:55|touch_tolerance=5,or_retest,long,150,4293.999999999998,28.626666666666654,-82.84,0.48,1.6645495177605265,-514.0800000000002,0.24250360600767668,0.08750595137999193,90,2541.3999999999987,28.237777777777765,0.4777777777777778,60,1752.6000000000001,29.21,0.48333333333333334,157.16,0.03659990684676294,1152,True,True,True,True,False,True,1.5
full_history,or_retest_slip_shape|long|buffer_points=0|confirm_pattern=break_prev|end=11:00|max_risk_points=120|max_stop=120|min_reward_points=8|or_class=normal_tight|rr=2|start=10:10|stop_mode=fixed|stop_points=40|target_mode=rr|time_exit=15:55|touch_tolerance=10,or_retest,long,166,4270.059999999998,25.72325301204818,-82.84,0.46987951807228917,1.5857485404503748,-762.6000000000005,0.21861584459082417,0.08298688047888485,99,2190.839999999999,22.12969696969696,0.4444444444444444,67,2079.2199999999993,31.033134328358198,0.5074626865671642,157.16,0.03680510344116946,1152,True,True,True,True,False,True,1.5
full_history,or_retest_slip_filter|long|buffer_points=0|confirm_pattern=break_prev|end=11:00|max_risk_points=120|max_signal_volume_ratio=2.25|max_stop=120|min_reward_points=8|or_class=normal_tight|rr=2|start=10:00|stop_mode=fixed|stop_points=40|target_mode=rr|time_exit=15:55|touch_tolerance=5,or_retest,long,161,4043.2599999999984,25.113416149068314,-82.84,0.4658385093167702,1.5675356248526153,-514.0800000000017,0.21361495342124093,0.07985798527889576,96,2722.8599999999988,28.363124999999986,0.4791666666666667,65,1320.3999999999999,20.313846153846153,0.4461538461538462,157.16,0.03886962500556483,1152,True,True,True,True,False,True,1.5
full_history,or_retest_slip_filter|long|buffer_points=0|confirm_pattern=break_prev|end=11:00|max_risk_points=120|max_stop=120|min_reward_points=8|min_signal_rsi=55|or_class=normal_tight|rr=2|start=10:10|stop_mode=fixed|stop_points=40|target_mode=rr|time_exit=15:55|touch_tolerance=5,or_retest,long,102,3524.819999999999,34.5570588235294,43.16,0.5098039215686274,1.8509946885562523,-439.76000000000016,0.29382504794778336,0.08743043960134442,61,1738.76,28.50426229508197,0.47540983606557374,41,1786.0599999999997,43.56243902439024,0.5609756097560976,157.16,0.04458667392944889,1152,True,True,True,True,False,True,1.5
full_history,or_retest_slip_filter|long|buffer_points=0|confirm_pattern=break_prev|end=11:00|max_risk_points=120|max_stop=120|min_reward_points=8|min_signal_rsi=50|or_class=normal_tight|rr=2|start=10:10|stop_mode=fixed|stop_points=40|target_mode=rr|time_exit=15:55|touch_tolerance=5,or_retest,long,112,3516.919999999999,31.40107142857142,-82.84,0.49107142857142855,1.7448135064847048,-596.9200000000004,0.26555300152568256,0.08280069581154684,67,1721.72,25.69731343283582,0.4626865671641791,45,1795.2,39.89333333333333,0.5333333333333333,157.16,0.04468682824744379,1152,True,True,True,True,False,True,1.5
full_history,or_retest_slip_filter|long|buffer_points=0|confirm_pattern=break_prev|end=11:00|max_risk_points=120|max_stop=120|min_reward_points=8|min_signal_rsi=60|or_class=normal_tight|rr=2|start=10:10|stop_mode=fixed|stop_points=40|target_mode=rr|time_exit=15:55|touch_tolerance=5,or_retest,long,86,3510.7599999999984,40.8227906976744,76.41,0.5348837209302325,2.0595002414292605,-257.0400000000002,0.34644148508242756,0.09465703086232949,51,2327.1599999999994,45.630588235294105,0.5490196078431373,35,1183.6000000000001,33.81714285714286,0.5142857142857142,157.16,0.044765236017272635,1152,True,True,True,True,False,True,1.5
full_history,or_retest_slip_filter|long|buffer_points=0|confirm_pattern=break_prev|end=11:00|max_risk_points=120|max_signal_volume_ratio=2|max_stop=120|min_reward_points=8|or_class=normal|rr=2|start=10:00|stop_mode=fixed|stop_points=40|target_mode=rr|time_exit=15:55|touch_tolerance=5,or_retest,long,82,2803.619999999999,34.19048780487804,-23.090000000000003,0.5,1.8254584211704015,-422.7199999999998,0.28720078680477473,0.07662426329164324,49,1833.3399999999997,37.41510204081632,0.5102040816326531,33,970.2799999999999,29.40242424242424,0.48484848484848486,157.16,0.05605609890070696,1152,True,True,True,True,False,True,1.5
full_history,or_retest_slip_shape|long|buffer_points=0|confirm_pattern=break_prev|end=11:00|max_risk_points=120|max_stop=120|min_reward_points=8|or_class=normal|rr=1.25|start=10:00|stop_mode=fixed|stop_points=40|target_mode=rr|time_exit=15:55|touch_tolerance=10,or_retest,long,114,2748.739999999999,24.111754385964904,97.16,0.5964912280701754,1.721332899460457,-454.0800000000015,0.27255658752868384,0.08573987958683098,68,1879.38,27.63794117647059,0.6176470588235294,46,869.3599999999996,18.8991304347826,0.5652173913043478,97.16,0.03534710449151249,1152,True,True,True,True,False,True,1.5
full_history,or_retest_slip_filter|long|buffer_points=0|confirm_pattern=break_prev|end=11:00|max_close_vwap_delta=65|max_risk_points=120|max_stop=120|min_reward_points=8|or_class=normal|rr=1.25|start=10:00|stop_mode=fixed|stop_points=40|target_mode=rr|time_exit=15:55|touch_tolerance=5,or_retest,long,95,2702.6999999999985,28.44947368421051,97.16,0.6210526315789474,1.9062650893288258,-385.5600000000011,0.3250328054715115,0.09333891743016608,57,1890.6200000000001,33.168771929824565,0.6491228070175439,38,812.0799999999997,21.370526315789466,0.5789473684210527,97.16,0.03594923594923597,1152,True,True,True,True,False,True,1.5
full_history,or_retest_slip_filter|long|buffer_points=0|confirm_pattern=break_prev|end=11:00|max_risk_points=120|max_stop=120|min_reward_points=8|min_signal_rsi=60|or_class=normal_tight|rr=1.5|start=10:10|stop_mode=fixed|stop_points=40|target_mode=rr|time_exit=15:55|touch_tolerance=5,or_retest,long,86,2527.7599999999984,29.392558139534867,117.16,0.5697674418604651,1.8246962558889157,-297.0400000000002,0.2977027251468443,0.08134030494448362,51,1507.6599999999999,29.561960784313722,0.5686274509803921,35,1020.0999999999998,29.14571428571428,0.5714285714285714,117.16,0.046349336962369876,1152,True,True,True,True,False,True,1.5
full_history,or_retest_slip_filter|long|buffer_points=0|confirm_pattern=break_prev|end=11:00|max_risk_points=120|max_signal_volume_ratio=2.5|max_stop=120|min_reward_points=8|or_class=normal|rr=1.25|start=10:00|stop_mode=fixed|stop_points=40|target_mode=rr|time_exit=15:55|touch_tolerance=5,or_retest,long,94,2425.5399999999986,25.80361702127658,97.16,0.6063829787234043,1.7913463922638226,-468.4000000000003,0.2927677130497367,0.08362976328409669,56,1613.46,28.811785714285715,0.625,38,812.0799999999997,21.370526315789466,0.5789473684210527,97.16,0.04005705945892463,1152,True,True,True,True,False,True,1.5
full_history,or_retest_slip_filter|long|buffer_points=0|confirm_pattern=break_prev|end=11:00|max_risk_points=120|max_stop=120|min_reward_points=8|min_signal_rsi=60|or_class=normal_tight|rr=1.25|start=10:10|stop_mode=fixed|stop_points=40|target_mode=rr|time_exit=15:55|touch_tolerance=5,or_retest,long,86,2307.7599999999984,26.834418604651145,97.16,0.6162790697674418,1.8441830180120855,-248.52000000000004,0.3069135168601037,0.08385693829531066,51,1487.6599999999999,29.169803921568626,0.6274509803921569,35,820.0999999999998,23.431428571428565,0.6,97.16,0.04210143169133708,1152,True,True,True,True,False,True,1.5
full_history,or_retest_slip_filter|long|buffer_points=0|confirm_pattern=break_prev|end=11:00|max_risk_points=120|max_signal_volume_ratio=2|max_stop=120|min_reward_points=8|or_class=normal|rr=1.25|start=10:00|stop_mode=fixed|stop_points=40|target_mode=rr|time_exit=15:55|touch_tolerance=5,or_retest,long,82,2279.119999999999,27.794146341463403,97.16,0.6219512195121951,1.8874939642684683,-331.36,0.31877838760798477,0.08504906750260212,49,1113.34,22.721224489795915,0.5918367346938775,33,1165.78,35.32666666666667,0.6666666666666666,97.16,0.0426304889606515,1152,True,True,True,True,False,True,1.5
full_history,or_retest_slip_filter|long|buffer_points=0|confirm_pattern=break_prev|end=11:00|max_risk_points=120|max_signal_volume_ratio=2.25|max_stop=120|min_reward_points=8|or_class=normal|rr=1.5|start=10:00|stop_mode=fixed|stop_points=40|target_mode=rr|time_exit=15:55|touch_tolerance=5,or_retest,long,90,2276.899999999999,25.29888888888888,117.16,0.5444444444444444,1.6703783962030827,-545.5600000000003,0.25368899416331664,0.07090822951159043,54,1459.14,27.021111111111114,0.5555555555555556,36,817.7599999999998,22.71555555555555,0.5277777777777778,117.16,0.05145592691817824,1152,True,True,True,True,False,True,1.5
full_history,or_retest_slip_filter|long|buffer_points=0|confirm_pattern=break_prev|end=11:00|max_close_vwap_delta=65|max_risk_points=120|max_stop=120|min_reward_points=8|or_class=normal|rr=1.5|start=10:00|stop_mode=fixed|stop_points=40|target_mode=rr|time_exit=15:55|touch_tolerance=5,or_retest,long,95,2262.699999999999,23.817894736842092,117.16,0.5368421052631579,1.6207749879285362,-545.5600000000001,0.23857964950386154,0.06851236500037135,57,1410.6200000000001,24.747719298245617,0.543859649122807,38,852.0799999999997,22.423157894736836,0.5263157894736842,117.16,0.05177884827860523,1152,True,True,True,True,False,True,1.5
full_history,or_retest_slip_filter|long|buffer_points=0|confirm_pattern=break_prev|end=11:00|max_risk_points=120|max_signal_rsi=70|max_stop=120|min_reward_points=8|or_class=normal|rr=1.25|start=10:00|stop_mode=fixed|stop_points=40|target_mode=rr|time_exit=15:55|touch_tolerance=5,or_retest,long,82,2159.619999999999,26.33682926829267,97.16,0.6097560975609756,1.814680408015451,-482.72000000000025,0.2991661137321566,0.07981657474404019,49,1293.34,26.39469387755102,0.6122448979591837,33,866.2799999999999,26.250909090909087,0.6060606060606061,97.16,0.04498939628267938,1152,True,True,True,True,False,True,1.5
full_history,or_retest_slip_filter|long|buffer_points=0|confirm_pattern=break_prev|end=11:00|max_risk_points=120|max_signal_rsi=70|max_stop=120|min_reward_points=8|or_class=normal|rr=1.5|start=10:00|stop_mode=fixed|stop_points=40|target_mode=rr|time_exit=15:55|touch_tolerance=5,or_retest,long,82,1939.6199999999994,23.65390243902438,117.16,0.5365853658536586,1.6161592416579829,-462.72000000000025,0.2368904903395915,0.0632016350129496,49,1073.3399999999997,21.904897959183668,0.5306122448979592,33,866.2799999999999,26.250909090909087,0.5454545454545454,117.16,0.06040358420721586,1152,True,True,True,True,False,True,1.5
full_history,or_retest_slip_shape|long|buffer_points=0|confirm_pattern=break_prev|end=11:00|max_risk_points=120|max_stop=120|min_reward_points=8|or_class=normal_tight|rr=2|start=10:00|stop_mode=fixed|stop_points=60|target_mode=rr|time_exit=15:55|touch_tolerance=5,or_retest,long,183,5489.779999999998,29.998797814207638,-70.34,0.4918032786885246,1.4907232603207976,-1370.9599999999991,0.18536971824244192,0.0738819067364683,109,4088.439999999998,37.50862385321099,0.5045871559633027,74,1401.3399999999997,18.93702702702702,0.47297297297297297,237.16,0.04320027396361969,1152,True,False,True,False,False,False,1.5
full_history,or_retest_slip_shape|long|buffer_points=0|confirm_pattern=break_prev|end=11:00|max_risk_points=120|max_stop=120|min_reward_points=8|or_class=normal_tight|rr=2|start=10:00|stop_mode=fixed|stop_points=60|target_mode=rr|time_exit=15:55|touch_tolerance=10,or_retest,long,196,5489.359999999999,28.006938775510196,-83.84,0.4846938775510204,1.4510626269531892,-1040.7600000000057,0.1728297059475428,0.0712886166218243,117,4505.719999999999,38.51042735042734,0.5042735042735043,79,983.639999999999,12.451139240506317,0.45569620253164556,237.16,0.04320357928793157,1152,True,False,True,False,False,False,1.5
full_history,or_retest_slip_shape|long|buffer_points=0|confirm_pattern=break_prev|end=11:00|max_risk_points=120|max_stop=120|min_reward_points=8|or_class=normal_tight|rr=1.5|start=10:00|stop_mode=fixed|stop_points=60|target_mode=rr|time_exit=15:55|touch_tolerance=5,or_retest,long,183,5362.279999999997,29.302076502732223,56.16,0.5355191256830601,1.5208170242523724,-928.3999999999993,0.20375738716402006,0.08121059047859015,109,4033.9399999999987,37.008623853211,0.5504587155963303,74,1328.3399999999997,17.950540540540537,0.5135135135135135,177.16,0.03303818524955804,1152,True,False,True,True,False,False,1.5
full_history,or_retest_slip_shape|long|buffer_points=0|confirm_pattern=break_prev|end=10:45|max_risk_points=120|max_stop=120|min_reward_points=8|or_class=normal_tight|rr=2|start=10:00|stop_mode=fixed|stop_points=60|target_mode=rr|time_exit=15:55|touch_tolerance=5,or_retest,long,168,5320.379999999999,31.668928571428566,-50.84,0.49404761904761907,1.519878052355407,-1125.2800000000004,0.194143572047084,0.0741398012162396,100,3978.999999999999,39.78999999999999,0.51,68,1341.3799999999999,19.726176470588232,0.47058823529411764,237.16,0.044575763385322105,1152,True,False,True,True,False,False,1.5
full_history,or_retest_slip_shape|long|buffer_points=0|confirm_pattern=break_prev|end=11:30|max_risk_points=120|max_stop=120|min_reward_points=8|or_class=normal_tight|rr=1.5|start=10:00|stop_mode=fixed|stop_points=60|target_mode=rr|time_exit=15:55|touch_tolerance=5,or_retest,long,195,5105.199999999998,26.18051282051281,38.66,0.5282051282051282,1.4576282429377418,-956.799999999999,0.18256035697152798,0.07510996202690236,117,3668.219999999998,31.352307692307676,0.5384615384615384,78,1436.9799999999998,18.42282051282051,0.5128205128205128,177.16,0.034701872600485795,1152,True,False,True,False,False,False,1.5
full_history,or_retest_slip_shape|long|buffer_points=0|confirm_pattern=break_prev|end=11:30|max_risk_points=120|max_stop=120|min_reward_points=8|or_class=normal_tight|rr=1.25|start=10:00|stop_mode=fixed|stop_points=60|target_mode=rr|time_exit=15:55|touch_tolerance=5,or_retest,long,195,5089.199999999997,26.098461538461525,147.16,0.5641025641025641,1.4942938451228158,-713.9600000000002,0.19869753204670773,0.08174920521871568,117,2812.2199999999984,24.036068376068364,0.5555555555555556,78,2276.9799999999996,29.192051282051278,0.5769230769230769,147.16,0.02891613613141556,1152,True,True,True,False,False,False,1.5
full_history,or_retest_slip_shape|long|buffer_points=0|confirm_pattern=break_prev|end=11:00|max_risk_points=120|max_stop=120|min_reward_points=8|or_class=normal_tight|rr=2|start=10:20|stop_mode=fixed|stop_points=60|target_mode=rr|time_exit=15:55|touch_tolerance=5,or_retest,long,131,5067.459999999999,38.682900763358774,36.66,0.5038167938931297,1.6568662017473361,-859.880000000001,0.23662044927451809,0.0797924284610534,78,4637.979999999999,59.46128205128203,0.5512820512820513,53,429.47999999999973,8.10339622641509,0.4339622641509434,237.16,0.04680056675336362,1152,True,False,True,True,False,False,1.5
full_history,or_retest_slip_shape|long|buffer_points=0|confirm_pattern=break_prev|end=11:00|max_risk_points=120|max_stop=120|min_reward_points=8|or_class=normal_tight|rr=1.5|start=10:00|stop_mode=fixed|stop_points=60|target_mode=rr|time_exit=15:55|touch_tolerance=10,or_retest,long,196,5063.359999999999,25.833469387755095,47.66,0.5255102040816326,1.4489343554441947,-974.7600000000057,0.17999616649564282,0.0742446307847136,117,4152.719999999998,35.49333333333332,0.5470085470085471,79,910.6399999999988,11.527088607594923,0.4936708860759494,177.16,0.0349886241547115,1152,True,False,True,False,False,False,1.5
full_history,or_retest_slip_shape|long|buffer_points=0|confirm_pattern=break_prev|end=11:30|max_risk_points=120|max_stop=120|min_reward_points=8|or_class=normal_tight|rr=2|start=10:00|stop_mode=fixed|stop_points=60|target_mode=rr|time_exit=15:55|touch_tolerance=5,or_retest,long,195,5052.699999999998,25.91128205128204,-93.34,0.48205128205128206,1.4151821223615102,-1493.7999999999988,0.16082167071334022,0.0661661150359487,117,3782.7199999999984,32.33094017094016,0.49572649572649574,78,1269.9799999999996,16.281794871794865,0.46153846153846156,237.16,0.04693728105765236,1152,True,False,True,False,False,False,1.5
full_history,or_retest_slip_shape|long|buffer_points=0|confirm_pattern=break_prev|end=11:00|max_risk_points=120|max_stop=120|min_reward_points=8|or_class=normal_tight|rr=1.5|start=10:00|stop_mode=fixed|stop_points=60|target_mode=rr|time_exit=12:00|touch_tolerance=10,or_retest,long,196,4898.359999999999,24.991632653061217,23.91,0.576530612244898,1.587952304704473,-852.8999999999999,0.20648632247451573,0.08517126265900134,117,3519.719999999998,30.083076923076906,0.5811965811965812,79,1378.6399999999994,17.451139240506322,0.569620253164557,177.16,0.03616720698356185,1152,True,False,True,True,False,False,1.5
full_history,or_retest_slip_shape|long|buffer_points=0|confirm_pattern=break_prev|end=10:45|max_risk_points=120|max_stop=120|min_reward_points=8|or_class=normal_tight|rr=1.5|start=10:00|stop_mode=fixed|stop_points=60|target_mode=rr|time_exit=15:55|touch_tolerance=10,or_retest,long,183,4866.279999999999,26.591693989071032,49.66,0.5300546448087432,1.4657511695749716,-1200.2400000000052,0.18545389713830635,0.07391545750944462,109,3935.4399999999987,36.104954128440355,0.5504587155963303,74,930.8399999999989,12.578918918918903,0.5,177.16,0.03640563222831404,1152,True,False,True,False,False,False,1.5
full_history,or_retest_slip_shape|long|buffer_points=0|confirm_pattern=break_prev|end=10:45|max_risk_points=120|max_stop=120|min_reward_points=8|or_class=normal_tight|rr=1.5|start=10:00|stop_mode=fixed|stop_points=60|target_mode=rr|time_exit=15:55|touch_tolerance=5,or_retest,long,168,4810.88,28.636190476190478,52.91,0.5357142857142857,1.5082531123488194,-859.880000000001,0.19939980625866058,0.07614705881165346,100,3639.4999999999995,36.394999999999996,0.55,68,1171.3799999999994,17.22617647058823,0.5147058823529411,177.16,0.036824863642410534,1152,True,False,True,True,False,False,1.5
full_history,or_retest_slip_shape|long|buffer_points=0|confirm_pattern=break_prev|end=11:30|max_risk_points=120|max_stop=120|min_reward_points=8|or_class=normal_tight|rr=1.5|start=10:00|stop_mode=fixed|stop_points=60|target_mode=rr|time_exit=15:55|touch_tolerance=10,or_retest,long,209,4683.439999999998,22.408803827751186,37.66,0.5167464114832536,1.3819680393823188,-1220.440000000006,0.15658282069289114,0.06669465275119266,125,3628.4999999999973,29.027999999999977,0.536,84,1054.9399999999996,12.558809523809519,0.4880952380952381,177.16,0.03782689646926193,1152,True,False,True,False,False,False,1.5
full_history,or_retest_slip_shape|long|buffer_points=0|confirm_pattern=break_prev|end=11:00|max_risk_points=120|max_stop=120|min_reward_points=8|or_class=normal_tight|rr=2|start=10:20|stop_mode=fixed|stop_points=60|target_mode=rr|time_exit=15:55|touch_tolerance=10,or_retest,long,143,4673.379999999999,32.68097902097902,-93.34,0.4825174825174825,1.52985206617567,-835.5599999999993,0.19919657943175886,0.07018166313290451,85,4138.099999999999,48.6835294117647,0.5176470588235295,58,535.2799999999997,9.228965517241376,0.43103448275862066,237.16,0.050746996820288534,1152,True,False,True,True,False,False,1.5
full_history,or_retest_slip_shape|long|buffer_points=0|confirm_pattern=break_prev|end=10:45|max_risk_points=120|max_stop=120|min_reward_points=8|or_class=normal_tight|rr=2|start=10:20|stop_mode=fixed|stop_points=60|target_mode=rr|time_exit=15:55|touch_tolerance=5,or_retest,long,112,4669.419999999999,41.69124999999999,39.91,0.5089285714285714,1.7166413432171521,-737.0400000000009,0.25300985484816757,0.07888968269327075,67,4414.219999999999,65.88388059701492,0.5671641791044776,45,255.1999999999995,5.6711111111111006,0.4222222222222222,237.16,0.0507900338800108,1152,True,False,True,True,False,False,1.5
full_history,or_retest_slip_shape|long|buffer_points=0|confirm_pattern=break_prev|end=11:00|max_risk_points=120|max_stop=120|min_reward_points=8|or_class=normal_tight|rr=2.5|start=10:00|stop_mode=fixed|stop_points=40|target_mode=rr|time_exit=15:55|touch_tolerance=5,or_retest,long,183,4601.279999999997,25.143606557377034,-82.84,0.4207650273224044,1.5270930656139952,-808.940000000006,0.19206531092380438,0.07655053653598504,109,3721.439999999998,34.14165137614677,0.44036697247706424,74,879.8399999999992,11.88972972972972,0.3918918918918919,197.16,0.042848946380137726,1152,True,False,True,True,False,False,1.5
full_history,or_retest_slip_shape|long|buffer_points=0|confirm_pattern=break_prev|end=10:45|max_risk_points=120|max_stop=120|min_reward_points=8|or_class=normal_tight|rr=2|start=10:20|stop_mode=fixed|stop_points=60|target_mode=rr|time_exit=15:55|touch_tolerance=10,or_retest,long,126,4389.659999999998,34.83857142857141,-63.34,0.48412698412698413,1.566839271187097,-825.0400000000045,0.2102655117908954,0.06953878168655359,75,4151.499999999999,55.353333333333325,0.5333333333333333,51,238.15999999999937,4.669803921568615,0.4117647058823529,237.16,0.0540269633639052,1152,True,False,True,True,False,False,1.5
full_history,or_retest_slip_shape|long|buffer_points=0|confirm_pattern=break_prev|end=11:00|max_risk_points=120|max_stop=120|min_reward_points=8|or_class=normal_tight|rr=1.5|start=10:20|stop_mode=fixed|stop_points=60|target_mode=rr|time_exit=15:55|touch_tolerance=10,or_retest,long,143,4341.879999999999,30.362797202797196,96.66,0.5314685314685315,1.5304173823386407,-767.060000000005,0.20855997983789834,0.07348061040879038,85,4157.0999999999985,48.9070588235294,0.5882352941176471,58,184.7799999999999,3.1858620689655153,0.4482758620689655,177.16,0.04080260163800013,1152,True,False,True,True,False,False,1.5
full_history,or_retest_slip_shape|long|buffer_points=0|confirm_pattern=break_prev|end=11:00|max_risk_points=120|max_stop=120|min_reward_points=8|or_class=normal_tight|rr=1.5|start=10:20|stop_mode=fixed|stop_points=60|target_mode=rr|time_exit=15:55|touch_tolerance=5,or_retest,long,131,4315.959999999999,32.94625954198472,98.66,0.5419847328244275,1.5891371708595528,-614.2000000000007,0.2270727748058494,0.0765727907063857,78,4116.979999999999,52.78179487179485,0.6025641025641025,53,198.97999999999976,3.754339622641505,0.4528301886792453,177.16,0.04104764641006868,1152,True,False,True,True,False,False,1.5
full_history,or_retest_slip_shape|long|buffer_points=0|confirm_pattern=break_prev|end=11:00|max_risk_points=120|max_stop=120|min_reward_points=8|or_class=normal_tight|rr=2.5|start=10:00|stop_mode=fixed|stop_points=60|target_mode=rr|time_exit=15:55|touch_tolerance=5,or_retest,long,183,4234.28,23.13814207650273,-122.84,0.4644808743169399,1.3599409035500376,-1906.1399999999994,0.1378588397198737,0.05494572703433844,109,3349.939999999999,30.733394495412835,0.47706422018348627,74,884.3399999999997,11.950540540540537,0.44594594594594594,297.16,0.07017958188877449,1152,True,False,True,False,False,False,1.5
full_history,or_retest_slip_shape|long|buffer_points=0|confirm_pattern=break_prev|end=11:00|max_risk_points=120|max_stop=120|min_reward_points=8|or_class=normal_tight|rr=2.5|start=10:20|stop_mode=fixed|stop_points=60|target_mode=rr|time_exit=15:55|touch_tolerance=5,or_retest,long,131,4195.459999999999,32.02641221374045,-107.84,0.46564885496183206,1.5106575135714113,-982.7200000000012,0.18585094471836347,0.06267209049905313,78,3776.9799999999987,48.42282051282049,0.5,53,418.48,7.895849056603774,0.41509433962264153,297.16,0.07082894366767889,1152,True,False,True,True,False,False,1.5
full_history,or_retest_slip_shape|long|buffer_points=0|confirm_pattern=break_prev|end=11:00|max_risk_points=120|max_stop=120|min_reward_points=8|or_class=normal_tight|rr=1.5|start=10:10|stop_mode=fixed|stop_points=60|target_mode=rr|time_exit=15:55|touch_tolerance=10,or_retest,long,166,4062.0599999999977,24.470240963855407,27.159999999999997,0.5120481927710844,1.4143039857045818,-928.4000000000001,0.16855364147762364,0.063983198133533,99,2951.3399999999983,29.811515151515135,0.5151515151515151,67,1110.7199999999996,16.577910447761187,0.5074626865671642,177.16,0.04361333904472117,1152,True,False,True,False,False,False,1.5
full_history,or_retest_slip_shape|long|buffer_points=0|confirm_pattern=break_prev|end=11:00|max_risk_points=120|max_stop=120|min_reward_points=8|or_class=normal_tight|rr=2.5|start=10:20|stop_mode=fixed|stop_points=40|target_mode=rr|time_exit=15:55|touch_tolerance=10,or_retest,long,143,4059.879999999998,28.390769230769216,-82.84,0.4195804195804196,1.590466162089206,-911.2399999999998,0.2124021792475588,0.0748343080748219,85,2980.5999999999985,35.06588235294116,0.43529411764705883,58,1079.2800000000002,18.608275862068968,0.39655172413793105,197.16,0.04856301171463198,1152,True,False,True,True,False,False,1.5
full_history,or_retest_slip_shape|long|buffer_points=0|confirm_pattern=break_prev|end=11:00|max_risk_points=120|max_stop=120|min_reward_points=8|or_class=normal_tight|rr=1.5|start=10:10|stop_mode=fixed|stop_points=60|target_mode=rr|time_exit=15:55|touch_tolerance=5,or_retest,long,153,4018.479999999998,26.264575163398682,49.66,0.5163398692810458,1.4492602290081453,-928.3999999999997,0.1807726557794941,0.06587979123460365,91,3034.0599999999986,33.34131868131867,0.5274725274725275,62,984.4199999999995,15.877741935483863,0.5,177.16,0.044086321196074155,1152,True,False,True,False,False,False,1.5
full_history,or_retest_slip_shape|long|buffer_points=0|confirm_pattern=break_prev|end=10:45|max_risk_points=120|max_stop=120|min_reward_points=8|or_class=normal_tight|rr=2.5|start=10:00|stop_mode=fixed|stop_points=60|target_mode=rr|time_exit=15:55|touch_tolerance=5,or_retest,long,168,4015.38,23.90107142857143,-122.84,0.4642857142857143,1.3714298928829114,-1660.4599999999996,0.1412343924543806,0.053934774512774925,100,3190.9999999999995,31.909999999999997,0.48,68,824.3799999999999,12.123235294117645,0.4411764705882353,297.16,0.07400544904840888,1152,True,False,True,False,False,False,1.5
full_history,or_retest_slip_shape|long|buffer_points=0|confirm_pattern=break_prev|end=10:45|max_risk_points=120|max_stop=120|min_reward_points=8|or_class=normal_tight|rr=2.5|start=10:20|stop_mode=fixed|stop_points=60|target_mode=rr|time_exit=15:55|touch_tolerance=5,or_retest,long,112,3885.42,34.691250000000004,-115.34,0.4642857142857143,1.5537231540993883,-859.880000000001,0.19752384437858822,0.0615888792819276,67,3701.2199999999993,55.242089552238795,0.5074626865671642,45,184.19999999999962,4.093333333333325,0.4,297.16,0.07648079229529885,1152,True,False,True,True,False,False,1.5
full_history,or_retest_slip_shape|long|buffer_points=0|confirm_pattern=break_prev|end=11:00|max_risk_points=120|max_stop=120|min_reward_points=8|or_class=normal_tight|rr=2.5|start=10:20|stop_mode=fixed|stop_points=60|target_mode=rr|time_exit=15:55|touch_tolerance=10,or_retest,long,143,3868.380000000001,27.051608391608397,-122.84,0.44755244755244755,1.4150016735755295,-1049.6399999999983,0.15662367631177823,0.055182223113002776,85,3503.6000000000004,41.21882352941177,0.47058823529411764,58,364.77999999999975,6.289310344827582,0.41379310344827586,297.16,0.07681768595639517,1152,True,False,True,False,False,False,1.5
full_history,or_retest_slip_shape|long|buffer_points=0|confirm_pattern=break_prev|end=11:00|max_risk_points=120|max_stop=120|min_reward_points=8|or_class=normal_tight|rr=1.25|start=10:20|stop_mode=fixed|stop_points=60|target_mode=rr|time_exit=15:55|touch_tolerance=5,or_retest,long,131,3752.459999999999,28.644732824427475,147.16,0.5725190839694656,1.5490435347514242,-589.88,0.2175017616852291,0.07334528276246793,78,3170.9799999999987,40.65358974358973,0.6153846153846154,53,581.4799999999997,10.971320754716976,0.5094339622641509,147.16,0.03921694035379458,1152,True,False,True,True,False,False,1.5
full_history,or_retest_slip_shape|long|buffer_points=0|confirm_pattern=break_prev|end=10:45|max_risk_points=120|max_stop=120|min_reward_points=8|or_class=normal_tight|rr=1.5|start=10:20|stop_mode=fixed|stop_points=60|target_mode=rr|time_exit=15:55|touch_tolerance=10,or_retest,long,126,3736.1599999999985,29.65206349206348,88.91,0.5317460317460317,1.5165750439678343,-992.5400000000045,0.20383736238135117,0.067412871095551,75,3885.499999999998,51.80666666666664,0.6,51,-149.34000000000046,-2.928235294117656,0.43137254901960786,177.16,0.04741766947882319,1152,True,False,True,True,False,False,1.5
full_history,or_retest_slip_shape|long|buffer_points=0|confirm_pattern=break_prev|end=11:30|max_risk_points=120|max_stop=120|min_reward_points=8|or_class=normal_tight|rr=1.5|start=10:20|stop_mode=fixed|stop_points=60|target_mode=rr|time_exit=15:55|touch_tolerance=5,or_retest,long,151,3710.659999999999,24.573907284768204,38.66,0.5231788079470199,1.4216668674246984,-682.7200000000001,0.17086337501356796,0.06186018503248024,90,3457.899999999999,38.4211111111111,0.5666666666666667,61,252.7599999999998,4.143606557377046,0.45901639344262296,177.16,0.04774352810551224,1152,True,False,True,False,False,False,1.5
full_history,or_retest_slip_shape|long|buffer_points=0|confirm_pattern=break_prev|end=10:45|max_risk_points=120|max_stop=120|min_reward_points=8|or_class=normal_tight|rr=1.5|start=10:20|stop_mode=fixed|stop_points=60|target_mode=rr|time_exit=15:55|touch_tolerance=5,or_retest,long,112,3655.9199999999983,32.642142857142844,97.66,0.5446428571428571,1.5849621750316802,-614.2000000000007,0.22541768502241788,0.07028631218946764,67,3668.2199999999993,54.74955223880596,0.6119402985074627,45,-12.300000000000324,-0.27333333333334053,0.4444444444444444,177.16,0.048458390774415216,1152,True,False,True,True,False,False,1.5
full_history,or_retest_slip_shape|long|buffer_points=0|confirm_pattern=break_prev|end=11:00|max_risk_points=120|max_stop=120|min_reward_points=8|or_class=normal_tight|rr=1.25|start=10:20|stop_mode=fixed|stop_points=60|target_mode=rr|time_exit=15:55|touch_tolerance=10,or_retest,long,143,3628.379999999999,25.373286713286706,147.16,0.5594405594405595,1.4715599096488101,-766.0400000000045,0.19183765146033216,0.06758893887336517,85,3121.0999999999985,36.71882352941175,0.6,58,507.27999999999975,8.746206896551719,0.5,147.16,0.040558045188210726,1152,True,False,True,False,False,False,1.5
full_history,or_retest_slip_shape|long|buffer_points=0|confirm_pattern=break_prev|end=10:45|max_risk_points=120|max_stop=120|min_reward_points=8|or_class=normal_tight|rr=2.5|start=10:20|stop_mode=fixed|stop_points=40|target_mode=rr|time_exit=15:55|touch_tolerance=5,or_retest,long,112,3323.4199999999996,29.673392857142854,-82.84,0.42857142857142855,1.6268522151134714,-682.5999999999991,0.22242140449752706,0.06935205759290058,67,2511.7199999999993,37.48835820895521,0.44776119402985076,45,811.6999999999997,18.03777777777777,0.4,197.16,0.059324430857369825,1152,True,False,True,True,False,False,1.5
full_history,or_retest_slip_filter|long|buffer_points=0|confirm_pattern=break_prev|end=11:00|max_risk_points=120|max_stop=120|min_reward_points=8|or_class=normal|rr=2|start=10:00|stop_mode=fixed|stop_points=40|target_mode=rr|time_exit=15:55|touch_tolerance=5,or_retest,long,104,3142.1399999999985,30.212884615384603,-82.84,0.4807692307692308,1.702411610064917,-612.4200000000019,0.25372680390471336,0.07623541678650339,62,2316.919999999999,37.36967741935482,0.5161290322580645,42,825.2199999999996,19.648095238095227,0.42857142857142855,157.16,0.0500168674852171,1152,True,False,True,True,False,False,1.5
full_history,or_retest_slip_shape|long|buffer_points=0|confirm_pattern=break_prev|end=11:00|max_risk_points=120|max_stop=120|min_reward_points=8|or_class=normal|rr=2|start=10:00|stop_mode=fixed|stop_points=40|target_mode=rr|time_exit=15:55|touch_tolerance=5,or_retest,long,104,3142.1399999999985,30.212884615384603,-82.84,0.4807692307692308,1.702411610064917,-612.4200000000019,0.25372680390471336,0.07623541678650339,62,2316.919999999999,37.36967741935482,0.5161290322580645,42,825.2199999999996,19.648095238095227,0.42857142857142855,157.16,0.0500168674852171,1152,True,False,True,True,False,False,1.5
full_history,or_retest_slip_filter|long|buffer_points=0|confirm_pattern=break_prev|end=11:00|max_risk_points=120|max_signal_ema_slope=30|max_stop=120|min_reward_points=8|or_class=normal|rr=2|start=10:00|stop_mode=fixed|stop_points=40|target_mode=rr|time_exit=15:55|touch_tolerance=5,or_retest,long,88,2787.5799999999995,31.67704545454545,-82.84,0.48863636363636365,1.7477815333440627,-579.8799999999995,0.26614784107676415,0.07355937730123044,52,2185.3199999999993,42.0253846153846,0.5384615384615384,36,602.2599999999998,16.72944444444444,0.4166666666666667,157.16,0.05637865101629371,1152,True,False,True,True,False,False,1.5
full_history,or_retest_slip_filter|long|buffer_points=0|confirm_pattern=break_prev|end=11:00|max_risk_points=120|max_stop=120|min_reward_points=8|or_class=normal|rr=2|signal_vs_ema=above|start=10:00|stop_mode=fixed|stop_points=40|target_mode=rr|time_exit=15:55|touch_tolerance=5,or_retest,long,82,2684.119999999999,32.733170731707304,-82.84,0.4878048780487805,1.771458462670437,-529.5800000000011,0.27335477767896116,0.07293019176559268,49,2313.3399999999992,47.21102040816325,0.5510204081632653,33,370.77999999999986,11.235757575757571,0.3939393939393939,157.16,0.05855177860900409,1152,True,False,True,True,False,False,1.5
full_history,or_retest_slip_filter|long|buffer_points=0|confirm_pattern=break_prev|end=11:00|max_risk_points=120|max_stop=120|min_reward_points=8|or_class=normal|rr=1.25|start=10:00|stop_mode=fixed|stop_points=40|target_mode=rr|time_exit=15:55|touch_tolerance=5,or_retest,long,104,2677.1399999999985,25.741730769230756,97.16,0.6057692307692307,1.7882194297558611,-468.4000000000012,0.2920504512921884,0.08775023976303195,62,2016.4199999999994,32.522903225806445,0.6451612903225806,42,660.7199999999998,15.731428571428566,0.5476190476190477,97.16,0.036292461358016406,1152,True,False,True,True,False,False,1.5
full_history,or_retest_slip_shape|long|buffer_points=0|confirm_pattern=break_prev|end=11:00|max_risk_points=120|max_stop=120|min_reward_points=8|or_class=normal|rr=1.25|start=10:00|stop_mode=fixed|stop_points=40|target_mode=rr|time_exit=15:55|touch_tolerance=5,or_retest,long,104,2677.1399999999985,25.741730769230756,97.16,0.6057692307692307,1.7882194297558611,-468.4000000000012,0.2920504512921884,0.08775023976303195,62,2016.4199999999994,32.522903225806445,0.6451612903225806,42,660.7199999999998,15.731428571428566,0.5476190476190477,97.16,0.036292461358016406,1152,True,False,True,True,False,False,1.5
full_history,or_retest_slip_filter|long|buffer_points=0|confirm_pattern=break_prev|end=11:00|max_risk_points=120|max_signal_volume_ratio=2.25|max_stop=120|min_reward_points=8|or_class=normal|rr=1.25|start=10:00|stop_mode=fixed|stop_points=40|target_mode=rr|time_exit=15:55|touch_tolerance=5,or_retest,long,90,2396.8999999999987,26.632222222222207,97.16,0.6111111111111112,1.8266882803338613,-385.5600000000003,0.30277836176215955,0.08462912487702648,54,1779.1400000000003,32.94703703703704,0.6481481481481481,36,617.7599999999998,17.159999999999993,0.5555555555555556,97.16,0.0405356919354166,1152,True,False,True,True,False,False,1.5
full_history,or_retest_slip_filter|long|buffer_points=0|confirm_pattern=break_prev|end=11:00|max_risk_points=120|max_signal_ema_slope=30|max_stop=120|min_reward_points=8|or_class=normal|rr=1.25|start=10:00|stop_mode=fixed|stop_points=40|target_mode=rr|time_exit=15:55|touch_tolerance=5,or_retest,long,88,2382.5799999999995,27.07477272727272,97.16,0.6136363636363636,1.845918425313147,-551.2400000000005,0.30815363012114994,0.08516916407481787,52,1944.8200000000002,37.40038461538462,0.6730769230769231,36,437.75999999999976,12.159999999999993,0.5277777777777778,97.16,0.04077932325462315,1152,True,False,True,True,False,False,1.5
full_history,or_retest_slip_filter|long|buffer_points=0|confirm_pattern=break_prev|end=11:00|max_risk_points=120|max_signal_volume_ratio=2|max_stop=120|min_reward_points=8|or_class=normal|rr=1.5|start=10:00|stop_mode=fixed|stop_points=40|target_mode=rr|time_exit=15:55|touch_tolerance=5,or_retest,long,82,2259.1199999999994,27.550243902439018,117.16,0.5609756097560976,1.7575245453082238,-462.72000000000025,0.27851289248026995,0.07430636051158107,49,873.3399999999997,17.823265306122444,0.5102040816326531,33,1385.78,41.99333333333333,0.6363636363636364,117.16,0.051860901589999654,1152,True,False,True,True,False,False,1.5
full_history,or_retest_slip_shape|long|buffer_points=0|confirm_pattern=break_prev|end=11:00|max_risk_points=120|max_stop=120|min_reward_points=8|or_class=normal_tight|rr=1.25|start=10:00|stop_mode=fixed|stop_points=60|target_mode=rr|time_exit=15:55|touch_tolerance=5,or_retest,long,183,4875.279999999997,26.640874316939875,145.66,0.5683060109289617,1.5034698699624922,-973.4,0.202347123256584,0.08064850845423963,109,2763.939999999998,25.357247706421997,0.5596330275229358,74,2111.3399999999997,28.531621621621618,0.581081081081081,145.66,0.029877258331829165,1152,True,True,True,True,False,True,3.0
full_history,or_retest_slip_shape|long|buffer_points=0|confirm_pattern=break_prev|end=11:00|max_risk_points=120|max_stop=120|min_reward_points=8|or_class=normal_tight|rr=1.5|start=10:00|stop_mode=fixed|stop_points=60|target_mode=rr|time_exit=12:00|touch_tolerance=5,or_retest,long,183,4406.779999999999,24.080765027322396,21.66,0.5792349726775956,1.5639465689298173,-872.4,0.19918802662489044,0.07938940267942794,109,2939.4399999999987,26.96733944954127,0.5688073394495413,74,1467.3399999999995,19.828918918918912,0.5945945945945946,175.66,0.0398613046260535,1152,True,True,True,True,False,True,3.0
full_history,or_retest_slip_shape|long|buffer_points=0|confirm_pattern=break_prev|end=11:00|max_risk_points=120|max_stop=120|min_reward_points=8|or_class=normal_tight|rr=1.25|start=10:00|stop_mode=fixed|stop_points=60|target_mode=rr|time_exit=12:00|touch_tolerance=10,or_retest,long,196,4236.359999999999,21.614081632653054,34.66,0.5816326530612245,1.510627526704418,-872.4000000000002,0.18896245997748318,0.07794303815653246,117,2626.219999999998,22.44632478632477,0.5726495726495726,79,1610.1399999999996,20.381518987341767,0.5949367088607594,145.66,0.034383291316129896,1152,True,True,True,True,False,True,3.0
full_history,or_retest_slip_filter|long|buffer_points=0|confirm_pattern=break_prev|end=11:00|max_risk_points=120|max_signal_volume_ratio=2|max_stop=120|min_reward_points=8|or_class=normal_tight|rr=2|start=10:00|stop_mode=fixed|stop_points=40|target_mode=rr|time_exit=15:55|touch_tolerance=5,or_retest,long,150,4059.999999999999,27.06666666666666,-84.34,0.48,1.6171600907194927,-532.0800000000004,0.22932273501861525,0.0827497142464367,90,2401.8999999999987,26.687777777777764,0.4777777777777778,60,1658.1000000000001,27.635,0.48333333333333334,155.66,0.03833990147783252,1152,True,True,True,True,False,True,3.0
full_history,or_retest_slip_filter|long|buffer_points=0|confirm_pattern=break_prev|end=11:00|max_risk_points=120|max_signal_ema_slope=30|max_stop=120|min_reward_points=8|or_class=normal_tight|rr=2|start=10:00|stop_mode=fixed|stop_points=40|target_mode=rr|time_exit=15:55|touch_tolerance=5,or_retest,long,160,3714.0999999999985,23.21312499999999,-84.34,0.4625,1.5120608169590413,-772.0800000000004,0.19700201642092877,0.07341831673695443,96,2171.359999999999,22.618333333333325,0.4583333333333333,64,1542.7399999999998,24.105312499999997,0.46875,155.66,0.04191055706631487,1152,True,True,True,True,False,True,3.0
full_history,or_retest_slip_filter|long|buffer_points=0|confirm_pattern=break_prev|end=11:00|max_risk_points=120|max_stop=120|min_reward_points=8|min_signal_rsi=60|or_class=normal_tight|rr=2|start=10:10|stop_mode=fixed|stop_points=40|target_mode=rr|time_exit=15:55|touch_tolerance=5,or_retest,long,86,2894.2599999999984,33.65418604651161,40.16,0.5116279069767442,1.8170613277324204,-434.72000000000014,0.285577007752211,0.078027236345385,51,2007.6599999999999,39.36588235294117,0.5294117647058824,35,886.5999999999998,25.331428571428564,0.4857142857142857,155.66,0.05378231395935406,1152,True,True,True,True,False,True,3.0
full_history,or_retest_slip_filter|long|buffer_points=0|confirm_pattern=break_prev|end=11:00|max_risk_points=120|max_stop=120|min_reward_points=8|min_signal_rsi=55|or_class=normal_tight|rr=2|start=10:10|stop_mode=fixed|stop_points=40|target_mode=rr|time_exit=15:55|touch_tolerance=5,or_retest,long,102,2882.819999999998,28.262941176470566,-84.34,0.49019607843137253,1.657325659874865,-700.7600000000001,0.2407848042427377,0.07164781025750884,61,1404.2599999999998,23.020655737704914,0.45901639344262296,41,1478.5599999999997,36.06243902439024,0.5365853658536586,155.66,0.05399574028208494,1152,True,True,True,True,False,True,3.0
full_history,or_retest_slip_filter|long|buffer_points=0|confirm_pattern=break_prev|end=11:00|max_risk_points=120|max_stop=120|min_reward_points=8|min_signal_rsi=50|or_class=normal_tight|rr=2|start=10:10|stop_mode=fixed|stop_points=40|target_mode=rr|time_exit=15:55|touch_tolerance=5,or_retest,long,112,2861.4199999999983,25.54839285714284,-84.34,0.4732142857142857,1.5750372784894067,-713.7800000000002,0.21663877346726162,0.06754900558378552,67,1378.2199999999998,20.57044776119403,0.44776119402985076,45,1483.2,32.96,0.5111111111111111,155.66,0.054399563852912225,1152,True,True,True,True,False,True,3.0
full_history,or_retest_slip_filter|long|buffer_points=0|confirm_pattern=break_prev|end=11:00|max_risk_points=120|max_signal_volume_ratio=2|max_stop=120|min_reward_points=8|or_class=normal|rr=2|start=10:00|stop_mode=fixed|stop_points=40|target_mode=rr|time_exit=15:55|touch_tolerance=5,or_retest,long,82,2676.119999999999,32.63560975609755,-25.340000000000003,0.5,1.7739058514606958,-434.7199999999998,0.27418393675019337,0.07315140878832994,49,1758.3399999999997,35.88448979591836,0.5102040816326531,33,917.7799999999999,27.81151515151515,0.48484848484848486,155.66,0.05816630046485212,1152,True,True,True,True,False,True,3.0
full_history,or_retest_slip_shape|long|buffer_points=0|confirm_pattern=break_prev|end=11:00|max_risk_points=120|max_stop=120|min_reward_points=8|or_class=normal|rr=1.25|start=10:00|stop_mode=fixed|stop_points=40|target_mode=rr|time_exit=15:55|touch_tolerance=10,or_retest,long,114,2576.239999999999,22.59859649122806,95.66,0.5964912280701754,1.6640409934942408,-472.08000000000106,0.2554627674687022,0.08036256661519885,68,1775.88,26.115882352941178,0.6176470588235294,46,800.3599999999996,17.3991304347826,0.5652173913043478,95.66,0.037131633698723736,1152,True,True,True,True,False,True,3.0
full_history,or_retest_slip_filter|long|buffer_points=0|confirm_pattern=break_prev|end=11:00|max_close_vwap_delta=65|max_risk_points=120|max_stop=120|min_reward_points=8|or_class=normal|rr=1.25|start=10:00|stop_mode=fixed|stop_points=40|target_mode=rr|time_exit=15:55|touch_tolerance=5,or_retest,long,95,2558.6999999999985,26.933684210526298,95.66,0.6210526315789474,1.842719943087502,-399.0600000000003,0.30772816016738885,0.08836958254454826,57,1803.6200000000001,31.64245614035088,0.6491228070175439,38,755.0799999999997,19.870526315789466,0.5789473684210527,95.66,0.03738617266580688,1152,True,True,True,True,False,True,3.0
full_history,or_retest_slip_filter|long|buffer_points=0|confirm_pattern=break_prev|end=11:00|max_risk_points=120|max_signal_volume_ratio=2.5|max_stop=120|min_reward_points=8|or_class=normal|rr=1.25|start=10:00|stop_mode=fixed|stop_points=40|target_mode=rr|time_exit=15:55|touch_tolerance=5,or_retest,long,94,2283.0399999999986,24.28765957446807,95.66,0.6063829787234043,1.7316075857693114,-483.4000000000003,0.2755808934367133,0.07872030916133474,56,1527.96,27.285,0.625,38,755.0799999999997,19.870526315789466,0.5789473684210527,95.66,0.04190027331978417,1152,True,True,True,True,False,True,3.0
full_history,or_retest_slip_filter|long|buffer_points=0|confirm_pattern=break_prev|end=11:00|max_risk_points=120|max_signal_volume_ratio=2.25|max_stop=120|min_reward_points=8|or_class=normal|rr=1.5|start=10:00|stop_mode=fixed|stop_points=40|target_mode=rr|time_exit=15:55|touch_tolerance=5,or_retest,long,90,2140.3999999999996,23.782222222222217,115.66,0.5444444444444444,1.6189812431678972,-559.0600000000003,0.238489902860617,0.06665995434295764,54,1376.64,25.493333333333336,0.5555555555555556,36,763.7599999999998,21.21555555555555,0.5277777777777778,115.66,0.054036628667538784,1152,True,True,True,True,False,True,3.0
full_history,or_retest_slip_filter|long|buffer_points=0|confirm_pattern=break_prev|end=11:00|max_risk_points=120|max_stop=120|min_reward_points=8|min_signal_rsi=60|or_class=normal_tight|rr=1.5|start=10:10|stop_mode=fixed|stop_points=40|target_mode=rr|time_exit=15:55|touch_tolerance=5,or_retest,long,86,2133.2599999999984,24.805348837209284,115.66,0.5581395348837209,1.6656203586985003,-474.7200000000001,0.2517078007539956,0.0687732678971493,51,1229.6599999999996,24.110980392156854,0.5490196078431373,35,903.5999999999998,25.81714285714285,0.5714285714285714,115.66,0.054217488726175,1152,True,True,True,True,False,True,3.0
full_history,or_retest_slip_filter|long|buffer_points=0|confirm_pattern=break_prev|end=11:00|max_close_vwap_delta=65|max_risk_points=120|max_stop=120|min_reward_points=8|or_class=normal|rr=1.5|start=10:00|stop_mode=fixed|stop_points=40|target_mode=rr|time_exit=15:55|touch_tolerance=5,or_retest,long,95,2118.7000000000003,22.302105263157898,115.66,0.5368421052631579,1.5709304330954788,-559.0600000000001,0.22340523217538363,0.06415476274536507,57,1323.6200000000001,23.22140350877193,0.543859649122807,38,795.0799999999997,20.923157894736836,0.5263157894736842,115.66,0.054590078821919095,1152,True,True,True,True,False,True,3.0
full_history,or_retest_slip_filter|long|buffer_points=0|confirm_pattern=break_prev|end=11:00|max_risk_points=120|max_signal_rsi=70|max_stop=120|min_reward_points=8|or_class=normal|rr=1.25|start=10:00|stop_mode=fixed|stop_points=40|target_mode=rr|time_exit=15:55|touch_tolerance=5,or_retest,long,82,2035.1199999999997,24.818536585365848,95.66,0.6097560975609756,1.7540609437989088,-494.7200000000002,0.28193469084114753,0.07521928551242038,49,1218.34,24.86408163265306,0.6122448979591837,33,816.7799999999999,24.750909090909087,0.6060606060606061,95.66,0.04700459923739141,1152,True,True,True,True,False,True,3.0
full_history,or_retest_slip_filter|long|buffer_points=0|confirm_pattern=break_prev|end=11:00|max_risk_points=120|max_stop=120|min_reward_points=8|min_signal_rsi=60|or_class=normal_tight|rr=1.25|start=10:10|stop_mode=fixed|stop_points=40|target_mode=rr|time_exit=15:55|touch_tolerance=5,or_retest,long,86,1995.7599999999995,23.20651162790697,95.66,0.6046511627906976,1.695978462525631,-314.7200000000001,0.2640822650066178,0.07215430075580526,51,1229.6599999999999,24.11098039215686,0.6078431372549019,35,766.0999999999998,21.888571428571424,0.6,95.66,0.04793161502385057,1152,True,True,True,True,False,True,3.0
full_history,or_retest_slip_filter|long|buffer_points=0|confirm_pattern=break_prev|end=11:00|max_risk_points=120|max_signal_volume_ratio=2|max_stop=120|min_reward_points=8|or_class=normal|rr=1.25|start=10:00|stop_mode=fixed|stop_points=40|target_mode=rr|time_exit=15:55|touch_tolerance=5,or_retest,long,82,1973.1199999999997,24.06243902439024,95.66,0.6097560975609756,1.7310884515058094,-494.72000000000014,0.2744379809823244,0.07321918698750238,49,858.3399999999998,17.517142857142854,0.5714285714285714,33,1114.78,33.78121212121212,0.6666666666666666,95.66,0.04848159260460591,1152,True,True,True,True,False,True,3.0
full_history,or_retest_slip_filter|long|buffer_points=0|confirm_pattern=break_prev|end=11:00|max_risk_points=120|max_signal_rsi=70|max_stop=120|min_reward_points=8|or_class=normal|rr=1.5|start=10:00|stop_mode=fixed|stop_points=40|target_mode=rr|time_exit=15:55|touch_tolerance=5,or_retest,long,82,1815.1199999999994,22.135609756097555,115.66,0.5365853658536586,1.566354230370804,-474.72000000000025,0.22169540733644086,0.059147634835146366,49,998.3399999999996,20.374285714285705,0.5306122448979592,33,816.7799999999999,24.750909090909087,0.5454545454545454,115.66,0.06372030499360926,1152,True,True,True,True,False,True,3.0
full_history,or_retest_slip_shape|long|buffer_points=0|confirm_pattern=break_prev|end=11:00|max_risk_points=120|max_stop=120|min_reward_points=8|or_class=normal_tight|rr=1.25|start=10:00|stop_mode=fixed|stop_points=60|target_mode=rr|time_exit=15:55|touch_tolerance=10,or_retest,long,196,5148.859999999997,26.269693877551006,145.66,0.5663265306122449,1.4936870769171764,-973.4000000000001,0.19921695448353677,0.08217280134154038,117,3119.2199999999975,26.65999999999998,0.5641025641025641,79,2029.64,25.691645569620256,0.569620253164557,145.66,0.0282897573443442,1152,True,True,True,False,False,False,3.0
full_history,or_retest_slip_shape|long|buffer_points=0|confirm_pattern=break_prev|end=11:00|max_risk_points=120|max_stop=120|min_reward_points=8|or_class=normal_tight|rr=1.5|start=10:00|stop_mode=fixed|stop_points=60|target_mode=rr|time_exit=15:55|touch_tolerance=5,or_retest,long,183,5053.279999999997,27.61355191256829,53.16,0.5355191256830601,1.4845225995742806,-943.3999999999994,0.19206396751879584,0.07655000110158673,109,3852.4399999999982,35.343486238532094,0.5504587155963303,74,1200.8399999999997,16.227567567567565,0.5135135135135135,175.66,0.03476158059715672,1152,True,False,True,False,False,False,3.0
full_history,or_retest_slip_shape|long|buffer_points=0|confirm_pattern=break_prev|end=11:30|max_risk_points=120|max_stop=120|min_reward_points=8|or_class=normal_tight|rr=1.5|start=10:00|stop_mode=fixed|stop_points=60|target_mode=rr|time_exit=15:55|touch_tolerance=5,or_retest,long,195,4775.199999999999,24.488205128205124,35.66,0.5282051282051282,1.4225922982571344,-986.7999999999992,0.1708057187785358,0.07027380568408081,117,3471.7199999999984,29.6728205128205,0.5384615384615384,78,1303.4799999999998,16.711282051282048,0.5128205128205128,175.66,0.03678589378455353,1152,True,False,True,False,False,False,3.0
full_history,or_retest_slip_shape|long|buffer_points=0|confirm_pattern=break_prev|end=11:00|max_risk_points=120|max_stop=120|min_reward_points=8|or_class=normal_tight|rr=1.5|start=10:00|stop_mode=fixed|stop_points=60|target_mode=rr|time_exit=15:55|touch_tolerance=10,or_retest,long,196,4731.859999999999,24.14214285714285,44.66,0.5255102040816326,1.4141990805418712,-1046.7600000000057,0.16826245635451328,0.06940472227930608,117,3957.7199999999984,33.826666666666654,0.5470085470085471,79,774.1399999999988,9.799240506329099,0.4936708860759494,175.66,0.037122822737781766,1152,True,False,True,False,False,False,3.0
full_history,or_retest_slip_shape|long|buffer_points=0|confirm_pattern=break_prev|end=11:30|max_risk_points=120|max_stop=120|min_reward_points=8|or_class=normal_tight|rr=1.25|start=10:00|stop_mode=fixed|stop_points=60|target_mode=rr|time_exit=15:55|touch_tolerance=10,or_retest,long,209,4656.439999999998,22.279617224880372,145.66,0.5550239234449761,1.4075972591324322,-973.4000000000002,0.1690761168323635,0.0720160286470463,125,2848.4999999999977,22.787999999999982,0.56,84,1807.94,21.523095238095237,0.5476190476190477,145.66,0.03128140811435347,1152,True,True,True,False,False,False,3.0
full_history,or_retest_slip_shape|long|buffer_points=0|confirm_pattern=break_prev|end=10:45|max_risk_points=120|max_stop=120|min_reward_points=8|or_class=normal_tight|rr=1.25|start=10:00|stop_mode=fixed|stop_points=60|target_mode=rr|time_exit=15:55|touch_tolerance=10,or_retest,long,183,4577.279999999998,25.012459016393432,145.66,0.5628415300546448,1.4653740964039164,-774.5800000000017,0.18950431147070668,0.0755298114437753,109,3033.9399999999987,27.834311926605494,0.5688073394495413,74,1543.3399999999997,20.85594594594594,0.5540540540540541,145.66,0.03182239233780762,1152,True,True,True,False,False,False,3.0
full_history,or_retest_slip_shape|long|buffer_points=0|confirm_pattern=break_prev|end=11:00|max_risk_points=120|max_stop=120|min_reward_points=8|or_class=normal_tight|rr=2|start=10:00|stop_mode=fixed|stop_points=60|target_mode=rr|time_exit=15:55|touch_tolerance=5,or_retest,long,183,4558.279999999999,24.908633879781416,-77.34,0.4808743169398907,1.3977973260725383,-1636.4599999999991,0.15507113735982334,0.0618059487631749,109,3654.9399999999982,33.531559633027506,0.4954128440366973,74,903.3399999999995,12.20729729729729,0.4594594594594595,235.66,0.05169932518406067,1152,True,False,True,False,False,False,3.0
full_history,or_retest_slip_shape|long|buffer_points=0|confirm_pattern=break_prev|end=10:45|max_risk_points=120|max_stop=120|min_reward_points=8|or_class=normal_tight|rr=1.5|start=10:00|stop_mode=fixed|stop_points=60|target_mode=rr|time_exit=15:55|touch_tolerance=10,or_retest,long,183,4557.279999999999,24.903169398907096,46.66,0.5300546448087432,1.4306739723334727,-1264.7400000000052,0.1737332145182978,0.06924400206122161,109,3752.4399999999987,34.42605504587155,0.5504587155963303,74,804.8399999999989,10.876216216216202,0.5,175.66,0.038544921532141986,1152,True,False,True,False,False,False,3.0
full_history,or_retest_slip_shape|long|buffer_points=0|confirm_pattern=break_prev|end=11:00|max_risk_points=120|max_stop=120|min_reward_points=8|or_class=normal_tight|rr=2|start=10:00|stop_mode=fixed|stop_points=60|target_mode=rr|time_exit=15:55|touch_tolerance=10,or_retest,long,196,4536.86,23.147244897959183,-103.59,0.4744897959183674,1.364303425858713,-1276.4599999999987,0.1438729002117588,0.05934454363174757,117,4060.2199999999993,34.702735042735036,0.49572649572649574,79,476.63999999999913,6.033417721518976,0.4430379746835443,235.66,0.051943414608341454,1152,True,False,True,False,False,False,3.0
full_history,or_retest_slip_shape|long|buffer_points=0|confirm_pattern=break_prev|end=10:45|max_risk_points=120|max_stop=120|min_reward_points=8|or_class=normal_tight|rr=1.5|start=10:00|stop_mode=fixed|stop_points=60|target_mode=rr|time_exit=15:55|touch_tolerance=5,or_retest,long,168,4527.38,26.948690476190478,49.91,0.5357142857142857,1.4722405919670554,-870.380000000001,0.18770279485045396,0.07168018879641438,100,3471.4999999999995,34.714999999999996,0.55,68,1055.8799999999994,15.52764705882352,0.5147058823529411,175.66,0.03879948226126369,1152,True,False,True,False,False,False,3.0
full_history,or_retest_slip_shape|long|buffer_points=0|confirm_pattern=break_prev|end=11:30|max_risk_points=120|max_stop=120|min_reward_points=8|or_class=normal_tight|rr=1.25|start=10:00|stop_mode=fixed|stop_points=60|target_mode=rr|time_exit=15:55|touch_tolerance=5,or_retest,long,195,4507.199999999998,23.113846153846143,145.66,0.558974358974359,1.4270713510092157,-1012.4600000000005,0.17577464695514666,0.07231814878710101,117,2353.2199999999984,20.11299145299144,0.5470085470085471,78,2153.98,27.615128205128205,0.5769230769230769,145.66,0.032317181398651064,1152,True,True,True,False,False,False,3.0
full_history,or_retest_slip_shape|long|buffer_points=0|confirm_pattern=break_prev|end=11:00|max_risk_points=120|max_stop=120|min_reward_points=8|or_class=normal_tight|rr=1.5|start=10:00|stop_mode=fixed|stop_points=60|target_mode=rr|time_exit=12:00|touch_tolerance=10,or_retest,long,196,4479.859999999999,22.856428571428566,20.91,0.5714285714285714,1.5277215616334434,-924.7600000000057,0.18898071129624355,0.07795056644143475,117,3264.719999999998,27.903589743589727,0.5726495726495726,79,1215.1399999999992,15.381518987341762,0.569620253164557,175.66,0.03921104677378312,1152,True,False,True,True,False,False,3.0
full_history,or_retest_slip_shape|long|buffer_points=0|confirm_pattern=break_prev|end=11:00|max_risk_points=120|max_stop=120|min_reward_points=8|or_class=normal_tight|rr=2|start=10:20|stop_mode=fixed|stop_points=60|target_mode=rr|time_exit=15:55|touch_tolerance=5,or_retest,long,131,4465.959999999999,34.09129770992366,-4.34,0.4961832061068702,1.5622906814530546,-994.7200000000012,0.20914371053156564,0.07052680616504252,78,4495.479999999999,57.63435897435896,0.5512820512820513,53,-29.52000000000018,-0.5569811320754751,0.41509433962264153,235.66,0.052768049870576546,1152,True,False,True,True,False,False,3.0
full_history,or_retest_slip_shape|long|buffer_points=0|confirm_pattern=break_prev|end=10:45|max_risk_points=120|max_stop=120|min_reward_points=8|or_class=normal_tight|rr=2|start=10:00|stop_mode=fixed|stop_points=60|target_mode=rr|time_exit=15:55|touch_tolerance=5,or_retest,long,168,4420.379999999999,26.31178571428571,-75.34,0.48214285714285715,1.4213063567948396,-1387.7799999999997,0.16254299063958716,0.062072129857533895,100,3561.999999999999,35.61999999999999,0.5,68,858.3799999999997,12.623235294117642,0.45588235294117646,235.66,0.05331215868319014,1152,True,False,True,False,False,False,3.0
full_history,or_retest_slip_shape|long|buffer_points=0|confirm_pattern=break_prev|end=11:30|max_risk_points=120|max_stop=120|min_reward_points=8|or_class=normal_tight|rr=1.5|start=10:00|stop_mode=fixed|stop_points=60|target_mode=rr|time_exit=15:55|touch_tolerance=10,or_retest,long,209,4329.439999999998,20.715023923444967,34.66,0.5167464114832536,1.348618711570485,-1295.440000000006,0.14479422757963772,0.06167343700968039,125,3416.9999999999973,27.335999999999977,0.536,84,912.4399999999995,10.862380952380946,0.4880952380952381,175.66,0.040573376695369395,1152,True,False,True,False,False,False,3.0
full_history,or_retest_slip_shape|long|buffer_points=0|confirm_pattern=break_prev|end=10:45|max_risk_points=120|max_stop=120|min_reward_points=8|or_class=normal_tight|rr=2|start=10:20|stop_mode=fixed|stop_points=60|target_mode=rr|time_exit=15:55|touch_tolerance=5,or_retest,long,112,4105.419999999999,36.655535714285705,14.659999999999998,0.5,1.610286247740462,-975.4800000000032,0.223081342852763,0.06955782952804092,67,4291.219999999999,64.04805970149253,0.5671641791044776,45,-185.8000000000003,-4.128888888888896,0.4,235.66,0.057402165917250864,1152,True,False,True,True,False,False,3.0
full_history,or_retest_slip_shape|long|buffer_points=0|confirm_pattern=break_prev|end=11:00|max_risk_points=120|max_stop=120|min_reward_points=8|or_class=normal_tight|rr=1.5|start=10:20|stop_mode=fixed|stop_points=60|target_mode=rr|time_exit=15:55|touch_tolerance=10,or_retest,long,143,4104.879999999999,28.70545454545454,93.66,0.5314685314685315,1.4952034434836317,-828.560000000005,0.19724462256934494,0.06949394259393399,85,4017.5999999999985,47.26588235294116,0.5882352941176471,58,87.27999999999989,1.5048275862068947,0.4482758620689655,175.66,0.042792968369355505,1152,True,False,True,False,False,False,3.0
full_history,or_retest_slip_shape|long|buffer_points=0|confirm_pattern=break_prev|end=11:30|max_risk_points=120|max_stop=120|min_reward_points=8|or_class=normal_tight|rr=2|start=10:00|stop_mode=fixed|stop_points=60|target_mode=rr|time_exit=15:55|touch_tolerance=5,or_retest,long,195,4100.199999999999,21.02666666666666,-110.84,0.4717948717948718,1.3292402469342002,-1760.7999999999993,0.13150103278276376,0.054102860788951275,117,3334.2199999999984,28.497606837606824,0.48717948717948717,78,765.9799999999993,9.820256410256402,0.44871794871794873,235.66,0.05747524510999465,1152,True,False,True,False,False,False,3.0
full_history,or_retest_slip_shape|long|buffer_points=0|confirm_pattern=break_prev|end=11:00|max_risk_points=120|max_stop=120|min_reward_points=8|or_class=normal_tight|rr=1.5|start=10:20|stop_mode=fixed|stop_points=60|target_mode=rr|time_exit=15:55|touch_tolerance=5,or_retest,long,131,4096.959999999999,31.274503816793885,95.66,0.5419847328244275,1.5522328107940528,-621.7000000000007,0.21562883651181883,0.0727137006301102,78,3987.9799999999987,51.1279487179487,0.6025641025641025,53,108.97999999999979,2.0562264150943355,0.4528301886792453,175.66,0.04287569319690698,1152,True,False,True,True,False,False,3.0
full_history,or_retest_slip_shape|long|buffer_points=0|confirm_pattern=break_prev|end=11:30|max_risk_points=120|max_stop=120|min_reward_points=8|or_class=normal_tight|rr=1.5|start=10:00|stop_mode=fixed|stop_points=60|target_mode=rr|time_exit=12:00|touch_tolerance=5,or_retest,long,195,4080.699999999999,20.926666666666662,19.66,0.5641025641025641,1.4882738650776555,-910.9599999999994,0.17539503696370096,0.0721619676067204,117,2809.719999999999,24.014700854700845,0.5555555555555556,78,1270.9799999999996,16.29461538461538,0.5769230769230769,175.66,0.043046536133506515,1152,True,True,True,False,False,False,3.0
full_history,or_retest_slip_shape|long|buffer_points=0|confirm_pattern=break_prev|end=11:30|max_risk_points=120|max_stop=120|min_reward_points=8|or_class=normal_tight|rr=1.25|start=10:00|stop_mode=fixed|stop_points=60|target_mode=rr|time_exit=12:00|touch_tolerance=10,or_retest,long,209,4076.9399999999987,19.506889952153102,21.66,0.5741626794258373,1.4588947194251405,-877.4600000000028,0.17181844643196217,0.07318409242035943,125,2641.499999999998,21.131999999999984,0.568,84,1435.4399999999994,17.08857142857142,0.5833333333333334,145.66,0.03572777622432512,1152,True,True,True,False,False,False,3.0
full_history,or_retest_slip_shape|long|buffer_points=0|confirm_pattern=break_prev|end=11:00|max_risk_points=120|max_stop=120|min_reward_points=8|or_class=normal_tight|rr=2|start=10:20|stop_mode=fixed|stop_points=60|target_mode=rr|time_exit=15:55|touch_tolerance=10,or_retest,long,143,4053.8799999999997,28.348811188811187,-110.84,0.4755244755244755,1.4473740550681453,-864.6200000000063,0.17335877714788894,0.06107839468746233,85,3985.0999999999995,46.8835294117647,0.5176470588235295,58,68.77999999999977,1.1858620689655133,0.41379310344827586,235.66,0.05813196246558853,1152,True,False,True,False,False,False,3.0
full_history,or_retest_slip_shape|long|buffer_points=0|confirm_pattern=break_prev|end=10:45|max_risk_points=120|max_stop=120|min_reward_points=8|or_class=normal_tight|rr=1.25|start=10:00|stop_mode=fixed|stop_points=60|target_mode=rr|time_exit=15:55|touch_tolerance=5,or_retest,long,168,4012.3799999999987,23.883214285714278,145.66,0.5595238095238095,1.4414224514448284,-724.7199999999995,0.18106505398377154,0.06914535963265822,100,2532.999999999999,25.32999999999999,0.56,68,1479.38,21.75558823529412,0.5588235294117647,145.66,0.03630264331892793,1152,True,True,True,False,False,False,3.0
full_history,or_retest_slip_shape|long|buffer_points=0|confirm_pattern=break_prev|end=11:00|max_risk_points=120|max_stop=120|min_reward_points=8|or_class=normal_tight|rr=2.5|start=10:20|stop_mode=fixed|stop_points=60|target_mode=rr|time_exit=15:55|touch_tolerance=5,or_retest,long,131,3934.459999999999,30.034045801526712,-110.84,0.46564885496183206,1.4724205420073726,-994.7200000000012,0.17455702578787177,0.05886358949641708,78,3619.4799999999987,46.40358974358973,0.5,53,314.98,5.943018867924529,0.41509433962264153,295.66,0.07514627166116826,1152,True,False,True,False,False,False,3.0
full_history,or_retest_slip_shape|long|buffer_points=0|confirm_pattern=break_prev|end=11:00|max_risk_points=120|max_stop=120|min_reward_points=8|or_class=normal_tight|rr=2.5|start=10:00|stop_mode=fixed|stop_points=60|target_mode=rr|time_exit=15:55|touch_tolerance=5,or_retest,long,183,3865.2799999999997,21.12174863387978,-124.34,0.45901639344262296,1.3242641038375327,-1942.1399999999994,0.12605638121513676,0.05024167856959647,109,3132.4399999999996,28.737981651376142,0.46788990825688076,74,732.8399999999997,9.903243243243239,0.44594594594594594,295.66,0.0764912244391092,1152,True,False,True,False,False,False,3.0
full_history,or_retest_slip_filter|long|buffer_points=0|confirm_pattern=break_prev|end=11:00|max_risk_points=120|max_stop=120|min_reward_points=8|or_class=normal_tight|rr=2|start=10:00|stop_mode=fixed|stop_points=40|target_mode=rr|time_exit=15:55|touch_tolerance=5,or_retest,long,183,3855.779999999998,21.06983606557376,-84.34,0.453551912568306,1.4571709746265116,-798.1200000000006,0.17934522565147779,0.07148075403493581,109,2436.439999999998,22.352660550458694,0.45871559633027525,74,1419.3399999999997,19.180270270270267,0.44594594594594594,155.66,0.040370560561027884,1152,True,True,True,False,False,False,3.0
full_history,or_retest_slip_shape|long|buffer_points=0|confirm_pattern=break_prev|end=11:00|max_risk_points=120|max_stop=120|min_reward_points=8|or_class=normal_tight|rr=2|start=10:00|stop_mode=fixed|stop_points=40|target_mode=rr|time_exit=15:55|touch_tolerance=5,or_retest,long,183,3855.779999999998,21.06983606557376,-84.34,0.453551912568306,1.4571709746265116,-798.1200000000006,0.17934522565147779,0.07148075403493581,109,2436.439999999998,22.352660550458694,0.45871559633027525,74,1419.3399999999997,19.180270270270267,0.44594594594594594,155.66,0.040370560561027884,1152,True,True,True,False,False,False,3.0
full_history,or_retest_slip_shape|long|buffer_points=0|confirm_pattern=break_prev|end=11:00|max_risk_points=120|max_stop=120|min_reward_points=8|or_class=normal_tight|rr=2.5|start=10:00|stop_mode=fixed|stop_points=40|target_mode=rr|time_exit=15:55|touch_tolerance=5,or_retest,long,183,3839.7799999999984,20.98240437158469,-84.34,0.41530054644808745,1.4278601975846794,-1042.46,0.16196625648779328,0.06455410284777705,109,3218.939999999998,29.531559633027502,0.43119266055045874,74,620.8399999999995,8.389729729729723,0.3918918918918919,195.66,0.050956044356707954,1152,True,False,True,False,False,False,3.0
full_history,or_retest_slip_shape|long|buffer_points=0|confirm_pattern=break_prev|end=11:00|max_risk_points=120|max_stop=120|min_reward_points=8|or_class=normal_tight|rr=2.5|start=10:10|stop_mode=fixed|stop_points=40|target_mode=rr|time_exit=15:55|touch_tolerance=10,or_retest,long,166,3824.0599999999977,23.036506024096372,-84.34,0.42168674698795183,1.4723020907438145,-1015.4800000000005,0.1762925513642835,0.0669208991542579,99,2111.839999999999,21.33171717171716,0.3939393939393939,67,1712.2199999999996,25.555522388059696,0.4626865671641791,195.66,0.05116551518543122,1152,True,True,True,False,False,False,3.0
full_history,or_retest_slip_shape|long|buffer_points=0|confirm_pattern=break_prev|end=10:45|max_risk_points=120|max_stop=120|min_reward_points=8|or_class=normal_tight|rr=2|start=10:20|stop_mode=fixed|stop_points=60|target_mode=rr|time_exit=15:55|touch_tolerance=10,or_retest,long,126,3804.6599999999985,30.195714285714274,-117.59,0.47619047619047616,1.4773462945583928,-1158.2600000000057,0.18283927155791488,0.06046840530480601,75,4016.499999999999,53.55333333333332,0.5333333333333333,51,-211.84000000000054,-4.153725490196089,0.39215686274509803,235.66,0.06193983168009759,1152,True,False,True,False,False,False,3.0
full_history,or_retest_slip_shape|long|buffer_points=0|confirm_pattern=break_prev|end=11:00|max_risk_points=120|max_stop=120|min_reward_points=8|or_class=normal_tight|rr=1.5|start=10:10|stop_mode=fixed|stop_points=60|target_mode=rr|time_exit=15:55|touch_tolerance=10,or_retest,long,166,3786.0599999999977,22.80759036144577,24.159999999999997,0.5120481927710844,1.3811966121763506,-943.4000000000002,0.1571343317482386,0.05964841218314806,99,2790.8399999999983,28.190303030303014,0.5151515151515151,67,995.2199999999995,14.85402985074626,0.5074626865671642,175.66,0.04639651775196381,1152,True,False,True,False,False,False,3.0
full_history,or_retest_slip_shape|long|buffer_points=0|confirm_pattern=break_prev|end=11:00|max_risk_points=120|max_stop=120|min_reward_points=8|or_class=normal_tight|rr=1.25|start=10:00|stop_mode=fixed|stop_points=60|target_mode=rr|time_exit=12:00|touch_tolerance=5,or_retest,long,183,3764.279999999999,20.569836065573764,34.66,0.5846994535519126,1.4859744069074492,-876.6200000000003,0.18076862594769583,0.07204807176585183,109,2155.939999999999,19.779266055045863,0.5688073394495413,74,1608.3399999999997,21.73432432432432,0.6081081081081081,145.66,0.038695314907498925,1152,True,True,True,False,False,False,3.0
full_history,or_retest_slip_shape|long|buffer_points=0|confirm_pattern=break_prev|end=11:00|max_risk_points=120|max_stop=120|min_reward_points=8|or_class=normal_tight|rr=1.5|start=10:10|stop_mode=fixed|stop_points=60|target_mode=rr|time_exit=15:55|touch_tolerance=5,or_retest,long,153,3763.4799999999987,24.597908496732018,46.66,0.5163398692810458,1.4153190475034372,-943.3999999999999,0.1693383610201373,0.06171273981627295,91,2885.5599999999986,31.709450549450533,0.5274725274725275,62,877.9199999999995,14.159999999999991,0.5,175.66,0.046674886009756944,1152,True,False,True,False,False,False,3.0
full_history,or_retest_slip_shape|long|buffer_points=0|confirm_pattern=break_prev|end=11:00|max_risk_points=120|max_stop=120|min_reward_points=8|or_class=normal_tight|rr=2.5|start=10:20|stop_mode=fixed|stop_points=40|target_mode=rr|time_exit=15:55|touch_tolerance=10,or_retest,long,143,3692.879999999998,25.82433566433565,-84.34,0.4195804195804196,1.5275377059578121,-927.7399999999999,0.19440167720047655,0.06849230574478554,85,2841.0999999999985,33.424705882352924,0.43529411764705883,58,851.78,14.685862068965516,0.39655172413793105,195.66,0.052983037629167506,1152,True,False,True,True,False,False,3.0
full_history,or_retest_slip_shape|long|buffer_points=0|confirm_pattern=break_prev|end=10:45|max_risk_points=120|max_stop=120|min_reward_points=8|or_class=normal_tight|rr=2.5|start=10:00|stop_mode=fixed|stop_points=60|target_mode=rr|time_exit=15:55|touch_tolerance=5,or_retest,long,168,3679.38,21.90107142857143,-124.34,0.4583333333333333,1.3359109101798157,-1693.4599999999996,0.12962230118744003,0.04950033391215069,100,2991.4999999999995,29.914999999999996,0.47,68,687.8799999999999,10.115882352941174,0.4411764705882353,295.66,0.08035592953160588,1152,True,False,True,False,False,False,3.0
full_history,or_retest_slip_shape|long|buffer_points=0|confirm_pattern=break_prev|end=11:30|max_risk_points=120|max_stop=120|min_reward_points=8|or_class=normal_tight|rr=2|start=10:00|stop_mode=fixed|stop_points=40|target_mode=rr|time_exit=15:55|touch_tolerance=5,or_retest,long,195,3677.6999999999975,18.85999999999999,-84.34,0.4461538461538462,1.4037559613205803,-908.5000000000005,0.16123736523131613,0.0663371423059317,117,1875.7199999999996,16.03179487179487,0.4358974358974359,78,1801.98,23.102307692307694,0.46153846153846156,155.66,0.042325366397476714,1152,True,True,True,False,False,False,3.0
full_history,or_retest_slip_shape|long|buffer_points=0|confirm_pattern=break_prev|end=10:45|max_risk_points=120|max_stop=120|min_reward_points=8|or_class=normal_tight|rr=2.5|start=10:20|stop_mode=fixed|stop_points=60|target_mode=rr|time_exit=15:55|touch_tolerance=5,or_retest,long,112,3666.42,32.73589285714286,-117.59,0.4642857142857143,1.5154606419322636,-878.4800000000032,0.18663838606693323,0.05819474132357562,67,3567.7199999999993,53.24955223880596,0.5074626865671642,45,98.69999999999965,2.1933333333333254,0.4,295.66,0.08063997032527644,1152,True,False,True,True,False,False,3.0
full_history,or_retest_slip_shape|long|buffer_points=0|confirm_pattern=break_prev|end=11:00|max_risk_points=120|max_stop=120|min_reward_points=8|or_class=normal_tight|rr=2.5|start=10:20|stop_mode=fixed|stop_points=60|target_mode=rr|time_exit=15:55|touch_tolerance=10,or_retest,long,143,3587.880000000001,25.090069930069937,-124.34,0.44755244755244755,1.3797759374047351,-1084.1399999999985,0.1454892865785943,0.05125931443819549,85,3337.1000000000004,39.260000000000005,0.47058823529411764,58,250.77999999999977,4.323793103448272,0.41379310344827586,295.66,0.08240520864688895,1152,True,False,True,False,False,False,3.0
full_history,or_retest_slip_filter|long|buffer_points=0|confirm_pattern=break_prev|end=11:00|max_risk_points=120|max_signal_volume_ratio=2.25|max_stop=120|min_reward_points=8|or_class=normal_tight|rr=2|start=10:00|stop_mode=fixed|stop_points=40|target_mode=rr|time_exit=15:55|touch_tolerance=5,or_retest,long,161,3551.2599999999984,22.0575155279503,-84.34,0.45962732919254656,1.4839824574314686,-642.4600000000005,0.18792210974129267,0.07025295201926132,96,2332.8599999999988,24.300624999999986,0.46875,65,1218.3999999999999,18.744615384615383,0.4461538461538462,155.66,0.043832329933601054,1152,True,True,True,False,False,False,3.0
full_history,or_retest_slip_shape|long|buffer_points=0|confirm_pattern=break_prev|end=11:00|max_risk_points=120|max_stop=120|min_reward_points=8|or_class=normal_tight|rr=1.25|start=10:20|stop_mode=fixed|stop_points=60|target_mode=rr|time_exit=15:55|touch_tolerance=5,or_retest,long,131,3542.459999999999,27.04167938931297,145.66,0.5725190839694656,1.5118022867743304,-600.3800000000001,0.20534533785574693,0.06924593048023617,78,3046.4799999999987,39.05743589743588,0.6153846153846154,53,495.9799999999998,9.358113207547166,0.5094339622641509,145.66,0.041118318908329246,1152,True,False,True,True,False,False,3.0
full_history,or_retest_slip_shape|long|buffer_points=0|confirm_pattern=break_prev|end=11:00|max_risk_points=120|max_stop=120|min_reward_points=8|or_class=normal_tight|rr=2|start=10:10|stop_mode=fixed|stop_points=40|target_mode=rr|time_exit=15:55|touch_tolerance=10,or_retest,long,166,3530.5599999999977,21.268433734939745,-84.34,0.4578313253012048,1.4651226517007874,-882.4600000000004,0.18127500718056463,0.06881224635322668,99,1799.3399999999995,18.17515151515151,0.43434343434343436,67,1731.2199999999996,25.839104477611933,0.4925373134328358,155.66,0.044089322940270126,1152,True,True,True,False,False,False,3.0
full_history,or_retest_slip_shape|long|buffer_points=0|confirm_pattern=break_prev|end=10:45|max_risk_points=120|max_stop=120|min_reward_points=8|or_class=normal_tight|rr=1.5|start=10:20|stop_mode=fixed|stop_points=60|target_mode=rr|time_exit=15:55|touch_tolerance=10,or_retest,long,126,3527.6599999999985,27.997301587301575,85.91,0.5317460317460317,1.4817522833544552,-1046.5400000000045,0.19254096384694433,0.06367693844146162,75,3760.999999999998,50.14666666666664,0.6,51,-233.34000000000043,-4.575294117647068,0.43137254901960786,175.66,0.04979504827562749,1152,True,False,True,False,False,False,3.0
full_history,or_retest_slip_shape|long|buffer_points=0|confirm_pattern=break_prev|end=10:45|max_risk_points=120|max_stop=120|min_reward_points=8|or_class=normal_tight|rr=1.5|start=10:20|stop_mode=fixed|stop_points=60|target_mode=rr|time_exit=15:55|touch_tolerance=5,or_retest,long,112,3468.4199999999983,30.968035714285698,94.66,0.5446428571428571,1.5481206857316236,-628.4200000000019,0.21395110675146922,0.06671097824875792,67,3555.7199999999993,53.07044776119402,0.6119402985074627,45,-87.30000000000032,-1.9400000000000073,0.4444444444444444,175.66,0.05064553889090712,1152,True,False,True,True,False,False,3.0
full_history,or_retest_slip_shape|long|buffer_points=0|confirm_pattern=break_prev|end=11:30|max_risk_points=120|max_stop=120|min_reward_points=8|or_class=normal_tight|rr=1.5|start=10:20|stop_mode=fixed|stop_points=60|target_mode=rr|time_exit=15:55|touch_tolerance=5,or_retest,long,151,3455.659999999999,22.8851655629139,35.66,0.5231788079470199,1.387797975082426,-694.7200000000003,0.1591866191626605,0.057632677074974,90,3306.399999999999,36.737777777777765,0.5666666666666667,61,149.25999999999985,2.446885245901637,0.45901639344262296,175.66,0.05083254718346135,1152,True,False,True,False,False,False,3.0
full_history,or_retest_slip_shape|long|buffer_points=0|confirm_pattern=break_prev|end=11:00|max_risk_points=120|max_stop=120|min_reward_points=8|or_class=normal_tight|rr=1.25|start=10:20|stop_mode=fixed|stop_points=60|target_mode=rr|time_exit=15:55|touch_tolerance=10,or_retest,long,143,3400.379999999999,23.778881118881113,145.66,0.5594405594405595,1.436398217640838,-818.5400000000045,0.17979862689547563,0.06334730596546186,85,2986.0999999999985,35.1305882352941,0.6,58,414.27999999999975,7.1427586206896505,0.5,145.66,0.04283638887418466,1152,True,False,True,False,False,False,3.0
full_history,or_retest_slip_shape|long|buffer_points=0|confirm_pattern=break_prev|end=10:45|max_risk_points=120|max_stop=120|min_reward_points=8|or_class=normal_tight|rr=2.5|start=10:20|stop_mode=fixed|stop_points=40|target_mode=rr|time_exit=15:55|touch_tolerance=5,or_retest,long,112,3137.4199999999996,28.01267857142857,-84.34,0.42857142857142855,1.5812448126630303,-705.0999999999992,0.2101582535058418,0.0655283484684703,67,2399.2199999999993,35.809253731343276,0.44776119402985076,45,738.1999999999996,16.404444444444437,0.4,195.66,0.06236334312906784,1152,True,False,True,True,False,False,3.0
full_history,or_retest_slip_filter|long|buffer_points=0|confirm_pattern=break_prev|end=11:00|max_risk_points=120|max_stop=120|min_reward_points=8|or_class=normal|rr=2|start=10:00|stop_mode=fixed|stop_points=40|target_mode=rr|time_exit=15:55|touch_tolerance=5,or_retest,long,104,2741.6399999999985,26.361923076923063,-84.34,0.47115384615384615,1.5910362817168595,-769.840000000001,0.22171453775981337,0.06661692786740032,62,2220.919999999999,35.82129032258063,0.5161290322580645,42,520.7199999999997,12.39809523809523,0.40476190476190477,155.66,0.05677623612144559,1152,True,False,True,True,False,False,3.0
full_history,or_retest_slip_shape|long|buffer_points=0|confirm_pattern=break_prev|end=11:00|max_risk_points=120|max_stop=120|min_reward_points=8|or_class=normal|rr=2|start=10:00|stop_mode=fixed|stop_points=40|target_mode=rr|time_exit=15:55|touch_tolerance=5,or_retest,long,104,2741.6399999999985,26.361923076923063,-84.34,0.47115384615384615,1.5910362817168595,-769.840000000001,0.22171453775981337,0.06661692786740032,62,2220.919999999999,35.82129032258063,0.5161290322580645,42,520.7199999999997,12.39809523809523,0.40476190476190477,155.66,0.05677623612144559,1152,True,False,True,True,False,False,3.0
full_history,or_retest_slip_filter|long|buffer_points=0|confirm_pattern=break_prev|end=11:00|max_risk_points=120|max_stop=120|min_reward_points=8|or_class=normal|rr=1.25|start=10:00|stop_mode=fixed|stop_points=40|target_mode=rr|time_exit=15:55|touch_tolerance=5,or_retest,long,104,2519.6399999999985,24.22730769230768,95.66,0.6057692307692307,1.7286534757688095,-483.400000000001,0.27488064481856705,0.0825913549604957,62,1921.9200000000005,30.998709677419363,0.6451612903225806,42,597.7199999999998,14.231428571428566,0.5476190476190477,95.66,0.037965741137622855,1152,True,False,True,True,False,False,3.0
full_history,or_retest_slip_shape|long|buffer_points=0|confirm_pattern=break_prev|end=11:00|max_risk_points=120|max_stop=120|min_reward_points=8|or_class=normal|rr=1.25|start=10:00|stop_mode=fixed|stop_points=40|target_mode=rr|time_exit=15:55|touch_tolerance=5,or_retest,long,104,2519.6399999999985,24.22730769230768,95.66,0.6057692307692307,1.7286534757688095,-483.400000000001,0.27488064481856705,0.0825913549604957,62,1921.9200000000005,30.998709677419363,0.6451612903225806,42,597.7199999999998,14.231428571428566,0.5476190476190477,95.66,0.037965741137622855,1152,True,False,True,True,False,False,3.0
full_history,or_retest_slip_filter|long|buffer_points=0|confirm_pattern=break_prev|end=11:00|max_risk_points=120|max_signal_ema_slope=30|max_stop=120|min_reward_points=8|or_class=normal|rr=2|start=10:00|stop_mode=fixed|stop_points=40|target_mode=rr|time_exit=15:55|touch_tolerance=5,or_retest,long,88,2411.0799999999995,27.398636363636356,-84.34,0.4772727272727273,1.6214700333020582,-743.7999999999997,0.23054793117062236,0.06372008199046972,52,2104.3199999999993,40.467692307692296,0.5384615384615384,36,306.7599999999999,8.521111111111107,0.3888888888888889,155.66,0.0645602800404798,1152,True,False,True,True,False,False,3.0
full_history,or_retest_slip_filter|long|buffer_points=0|confirm_pattern=break_prev|end=11:00|max_risk_points=120|max_stop=120|min_reward_points=8|or_class=normal|rr=2|signal_vs_ema=above|start=10:00|stop_mode=fixed|stop_points=40|target_mode=rr|time_exit=15:55|touch_tolerance=5,or_retest,long,82,2318.119999999999,28.269756097560965,-84.34,0.47560975609756095,1.6391957249449893,-756.8199999999995,0.23640852483604546,0.06307304813805951,49,2238.3399999999992,45.68040816326529,0.5510204081632653,33,79.77999999999989,2.4175757575757544,0.36363636363636365,155.66,0.06714924162683557,1152,True,False,True,True,False,False,3.0
full_history,or_retest_slip_filter|long|buffer_points=0|confirm_pattern=break_prev|end=11:00|max_risk_points=120|max_signal_volume_ratio=2.25|max_stop=120|min_reward_points=8|or_class=normal|rr=1.25|start=10:00|stop_mode=fixed|stop_points=40|target_mode=rr|time_exit=15:55|touch_tolerance=5,or_retest,long,90,2260.3999999999987,25.11555555555554,95.66,0.6111111111111112,1.765744097022256,-399.0600000000003,0.2855494336585878,0.07981349307464611,54,1696.6400000000003,31.419259259259267,0.6481481481481481,36,563.7599999999998,15.659999999999993,0.5555555555555556,95.66,0.042319943372854385,1152,True,False,True,True,False,False,3.0
full_history,or_retest_slip_filter|long|buffer_points=0|confirm_pattern=break_prev|end=11:00|max_risk_points=120|max_signal_ema_slope=30|max_stop=120|min_reward_points=8|or_class=normal|rr=1.25|start=10:00|stop_mode=fixed|stop_points=40|target_mode=rr|time_exit=15:55|touch_tolerance=5,or_retest,long,88,2249.0799999999995,25.557727272727266,95.66,0.6136363636363636,1.7843183752040055,-567.7400000000002,0.29090145192754646,0.08040091391777336,52,1865.3200000000002,35.871538461538464,0.6730769230769231,36,383.75999999999976,10.659999999999993,0.5277777777777778,95.66,0.042532946804915796,1152,True,False,True,True,False,False,3.0
full_history,or_retest_slip_filter|long|buffer_points=0|confirm_pattern=break_prev|end=11:00|max_risk_points=120|max_signal_volume_ratio=2|max_stop=120|min_reward_points=8|or_class=normal|rr=1.5|start=10:00|stop_mode=fixed|stop_points=40|target_mode=rr|time_exit=15:55|touch_tolerance=5,or_retest,long,82,2133.1199999999994,26.01365853658536,115.66,0.5609756097560976,1.7025531578531334,-474.72000000000025,0.26299394484969046,0.07016595427354713,49,798.3399999999997,16.292653061224485,0.5102040816326531,33,1334.78,40.447878787878786,0.6363636363636364,115.66,0.054221047104710485,1152,True,False,True,True,False,False,3.0
full_history,or_retest_slip_filter|long|buffer_points=0|confirm_pattern=break_prev|end=11:00|max_risk_points=120|max_signal_volume_ratio=2|max_stop=120|min_reward_points=8|or_class=normal_tight|rr=2|start=10:00|stop_mode=fixed|stop_points=40|target_mode=rr|time_exit=15:55|touch_tolerance=5,or_retest,long,150,3668.4999999999995,24.456666666666663,-86.34,0.48,1.5447307306237115,-556.0800000000004,0.20796064888256047,0.07504133538324721,90,2215.8999999999987,24.621111111111098,0.4777777777777778,60,1452.6,24.209999999999997,0.48333333333333334,153.66,0.041886329562491484,1152,True,True,True,True,False,True,5.0
full_history,or_retest_slip_filter|long|buffer_points=0|confirm_pattern=break_prev|end=11:00|max_risk_points=120|max_stop=120|min_reward_points=8|min_signal_rsi=60|or_class=normal_tight|rr=2|start=10:10|stop_mode=fixed|stop_points=40|target_mode=rr|time_exit=15:55|touch_tolerance=5,or_retest,long,86,2712.2599999999984,31.537906976744168,36.16,0.5116279069767442,1.7479455530185197,-450.72000000000014,0.2677065146023612,0.07314454216917249,51,1901.6599999999999,37.28745098039215,0.5294117647058824,35,810.5999999999998,23.159999999999993,0.4857142857142857,153.66,0.05665386061808237,1152,True,True,True,True,False,True,5.0
full_history,or_retest_slip_filter|long|buffer_points=0|confirm_pattern=break_prev|end=11:00|max_risk_points=120|max_stop=120|min_reward_points=8|min_signal_rsi=55|or_class=normal_tight|rr=2|start=10:10|stop_mode=fixed|stop_points=40|target_mode=rr|time_exit=15:55|touch_tolerance=5,or_retest,long,102,2666.8199999999983,26.145294117647044,-86.34,0.49019607843137253,1.5939888811674767,-728.7600000000001,0.22282183946960712,0.06630275912035265,61,1278.2599999999998,20.95508196721311,0.45901639344262296,41,1388.5599999999997,33.867317073170724,0.5365853658536586,153.66,0.05761918689675347,1152,True,True,True,True,False,True,5.0
full_history,or_retest_slip_filter|long|buffer_points=0|confirm_pattern=break_prev|end=11:00|max_risk_points=120|max_stop=120|min_reward_points=8|min_signal_rsi=50|or_class=normal_tight|rr=2|start=10:10|stop_mode=fixed|stop_points=40|target_mode=rr|time_exit=15:55|touch_tolerance=5,or_retest,long,112,2627.4199999999987,23.459107142857132,-86.34,0.4732142857142857,1.515781125467701,-747.7800000000002,0.19898272593918062,0.062043765529229175,67,1240.2199999999998,18.510746268656714,0.44776119402985076,45,1387.2,30.826666666666668,0.5111111111111111,153.66,0.058483226891779795,1152,True,True,True,True,False,True,5.0
full_history,or_retest_slip_filter|long|buffer_points=0|confirm_pattern=break_prev|end=11:00|max_risk_points=120|max_signal_volume_ratio=2|max_stop=120|min_reward_points=8|or_class=normal|rr=2|start=10:00|stop_mode=fixed|stop_points=40|target_mode=rr|time_exit=15:55|touch_tolerance=5,or_retest,long,82,2506.119999999999,30.56243902439023,-28.340000000000003,0.5,1.7079555020706563,-450.72,0.2568193578338325,0.0685185939494897,49,1658.3399999999997,33.843673469387745,0.5102040816326531,33,847.7799999999999,25.690303030303028,0.48484848484848486,153.66,0.061313903564075165,1152,True,True,True,True,False,True,5.0
full_history,or_retest_slip_filter|long|buffer_points=0|confirm_pattern=break_prev|end=11:00|max_close_vwap_delta=65|max_risk_points=120|max_stop=120|min_reward_points=8|or_class=normal|rr=1.25|start=10:00|stop_mode=fixed|stop_points=40|target_mode=rr|time_exit=15:55|touch_tolerance=5,or_retest,long,95,2186.699999999999,23.017894736842095,93.66,0.6105263157894737,1.6845031271716462,-417.0600000000003,0.261677399135887,0.07514529222935913,57,1507.6200000000001,26.449473684210528,0.631578947368421,38,679.0799999999997,17.870526315789466,0.5789473684210527,93.66,0.04283166415146113,1152,True,True,True,True,False,True,5.0
full_history,or_retest_slip_shape|long|buffer_points=0|confirm_pattern=break_prev|end=11:00|max_risk_points=120|max_stop=120|min_reward_points=8|or_class=normal|rr=1.25|start=10:00|stop_mode=fixed|stop_points=40|target_mode=rr|time_exit=15:55|touch_tolerance=10,or_retest,long,114,2166.239999999999,19.002105263157883,93.66,0.5877192982456141,1.5338222465364533,-496.079999999999,0.21411591508466002,0.06735582120190309,68,1457.88,21.439411764705884,0.6029411764705882,46,708.3599999999996,15.399130434782599,0.5652173913043478,93.66,0.043236206514513646,1152,True,True,True,True,False,True,5.0
full_history,or_retest_slip_filter|long|buffer_points=0|confirm_pattern=break_prev|end=11:00|max_risk_points=120|max_signal_volume_ratio=2.25|max_stop=120|min_reward_points=8|or_class=normal|rr=1.5|start=10:00|stop_mode=fixed|stop_points=40|target_mode=rr|time_exit=15:55|touch_tolerance=5,or_retest,long,90,1958.3999999999999,21.759999999999998,113.66,0.5444444444444444,1.5532297157578938,-577.0600000000003,0.21822170181980627,0.060994819929347056,54,1266.6400000000006,23.456296296296305,0.5555555555555556,36,691.7599999999998,19.21555555555555,0.5277777777777778,113.66,0.05803717320261438,1152,True,True,True,True,False,True,5.0
full_history,or_retest_slip_filter|long|buffer_points=0|confirm_pattern=break_prev|end=11:00|max_risk_points=120|max_stop=120|min_reward_points=8|min_signal_rsi=60|or_class=normal_tight|rr=1.5|start=10:10|stop_mode=fixed|stop_points=40|target_mode=rr|time_exit=15:55|touch_tolerance=5,or_retest,long,86,1955.2599999999998,22.735581395348834,113.66,0.5581395348837209,1.595948697316606,-490.7200000000001,0.23073661088474506,0.06304338088260449,51,1125.6599999999996,22.071764705882345,0.5490196078431373,35,829.5999999999998,23.702857142857138,0.5714285714285714,113.66,0.058130376522815386,1152,True,True,True,True,False,True,5.0
full_history,or_retest_slip_filter|long|buffer_points=0|confirm_pattern=break_prev|end=11:00|max_close_vwap_delta=65|max_risk_points=120|max_stop=120|min_reward_points=8|or_class=normal|rr=1.5|start=10:00|stop_mode=fixed|stop_points=40|target_mode=rr|time_exit=15:55|touch_tolerance=5,or_retest,long,95,1926.7000000000003,20.28105263157895,113.66,0.5368421052631579,1.5071651188746387,-577.0600000000002,0.2031700275998802,0.058343865945838846,57,1207.6200000000001,21.186315789473685,0.543859649122807,38,719.0799999999997,18.923157894736836,0.5263157894736842,113.66,0.05899205896091762,1152,True,True,True,True,False,True,5.0
full_history,or_retest_slip_filter|long|buffer_points=0|confirm_pattern=break_prev|end=11:00|max_risk_points=120|max_signal_volume_ratio=2.5|max_stop=120|min_reward_points=8|or_class=normal|rr=1.25|start=10:00|stop_mode=fixed|stop_points=40|target_mode=rr|time_exit=15:55|touch_tolerance=5,or_retest,long,94,1913.04,20.35148936170213,93.66,0.5957446808510638,1.5830803555100392,-503.4000000000003,0.2299235918442001,0.06567819709030928,56,1233.96,22.035,0.6071428571428571,38,679.0799999999997,17.870526315789466,0.5789473684210527,93.66,0.04895872537950069,1152,True,True,True,True,False,True,5.0
full_history,or_retest_slip_filter|long|buffer_points=0|confirm_pattern=break_prev|end=11:00|max_risk_points=120|max_stop=120|min_reward_points=8|min_signal_rsi=60|or_class=normal_tight|rr=1.25|start=10:10|stop_mode=fixed|stop_points=40|target_mode=rr|time_exit=15:55|touch_tolerance=5,or_retest,long,86,1819.7599999999998,21.159999999999997,93.66,0.6046511627906976,1.619902165174617,-330.72,0.24081710133128065,0.06579763906585327,51,1125.6599999999996,22.071764705882345,0.6078431372549019,35,694.0999999999998,19.831428571428564,0.6,93.66,0.05146832549347167,1152,True,True,True,True,False,True,5.0
full_history,or_retest_slip_filter|long|buffer_points=0|confirm_pattern=break_prev|end=11:00|max_risk_points=120|max_signal_rsi=70|max_stop=120|min_reward_points=8|or_class=normal|rr=1.25|start=10:00|stop_mode=fixed|stop_points=40|target_mode=rr|time_exit=15:55|touch_tolerance=5,or_retest,long,82,1689.1199999999997,20.599024390243898,93.66,0.5975609756097561,1.5928359340451066,-510.72000000000014,0.23281598009492954,0.0621145685419803,49,938.3399999999998,19.149795918367342,0.5918367346938775,33,750.7799999999999,22.750909090909087,0.6060606060606061,93.66,0.05544899119067918,1152,True,True,True,True,False,True,5.0
full_history,or_retest_slip_filter|long|buffer_points=0|confirm_pattern=break_prev|end=11:00|max_risk_points=120|max_signal_rsi=70|max_stop=120|min_reward_points=8|or_class=normal|rr=1.5|start=10:00|stop_mode=fixed|stop_points=40|target_mode=rr|time_exit=15:55|touch_tolerance=5,or_retest,long,82,1649.12,20.11121951219512,113.66,0.5365853658536586,1.5026395035538804,-490.7200000000002,0.20143221615472431,0.053741479394172,49,898.34,18.333469387755102,0.5306122448979592,33,750.7799999999999,22.750909090909087,0.5454545454545454,113.66,0.0689216066750752,1152,True,True,True,True,False,True,5.0
full_history,or_retest_slip_shape|long|buffer_points=0|confirm_pattern=break_prev|end=11:00|max_risk_points=120|max_stop=120|min_reward_points=8|or_class=normal_tight|rr=1.25|start=10:00|stop_mode=fixed|stop_points=60|target_mode=rr|time_exit=15:55|touch_tolerance=5,or_retest,long,183,4365.279999999997,23.853989071038235,143.66,0.5683060109289617,1.4432044315569743,-993.4000000000002,0.18162282152583817,0.07238852434158739,109,2418.939999999998,22.1921100917431,0.5596330275229358,74,1946.3399999999997,26.301891891891888,0.581081081081081,143.66,0.032909687351097776,1152,True,True,True,False,False,False,5.0
full_history,or_retest_slip_shape|long|buffer_points=0|confirm_pattern=break_prev|end=11:00|max_risk_points=120|max_stop=120|min_reward_points=8|or_class=normal_tight|rr=1.25|start=10:00|stop_mode=fixed|stop_points=60|target_mode=rr|time_exit=15:55|touch_tolerance=10,or_retest,long,196,4342.859999999997,22.15744897959182,143.66,0.5612244897959183,1.4045989561886165,-993.4000000000001,0.1682255738054801,0.0693895090039976,117,2488.2199999999975,21.266837606837587,0.5555555555555556,79,1854.64,23.47645569620253,0.569620253164557,143.66,0.03307958350027403,1152,True,True,True,False,False,False,5.0
full_history,or_retest_slip_shape|long|buffer_points=0|confirm_pattern=break_prev|end=11:00|max_risk_points=120|max_stop=120|min_reward_points=8|or_class=normal_tight|rr=1.5|start=10:00|stop_mode=fixed|stop_points=60|target_mode=rr|time_exit=15:55|touch_tolerance=5,or_retest,long,183,4341.279999999997,23.72284153005463,42.66,0.5300546448087432,1.4044517567967922,-1200.4599999999998,0.16504279930345633,0.06578030554977546,109,3310.439999999998,30.371009174311908,0.5412844036697247,74,1030.8399999999995,13.930270270270263,0.5135135135135135,173.66,0.040002027051929415,1152,True,False,True,False,False,False,5.0
full_history,or_retest_slip_shape|long|buffer_points=0|confirm_pattern=break_prev|end=11:30|max_risk_points=120|max_stop=120|min_reward_points=8|or_class=normal_tight|rr=1.5|start=10:00|stop_mode=fixed|stop_points=60|target_mode=rr|time_exit=15:55|touch_tolerance=5,or_retest,long,195,4035.199999999998,20.693333333333324,31.16,0.5230769230769231,1.3473195319036126,-1326.8000000000004,0.14440948427843414,0.05941372519428941,117,2909.7199999999984,24.869401709401696,0.5299145299145299,78,1125.4799999999993,14.429230769230761,0.5128205128205128,173.66,0.04303628072957972,1152,True,False,True,False,False,False,5.0
full_history,or_retest_slip_shape|long|buffer_points=0|confirm_pattern=break_prev|end=11:30|max_risk_points=120|max_stop=120|min_reward_points=8|or_class=normal_tight|rr=1.25|start=10:00|stop_mode=fixed|stop_points=60|target_mode=rr|time_exit=15:55|touch_tolerance=5,or_retest,long,195,3969.199999999998,20.354871794871784,143.66,0.558974358974359,1.3697872316638935,-1050.4600000000005,0.1551745061406843,0.06384272827417758,117,1988.2199999999996,16.99333333333333,0.5470085470085471,78,1980.98,25.39717948717949,0.5769230769230769,143.66,0.036193691423964544,1152,True,True,True,False,False,False,5.0
full_history,or_retest_slip_shape|long|buffer_points=0|confirm_pattern=break_prev|end=10:45|max_risk_points=120|max_stop=120|min_reward_points=8|or_class=normal_tight|rr=1.5|start=10:00|stop_mode=fixed|stop_points=60|target_mode=rr|time_exit=15:55|touch_tolerance=5,or_retest,long,168,3849.379999999999,22.912976190476186,40.66,0.5297619047619048,1.3897964226114288,-947.7799999999987,0.15964885961965158,0.06096691531836936,100,2947.4999999999995,29.474999999999994,0.54,68,901.8799999999994,13.26294117647058,0.5147058823529411,173.66,0.045113758579303685,1152,True,False,True,False,False,False,5.0
full_history,or_retest_slip_shape|long|buffer_points=0|confirm_pattern=break_prev|end=11:30|max_risk_points=120|max_stop=120|min_reward_points=8|or_class=normal_tight|rr=1.25|start=10:00|stop_mode=fixed|stop_points=60|target_mode=rr|time_exit=15:55|touch_tolerance=10,or_retest,long,209,3820.439999999998,18.279617224880372,134.66,0.5502392344497608,1.3252972039582918,-1050.4600000000005,0.1389355183600387,0.05917798715609943,125,2195.4999999999986,17.56399999999999,0.552,84,1624.94,19.34452380952381,0.5476190476190477,143.66,0.03760299860749026,1152,True,True,True,False,False,False,5.0
full_history,or_retest_slip_shape|long|buffer_points=0|confirm_pattern=break_prev|end=10:45|max_risk_points=120|max_stop=120|min_reward_points=8|or_class=normal_tight|rr=1.25|start=10:00|stop_mode=fixed|stop_points=60|target_mode=rr|time_exit=15:55|touch_tolerance=10,or_retest,long,183,3808.279999999999,20.81027322404371,143.66,0.5573770491803278,1.3760135228533852,-800.5800000000017,0.15784786516157567,0.06291265565374325,109,2418.9399999999987,22.192110091743107,0.5596330275229358,74,1389.3399999999997,18.77486486486486,0.5540540540540541,143.66,0.037723066581238786,1152,True,True,True,False,False,False,5.0
full_history,or_retest_slip_shape|long|buffer_points=0|confirm_pattern=break_prev|end=11:00|max_risk_points=120|max_stop=120|min_reward_points=8|or_class=normal_tight|rr=1.5|start=10:20|stop_mode=fixed|stop_points=60|target_mode=rr|time_exit=15:55|touch_tolerance=5,or_retest,long,131,3804.959999999999,29.0454961832061,91.66,0.5419847328244275,1.504442588394384,-631.7000000000007,0.2003539668647719,0.06756275553089824,78,3815.979999999998,48.922820512820486,0.6025641025641025,53,-11.02000000000018,-0.2079245283018902,0.4528301886792453,173.66,0.04564042723182373,1152,True,False,True,True,False,False,5.0
full_history,or_retest_slip_shape|long|buffer_points=0|confirm_pattern=break_prev|end=11:00|max_risk_points=120|max_stop=120|min_reward_points=8|or_class=normal_tight|rr=1.5|start=10:20|stop_mode=fixed|stop_points=60|target_mode=rr|time_exit=15:55|touch_tolerance=10,or_retest,long,143,3788.88,26.495664335664337,89.66,0.5314685314685315,1.4495970230014903,-910.560000000005,0.1821423734260526,0.06417306326484469,85,3831.5999999999985,45.077647058823516,0.5882352941176471,58,-42.720000000000255,-0.7365517241379355,0.4482758620689655,173.66,0.045834125124047206,1152,True,False,True,False,False,False,5.0
full_history,or_retest_slip_shape|long|buffer_points=0|confirm_pattern=break_prev|end=11:00|max_risk_points=120|max_stop=120|min_reward_points=8|or_class=normal_tight|rr=2|start=10:20|stop_mode=fixed|stop_points=60|target_mode=rr|time_exit=15:55|touch_tolerance=5,or_retest,long,131,3740.4599999999996,28.553129770992363,-25.84,0.48854961832061067,1.4556657627564633,-1010.7200000000012,0.17620516515104842,0.05941937004130796,78,3945.479999999998,50.5830769230769,0.5384615384615384,53,-205.02000000000007,-3.868301886792454,0.41509433962264153,233.66,0.06246825256786599,1152,True,False,True,False,False,False,5.0
full_history,or_retest_slip_shape|long|buffer_points=0|confirm_pattern=break_prev|end=11:00|max_risk_points=120|max_stop=120|min_reward_points=8|or_class=normal_tight|rr=1.5|start=10:00|stop_mode=fixed|stop_points=60|target_mode=rr|time_exit=15:55|touch_tolerance=10,or_retest,long,196,3689.859999999998,18.8258163265306,30.91,0.5153061224489796,1.3108349900596423,-1200.4600000000005,0.13132466845957258,0.05416866210282269,117,3097.7199999999975,26.476239316239294,0.5299145299145299,79,592.139999999999,7.49544303797467,0.4936708860759494,173.66,0.04706411625373323,1152,True,False,True,False,False,False,5.0
full_history,or_retest_slip_shape|long|buffer_points=0|confirm_pattern=break_prev|end=11:00|max_risk_points=120|max_stop=120|min_reward_points=8|or_class=normal_tight|rr=2.5|start=10:20|stop_mode=fixed|stop_points=60|target_mode=rr|time_exit=15:55|touch_tolerance=5,or_retest,long,131,3586.459999999999,27.37755725190839,-114.84,0.46564885496183206,1.423016406590944,-1010.7200000000012,0.15944073300153366,0.0537661192040212,78,3409.4799999999987,43.71128205128203,0.5,53,176.97999999999993,3.3392452830188666,0.41509433962264153,293.66,0.08188018268710653,1152,True,False,True,False,False,False,5.0
full_history,or_retest_slip_shape|long|buffer_points=0|confirm_pattern=break_prev|end=11:00|max_risk_points=120|max_stop=120|min_reward_points=8|or_class=normal_tight|rr=2|start=10:00|stop_mode=fixed|stop_points=60|target_mode=rr|time_exit=15:55|touch_tolerance=5,or_retest,long,183,3582.779999999999,19.578032786885238,-100.34,0.46994535519125685,1.3038576946106264,-1678.4599999999991,0.12302040147285037,0.04903164289440572,109,3028.9399999999982,27.78844036697246,0.47706422018348627,74,553.8399999999995,7.484324324324317,0.4594594594594595,233.66,0.06521751265776857,1152,True,False,True,False,False,False,5.0
full_history,or_retest_slip_shape|long|buffer_points=0|confirm_pattern=break_prev|end=10:45|max_risk_points=120|max_stop=120|min_reward_points=8|or_class=normal_tight|rr=1.5|start=10:00|stop_mode=fixed|stop_points=60|target_mode=rr|time_exit=15:55|touch_tolerance=10,or_retest,long,183,3545.279999999999,19.373114754098353,31.16,0.5191256830601093,1.3219346882883145,-1350.7400000000052,0.13526602192108197,0.0539123202588885,109,2908.4399999999982,26.682935779816496,0.5321100917431193,74,636.8399999999989,8.605945945945932,0.5,173.66,0.048983437133315294,1152,True,False,True,False,False,False,5.0
full_history,or_retest_slip_shape|long|buffer_points=0|confirm_pattern=break_prev|end=10:45|max_risk_points=120|max_stop=120|min_reward_points=8|or_class=normal_tight|rr=1.25|start=10:00|stop_mode=fixed|stop_points=60|target_mode=rr|time_exit=15:55|touch_tolerance=5,or_retest,long,168,3543.379999999999,21.091547619047613,143.66,0.5595238095238095,1.3833308451414266,-740.7199999999999,0.160302131799139,0.06121638775269518,100,2205.999999999999,22.05999999999999,0.56,68,1337.38,19.66735294117647,0.5588235294117647,143.66,0.040543210155275476,1152,True,True,True,False,False,False,5.0
full_history,or_retest_slip_shape|long|buffer_points=0|confirm_pattern=break_prev|end=11:00|max_risk_points=120|max_stop=120|min_reward_points=8|or_class=normal_tight|rr=1.5|start=10:00|stop_mode=fixed|stop_points=60|target_mode=rr|time_exit=12:00|touch_tolerance=5,or_retest,long,183,3493.7799999999997,19.091693989071036,16.16,0.5573770491803278,1.4241547934694985,-1130.6200000000003,0.15754881284851585,0.06279346382828062,109,2232.439999999999,20.481100917431185,0.5412844036697247,74,1261.3399999999995,17.045135135135126,0.581081081081081,173.66,0.04970547658982535,1152,True,True,True,False,False,False,5.0
full_history,or_retest_slip_shape|long|buffer_points=0|confirm_pattern=break_prev|end=10:45|max_risk_points=120|max_stop=120|min_reward_points=8|or_class=normal_tight|rr=2|start=10:00|stop_mode=fixed|stop_points=60|target_mode=rr|time_exit=15:55|touch_tolerance=5,or_retest,long,168,3486.879999999999,20.75523809523809,-98.09,0.47023809523809523,1.3226722288747448,-1425.7799999999993,0.12945314896429688,0.049435737839940395,100,2957.9999999999995,29.579999999999995,0.48,68,528.8799999999995,7.777647058823523,0.45588235294117646,233.66,0.06701119625567845,1152,True,False,True,False,False,False,5.0
full_history,or_retest_slip_shape|long|buffer_points=0|confirm_pattern=break_prev|end=11:00|max_risk_points=120|max_stop=120|min_reward_points=8|or_class=normal_tight|rr=2.5|start=10:10|stop_mode=fixed|stop_points=40|target_mode=rr|time_exit=15:55|touch_tolerance=10,or_retest,long,166,3456.0599999999977,20.819638554216855,-86.34,0.41566265060240964,1.4167703750868255,-1059.4800000000005,0.15947644016130766,0.06053747981366558,99,1897.8399999999992,19.170101010101003,0.3939393939393939,67,1558.2199999999998,23.25701492537313,0.44776119402985076,193.66,0.056034906801386584,1152,True,True,True,False,False,False,5.0
full_history,or_retest_slip_shape|long|buffer_points=0|confirm_pattern=break_prev|end=11:00|max_risk_points=120|max_stop=120|min_reward_points=8|or_class=normal_tight|rr=2.5|start=10:00|stop_mode=fixed|stop_points=40|target_mode=rr|time_exit=15:55|touch_tolerance=5,or_retest,long,183,3431.779999999999,18.75289617486338,-86.34,0.41530054644808745,1.3734100222188852,-1115.440000000006,0.14488578025236257,0.05774642053480029,109,2980.939999999998,27.348073394495394,0.43119266055045874,74,450.83999999999946,6.0924324324324255,0.3918918918918919,193.66,0.056431356322375,1152,True,False,True,False,False,False,5.0
full_history,or_retest_slip_shape|long|buffer_points=0|confirm_pattern=break_prev|end=10:45|max_risk_points=120|max_stop=120|min_reward_points=8|or_class=normal_tight|rr=2|start=10:20|stop_mode=fixed|stop_points=60|target_mode=rr|time_exit=15:55|touch_tolerance=5,or_retest,long,112,3429.919999999999,30.62428571428571,-17.09,0.49107142857142855,1.492000149181367,-1025.4800000000032,0.18754024863249874,0.058475946384434214,67,3767.2199999999993,56.22716417910447,0.5522388059701493,45,-337.3000000000003,-7.495555555555562,0.4,233.66,0.0681240378784345,1152,True,False,True,False,False,False,5.0
full_history,or_retest_slip_filter|long|buffer_points=0|confirm_pattern=break_prev|end=11:00|max_risk_points=120|max_stop=120|min_reward_points=8|or_class=normal_tight|rr=2|start=10:00|stop_mode=fixed|stop_points=40|target_mode=rr|time_exit=15:55|touch_tolerance=5,or_retest,long,183,3396.279999999998,18.558907103825124,-86.34,0.453551912568306,1.3933611304146394,-834.1200000000006,0.1584889082055338,0.06316815306096181,109,2210.439999999998,20.279266055045852,0.45871559633027525,74,1185.8399999999997,16.02486486486486,0.44594594594594594,153.66,0.04524361948955919,1152,True,True,True,False,False,False,5.0
full_history,or_retest_slip_shape|long|buffer_points=0|confirm_pattern=break_prev|end=11:00|max_risk_points=120|max_stop=120|min_reward_points=8|or_class=normal_tight|rr=2|start=10:00|stop_mode=fixed|stop_points=40|target_mode=rr|time_exit=15:55|touch_tolerance=5,or_retest,long,183,3396.279999999998,18.558907103825124,-86.34,0.453551912568306,1.3933611304146394,-834.1200000000006,0.1584889082055338,0.06316815306096181,109,2210.439999999998,20.279266055045852,0.45871559633027525,74,1185.8399999999997,16.02486486486486,0.44594594594594594,153.66,0.04524361948955919,1152,True,True,True,False,False,False,5.0
full_history,or_retest_slip_shape|long|buffer_points=0|confirm_pattern=break_prev|end=11:00|max_risk_points=120|max_stop=120|min_reward_points=8|or_class=normal_tight|rr=2.5|start=10:20|stop_mode=fixed|stop_points=40|target_mode=rr|time_exit=15:55|touch_tolerance=10,or_retest,long,143,3382.8799999999983,23.656503496503486,-86.34,0.4195804195804196,1.4720591888052552,-949.74,0.17822209920113602,0.0627918579960265,85,2659.0999999999985,31.28352941176469,0.43529411764705883,58,723.78,12.47896551724138,0.39655172413793105,193.66,0.05724707941162562,1152,True,False,True,False,False,False,5.0
full_history,or_retest_slip_shape|long|buffer_points=0|confirm_pattern=break_prev|end=10:45|max_risk_points=120|max_stop=120|min_reward_points=8|or_class=normal_tight|rr=2.5|start=10:20|stop_mode=fixed|stop_points=60|target_mode=rr|time_exit=15:55|touch_tolerance=5,or_retest,long,112,3374.42,30.12875,-120.59,0.4642857142857143,1.4660221795633137,-930.4800000000032,0.1720756065002015,0.05365399701209043,67,3389.7199999999993,50.592835820895516,0.5074626865671642,45,-15.300000000000097,-0.34000000000000213,0.4,293.66,0.08702532583377293,1152,True,False,True,False,False,False,5.0
full_history,or_retest_slip_shape|long|buffer_points=0|confirm_pattern=break_prev|end=11:00|max_risk_points=120|max_stop=120|min_reward_points=8|or_class=normal_tight|rr=2.5|start=10:00|stop_mode=fixed|stop_points=60|target_mode=rr|time_exit=15:55|touch_tolerance=5,or_retest,long,183,3373.2799999999997,18.433224043715846,-126.34,0.453551912568306,1.2779564930784446,-1990.1399999999994,0.11025531069234988,0.043943922766925075,109,2842.4399999999996,26.077431192660548,0.45871559633027525,74,530.8399999999997,7.17351351351351,0.44594594594594594,293.66,0.08705473604325761,1152,True,False,True,False,False,False,5.0
full_history,or_retest_slip_shape|long|buffer_points=0|confirm_pattern=break_prev|end=11:00|max_risk_points=120|max_stop=120|min_reward_points=8|or_class=normal_tight|rr=1.25|start=10:00|stop_mode=fixed|stop_points=60|target_mode=rr|time_exit=12:00|touch_tolerance=10,or_retest,long,196,3353.3599999999988,17.10897959183673,29.91,0.5612244897959183,1.384064577310897,-920.6200000000003,0.1489050085652322,0.06142018243031804,117,1943.2199999999993,16.608717948717942,0.5470085470085471,79,1410.1399999999994,17.84987341772151,0.5822784810126582,143.66,0.042840613593530086,1152,True,True,True,False,False,False,5.0
full_history,or_retest_slip_shape|long|buffer_points=0|confirm_pattern=break_prev|end=11:00|max_risk_points=120|max_stop=120|min_reward_points=8|or_class=normal_tight|rr=2|start=10:20|stop_mode=fixed|stop_points=60|target_mode=rr|time_exit=15:55|touch_tolerance=10,or_retest,long,143,3304.379999999999,23.107552447552443,-126.34,0.46853146853146854,1.3535669345933592,-974.6200000000063,0.14216596998288036,0.050088431451802196,85,3421.0999999999985,40.24823529411763,0.5058823529411764,58,-116.72000000000023,-2.0124137931034523,0.41379310344827586,233.66,0.0707122062232552,1152,True,False,True,False,False,False,5.0
full_history,or_retest_slip_filter|long|buffer_points=0|confirm_pattern=break_prev|end=11:00|max_risk_points=120|max_signal_ema_slope=30|max_stop=120|min_reward_points=8|or_class=normal_tight|rr=2|start=10:00|stop_mode=fixed|stop_points=40|target_mode=rr|time_exit=15:55|touch_tolerance=5,or_retest,long,160,3302.5999999999985,20.641249999999992,-86.34,0.4625,1.4447802360597093,-796.0800000000003,0.17580321729291262,0.06551799075501988,96,1973.3599999999992,20.555833333333325,0.4583333333333333,64,1329.2399999999998,20.769374999999997,0.46875,153.66,0.046526978744019884,1152,True,True,True,False,False,False,5.0
full_history,or_retest_slip_shape|long|buffer_points=0|confirm_pattern=break_prev|end=11:00|max_risk_points=120|max_stop=120|min_reward_points=8|or_class=normal_tight|rr=1.5|start=10:00|stop_mode=fixed|stop_points=60|target_mode=rr|time_exit=12:00|touch_tolerance=10,or_retest,long,196,3294.8599999999988,16.810510204081627,15.66,0.5459183673469388,1.363821268382312,-1130.6200000000003,0.1384357835005227,0.057101847408720555,117,2297.719999999999,19.63863247863247,0.5384615384615384,79,997.1399999999992,12.622025316455685,0.5569620253164557,173.66,0.052706336536302016,1152,True,True,True,False,False,False,5.0
full_history,or_retest_slip_shape|long|buffer_points=0|confirm_pattern=break_prev|end=11:30|max_risk_points=120|max_stop=120|min_reward_points=8|or_class=normal_tight|rr=1.5|start=10:00|stop_mode=fixed|stop_points=60|target_mode=rr|time_exit=15:55|touch_tolerance=10,or_retest,long,209,3257.4399999999982,15.585837320574154,11.66,0.507177033492823,1.2528769896720264,-1395.4399999999991,0.10908923771703166,0.046465306961736515,125,2534.9999999999977,20.279999999999983,0.52,84,722.4399999999994,8.600476190476183,0.4880952380952381,173.66,0.05331180313374923,1152,True,False,True,False,False,False,5.0
full_history,or_retest_slip_shape|long|buffer_points=0|confirm_pattern=break_prev|end=11:00|max_risk_points=120|max_stop=120|min_reward_points=8|or_class=normal_tight|rr=1.25|start=10:20|stop_mode=fixed|stop_points=60|target_mode=rr|time_exit=15:55|touch_tolerance=5,or_retest,long,131,3253.459999999999,24.835572519083964,143.66,0.5725190839694656,1.462300747136073,-614.3800000000002,0.1886958032729942,0.06363142505106742,78,2880.4799999999987,36.92923076923075,0.6153846153846154,53,372.9799999999998,7.037358490566033,0.5094339622641509,143.66,0.04415606769408569,1152,True,False,True,False,False,False,5.0
full_history,or_retest_slip_shape|long|buffer_points=0|confirm_pattern=break_prev|end=10:45|max_risk_points=120|max_stop=120|min_reward_points=8|or_class=normal_tight|rr=1.5|start=10:20|stop_mode=fixed|stop_points=60|target_mode=rr|time_exit=15:55|touch_tolerance=10,or_retest,long,126,3249.6599999999985,25.79095238095237,81.91,0.5317460317460317,1.4366320190902053,-1118.5400000000045,0.177461979877404,0.05869003324059496,75,3594.999999999998,47.93333333333331,0.6,51,-345.34000000000043,-6.771372549019616,0.43137254901960786,173.66,0.05343943674107447,1152,True,False,True,False,False,False,5.0
full_history,or_retest_slip_shape|long|buffer_points=0|confirm_pattern=break_prev|end=10:45|max_risk_points=120|max_stop=120|min_reward_points=8|or_class=normal_tight|rr=2.5|start=10:00|stop_mode=fixed|stop_points=60|target_mode=rr|time_exit=15:55|touch_tolerance=5,or_retest,long,168,3231.38,19.234404761904763,-126.34,0.4523809523809524,1.2897765996369923,-1737.4599999999994,0.1140791540141887,0.04356469654054542,100,2725.4999999999995,27.254999999999995,0.46,68,505.8799999999999,7.439411764705881,0.4411764705882353,293.66,0.09087758171431401,1152,True,False,True,False,False,False,5.0
full_history,or_retest_slip_shape|long|buffer_points=0|confirm_pattern=break_prev|end=10:45|max_risk_points=120|max_stop=120|min_reward_points=8|or_class=normal_tight|rr=1.5|start=10:20|stop_mode=fixed|stop_points=60|target_mode=rr|time_exit=15:55|touch_tolerance=5,or_retest,long,112,3218.4199999999987,28.735892857142847,90.66,0.5446428571428571,1.500388691260976,-658.4200000000019,0.19864320913677658,0.06193790256659175,67,3405.7199999999993,50.83164179104477,0.6119402985074627,45,-187.3000000000003,-4.162222222222229,0.4444444444444444,173.66,0.05395815337960865,1152,True,False,True,True,False,False,5.0
full_history,or_retest_slip_shape|long|buffer_points=0|confirm_pattern=break_prev|end=11:00|max_risk_points=120|max_stop=120|min_reward_points=8|or_class=normal_tight|rr=2.5|start=10:20|stop_mode=fixed|stop_points=60|target_mode=rr|time_exit=15:55|touch_tolerance=10,or_retest,long,143,3213.88,22.474685314685317,-126.34,0.44755244755244755,1.3342443756656017,-1130.1399999999987,0.1305874251864041,0.046009036450173034,85,3115.1000000000004,36.648235294117654,0.47058823529411764,58,98.77999999999977,1.7031034482758582,0.41379310344827586,293.66,0.09137242211905859,1152,True,False,True,False,False,False,5.0
full_history,or_retest_slip_shape|long|buffer_points=0|confirm_pattern=break_prev|end=11:30|max_risk_points=120|max_stop=120|min_reward_points=8|or_class=normal_tight|rr=2|start=10:00|stop_mode=fixed|stop_points=40|target_mode=rr|time_exit=15:55|touch_tolerance=5,or_retest,long,195,3192.199999999998,16.3702564102564,-86.34,0.4461538461538462,1.3423373570466455,-958.5000000000002,0.1403971163698706,0.05776293525144782,117,1631.7199999999996,13.946324786324782,0.4358974358974359,78,1560.48,20.006153846153847,0.46153846153846156,153.66,0.048136081699141686,1152,True,True,True,False,False,False,5.0
full_history,or_retest_slip_shape|long|buffer_points=0|confirm_pattern=break_prev|end=11:00|max_risk_points=120|max_stop=120|min_reward_points=8|or_class=normal_tight|rr=1.25|start=10:00|stop_mode=fixed|stop_points=60|target_mode=rr|time_exit=12:00|touch_tolerance=5,or_retest,long,183,3183.2799999999997,17.39497267759563,30.66,0.5683060109289617,1.3960111266477238,-920.6200000000003,0.1522943664991518,0.06069922471082261,109,1762.9400000000003,16.17376146788991,0.5504587155963303,74,1420.3399999999997,19.19378378378378,0.5945945945945946,143.66,0.04512955190872308,1152,True,True,True,False,False,False,5.0
full_history,or_retest_slip_shape|long|buffer_points=0|confirm_pattern=break_prev|end=11:00|max_risk_points=120|max_stop=120|min_reward_points=8|or_class=normal_tight|rr=2|start=10:00|stop_mode=fixed|stop_points=60|target_mode=rr|time_exit=15:55|touch_tolerance=10,or_retest,long,196,3173.3599999999988,16.190612244897952,-126.34,0.45918367346938777,1.245463349432706,-1678.4599999999994,0.10179633894772513,0.04198884758244208,117,3058.2199999999984,26.138632478632466,0.4700854700854701,79,115.1399999999991,1.4574683544303684,0.4430379746835443,233.66,0.0736317341871077,1152,True,False,True,False,False,False,5.0
full_history,or_retest_slip_shape|long|buffer_points=0|confirm_pattern=break_prev|end=11:30|max_risk_points=120|max_stop=120|min_reward_points=8|or_class=normal_tight|rr=1.25|start=10:00|stop_mode=fixed|stop_points=60|target_mode=rr|time_exit=12:00|touch_tolerance=10,or_retest,long,209,3153.9399999999987,15.090622009569373,16.66,0.5502392344497608,1.3375920260830656,-1046.9600000000005,0.13239261851212825,0.056391114168301545,125,1930.4999999999998,15.443999999999999,0.544,84,1223.4399999999994,14.564761904761898,0.5595238095238095,143.66,0.045549376335631005,1152,True,True,True,False,False,False,5.0
full_history,or_retest_slip_filter|long|buffer_points=0|confirm_pattern=break_prev|end=11:00|max_risk_points=120|max_signal_volume_ratio=2.25|max_stop=120|min_reward_points=8|or_class=normal_tight|rr=2|start=10:00|stop_mode=fixed|stop_points=40|target_mode=rr|time_exit=15:55|touch_tolerance=5,or_retest,long,161,3135.7599999999984,19.476770186335393,-86.34,0.45962732919254656,1.4174567800649127,-680.4600000000006,0.1665470569425007,0.062262085160912375,96,2132.859999999999,22.217291666666657,0.46875,65,1002.8999999999997,15.429230769230765,0.4461538461538462,153.66,0.04900247467918466,1152,True,True,True,False,False,False,5.0
full_history,or_retest_slip_shape|long|buffer_points=0|confirm_pattern=break_prev|end=11:30|max_risk_points=120|max_stop=120|min_reward_points=8|or_class=normal_tight|rr=1.5|start=10:00|stop_mode=fixed|stop_points=60|target_mode=rr|time_exit=12:00|touch_tolerance=5,or_retest,long,195,3125.6999999999994,16.029230769230765,14.16,0.5384615384615384,1.3548061205957136,-1256.9600000000003,0.13411225101261004,0.05517718220977484,117,2074.72,17.73264957264957,0.5299145299145299,78,1050.9799999999996,13.474102564102559,0.5512820512820513,173.66,0.05555875483891609,1152,True,True,True,False,False,False,5.0
full_history,or_retest_slip_shape|long|buffer_points=0|confirm_pattern=break_prev|end=11:00|max_risk_points=120|max_stop=120|min_reward_points=8|or_class=normal_tight|rr=1.5|start=10:10|stop_mode=fixed|stop_points=60|target_mode=rr|time_exit=15:55|touch_tolerance=5,or_retest,long,153,3123.4799999999987,20.414901960784306,29.66,0.5032679738562091,1.3341392236067366,-963.4000000000002,0.1406098854149322,0.05124309236213622,91,2387.559999999998,26.236923076923055,0.5164835164835165,62,735.9199999999995,11.869677419354831,0.4838709677419355,173.66,0.05559824298538812,1152,True,False,True,False,False,False,5.0
full_history,or_retest_slip_shape|long|buffer_points=0|confirm_pattern=break_prev|end=11:00|max_risk_points=120|max_stop=120|min_reward_points=8|or_class=normal_tight|rr=1.5|start=10:10|stop_mode=fixed|stop_points=60|target_mode=rr|time_exit=15:55|touch_tolerance=10,or_retest,long,166,3118.0599999999986,18.783493975903607,3.41,0.5,1.3047295699271517,-1247.7800000000004,0.12948889181422943,0.04915416450460581,99,2276.8399999999983,22.99838383838382,0.5050505050505051,67,841.2199999999995,12.555522388059693,0.4925373134328358,173.66,0.05569488720550601,1152,True,False,True,False,False,False,5.0
full_history,or_retest_slip_shape|long|buffer_points=0|confirm_pattern=break_prev|end=11:30|max_risk_points=120|max_stop=120|min_reward_points=8|or_class=normal_tight|rr=1.5|start=10:20|stop_mode=fixed|stop_points=60|target_mode=rr|time_exit=15:55|touch_tolerance=5,or_retest,long,151,3115.6599999999994,20.633509933774832,31.66,0.5231788079470199,1.3439305528878525,-710.7200000000003,0.14360007492688406,0.05198965082452388,90,3104.399999999999,34.493333333333325,0.5666666666666667,61,11.259999999999849,0.18459016393442376,0.45901639344262296,173.66,0.055737789104074266,1152,True,False,True,False,False,False,5.0
full_history,or_retest_slip_shape|long|buffer_points=0|confirm_pattern=break_prev|end=11:00|max_risk_points=120|max_stop=120|min_reward_points=8|or_class=normal_tight|rr=2|start=10:10|stop_mode=fixed|stop_points=40|target_mode=rr|time_exit=15:55|touch_tolerance=10,or_retest,long,166,3105.059999999998,18.705180722891555,-86.34,0.45180722891566266,1.3993933968234364,-920.4600000000003,0.15999240632276196,0.06073334129045789,99,1597.3399999999997,16.13474747474747,0.43434343434343436,67,1507.7199999999996,22.503283582089544,0.47761194029850745,153.66,0.049486966435431226,1152,True,True,True,False,False,False,5.0
full_history,or_retest_slip_shape|long|buffer_points=0|confirm_pattern=break_prev|end=10:45|max_risk_points=120|max_stop=120|min_reward_points=8|or_class=normal_tight|rr=2|start=10:20|stop_mode=fixed|stop_points=60|target_mode=rr|time_exit=15:55|touch_tolerance=10,or_retest,long,126,3101.159999999998,24.61238095238094,-126.34,0.46825396825396826,1.3765929387306033,-1252.2600000000057,0.1499742168278176,0.049599310099760464,75,3476.499999999999,46.353333333333325,0.52,51,-375.34000000000054,-7.359607843137265,0.39215686274509803,233.66,0.07534599956145448,1152,True,False,True,False,False,False,5.0
full_history,or_retest_slip_shape|long|buffer_points=0|confirm_pattern=break_prev|end=11:30|max_risk_points=120|max_stop=120|min_reward_points=8|or_class=normal_tight|rr=2|start=10:00|stop_mode=fixed|stop_points=60|target_mode=rr|time_exit=15:55|touch_tolerance=5,or_retest,long,195,3096.699999999999,15.880512820512815,-126.34,0.46153846153846156,1.241897560480249,-1804.7999999999993,0.1002407112284783,0.041241571493502945,117,2688.2199999999984,22.976239316239305,0.4700854700854701,78,408.4799999999995,5.236923076923071,0.44871794871794873,233.66,0.07545451609778153,1152,True,False,True,False,False,False,5.0
full_history,or_retest_slip_shape|long|buffer_points=0|confirm_pattern=break_prev|end=11:00|max_risk_points=120|max_stop=120|min_reward_points=8|or_class=normal_tight|rr=1.25|start=10:20|stop_mode=fixed|stop_points=60|target_mode=rr|time_exit=15:55|touch_tolerance=10,or_retest,long,143,3087.379999999999,21.590069930069923,143.66,0.5594405594405595,1.3897262279851346,-897.5400000000045,0.16333504869007576,0.0575467982314953,85,2806.0999999999985,33.01294117647057,0.6,58,281.27999999999975,4.849655172413788,0.5,143.66,0.046531363162292956,1152,True,False,True,False,False,False,5.0
full_history,or_retest_slip_shape|long|buffer_points=0|confirm_pattern=break_prev|end=10:45|max_risk_points=120|max_stop=120|min_reward_points=8|or_class=normal_tight|rr=2.5|start=10:20|stop_mode=fixed|stop_points=40|target_mode=rr|time_exit=15:55|touch_tolerance=5,or_retest,long,112,2893.4199999999996,25.83410714285714,-86.34,0.42857142857142855,1.5236238996988647,-735.0999999999993,0.19397362908722326,0.0604819051761298,67,2253.2199999999993,33.63014925373133,0.44776119402985076,45,640.1999999999997,14.22666666666666,0.4,193.66,0.06693117487264207,1152,True,False,True,True,False,False,5.0
full_history,or_retest_slip_filter|long|buffer_points=0|confirm_pattern=break_prev|end=11:00|max_risk_points=120|max_stop=120|min_reward_points=8|or_class=normal|rr=2|start=10:00|stop_mode=fixed|stop_points=40|target_mode=rr|time_exit=15:55|touch_tolerance=5,or_retest,long,104,2527.639999999999,24.30423076923076,-86.34,0.47115384615384615,1.5322804135868757,-823.8399999999997,0.20444725487358426,0.06142875504788025,62,2092.9199999999996,33.75677419354838,0.5161290322580645,42,434.7199999999997,10.350476190476183,0.40476190476190477,153.66,0.060791884920320956,1152,True,False,True,True,False,False,5.0
full_history,or_retest_slip_shape|long|buffer_points=0|confirm_pattern=break_prev|end=11:00|max_risk_points=120|max_stop=120|min_reward_points=8|or_class=normal|rr=2|start=10:00|stop_mode=fixed|stop_points=40|target_mode=rr|time_exit=15:55|touch_tolerance=5,or_retest,long,104,2527.639999999999,24.30423076923076,-86.34,0.47115384615384615,1.5322804135868757,-823.8399999999997,0.20444725487358426,0.06142875504788025,62,2092.9199999999996,33.75677419354838,0.5161290322580645,42,434.7199999999997,10.350476190476183,0.40476190476190477,153.66,0.060791884920320956,1152,True,False,True,True,False,False,5.0
full_history,or_retest_slip_filter|long|buffer_points=0|confirm_pattern=break_prev|end=11:00|max_risk_points=120|max_signal_ema_slope=30|max_stop=120|min_reward_points=8|or_class=normal|rr=2|start=10:00|stop_mode=fixed|stop_points=40|target_mode=rr|time_exit=15:55|touch_tolerance=5,or_retest,long,88,2229.0799999999995,25.33045454545454,-86.34,0.4772727272727273,1.5612492572337868,-785.799999999999,0.2131918688114646,0.058923119766858316,52,1996.3199999999995,38.39076923076922,0.5384615384615384,36,232.75999999999988,6.465555555555552,0.3888888888888889,153.66,0.06893426884634021,1152,True,False,True,True,False,False,5.0
full_history,or_retest_slip_filter|long|buffer_points=0|confirm_pattern=break_prev|end=11:00|max_risk_points=120|max_stop=120|min_reward_points=8|or_class=normal|rr=2|signal_vs_ema=above|start=10:00|stop_mode=fixed|stop_points=40|target_mode=rr|time_exit=15:55|touch_tolerance=5,or_retest,long,82,2150.1199999999994,26.220975609756092,-86.34,0.47560975609756095,1.5791381827388737,-804.8199999999988,0.21932344046384591,0.05851480156130052,49,2138.3399999999992,43.63959183673468,0.5510204081632653,33,11.779999999999887,0.35696969696969355,0.36363636363636365,153.66,0.07146577865421466,1152,True,False,True,True,False,False,5.0
full_history,or_retest_slip_filter|long|buffer_points=0|confirm_pattern=break_prev|end=11:00|max_risk_points=120|max_stop=120|min_reward_points=8|or_class=normal|rr=1.25|start=10:00|stop_mode=fixed|stop_points=40|target_mode=rr|time_exit=15:55|touch_tolerance=5,or_retest,long,104,2129.639999999999,20.477307692307683,93.66,0.5961538461538461,1.5872795261259465,-503.3999999999992,0.2314270830717179,0.06953518454551193,62,1615.9200000000005,26.063225806451623,0.6290322580645161,42,513.7199999999998,12.231428571428566,0.5476190476190477,93.66,0.04397926410097483,1152,True,False,True,True,False,False,5.0
full_history,or_retest_slip_shape|long|buffer_points=0|confirm_pattern=break_prev|end=11:00|max_risk_points=120|max_stop=120|min_reward_points=8|or_class=normal|rr=1.25|start=10:00|stop_mode=fixed|stop_points=40|target_mode=rr|time_exit=15:55|touch_tolerance=5,or_retest,long,104,2129.639999999999,20.477307692307683,93.66,0.5961538461538461,1.5872795261259465,-503.3999999999992,0.2314270830717179,0.06953518454551193,62,1615.9200000000005,26.063225806451623,0.6290322580645161,42,513.7199999999998,12.231428571428566,0.5476190476190477,93.66,0.04397926410097483,1152,True,False,True,True,False,False,5.0
full_history,or_retest_slip_filter|long|buffer_points=0|confirm_pattern=break_prev|end=11:00|max_risk_points=120|max_signal_volume_ratio=2|max_stop=120|min_reward_points=8|or_class=normal|rr=1.5|start=10:00|stop_mode=fixed|stop_points=40|target_mode=rr|time_exit=15:55|touch_tolerance=5,or_retest,long,82,1965.1199999999997,23.964878048780484,113.66,0.5609756097560976,1.632229171492548,-490.72000000000014,0.24229720821284115,0.06464413027374821,49,698.3399999999998,14.251836734693873,0.5102040816326531,33,1266.78,38.38727272727272,0.6363636363636364,113.66,0.057838707050968906,1152,True,False,True,True,False,False,5.0
full_history,or_retest_slip_filter|long|buffer_points=0|confirm_pattern=break_prev|end=11:00|max_risk_points=120|max_signal_volume_ratio=2.25|max_stop=120|min_reward_points=8|or_class=normal|rr=1.25|start=10:00|stop_mode=fixed|stop_points=40|target_mode=rr|time_exit=15:55|touch_tolerance=5,or_retest,long,90,1898.3999999999996,21.09333333333333,93.66,0.6,1.6107636475947795,-417.0600000000003,0.23868577691511325,0.06671470280556792,54,1406.6400000000003,26.048888888888897,0.6296296296296297,36,491.75999999999976,13.659999999999993,0.5555555555555556,93.66,0.04933628318584071,1152,True,False,True,True,False,False,5.0
full_history,or_retest_slip_filter|long|buffer_points=0|confirm_pattern=break_prev|end=11:00|max_risk_points=120|max_signal_ema_slope=30|max_stop=120|min_reward_points=8|or_class=normal|rr=1.25|start=10:00|stop_mode=fixed|stop_points=40|target_mode=rr|time_exit=15:55|touch_tolerance=5,or_retest,long,88,1891.0799999999995,21.48954545454545,93.66,0.6022727272727273,1.6257917204407815,-589.7399999999991,0.24338459898752784,0.06726794954939523,52,1579.3200000000002,30.371538461538464,0.6538461538461539,36,311.7599999999998,8.659999999999995,0.5277777777777778,93.66,0.049527254267402766,1152,True,False,True,True,False,False,5.0
full_history,or_retest_slip_filter|long|buffer_points=0|confirm_pattern=break_prev|end=11:00|max_risk_points=120|max_signal_volume_ratio=2|max_stop=120|min_reward_points=8|or_class=normal|rr=1.25|start=10:00|stop_mode=fixed|stop_points=40|target_mode=rr|time_exit=15:55|touch_tolerance=5,or_retest,long,82,1625.1199999999997,19.818536585365848,93.66,0.5975609756097561,1.5703736461206925,-510.72000000000014,0.22493774452995063,0.060012680163050225,49,578.3399999999998,11.802857142857139,0.5510204081632653,33,1046.78,31.72060606060606,0.6666666666666666,93.66,0.057632667126119926,1152,True,False,True,True,False,False,5.0
