date,clean,quality,bars,rth_bar_count,expected_rth_bar_count,missing_minute_count,zero_volume_rth_count,zero_volume_post_or_count,session_end_ts,expected_session_end_ts,early_close_flag,full_session_clean,full_session_quality,first_timestamp,last_timestamp,or_zero_volume_bars,or_total_volume,or_size,or_class,or_history_count
2023-05-25,False,late_start,385,385,390,5,382,374,2023-05-25 15:59:00-04:00,2023-05-25 15:59:00-04:00,False,False,zero_volume_or_and_post_or+missing_rth_minutes,2023-05-25T09:35:00-04:00,2023-05-25T15:59:00-04:00,8,6.0,,unknown,0
2023-05-26,False,late_start,381,381,390,9,371,366,2023-05-26 15:59:00-04:00,2023-05-26 15:59:00-04:00,False,False,zero_volume_or_and_post_or+missing_rth_minutes,2023-05-26T09:39:00-04:00,2023-05-26T15:59:00-04:00,5,2.0,,unknown,0
2023-05-31,False,zero_volume_or,390,390,390,0,390,375,2023-05-31 15:59:00-04:00,2023-05-31 15:59:00-04:00,False,False,zero_volume_or_and_post_or,2023-05-31T09:30:00-04:00,2023-05-31T15:59:00-04:00,15,0.0,,unknown,0
2023-06-01,False,late_start,240,240,390,150,237,237,2023-06-01 15:59:00-04:00,2023-06-01 15:59:00-04:00,False,False,zero_volume_post_or+missing_rth_minutes,2023-06-01T12:00:00-04:00,2023-06-01T15:59:00-04:00,0,,,unknown,0
2023-06-06,False,zero_volume_or,390,390,390,0,390,375,2023-06-06 15:59:00-04:00,2023-06-06 15:59:00-04:00,False,False,zero_volume_or_and_post_or,2023-06-06T09:30:00-04:00,2023-06-06T15:59:00-04:00,15,0.0,,unknown,0
2023-06-12,False,late_start,50,50,390,340,49,49,2023-06-12 15:59:00-04:00,2023-06-12 15:59:00-04:00,False,False,zero_volume_post_or+missing_rth_minutes,2023-06-12T15:10:00-04:00,2023-06-12T15:59:00-04:00,0,,,unknown,0
2023-06-14,False,late_start,299,299,390,91,298,298,2023-06-14 15:59:00-04:00,2023-06-14 15:59:00-04:00,False,False,zero_volume_post_or+missing_rth_minutes,2023-06-14T11:01:00-04:00,2023-06-14T15:59:00-04:00,0,,,unknown,0
2023-06-15,False,late_start,124,124,390,266,123,123,2023-06-15 15:59:00-04:00,2023-06-15 15:59:00-04:00,False,False,zero_volume_post_or+missing_rth_minutes,2023-06-15T13:56:00-04:00,2023-06-15T15:59:00-04:00,0,,,unknown,0
2023-06-16,False,zero_volume_or,390,390,390,0,389,375,2023-06-16 15:59:00-04:00,2023-06-16 15:59:00-04:00,False,False,zero_volume_or_and_post_or,2023-06-16T09:30:00-04:00,2023-06-16T15:59:00-04:00,14,1.0,,unknown,0
2023-06-26,False,late_start,280,280,390,110,278,278,2023-06-26 15:59:00-04:00,2023-06-26 15:59:00-04:00,False,False,zero_volume_post_or+missing_rth_minutes,2023-06-26T11:20:00-04:00,2023-06-26T15:59:00-04:00,0,,,unknown,0
2023-06-27,False,late_start,382,382,390,8,381,375,2023-06-27 15:59:00-04:00,2023-06-27 15:59:00-04:00,False,False,zero_volume_or_and_post_or+missing_rth_minutes,2023-06-27T09:38:00-04:00,2023-06-27T15:59:00-04:00,6,1.0,,unknown,0
2023-06-30,False,late_start,372,372,390,18,369,369,2023-06-30 15:59:00-04:00,2023-06-30 15:59:00-04:00,False,False,zero_volume_post_or+missing_rth_minutes,2023-06-30T09:48:00-04:00,2023-06-30T15:59:00-04:00,0,,,unknown,0
2023-07-03,False,zero_volume_or,120,120,390,270,120,105,2023-07-03 11:29:00-04:00,2023-07-03 15:59:00-04:00,False,False,zero_volume_or_and_post_or+missing_rth_minutes,2023-07-03T09:30:00-04:00,2023-07-03T11:29:00-04:00,15,0.0,,unknown,0
2023-07-05,False,late_start,340,340,390,50,339,339,2023-07-05 15:59:00-04:00,2023-07-05 15:59:00-04:00,False,False,zero_volume_post_or+missing_rth_minutes,2023-07-05T10:20:00-04:00,2023-07-05T15:59:00-04:00,0,,,unknown,0
2023-07-13,False,zero_volume_or,390,390,390,0,387,372,2023-07-13 15:59:00-04:00,2023-07-13 15:59:00-04:00,False,False,zero_volume_or_and_post_or,2023-07-13T09:30:00-04:00,2023-07-13T15:59:00-04:00,15,0.0,,unknown,0
2023-07-18,False,late_start,212,212,390,178,211,211,2023-07-18 15:59:00-04:00,2023-07-18 15:59:00-04:00,False,False,zero_volume_post_or+missing_rth_minutes,2023-07-18T12:28:00-04:00,2023-07-18T15:59:00-04:00,0,,,unknown,0
2023-07-19,False,zero_volume_or,390,390,390,0,390,375,2023-07-19 15:59:00-04:00,2023-07-19 15:59:00-04:00,False,False,zero_volume_or_and_post_or,2023-07-19T09:30:00-04:00,2023-07-19T15:59:00-04:00,15,0.0,,unknown,0
2023-07-20,False,zero_volume_or,390,390,390,0,388,373,2023-07-20 15:59:00-04:00,2023-07-20 15:59:00-04:00,False,False,zero_volume_or_and_post_or,2023-07-20T09:30:00-04:00,2023-07-20T15:59:00-04:00,15,0.0,,unknown,0
2023-08-08,False,late_start,261,261,390,129,259,259,2023-08-08 15:59:00-04:00,2023-08-08 15:59:00-04:00,False,False,zero_volume_post_or+missing_rth_minutes,2023-08-08T11:39:00-04:00,2023-08-08T15:59:00-04:00,0,,,unknown,0
2023-08-09,False,late_start,278,278,390,112,277,277,2023-08-09 15:59:00-04:00,2023-08-09 15:59:00-04:00,False,False,zero_volume_post_or+missing_rth_minutes,2023-08-09T11:22:00-04:00,2023-08-09T15:59:00-04:00,0,,,unknown,0
2023-08-15,False,late_start,348,348,390,42,346,346,2023-08-15 15:59:00-04:00,2023-08-15 15:59:00-04:00,False,False,zero_volume_post_or+missing_rth_minutes,2023-08-15T10:12:00-04:00,2023-08-15T15:59:00-04:00,0,,,unknown,0
2023-08-16,False,zero_volume_or,390,390,390,0,390,375,2023-08-16 15:59:00-04:00,2023-08-16 15:59:00-04:00,False,False,zero_volume_or_and_post_or,2023-08-16T09:30:00-04:00,2023-08-16T15:59:00-04:00,15,0.0,,unknown,0
2023-08-17,False,late_start,115,115,390,275,114,114,2023-08-17 15:59:00-04:00,2023-08-17 15:59:00-04:00,False,False,zero_volume_post_or+missing_rth_minutes,2023-08-17T14:05:00-04:00,2023-08-17T15:59:00-04:00,0,,,unknown,0
2023-08-24,False,late_start,374,374,390,16,372,372,2023-08-24 15:59:00-04:00,2023-08-24 15:59:00-04:00,False,False,zero_volume_post_or+missing_rth_minutes,2023-08-24T09:46:00-04:00,2023-08-24T15:59:00-04:00,0,,,unknown,0
2023-08-29,False,late_start,285,285,390,105,283,283,2023-08-29 15:59:00-04:00,2023-08-29 15:59:00-04:00,False,False,zero_volume_post_or+missing_rth_minutes,2023-08-29T11:15:00-04:00,2023-08-29T15:59:00-04:00,0,,,unknown,0
2023-08-31,False,late_start,252,252,390,138,249,249,2023-08-31 15:59:00-04:00,2023-08-31 15:59:00-04:00,False,False,zero_volume_post_or+missing_rth_minutes,2023-08-31T11:48:00-04:00,2023-08-31T15:59:00-04:00,0,,,unknown,0
2023-09-01,False,zero_volume_or,390,390,390,0,390,375,2023-09-01 15:59:00-04:00,2023-09-01 15:59:00-04:00,False,False,zero_volume_or_and_post_or,2023-09-01T09:30:00-04:00,2023-09-01T15:59:00-04:00,15,0.0,,unknown,0
2023-09-06,False,late_start,329,329,390,61,328,328,2023-09-06 15:59:00-04:00,2023-09-06 15:59:00-04:00,False,False,zero_volume_post_or+missing_rth_minutes,2023-09-06T10:31:00-04:00,2023-09-06T15:59:00-04:00,0,,,unknown,0
2023-09-08,False,late_start,206,206,390,184,205,205,2023-09-08 15:59:00-04:00,2023-09-08 15:59:00-04:00,False,False,zero_volume_post_or+missing_rth_minutes,2023-09-08T12:34:00-04:00,2023-09-08T15:59:00-04:00,0,,,unknown,0
2023-09-12,False,late_start,31,31,390,359,30,30,2023-09-12 15:59:00-04:00,2023-09-12 15:59:00-04:00,False,False,zero_volume_post_or+missing_rth_minutes,2023-09-12T15:29:00-04:00,2023-09-12T15:59:00-04:00,0,,,unknown,0
2023-09-13,False,zero_volume_or,390,390,390,0,378,363,2023-09-13 15:59:00-04:00,2023-09-13 15:59:00-04:00,False,False,zero_volume_or_and_post_or,2023-09-13T09:30:00-04:00,2023-09-13T15:59:00-04:00,15,0.0,,unknown,0
2023-09-14,False,late_start,245,245,390,145,243,243,2023-09-14 15:59:00-04:00,2023-09-14 15:59:00-04:00,False,False,zero_volume_post_or+missing_rth_minutes,2023-09-14T11:55:00-04:00,2023-09-14T15:59:00-04:00,0,,,unknown,0
2023-09-15,False,late_start,387,387,390,3,382,371,2023-09-15 15:59:00-04:00,2023-09-15 15:59:00-04:00,False,False,zero_volume_or_and_post_or+missing_rth_minutes,2023-09-15T09:33:00-04:00,2023-09-15T15:59:00-04:00,11,1.0,,unknown,0
2023-09-18,False,zero_volume_or,390,390,390,0,387,372,2023-09-18 15:59:00-04:00,2023-09-18 15:59:00-04:00,False,False,zero_volume_or_and_post_or,2023-09-18T09:30:00-04:00,2023-09-18T15:59:00-04:00,15,0.0,,unknown,0
2023-09-19,False,zero_volume_or,390,390,390,0,385,370,2023-09-19 15:59:00-04:00,2023-09-19 15:59:00-04:00,False,False,zero_volume_or_and_post_or,2023-09-19T09:30:00-04:00,2023-09-19T15:59:00-04:00,15,0.0,,unknown,0
2023-09-20,False,zero_volume_or,390,390,390,0,383,368,2023-09-20 15:59:00-04:00,2023-09-20 15:59:00-04:00,False,False,zero_volume_or_and_post_or,2023-09-20T09:30:00-04:00,2023-09-20T15:59:00-04:00,15,0.0,,unknown,0
2023-09-21,False,zero_volume_or,390,390,390,0,386,371,2023-09-21 15:59:00-04:00,2023-09-21 15:59:00-04:00,False,False,zero_volume_or_and_post_or,2023-09-21T09:30:00-04:00,2023-09-21T15:59:00-04:00,15,0.0,,unknown,0
2023-09-22,False,zero_volume_or,390,390,390,0,381,368,2023-09-22 15:59:00-04:00,2023-09-22 15:59:00-04:00,False,False,zero_volume_or_and_post_or,2023-09-22T09:30:00-04:00,2023-09-22T15:59:00-04:00,13,2.0,,unknown,0
2023-09-25,False,zero_volume_or,390,390,390,0,389,374,2023-09-25 15:59:00-04:00,2023-09-25 15:59:00-04:00,False,False,zero_volume_or_and_post_or,2023-09-25T09:30:00-04:00,2023-09-25T15:59:00-04:00,15,0.0,,unknown,0
2023-09-26,False,zero_volume_or,390,390,390,0,382,367,2023-09-26 15:59:00-04:00,2023-09-26 15:59:00-04:00,False,False,zero_volume_or_and_post_or,2023-09-26T09:30:00-04:00,2023-09-26T15:59:00-04:00,15,0.0,,unknown,0
2023-09-27,False,zero_volume_or,390,390,390,0,381,366,2023-09-27 15:59:00-04:00,2023-09-27 15:59:00-04:00,False,False,zero_volume_or_and_post_or,2023-09-27T09:30:00-04:00,2023-09-27T15:59:00-04:00,15,0.0,,unknown,0
2023-09-28,False,late_start,301,301,390,89,296,296,2023-09-28 15:59:00-04:00,2023-09-28 15:59:00-04:00,False,False,zero_volume_post_or+missing_rth_minutes,2023-09-28T10:59:00-04:00,2023-09-28T15:59:00-04:00,0,,,unknown,0
2023-09-29,False,zero_volume_or,390,390,390,0,380,365,2023-09-29 15:59:00-04:00,2023-09-29 15:59:00-04:00,False,False,zero_volume_or_and_post_or,2023-09-29T09:30:00-04:00,2023-09-29T15:59:00-04:00,15,0.0,,unknown,0
2023-10-03,False,late_start,347,347,390,43,340,340,2023-10-03 15:59:00-04:00,2023-10-03 15:59:00-04:00,False,False,zero_volume_post_or+missing_rth_minutes,2023-10-03T10:13:00-04:00,2023-10-03T15:59:00-04:00,0,,,unknown,0
2023-10-04,False,late_start,372,372,390,18,364,364,2023-10-04 15:59:00-04:00,2023-10-04 15:59:00-04:00,False,False,zero_volume_post_or+missing_rth_minutes,2023-10-04T09:48:00-04:00,2023-10-04T15:59:00-04:00,0,,,unknown,0
2023-10-05,False,late_start,368,368,390,22,361,361,2023-10-05 15:59:00-04:00,2023-10-05 15:59:00-04:00,False,False,zero_volume_post_or+missing_rth_minutes,2023-10-05T09:52:00-04:00,2023-10-05T15:59:00-04:00,0,,,unknown,0
2023-10-06,False,zero_volume_or,390,390,390,0,376,363,2023-10-06 15:59:00-04:00,2023-10-06 15:59:00-04:00,False,False,zero_volume_or_and_post_or,2023-10-06T09:30:00-04:00,2023-10-06T15:59:00-04:00,13,2.0,,unknown,0
2023-10-09,False,late_start,221,221,390,169,211,211,2023-10-09 15:59:00-04:00,2023-10-09 15:59:00-04:00,False,False,zero_volume_post_or+missing_rth_minutes,2023-10-09T12:19:00-04:00,2023-10-09T15:59:00-04:00,0,,,unknown,0
2023-10-10,False,zero_volume_or,390,390,390,0,380,365,2023-10-10 15:59:00-04:00,2023-10-10 15:59:00-04:00,False,False,zero_volume_or_and_post_or,2023-10-10T09:30:00-04:00,2023-10-10T15:59:00-04:00,15,0.0,,unknown,0
2023-10-11,False,zero_volume_or,390,390,390,0,382,369,2023-10-11 15:59:00-04:00,2023-10-11 15:59:00-04:00,False,False,zero_volume_or_and_post_or,2023-10-11T09:30:00-04:00,2023-10-11T15:59:00-04:00,13,2.0,,unknown,0
2023-10-12,False,zero_volume_or,390,390,390,0,385,370,2023-10-12 15:59:00-04:00,2023-10-12 15:59:00-04:00,False,False,zero_volume_or_and_post_or,2023-10-12T09:30:00-04:00,2023-10-12T15:59:00-04:00,15,0.0,,unknown,0
2023-10-13,False,late_start,353,353,390,37,337,337,2023-10-13 15:59:00-04:00,2023-10-13 15:59:00-04:00,False,False,zero_volume_post_or+missing_rth_minutes,2023-10-13T10:07:00-04:00,2023-10-13T15:59:00-04:00,0,,,unknown,0
2023-10-16,False,zero_volume_or,390,390,390,0,384,370,2023-10-16 15:59:00-04:00,2023-10-16 15:59:00-04:00,False,False,zero_volume_or_and_post_or,2023-10-16T09:30:00-04:00,2023-10-16T15:59:00-04:00,14,1.0,,unknown,0
2023-10-17,False,zero_volume_or,390,390,390,0,361,349,2023-10-17 15:59:00-04:00,2023-10-17 15:59:00-04:00,False,False,zero_volume_or_and_post_or,2023-10-17T09:30:00-04:00,2023-10-17T15:59:00-04:00,12,5.0,,unknown,0
2023-10-18,False,zero_volume_or,390,390,390,0,369,359,2023-10-18 15:59:00-04:00,2023-10-18 15:59:00-04:00,False,False,zero_volume_or_and_post_or,2023-10-18T09:30:00-04:00,2023-10-18T15:59:00-04:00,10,5.0,,unknown,0
2023-10-19,False,zero_volume_or,390,390,390,0,386,371,2023-10-19 15:59:00-04:00,2023-10-19 15:59:00-04:00,False,False,zero_volume_or_and_post_or,2023-10-19T09:30:00-04:00,2023-10-19T15:59:00-04:00,15,0.0,,unknown,0
2023-10-20,False,zero_volume_or,390,390,390,0,371,358,2023-10-20 15:59:00-04:00,2023-10-20 15:59:00-04:00,False,False,zero_volume_or_and_post_or,2023-10-20T09:30:00-04:00,2023-10-20T15:59:00-04:00,13,2.0,,unknown,0
2023-10-23,False,zero_volume_or,390,390,390,0,381,368,2023-10-23 15:59:00-04:00,2023-10-23 15:59:00-04:00,False,False,zero_volume_or_and_post_or,2023-10-23T09:30:00-04:00,2023-10-23T15:59:00-04:00,13,11.0,,unknown,0
2023-10-24,False,zero_volume_or,390,390,390,0,381,367,2023-10-24 15:59:00-04:00,2023-10-24 15:59:00-04:00,False,False,zero_volume_or_and_post_or,2023-10-24T09:30:00-04:00,2023-10-24T15:59:00-04:00,14,20.0,,unknown,0
2023-10-25,False,zero_volume_or,390,390,390,0,362,351,2023-10-25 15:59:00-04:00,2023-10-25 15:59:00-04:00,False,False,zero_volume_or_and_post_or,2023-10-25T09:30:00-04:00,2023-10-25T15:59:00-04:00,11,39.0,,unknown,0
2023-10-26,False,zero_volume_or,390,390,390,0,364,351,2023-10-26 15:59:00-04:00,2023-10-26 15:59:00-04:00,False,False,zero_volume_or_and_post_or,2023-10-26T09:30:00-04:00,2023-10-26T15:59:00-04:00,13,3.0,,unknown,0
2023-10-27,False,zero_volume_or,390,390,390,0,375,361,2023-10-27 15:59:00-04:00,2023-10-27 15:59:00-04:00,False,False,zero_volume_or_and_post_or,2023-10-27T09:30:00-04:00,2023-10-27T15:59:00-04:00,14,1.0,,unknown,0
2023-10-30,False,late_start,388,388,390,2,370,360,2023-10-30 15:59:00-04:00,2023-10-30 15:59:00-04:00,False,False,zero_volume_or_and_post_or+missing_rth_minutes,2023-10-30T09:32:00-04:00,2023-10-30T15:59:00-04:00,10,4.0,,unknown,0
2023-10-31,False,zero_volume_or,390,390,390,0,373,358,2023-10-31 15:59:00-04:00,2023-10-31 15:59:00-04:00,False,False,zero_volume_or_and_post_or,2023-10-31T09:30:00-04:00,2023-10-31T15:59:00-04:00,15,0.0,,unknown,0
2023-11-01,False,zero_volume_or,390,390,390,0,356,343,2023-11-01 15:59:00-04:00,2023-11-01 15:59:00-04:00,False,False,zero_volume_or_and_post_or,2023-11-01T09:30:00-04:00,2023-11-01T15:59:00-04:00,13,3.0,,unknown,0
2023-11-02,False,zero_volume_or,390,390,390,0,362,351,2023-11-02 15:59:00-04:00,2023-11-02 15:59:00-04:00,False,False,zero_volume_or_and_post_or,2023-11-02T09:30:00-04:00,2023-11-02T15:59:00-04:00,11,4.0,,unknown,0
2023-11-03,False,zero_volume_or,390,390,390,0,355,344,2023-11-03 15:59:00-04:00,2023-11-03 15:59:00-04:00,False,False,zero_volume_or_and_post_or,2023-11-03T09:30:00-04:00,2023-11-03T15:59:00-04:00,11,7.0,,unknown,0
2023-11-06,False,zero_volume_or,390,390,390,0,383,369,2023-11-06 15:59:00-05:00,2023-11-06 15:59:00-05:00,False,False,zero_volume_or_and_post_or,2023-11-06T09:30:00-05:00,2023-11-06T15:59:00-05:00,14,1.0,,unknown,0
2023-11-07,False,zero_volume_or,390,390,390,0,360,346,2023-11-07 15:59:00-05:00,2023-11-07 15:59:00-05:00,False,False,zero_volume_or_and_post_or,2023-11-07T09:30:00-05:00,2023-11-07T15:59:00-05:00,14,1.0,,unknown,0
2023-11-08,False,zero_volume_or,390,390,390,0,375,361,2023-11-08 15:59:00-05:00,2023-11-08 15:59:00-05:00,False,False,zero_volume_or_and_post_or,2023-11-08T09:30:00-05:00,2023-11-08T15:59:00-05:00,14,4.0,,unknown,0
2023-11-09,False,zero_volume_or,390,390,390,0,357,342,2023-11-09 15:59:00-05:00,2023-11-09 15:59:00-05:00,False,False,zero_volume_or_and_post_or,2023-11-09T09:30:00-05:00,2023-11-09T15:59:00-05:00,15,0.0,,unknown,0
2023-11-10,False,zero_volume_or,390,390,390,0,343,329,2023-11-10 15:59:00-05:00,2023-11-10 15:59:00-05:00,False,False,zero_volume_or_and_post_or,2023-11-10T09:30:00-05:00,2023-11-10T15:59:00-05:00,14,2.0,,unknown,0
2023-11-13,False,zero_volume_or,390,390,390,0,367,354,2023-11-13 15:59:00-05:00,2023-11-13 15:59:00-05:00,False,False,zero_volume_or_and_post_or,2023-11-13T09:30:00-05:00,2023-11-13T15:59:00-05:00,13,2.0,,unknown,0
2023-11-14,False,zero_volume_or,390,390,390,0,348,336,2023-11-14 15:59:00-05:00,2023-11-14 15:59:00-05:00,False,False,zero_volume_or_and_post_or,2023-11-14T09:30:00-05:00,2023-11-14T15:59:00-05:00,12,4.0,,unknown,0
2023-11-15,False,zero_volume_or,390,390,390,0,349,338,2023-11-15 15:59:00-05:00,2023-11-15 15:59:00-05:00,False,False,zero_volume_or_and_post_or,2023-11-15T09:30:00-05:00,2023-11-15T15:59:00-05:00,11,4.0,,unknown,0
2023-11-16,False,zero_volume_or,390,390,390,0,347,333,2023-11-16 15:59:00-05:00,2023-11-16 15:59:00-05:00,False,False,zero_volume_or_and_post_or,2023-11-16T09:30:00-05:00,2023-11-16T15:59:00-05:00,14,1.0,,unknown,0
2023-11-17,False,zero_volume_or,390,390,390,0,355,346,2023-11-17 15:59:00-05:00,2023-11-17 15:59:00-05:00,False,False,zero_volume_or_and_post_or,2023-11-17T09:30:00-05:00,2023-11-17T15:59:00-05:00,9,10.0,,unknown,0
2023-11-20,False,zero_volume_or,390,390,390,0,337,328,2023-11-20 15:59:00-05:00,2023-11-20 15:59:00-05:00,False,False,zero_volume_or_and_post_or,2023-11-20T09:30:00-05:00,2023-11-20T15:59:00-05:00,9,12.0,,unknown,0
2023-11-21,False,zero_volume_or,390,390,390,0,352,338,2023-11-21 15:59:00-05:00,2023-11-21 15:59:00-05:00,False,False,zero_volume_or_and_post_or,2023-11-21T09:30:00-05:00,2023-11-21T15:59:00-05:00,14,2.0,,unknown,0
2023-11-22,False,zero_volume_or,390,390,390,0,341,330,2023-11-22 15:59:00-05:00,2023-11-22 15:59:00-05:00,False,False,zero_volume_or_and_post_or,2023-11-22T09:30:00-05:00,2023-11-22T15:59:00-05:00,11,8.0,,unknown,0
2023-11-24,False,zero_volume_or,225,225,390,165,207,197,2023-11-24 13:14:00-05:00,2023-11-24 15:59:00-05:00,False,False,zero_volume_or_and_post_or+missing_rth_minutes,2023-11-24T09:30:00-05:00,2023-11-24T13:14:00-05:00,10,6.0,,unknown,0
2023-11-27,False,zero_volume_or,390,390,390,0,338,325,2023-11-27 15:59:00-05:00,2023-11-27 15:59:00-05:00,False,False,zero_volume_or_and_post_or,2023-11-27T09:30:00-05:00,2023-11-27T15:59:00-05:00,13,2.0,,unknown,0
2023-11-28,False,zero_volume_or,390,390,390,0,360,346,2023-11-28 15:59:00-05:00,2023-11-28 15:59:00-05:00,False,False,zero_volume_or_and_post_or,2023-11-28T09:30:00-05:00,2023-11-28T15:59:00-05:00,14,1.0,,unknown,0
2023-11-29,False,zero_volume_or,390,390,390,0,327,317,2023-11-29 15:59:00-05:00,2023-11-29 15:59:00-05:00,False,False,zero_volume_or_and_post_or,2023-11-29T09:30:00-05:00,2023-11-29T15:59:00-05:00,10,19.0,,unknown,0
2023-11-30,False,zero_volume_or,390,390,390,0,346,336,2023-11-30 15:59:00-05:00,2023-11-30 15:59:00-05:00,False,False,zero_volume_or_and_post_or,2023-11-30T09:30:00-05:00,2023-11-30T15:59:00-05:00,10,10.0,,unknown,0
2023-12-01,False,zero_volume_or,390,390,390,0,335,326,2023-12-01 15:59:00-05:00,2023-12-01 15:59:00-05:00,False,False,zero_volume_or_and_post_or,2023-12-01T09:30:00-05:00,2023-12-01T15:59:00-05:00,9,11.0,,unknown,0
2023-12-04,False,zero_volume_or,390,390,390,0,295,289,2023-12-04 15:59:00-05:00,2023-12-04 15:59:00-05:00,False,False,zero_volume_or_and_post_or,2023-12-04T09:30:00-05:00,2023-12-04T15:59:00-05:00,6,54.0,,unknown,0
2023-12-05,False,zero_volume_or,390,390,390,0,329,321,2023-12-05 15:59:00-05:00,2023-12-05 15:59:00-05:00,False,False,zero_volume_or_and_post_or,2023-12-05T09:30:00-05:00,2023-12-05T15:59:00-05:00,8,19.0,,unknown,0
2023-12-06,False,zero_volume_or,390,390,390,0,328,327,2023-12-06 15:59:00-05:00,2023-12-06 15:59:00-05:00,False,False,zero_volume_or_and_post_or,2023-12-06T09:30:00-05:00,2023-12-06T15:59:00-05:00,1,86.0,,unknown,0
2023-12-07,False,zero_volume_or,390,390,390,0,282,277,2023-12-07 15:59:00-05:00,2023-12-07 15:59:00-05:00,False,False,zero_volume_or_and_post_or,2023-12-07T09:30:00-05:00,2023-12-07T15:59:00-05:00,5,25.0,,unknown,0
2023-12-08,False,zero_volume_or,390,390,390,0,284,273,2023-12-08 15:59:00-05:00,2023-12-08 15:59:00-05:00,False,False,zero_volume_or_and_post_or,2023-12-08T09:30:00-05:00,2023-12-08T15:59:00-05:00,11,4.0,,unknown,0
2023-12-11,False,zero_volume_or,390,390,390,0,282,277,2023-12-11 15:59:00-05:00,2023-12-11 15:59:00-05:00,False,False,zero_volume_or_and_post_or,2023-12-11T09:30:00-05:00,2023-12-11T15:59:00-05:00,5,45.0,,unknown,0
2023-12-12,False,zero_volume_or,390,390,390,0,264,262,2023-12-12 15:59:00-05:00,2023-12-12 15:59:00-05:00,False,False,zero_volume_or_and_post_or,2023-12-12T09:30:00-05:00,2023-12-12T15:59:00-05:00,2,35.0,,unknown,0
2023-12-13,False,zero_volume_or,390,390,390,0,182,180,2023-12-13 15:59:00-05:00,2023-12-13 15:59:00-05:00,False,False,zero_volume_or_and_post_or,2023-12-13T09:30:00-05:00,2023-12-13T15:59:00-05:00,2,61.0,,unknown,0
2023-12-14,False,zero_volume_or,390,390,390,0,169,164,2023-12-14 15:59:00-05:00,2023-12-14 15:59:00-05:00,False,False,zero_volume_or_and_post_or,2023-12-14T09:30:00-05:00,2023-12-14T15:59:00-05:00,5,35.0,,unknown,0
2023-12-15,False,zero_volume_or,390,390,390,0,171,169,2023-12-15 15:59:00-05:00,2023-12-15 15:59:00-05:00,False,False,zero_volume_or_and_post_or,2023-12-15T09:30:00-05:00,2023-12-15T15:59:00-05:00,2,66.0,,unknown,0
2023-12-18,False,zero_volume_or,390,390,390,0,157,155,2023-12-18 15:59:00-05:00,2023-12-18 15:59:00-05:00,False,False,zero_volume_or_and_post_or,2023-12-18T09:30:00-05:00,2023-12-18T15:59:00-05:00,2,95.0,,unknown,0
2023-12-19,True,clean,390,390,390,0,186,186,2023-12-19 15:59:00-05:00,2023-12-19 15:59:00-05:00,False,False,or_clean_but_post_or_zero_volume,2023-12-19T09:30:00-05:00,2023-12-19T15:59:00-05:00,0,134.0,50.0,normal,0
2023-12-20,False,zero_volume_or,390,390,390,0,115,114,2023-12-20 15:59:00-05:00,2023-12-20 15:59:00-05:00,False,False,zero_volume_or_and_post_or,2023-12-20T09:30:00-05:00,2023-12-20T15:59:00-05:00,1,147.0,,unknown,1
2023-12-21,False,zero_volume_or,390,390,390,0,110,109,2023-12-21 15:59:00-05:00,2023-12-21 15:59:00-05:00,False,False,zero_volume_or_and_post_or,2023-12-21T09:30:00-05:00,2023-12-21T15:59:00-05:00,1,126.0,,unknown,1
2023-12-22,False,zero_volume_or,390,390,390,0,166,165,2023-12-22 15:59:00-05:00,2023-12-22 15:59:00-05:00,False,False,zero_volume_or_and_post_or,2023-12-22T09:30:00-05:00,2023-12-22T15:59:00-05:00,1,89.0,,unknown,1
2023-12-26,False,zero_volume_or,390,390,390,0,244,241,2023-12-26 15:59:00-05:00,2023-12-26 15:59:00-05:00,False,False,zero_volume_or_and_post_or,2023-12-26T09:30:00-05:00,2023-12-26T15:59:00-05:00,3,42.0,,unknown,1
2023-12-27,False,zero_volume_or,390,390,390,0,194,192,2023-12-27 15:59:00-05:00,2023-12-27 15:59:00-05:00,False,False,zero_volume_or_and_post_or,2023-12-27T09:30:00-05:00,2023-12-27T15:59:00-05:00,2,42.0,,unknown,1
2023-12-28,False,zero_volume_or,390,390,390,0,217,216,2023-12-28 15:59:00-05:00,2023-12-28 15:59:00-05:00,False,False,zero_volume_or_and_post_or,2023-12-28T09:30:00-05:00,2023-12-28T15:59:00-05:00,1,88.0,,unknown,1
2023-12-29,False,zero_volume_or,390,390,390,0,153,151,2023-12-29 15:59:00-05:00,2023-12-29 15:59:00-05:00,False,False,zero_volume_or_and_post_or,2023-12-29T09:30:00-05:00,2023-12-29T15:59:00-05:00,2,53.0,,unknown,1
2024-01-02,True,clean,390,390,390,0,103,103,2024-01-02 15:59:00-05:00,2024-01-02 15:59:00-05:00,False,False,or_clean_but_post_or_zero_volume,2024-01-02T09:30:00-05:00,2024-01-02T15:59:00-05:00,0,276.0,102.75,normal,1
2024-01-03,True,clean,390,390,390,0,130,130,2024-01-03 15:59:00-05:00,2024-01-03 15:59:00-05:00,False,False,or_clean_but_post_or_zero_volume,2024-01-03T09:30:00-05:00,2024-01-03T15:59:00-05:00,0,185.0,56.0,normal,2
2024-01-04,True,clean,390,390,390,0,111,111,2024-01-04 15:59:00-05:00,2024-01-04 15:59:00-05:00,False,False,or_clean_but_post_or_zero_volume,2024-01-04T09:30:00-05:00,2024-01-04T15:59:00-05:00,0,145.0,51.25,normal,3
2024-01-05,False,zero_volume_or,390,390,390,0,111,109,2024-01-05 15:59:00-05:00,2024-01-05 15:59:00-05:00,False,False,zero_volume_or_and_post_or,2024-01-05T09:30:00-05:00,2024-01-05T15:59:00-05:00,2,134.0,,unknown,4
2024-01-08,True,clean,390,390,390,0,109,109,2024-01-08 15:59:00-05:00,2024-01-08 15:59:00-05:00,False,False,or_clean_but_post_or_zero_volume,2024-01-08T09:30:00-05:00,2024-01-08T15:59:00-05:00,0,183.0,68.25,normal,4
2024-01-09,False,zero_volume_or,390,390,390,0,109,106,2024-01-09 15:59:00-05:00,2024-01-09 15:59:00-05:00,False,False,zero_volume_or_and_post_or,2024-01-09T09:30:00-05:00,2024-01-09T15:59:00-05:00,3,128.0,,unknown,5
2024-01-10,False,zero_volume_or,390,390,390,0,90,88,2024-01-10 15:59:00-05:00,2024-01-10 15:59:00-05:00,False,False,zero_volume_or_and_post_or,2024-01-10T09:30:00-05:00,2024-01-10T15:59:00-05:00,2,151.0,,unknown,5
2024-01-11,True,clean,390,390,390,0,77,77,2024-01-11 15:59:00-05:00,2024-01-11 15:59:00-05:00,False,False,or_clean_but_post_or_zero_volume,2024-01-11T09:30:00-05:00,2024-01-11T15:59:00-05:00,0,271.0,65.75,normal,5
2024-01-12,True,clean,390,390,390,0,115,115,2024-01-12 15:59:00-05:00,2024-01-12 15:59:00-05:00,False,False,or_clean_but_post_or_zero_volume,2024-01-12T09:30:00-05:00,2024-01-12T15:59:00-05:00,0,138.0,58.0,normal,6
2024-01-16,False,zero_volume_or,390,390,390,0,92,91,2024-01-16 15:59:00-05:00,2024-01-16 15:59:00-05:00,False,False,zero_volume_or_and_post_or,2024-01-16T09:30:00-05:00,2024-01-16T15:59:00-05:00,1,106.0,,unknown,7
2024-01-17,True,clean,390,390,390,0,83,83,2024-01-17 15:59:00-05:00,2024-01-17 15:59:00-05:00,False,False,or_clean_but_post_or_zero_volume,2024-01-17T09:30:00-05:00,2024-01-17T15:59:00-05:00,0,358.0,109.0,wide,7
2024-01-18,True,clean,390,390,390,0,57,57,2024-01-18 15:59:00-05:00,2024-01-18 15:59:00-05:00,False,False,or_clean_but_post_or_zero_volume,2024-01-18T09:30:00-05:00,2024-01-18T15:59:00-05:00,0,162.0,54.0,tight,8
2024-01-19,True,clean,390,390,390,0,57,57,2024-01-19 15:59:00-05:00,2024-01-19 15:59:00-05:00,False,False,or_clean_but_post_or_zero_volume,2024-01-19T09:30:00-05:00,2024-01-19T15:59:00-05:00,0,175.0,40.25,tight,9
2024-01-22,True,clean,390,390,390,0,99,99,2024-01-22 15:59:00-05:00,2024-01-22 15:59:00-05:00,False,False,or_clean_but_post_or_zero_volume,2024-01-22T09:30:00-05:00,2024-01-22T15:59:00-05:00,0,177.0,89.75,wide,10
2024-01-23,False,zero_volume_or,390,390,390,0,104,103,2024-01-23 15:59:00-05:00,2024-01-23 15:59:00-05:00,False,False,zero_volume_or_and_post_or,2024-01-23T09:30:00-05:00,2024-01-23T15:59:00-05:00,1,193.0,,unknown,11
2024-01-24,False,zero_volume_or,390,390,390,0,57,56,2024-01-24 15:59:00-05:00,2024-01-24 15:59:00-05:00,False,False,zero_volume_or_and_post_or,2024-01-24T09:30:00-05:00,2024-01-24T15:59:00-05:00,1,206.0,,unknown,11
2024-01-25,False,zero_volume_or,390,390,390,0,65,64,2024-01-25 15:59:00-05:00,2024-01-25 15:59:00-05:00,False,False,zero_volume_or_and_post_or,2024-01-25T09:30:00-05:00,2024-01-25T15:59:00-05:00,1,129.0,,unknown,11
2024-01-26,False,zero_volume_or,390,390,390,0,82,80,2024-01-26 15:59:00-05:00,2024-01-26 15:59:00-05:00,False,False,zero_volume_or_and_post_or,2024-01-26T09:30:00-05:00,2024-01-26T15:59:00-05:00,2,52.0,,unknown,11
2024-01-29,False,zero_volume_or,390,390,390,0,142,141,2024-01-29 15:59:00-05:00,2024-01-29 15:59:00-05:00,False,False,zero_volume_or_and_post_or,2024-01-29T09:30:00-05:00,2024-01-29T15:59:00-05:00,1,70.0,,unknown,11
2024-01-30,False,zero_volume_or,390,390,390,0,150,147,2024-01-30 15:59:00-05:00,2024-01-30 15:59:00-05:00,False,False,zero_volume_or_and_post_or,2024-01-30T09:30:00-05:00,2024-01-30T15:59:00-05:00,3,42.0,,unknown,11
2024-01-31,True,clean,390,390,390,0,84,84,2024-01-31 15:59:00-05:00,2024-01-31 15:59:00-05:00,False,False,or_clean_but_post_or_zero_volume,2024-01-31T09:30:00-05:00,2024-01-31T15:59:00-05:00,0,99.0,66.75,normal,11
2024-02-01,False,zero_volume_or,390,390,390,0,89,88,2024-02-01 15:59:00-05:00,2024-02-01 15:59:00-05:00,False,False,zero_volume_or_and_post_or,2024-02-01T09:30:00-05:00,2024-02-01T15:59:00-05:00,1,84.0,,unknown,12
2024-02-02,True,clean,390,390,390,0,57,57,2024-02-02 15:59:00-05:00,2024-02-02 15:59:00-05:00,False,False,or_clean_but_post_or_zero_volume,2024-02-02T09:30:00-05:00,2024-02-02T15:59:00-05:00,0,163.0,108.75,wide,12
2024-02-05,False,zero_volume_or,390,390,390,0,89,88,2024-02-05 15:59:00-05:00,2024-02-05 15:59:00-05:00,False,False,zero_volume_or_and_post_or,2024-02-05T09:30:00-05:00,2024-02-05T15:59:00-05:00,1,74.0,,unknown,13
2024-02-06,True,clean,390,390,390,0,90,90,2024-02-06 15:59:00-05:00,2024-02-06 15:59:00-05:00,False,False,or_clean_but_post_or_zero_volume,2024-02-06T09:30:00-05:00,2024-02-06T15:59:00-05:00,0,136.0,62.25,normal,13
2024-02-07,True,clean,390,390,390,0,76,76,2024-02-07 15:59:00-05:00,2024-02-07 15:59:00-05:00,False,False,or_clean_but_post_or_zero_volume,2024-02-07T09:30:00-05:00,2024-02-07T15:59:00-05:00,0,228.0,47.25,tight,14
2024-02-08,False,zero_volume_or,390,390,390,0,85,83,2024-02-08 15:59:00-05:00,2024-02-08 15:59:00-05:00,False,False,zero_volume_or_and_post_or,2024-02-08T09:30:00-05:00,2024-02-08T15:59:00-05:00,2,158.0,,unknown,15
2024-02-09,False,zero_volume_or,390,390,390,0,70,69,2024-02-09 15:59:00-05:00,2024-02-09 15:59:00-05:00,False,False,zero_volume_or_and_post_or,2024-02-09T09:30:00-05:00,2024-02-09T15:59:00-05:00,1,122.0,,unknown,15
2024-02-12,True,clean,390,390,390,0,85,85,2024-02-12 15:59:00-05:00,2024-02-12 15:59:00-05:00,False,False,or_clean_but_post_or_zero_volume,2024-02-12T09:30:00-05:00,2024-02-12T15:59:00-05:00,0,88.0,43.5,tight,15
2024-02-13,True,clean,390,390,390,0,45,45,2024-02-13 15:59:00-05:00,2024-02-13 15:59:00-05:00,False,False,or_clean_but_post_or_zero_volume,2024-02-13T09:30:00-05:00,2024-02-13T15:59:00-05:00,0,203.0,76.0,normal,16
2024-02-14,True,clean,390,390,390,0,78,78,2024-02-14 15:59:00-05:00,2024-02-14 15:59:00-05:00,False,False,or_clean_but_post_or_zero_volume,2024-02-14T09:30:00-05:00,2024-02-14T15:59:00-05:00,0,324.0,73.5,normal,17
2024-02-15,True,clean,390,390,390,0,95,95,2024-02-15 15:59:00-05:00,2024-02-15 15:59:00-05:00,False,False,or_clean_but_post_or_zero_volume,2024-02-15T09:30:00-05:00,2024-02-15T15:59:00-05:00,0,132.0,63.5,normal,18
2024-02-16,True,clean,390,390,390,0,36,36,2024-02-16 15:59:00-05:00,2024-02-16 15:59:00-05:00,False,False,or_clean_but_post_or_zero_volume,2024-02-16T09:30:00-05:00,2024-02-16T15:59:00-05:00,0,131.0,43.5,tight,19
2024-02-20,True,clean,390,390,390,0,40,40,2024-02-20 15:59:00-05:00,2024-02-20 15:59:00-05:00,False,False,or_clean_but_post_or_zero_volume,2024-02-20T09:30:00-05:00,2024-02-20T15:59:00-05:00,0,355.0,162.25,wide,20
2024-02-21,True,clean,390,390,390,0,48,48,2024-02-21 15:59:00-05:00,2024-02-21 15:59:00-05:00,False,False,or_clean_but_post_or_zero_volume,2024-02-21T09:30:00-05:00,2024-02-21T15:59:00-05:00,0,258.0,57.25,normal,20
2024-02-22,True,clean,390,390,390,0,16,16,2024-02-22 15:59:00-05:00,2024-02-22 15:59:00-05:00,False,False,or_clean_but_post_or_zero_volume,2024-02-22T09:30:00-05:00,2024-02-22T15:59:00-05:00,0,388.0,54.0,normal,20
2024-02-23,True,clean,390,390,390,0,50,50,2024-02-23 15:59:00-05:00,2024-02-23 15:59:00-05:00,False,False,or_clean_but_post_or_zero_volume,2024-02-23T09:30:00-05:00,2024-02-23T15:59:00-05:00,0,619.0,44.75,tight,20
2024-02-26,True,clean,390,390,390,0,97,97,2024-02-26 15:59:00-05:00,2024-02-26 15:59:00-05:00,False,False,or_clean_but_post_or_zero_volume,2024-02-26T09:30:00-05:00,2024-02-26T15:59:00-05:00,0,231.0,56.0,normal,20
2024-02-27,True,clean,390,390,390,0,54,54,2024-02-27 15:59:00-05:00,2024-02-27 15:59:00-05:00,False,False,or_clean_but_post_or_zero_volume,2024-02-27T09:30:00-05:00,2024-02-27T15:59:00-05:00,0,461.0,83.5,wide,20
2024-02-28,True,clean,390,390,390,0,0,0,2024-02-28 15:59:00-05:00,2024-02-28 15:59:00-05:00,False,True,clean,2024-02-28T09:30:00-05:00,2024-02-28T15:59:00-05:00,0,1143.0,43.75,tight,20
2024-02-29,True,clean,390,390,390,0,0,0,2024-02-29 15:59:00-05:00,2024-02-29 15:59:00-05:00,False,True,clean,2024-02-29T09:30:00-05:00,2024-02-29T15:59:00-05:00,0,1221.0,43.0,tight,20
2024-03-01,True,clean,390,390,390,0,0,0,2024-03-01 15:59:00-05:00,2024-03-01 15:59:00-05:00,False,True,clean,2024-03-01T09:30:00-05:00,2024-03-01T15:59:00-05:00,0,1371.0,45.25,normal,20
2024-03-04,True,clean,390,390,390,0,0,0,2024-03-04 15:59:00-05:00,2024-03-04 15:59:00-05:00,False,True,clean,2024-03-04T09:30:00-05:00,2024-03-04T15:59:00-05:00,0,1628.0,45.0,normal,20
2024-03-05,True,clean,390,390,390,0,0,0,2024-03-05 15:59:00-05:00,2024-03-05 15:59:00-05:00,False,True,clean,2024-03-05T09:30:00-05:00,2024-03-05T15:59:00-05:00,0,3112.0,79.75,wide,20
2024-03-06,True,clean,390,390,390,0,0,0,2024-03-06 15:59:00-05:00,2024-03-06 15:59:00-05:00,False,True,clean,2024-03-06T09:30:00-05:00,2024-03-06T15:59:00-05:00,0,2768.0,55.25,normal,20
2024-03-07,True,clean,390,390,390,0,0,0,2024-03-07 15:59:00-05:00,2024-03-07 15:59:00-05:00,False,True,clean,2024-03-07T09:30:00-05:00,2024-03-07T15:59:00-05:00,0,3626.0,62.25,normal,20
2024-03-08,True,clean,390,390,390,0,0,0,2024-03-08 15:59:00-05:00,2024-03-08 15:59:00-05:00,False,True,clean,2024-03-08T09:30:00-05:00,2024-03-08T15:59:00-05:00,0,7462.0,64.75,normal,20
2024-03-11,True,clean,390,390,390,0,0,0,2024-03-11 15:59:00-04:00,2024-03-11 15:59:00-04:00,False,True,clean,2024-03-11T09:30:00-04:00,2024-03-11T15:59:00-04:00,0,74659.0,93.0,wide,20
2024-03-12,True,clean,390,390,390,0,0,0,2024-03-12 15:59:00-04:00,2024-03-12 15:59:00-04:00,False,True,clean,2024-03-12T09:30:00-04:00,2024-03-12T15:59:00-04:00,0,106784.0,137.75,wide,20
2024-03-13,True,clean,390,390,390,0,0,0,2024-03-13 15:59:00-04:00,2024-03-13 15:59:00-04:00,False,True,clean,2024-03-13T09:30:00-04:00,2024-03-13T15:59:00-04:00,0,103354.0,63.0,normal,20
2024-03-14,True,clean,390,390,390,0,0,0,2024-03-14 15:59:00-04:00,2024-03-14 15:59:00-04:00,False,True,clean,2024-03-14T09:30:00-04:00,2024-03-14T15:59:00-04:00,0,99743.0,62.25,normal,20
2024-03-15,True,clean,390,390,390,0,0,0,2024-03-15 15:59:00-04:00,2024-03-15 15:59:00-04:00,False,True,clean,2024-03-15T09:30:00-04:00,2024-03-15T15:59:00-04:00,0,125749.0,93.5,wide,20
2024-03-18,True,clean,390,390,390,0,0,0,2024-03-18 15:59:00-04:00,2024-03-18 15:59:00-04:00,False,True,clean,2024-03-18T09:30:00-04:00,2024-03-18T15:59:00-04:00,0,120141.0,69.25,normal,20
2024-03-19,True,clean,390,390,390,0,0,0,2024-03-19 15:59:00-04:00,2024-03-19 15:59:00-04:00,False,True,clean,2024-03-19T09:30:00-04:00,2024-03-19T15:59:00-04:00,0,141978.0,99.5,wide,20
2024-03-20,True,clean,390,390,390,0,0,0,2024-03-20 15:59:00-04:00,2024-03-20 15:59:00-04:00,False,True,clean,2024-03-20T09:30:00-04:00,2024-03-20T15:59:00-04:00,0,105013.0,85.75,wide,20
2024-03-21,True,clean,390,390,390,0,0,0,2024-03-21 15:59:00-04:00,2024-03-21 15:59:00-04:00,False,True,clean,2024-03-21T09:30:00-04:00,2024-03-21T15:59:00-04:00,0,99263.0,53.5,tight,20
2024-03-22,True,clean,390,390,390,0,0,0,2024-03-22 15:59:00-04:00,2024-03-22 15:59:00-04:00,False,True,clean,2024-03-22T09:30:00-04:00,2024-03-22T15:59:00-04:00,0,80420.0,42.25,tight,20
2024-03-25,True,clean,390,390,390,0,0,0,2024-03-25 15:59:00-04:00,2024-03-25 15:59:00-04:00,False,True,clean,2024-03-25T09:30:00-04:00,2024-03-25T15:59:00-04:00,0,101499.0,65.5,normal,20
2024-03-26,True,clean,390,390,390,0,0,0,2024-03-26 15:59:00-04:00,2024-03-26 15:59:00-04:00,False,True,clean,2024-03-26T09:30:00-04:00,2024-03-26T15:59:00-04:00,0,77362.0,44.75,tight,20
2024-03-27,True,clean,390,390,390,0,0,0,2024-03-27 15:59:00-04:00,2024-03-27 15:59:00-04:00,False,True,clean,2024-03-27T09:30:00-04:00,2024-03-27T15:59:00-04:00,0,103675.0,87.0,wide,20
2024-03-28,True,clean,390,390,390,0,0,0,2024-03-28 15:59:00-04:00,2024-03-28 15:59:00-04:00,False,True,clean,2024-03-28T09:30:00-04:00,2024-03-28T15:59:00-04:00,0,78915.0,52.5,tight,20
2024-04-01,True,clean,390,390,390,0,0,0,2024-04-01 15:59:00-04:00,2024-04-01 15:59:00-04:00,False,True,clean,2024-04-01T09:30:00-04:00,2024-04-01T15:59:00-04:00,0,101167.0,123.25,wide,20
2024-04-02,True,clean,390,390,390,0,0,0,2024-04-02 15:59:00-04:00,2024-04-02 15:59:00-04:00,False,True,clean,2024-04-02T09:30:00-04:00,2024-04-02T15:59:00-04:00,0,94611.0,68.75,normal,20
2024-04-03,True,clean,390,390,390,0,0,0,2024-04-03 15:59:00-04:00,2024-04-03 15:59:00-04:00,False,True,clean,2024-04-03T09:30:00-04:00,2024-04-03T15:59:00-04:00,0,58939.0,44.5,tight,20
2024-04-04,True,clean,390,390,390,0,0,0,2024-04-04 15:59:00-04:00,2024-04-04 15:59:00-04:00,False,True,clean,2024-04-04T09:30:00-04:00,2024-04-04T15:59:00-04:00,0,72690.0,40.25,tight,20
2024-04-05,True,clean,390,390,390,0,0,0,2024-04-05 15:59:00-04:00,2024-04-05 15:59:00-04:00,False,True,clean,2024-04-05T09:30:00-04:00,2024-04-05T15:59:00-04:00,0,106750.0,79.75,normal,20
2024-04-08,True,clean,390,390,390,0,0,0,2024-04-08 15:59:00-04:00,2024-04-08 15:59:00-04:00,False,True,clean,2024-04-08T09:30:00-04:00,2024-04-08T15:59:00-04:00,0,119939.0,99.25,wide,20
2024-04-09,True,clean,390,390,390,0,0,0,2024-04-09 15:59:00-04:00,2024-04-09 15:59:00-04:00,False,True,clean,2024-04-09T09:30:00-04:00,2024-04-09T15:59:00-04:00,0,106456.0,62.25,normal,20
2024-04-10,True,clean,390,390,390,0,0,0,2024-04-10 15:59:00-04:00,2024-04-10 15:59:00-04:00,False,True,clean,2024-04-10T09:30:00-04:00,2024-04-10T15:59:00-04:00,0,130685.0,77.25,normal,20
2024-04-11,True,clean,390,390,390,0,0,0,2024-04-11 15:59:00-04:00,2024-04-11 15:59:00-04:00,False,True,clean,2024-04-11T09:30:00-04:00,2024-04-11T15:59:00-04:00,0,120806.0,51.75,tight,20
2024-04-12,True,clean,390,390,390,0,0,0,2024-04-12 15:59:00-04:00,2024-04-12 15:59:00-04:00,False,True,clean,2024-04-12T09:30:00-04:00,2024-04-12T15:59:00-04:00,0,82039.0,46.25,tight,20
2024-04-15,True,clean,390,390,390,0,0,0,2024-04-15 15:59:00-04:00,2024-04-15 15:59:00-04:00,False,True,clean,2024-04-15T09:30:00-04:00,2024-04-15T15:59:00-04:00,0,83152.0,78.0,normal,20
2024-04-16,True,clean,390,390,390,0,0,0,2024-04-16 15:59:00-04:00,2024-04-16 15:59:00-04:00,False,True,clean,2024-04-16T09:30:00-04:00,2024-04-16T15:59:00-04:00,0,96341.0,53.0,normal,20
2024-04-17,True,clean,390,390,390,0,0,0,2024-04-17 15:59:00-04:00,2024-04-17 15:59:00-04:00,False,True,clean,2024-04-17T09:30:00-04:00,2024-04-17T15:59:00-04:00,0,82975.0,46.75,tight,20
2024-04-18,True,clean,390,390,390,0,0,0,2024-04-18 15:59:00-04:00,2024-04-18 15:59:00-04:00,False,True,clean,2024-04-18T09:30:00-04:00,2024-04-18T15:59:00-04:00,0,116724.0,127.75,wide,20
2024-04-19,True,clean,390,390,390,0,0,0,2024-04-19 15:59:00-04:00,2024-04-19 15:59:00-04:00,False,True,clean,2024-04-19T09:30:00-04:00,2024-04-19T15:59:00-04:00,0,105154.0,68.75,normal,20
2024-04-22,True,clean,390,390,390,0,0,0,2024-04-22 15:59:00-04:00,2024-04-22 15:59:00-04:00,False,True,clean,2024-04-22T09:30:00-04:00,2024-04-22T15:59:00-04:00,0,99575.0,43.5,tight,20
2024-04-23,True,clean,390,390,390,0,0,0,2024-04-23 15:59:00-04:00,2024-04-23 15:59:00-04:00,False,True,clean,2024-04-23T09:30:00-04:00,2024-04-23T15:59:00-04:00,0,96917.0,64.5,normal,20
2024-04-24,True,clean,390,390,390,0,0,0,2024-04-24 15:59:00-04:00,2024-04-24 15:59:00-04:00,False,True,clean,2024-04-24T09:30:00-04:00,2024-04-24T15:59:00-04:00,0,111645.0,74.0,normal,20
2024-04-25,True,clean,390,390,390,0,0,0,2024-04-25 15:59:00-04:00,2024-04-25 15:59:00-04:00,False,True,clean,2024-04-25T09:30:00-04:00,2024-04-25T15:59:00-04:00,0,151126.0,67.75,normal,20
2024-04-26,True,clean,390,390,390,0,0,0,2024-04-26 15:59:00-04:00,2024-04-26 15:59:00-04:00,False,True,clean,2024-04-26T09:30:00-04:00,2024-04-26T15:59:00-04:00,0,107384.0,96.25,wide,20
2024-04-29,True,clean,390,390,390,0,0,0,2024-04-29 15:59:00-04:00,2024-04-29 15:59:00-04:00,False,True,clean,2024-04-29T09:30:00-04:00,2024-04-29T15:59:00-04:00,0,118747.0,117.25,wide,20
2024-04-30,True,clean,390,390,390,0,0,0,2024-04-30 15:59:00-04:00,2024-04-30 15:59:00-04:00,False,True,clean,2024-04-30T09:30:00-04:00,2024-04-30T15:59:00-04:00,0,88456.0,62.5,normal,20
2024-05-01,True,clean,390,390,390,0,0,0,2024-05-01 15:59:00-04:00,2024-05-01 15:59:00-04:00,False,True,clean,2024-05-01T09:30:00-04:00,2024-05-01T15:59:00-04:00,0,83796.0,49.25,tight,20
2024-05-02,True,clean,390,390,390,0,0,0,2024-05-02 15:59:00-04:00,2024-05-02 15:59:00-04:00,False,True,clean,2024-05-02T09:30:00-04:00,2024-05-02T15:59:00-04:00,0,107509.0,87.25,wide,20
2024-05-03,True,clean,390,390,390,0,0,0,2024-05-03 15:59:00-04:00,2024-05-03 15:59:00-04:00,False,True,clean,2024-05-03T09:30:00-04:00,2024-05-03T15:59:00-04:00,0,84057.0,58.5,normal,20
2024-05-06,True,clean,390,390,390,0,0,0,2024-05-06 15:59:00-04:00,2024-05-06 15:59:00-04:00,False,True,clean,2024-05-06T09:30:00-04:00,2024-05-06T15:59:00-04:00,0,80597.0,58.5,normal,20
2024-05-07,True,clean,390,390,390,0,0,0,2024-05-07 15:59:00-04:00,2024-05-07 15:59:00-04:00,False,True,clean,2024-05-07T09:30:00-04:00,2024-05-07T15:59:00-04:00,0,63497.0,39.0,tight,20
2024-05-08,True,clean,390,390,390,0,0,0,2024-05-08 15:59:00-04:00,2024-05-08 15:59:00-04:00,False,True,clean,2024-05-08T09:30:00-04:00,2024-05-08T15:59:00-04:00,0,66736.0,47.5,tight,20
2024-05-09,True,clean,390,390,390,0,0,0,2024-05-09 15:59:00-04:00,2024-05-09 15:59:00-04:00,False,True,clean,2024-05-09T09:30:00-04:00,2024-05-09T15:59:00-04:00,0,87033.0,81.25,wide,20
2024-05-10,True,clean,390,390,390,0,0,0,2024-05-10 15:59:00-04:00,2024-05-10 15:59:00-04:00,False,True,clean,2024-05-10T09:30:00-04:00,2024-05-10T15:59:00-04:00,0,85667.0,75.0,normal,20
2024-05-13,True,clean,390,390,390,0,0,0,2024-05-13 15:59:00-04:00,2024-05-13 15:59:00-04:00,False,True,clean,2024-05-13T09:30:00-04:00,2024-05-13T15:59:00-04:00,0,88672.0,70.5,normal,20
2024-05-14,True,clean,390,390,390,0,0,0,2024-05-14 15:59:00-04:00,2024-05-14 15:59:00-04:00,False,True,clean,2024-05-14T09:30:00-04:00,2024-05-14T15:59:00-04:00,0,84697.0,52.75,tight,20
2024-05-15,True,clean,390,390,390,0,0,0,2024-05-15 15:59:00-04:00,2024-05-15 15:59:00-04:00,False,True,clean,2024-05-15T09:30:00-04:00,2024-05-15T15:59:00-04:00,0,99773.0,40.5,tight,20
2024-05-16,True,clean,390,390,390,0,0,0,2024-05-16 15:59:00-04:00,2024-05-16 15:59:00-04:00,False,True,clean,2024-05-16T09:30:00-04:00,2024-05-16T15:59:00-04:00,0,70384.0,28.0,tight,20
2024-05-17,True,clean,390,390,390,0,0,0,2024-05-17 15:59:00-04:00,2024-05-17 15:59:00-04:00,False,True,clean,2024-05-17T09:30:00-04:00,2024-05-17T15:59:00-04:00,0,75439.0,29.25,tight,20
2024-05-20,True,clean,390,390,390,0,0,0,2024-05-20 15:59:00-04:00,2024-05-20 15:59:00-04:00,False,True,clean,2024-05-20T09:30:00-04:00,2024-05-20T15:59:00-04:00,0,74579.0,75.5,wide,20
2024-05-21,True,clean,390,390,390,0,0,0,2024-05-21 15:59:00-04:00,2024-05-21 15:59:00-04:00,False,True,clean,2024-05-21T09:30:00-04:00,2024-05-21T15:59:00-04:00,0,64576.0,36.0,tight,20
2024-05-22,True,clean,390,390,390,0,0,0,2024-05-22 15:59:00-04:00,2024-05-22 15:59:00-04:00,False,True,clean,2024-05-22T09:30:00-04:00,2024-05-22T15:59:00-04:00,0,65250.0,37.5,tight,20
2024-05-23,True,clean,390,390,390,0,0,0,2024-05-23 15:59:00-04:00,2024-05-23 15:59:00-04:00,False,True,clean,2024-05-23T09:30:00-04:00,2024-05-23T15:59:00-04:00,0,99649.0,71.0,normal,20
2024-05-24,True,clean,390,390,390,0,0,0,2024-05-24 15:59:00-04:00,2024-05-24 15:59:00-04:00,False,True,clean,2024-05-24T09:30:00-04:00,2024-05-24T15:59:00-04:00,0,72207.0,44.0,normal,20
2024-05-28,True,clean,390,390,390,0,0,0,2024-05-28 15:59:00-04:00,2024-05-28 15:59:00-04:00,False,True,clean,2024-05-28T09:30:00-04:00,2024-05-28T15:59:00-04:00,0,78692.0,67.5,normal,20
2024-05-29,True,clean,390,390,390,0,0,0,2024-05-29 15:59:00-04:00,2024-05-29 15:59:00-04:00,False,True,clean,2024-05-29T09:30:00-04:00,2024-05-29T15:59:00-04:00,0,87592.0,56.75,normal,20
2024-05-30,True,clean,390,390,390,0,0,0,2024-05-30 15:59:00-04:00,2024-05-30 15:59:00-04:00,False,True,clean,2024-05-30T09:30:00-04:00,2024-05-30T15:59:00-04:00,0,93527.0,72.75,wide,20
2024-05-31,True,clean,390,390,390,0,0,0,2024-05-31 15:59:00-04:00,2024-05-31 15:59:00-04:00,False,True,clean,2024-05-31T09:30:00-04:00,2024-05-31T15:59:00-04:00,0,73314.0,55.75,normal,20
2024-06-03,True,clean,390,390,390,0,0,0,2024-06-03 15:59:00-04:00,2024-06-03 15:59:00-04:00,False,True,clean,2024-06-03T09:30:00-04:00,2024-06-03T15:59:00-04:00,0,78007.0,51.5,normal,20
2024-06-04,True,clean,390,390,390,0,0,0,2024-06-04 15:59:00-04:00,2024-06-04 15:59:00-04:00,False,True,clean,2024-06-04T09:30:00-04:00,2024-06-04T15:59:00-04:00,0,84801.0,69.25,normal,20
2024-06-05,True,clean,390,390,390,0,0,0,2024-06-05 15:59:00-04:00,2024-06-05 15:59:00-04:00,False,True,clean,2024-06-05T09:30:00-04:00,2024-06-05T15:59:00-04:00,0,60935.0,39.0,tight,20
2024-06-06,True,clean,390,390,390,0,0,0,2024-06-06 15:59:00-04:00,2024-06-06 15:59:00-04:00,False,True,clean,2024-06-06T09:30:00-04:00,2024-06-06T15:59:00-04:00,0,58800.0,30.5,tight,20
2024-06-07,True,clean,390,390,390,0,0,0,2024-06-07 15:59:00-04:00,2024-06-07 15:59:00-04:00,False,True,clean,2024-06-07T09:30:00-04:00,2024-06-07T15:59:00-04:00,0,65201.0,48.5,normal,20
2024-06-10,True,clean,390,390,390,0,0,0,2024-06-10 15:59:00-04:00,2024-06-10 15:59:00-04:00,False,True,clean,2024-06-10T09:30:00-04:00,2024-06-10T15:59:00-04:00,0,73036.0,46.0,normal,20
2024-06-11,True,clean,390,390,390,0,0,0,2024-06-11 15:59:00-04:00,2024-06-11 15:59:00-04:00,False,True,clean,2024-06-11T09:30:00-04:00,2024-06-11T15:59:00-04:00,0,75197.0,41.5,normal,20
2024-06-12,True,clean,390,390,390,0,0,0,2024-06-12 15:59:00-04:00,2024-06-12 15:59:00-04:00,False,True,clean,2024-06-12T09:30:00-04:00,2024-06-12T15:59:00-04:00,0,88560.0,107.25,wide,20
2024-06-13,True,clean,390,390,390,0,0,0,2024-06-13 15:59:00-04:00,2024-06-13 15:59:00-04:00,False,True,clean,2024-06-13T09:30:00-04:00,2024-06-13T15:59:00-04:00,0,75266.0,45.5,normal,20
2024-06-14,True,clean,390,390,390,0,0,0,2024-06-14 15:59:00-04:00,2024-06-14 15:59:00-04:00,False,True,clean,2024-06-14T09:30:00-04:00,2024-06-14T15:59:00-04:00,0,66365.0,46.5,normal,20
2024-06-17,True,clean,390,390,390,0,0,0,2024-06-17 15:59:00-04:00,2024-06-17 15:59:00-04:00,False,True,clean,2024-06-17T09:30:00-04:00,2024-06-17T15:59:00-04:00,0,29285.0,45.75,normal,20
2024-06-18,True,clean,390,390,390,0,0,0,2024-06-18 15:59:00-04:00,2024-06-18 15:59:00-04:00,False,True,clean,2024-06-18T09:30:00-04:00,2024-06-18T15:59:00-04:00,0,16433.0,38.0,tight,20
2024-06-20,True,clean,390,390,390,0,0,0,2024-06-20 15:59:00-04:00,2024-06-20 15:59:00-04:00,False,True,clean,2024-06-20T09:30:00-04:00,2024-06-20T15:59:00-04:00,0,7724.0,62.0,normal,20
2024-06-21,False,zero_volume_or,390,390,390,0,390,375,2024-06-21 15:59:00-04:00,2024-06-21 15:59:00-04:00,False,False,zero_volume_or_and_post_or,2024-06-21T09:30:00-04:00,2024-06-21T15:59:00-04:00,15,0.0,,unknown,20
2024-06-24,True,clean,390,390,390,0,0,0,2024-06-24 15:59:00-04:00,2024-06-24 15:59:00-04:00,False,True,clean,2024-06-24T09:30:00-04:00,2024-06-24T15:59:00-04:00,0,79671.0,78.5,wide,20
2024-06-25,True,clean,390,390,390,0,0,0,2024-06-25 15:59:00-04:00,2024-06-25 15:59:00-04:00,False,True,clean,2024-06-25T09:30:00-04:00,2024-06-25T15:59:00-04:00,0,86533.0,49.25,normal,20
2024-06-26,True,clean,390,390,390,0,0,0,2024-06-26 15:59:00-04:00,2024-06-26 15:59:00-04:00,False,True,clean,2024-06-26T09:30:00-04:00,2024-06-26T15:59:00-04:00,0,68443.0,36.0,tight,20
2024-06-27,True,clean,390,390,390,0,0,0,2024-06-27 15:59:00-04:00,2024-06-27 15:59:00-04:00,False,True,clean,2024-06-27T09:30:00-04:00,2024-06-27T15:59:00-04:00,0,101613.0,111.5,wide,20
2024-06-28,True,clean,390,390,390,0,0,0,2024-06-28 15:59:00-04:00,2024-06-28 15:59:00-04:00,False,True,clean,2024-06-28T09:30:00-04:00,2024-06-28T15:59:00-04:00,0,84690.0,66.5,normal,20
2024-07-01,True,clean,390,390,390,0,0,0,2024-07-01 15:59:00-04:00,2024-07-01 15:59:00-04:00,False,True,clean,2024-07-01T09:30:00-04:00,2024-07-01T15:59:00-04:00,0,97512.0,73.0,wide,20
2024-07-02,True,clean,390,390,390,0,0,0,2024-07-02 15:59:00-04:00,2024-07-02 15:59:00-04:00,False,True,clean,2024-07-02T09:30:00-04:00,2024-07-02T15:59:00-04:00,0,121153.0,106.5,wide,20
2024-07-03,True,clean,225,225,390,165,0,0,2024-07-03 13:14:00-04:00,2024-07-03 15:59:00-04:00,True,False,short_session,2024-07-03T09:30:00-04:00,2024-07-03T13:14:00-04:00,0,82219.0,51.5,normal,20
2024-07-05,True,clean,390,390,390,0,0,0,2024-07-05 15:59:00-04:00,2024-07-05 15:59:00-04:00,False,True,clean,2024-07-05T09:30:00-04:00,2024-07-05T15:59:00-04:00,0,84013.0,54.75,normal,20
2024-07-08,True,clean,390,390,390,0,0,0,2024-07-08 15:59:00-04:00,2024-07-08 15:59:00-04:00,False,True,clean,2024-07-08T09:30:00-04:00,2024-07-08T15:59:00-04:00,0,92592.0,44.25,tight,20
2024-07-09,True,clean,390,390,390,0,0,0,2024-07-09 15:59:00-04:00,2024-07-09 15:59:00-04:00,False,True,clean,2024-07-09T09:30:00-04:00,2024-07-09T15:59:00-04:00,0,97371.0,45.25,tight,20
2024-07-10,True,clean,390,390,390,0,0,0,2024-07-10 15:59:00-04:00,2024-07-10 15:59:00-04:00,False,True,clean,2024-07-10T09:30:00-04:00,2024-07-10T15:59:00-04:00,0,85628.0,46.75,normal,20
2024-07-11,True,clean,390,390,390,0,0,0,2024-07-11 15:59:00-04:00,2024-07-11 15:59:00-04:00,False,True,clean,2024-07-11T09:30:00-04:00,2024-07-11T15:59:00-04:00,0,105336.0,50.0,normal,20
2024-07-12,True,clean,390,390,390,0,0,0,2024-07-12 15:59:00-04:00,2024-07-12 15:59:00-04:00,False,True,clean,2024-07-12T09:30:00-04:00,2024-07-12T15:59:00-04:00,0,99290.0,52.5,normal,20
2024-07-15,True,clean,390,390,390,0,0,0,2024-07-15 15:59:00-04:00,2024-07-15 15:59:00-04:00,False,True,clean,2024-07-15T09:30:00-04:00,2024-07-15T15:59:00-04:00,0,107871.0,70.0,normal,20
2024-07-16,True,clean,390,390,390,0,0,0,2024-07-16 15:59:00-04:00,2024-07-16 15:59:00-04:00,False,True,clean,2024-07-16T09:30:00-04:00,2024-07-16T15:59:00-04:00,0,92537.0,54.0,normal,20
2024-07-17,True,clean,390,390,390,0,0,0,2024-07-17 15:59:00-04:00,2024-07-17 15:59:00-04:00,False,True,clean,2024-07-17T09:30:00-04:00,2024-07-17T15:59:00-04:00,0,121396.0,71.0,wide,20
2024-07-18,True,clean,390,390,390,0,0,0,2024-07-18 15:59:00-04:00,2024-07-18 15:59:00-04:00,False,True,clean,2024-07-18T09:30:00-04:00,2024-07-18T15:59:00-04:00,0,110728.0,110.75,wide,20
2024-07-19,True,clean,390,390,390,0,0,0,2024-07-19 15:59:00-04:00,2024-07-19 15:59:00-04:00,False,True,clean,2024-07-19T09:30:00-04:00,2024-07-19T15:59:00-04:00,0,126182.0,140.75,wide,20
2024-07-22,True,clean,390,390,390,0,0,0,2024-07-22 15:59:00-04:00,2024-07-22 15:59:00-04:00,False,True,clean,2024-07-22T09:30:00-04:00,2024-07-22T15:59:00-04:00,0,115229.0,97.0,wide,20
2024-07-23,True,clean,390,390,390,0,0,0,2024-07-23 15:59:00-04:00,2024-07-23 15:59:00-04:00,False,True,clean,2024-07-23T09:30:00-04:00,2024-07-23T15:59:00-04:00,0,97610.0,100.5,wide,20
2024-07-24,True,clean,390,390,390,0,0,0,2024-07-24 15:59:00-04:00,2024-07-24 15:59:00-04:00,False,True,clean,2024-07-24T09:30:00-04:00,2024-07-24T15:59:00-04:00,0,116752.0,128.0,wide,20
2024-07-25,True,clean,390,390,390,0,0,0,2024-07-25 15:59:00-04:00,2024-07-25 15:59:00-04:00,False,True,clean,2024-07-25T09:30:00-04:00,2024-07-25T15:59:00-04:00,0,148832.0,119.0,wide,20
2024-07-26,True,clean,390,390,390,0,0,0,2024-07-26 15:59:00-04:00,2024-07-26 15:59:00-04:00,False,True,clean,2024-07-26T09:30:00-04:00,2024-07-26T15:59:00-04:00,0,125763.0,87.25,normal,20
2024-07-29,True,clean,390,390,390,0,0,0,2024-07-29 15:59:00-04:00,2024-07-29 15:59:00-04:00,False,True,clean,2024-07-29T09:30:00-04:00,2024-07-29T15:59:00-04:00,0,126025.0,120.25,wide,20
2024-07-30,True,clean,390,390,390,0,0,0,2024-07-30 15:59:00-04:00,2024-07-30 15:59:00-04:00,False,True,clean,2024-07-30T09:30:00-04:00,2024-07-30T15:59:00-04:00,0,112775.0,64.0,normal,20
2024-07-31,True,clean,390,390,390,0,0,0,2024-07-31 15:59:00-04:00,2024-07-31 15:59:00-04:00,False,True,clean,2024-07-31T09:30:00-04:00,2024-07-31T15:59:00-04:00,0,143836.0,101.5,normal,20
2024-08-01,True,clean,390,390,390,0,0,0,2024-08-01 15:59:00-04:00,2024-08-01 15:59:00-04:00,False,True,clean,2024-08-01T09:30:00-04:00,2024-08-01T15:59:00-04:00,0,128509.0,131.5,wide,20
2024-08-02,True,clean,390,390,390,0,0,0,2024-08-02 15:59:00-04:00,2024-08-02 15:59:00-04:00,False,True,clean,2024-08-02T09:30:00-04:00,2024-08-02T15:59:00-04:00,0,150208.0,219.5,wide,20
2024-08-05,True,clean,390,390,390,0,0,0,2024-08-05 15:59:00-04:00,2024-08-05 15:59:00-04:00,False,True,clean,2024-08-05T09:30:00-04:00,2024-08-05T15:59:00-04:00,0,168697.0,362.25,wide,20
2024-08-06,True,clean,390,390,390,0,0,0,2024-08-06 15:59:00-04:00,2024-08-06 15:59:00-04:00,False,True,clean,2024-08-06T09:30:00-04:00,2024-08-06T15:59:00-04:00,0,133371.0,203.0,wide,20
2024-08-07,True,clean,390,390,390,0,0,0,2024-08-07 15:59:00-04:00,2024-08-07 15:59:00-04:00,False,True,clean,2024-08-07T09:30:00-04:00,2024-08-07T15:59:00-04:00,0,100730.0,102.0,normal,20
2024-08-08,True,clean,390,390,390,0,0,0,2024-08-08 15:59:00-04:00,2024-08-08 15:59:00-04:00,False,True,clean,2024-08-08T09:30:00-04:00,2024-08-08T15:59:00-04:00,0,102745.0,113.75,normal,20
2024-08-09,True,clean,390,390,390,0,0,0,2024-08-09 15:59:00-04:00,2024-08-09 15:59:00-04:00,False,True,clean,2024-08-09T09:30:00-04:00,2024-08-09T15:59:00-04:00,0,91314.0,83.25,tight,20
2024-08-12,True,clean,390,390,390,0,0,0,2024-08-12 15:59:00-04:00,2024-08-12 15:59:00-04:00,False,True,clean,2024-08-12T09:30:00-04:00,2024-08-12T15:59:00-04:00,0,88118.0,115.5,normal,20
2024-08-13,True,clean,390,390,390,0,0,0,2024-08-13 15:59:00-04:00,2024-08-13 15:59:00-04:00,False,True,clean,2024-08-13T09:30:00-04:00,2024-08-13T15:59:00-04:00,0,83827.0,75.5,tight,20
2024-08-14,True,clean,390,390,390,0,0,0,2024-08-14 15:59:00-04:00,2024-08-14 15:59:00-04:00,False,True,clean,2024-08-14T09:30:00-04:00,2024-08-14T15:59:00-04:00,0,108222.0,131.5,wide,20
2024-08-15,True,clean,390,390,390,0,0,0,2024-08-15 15:59:00-04:00,2024-08-15 15:59:00-04:00,False,True,clean,2024-08-15T09:30:00-04:00,2024-08-15T15:59:00-04:00,0,87528.0,59.5,tight,20
2024-08-16,True,clean,390,390,390,0,0,0,2024-08-16 15:59:00-04:00,2024-08-16 15:59:00-04:00,False,True,clean,2024-08-16T09:30:00-04:00,2024-08-16T15:59:00-04:00,0,88024.0,72.25,tight,20
2024-08-19,True,clean,390,390,390,0,0,0,2024-08-19 15:59:00-04:00,2024-08-19 15:59:00-04:00,False,True,clean,2024-08-19T09:30:00-04:00,2024-08-19T15:59:00-04:00,0,88043.0,71.75,tight,20
2024-08-20,True,clean,390,390,390,0,0,0,2024-08-20 15:59:00-04:00,2024-08-20 15:59:00-04:00,False,True,clean,2024-08-20T09:30:00-04:00,2024-08-20T15:59:00-04:00,0,71908.0,61.75,tight,20
2024-08-21,True,clean,390,390,390,0,0,0,2024-08-21 15:59:00-04:00,2024-08-21 15:59:00-04:00,False,True,clean,2024-08-21T09:30:00-04:00,2024-08-21T15:59:00-04:00,0,71258.0,47.25,tight,20
2024-08-22,True,clean,390,390,390,0,0,0,2024-08-22 15:59:00-04:00,2024-08-22 15:59:00-04:00,False,True,clean,2024-08-22T09:30:00-04:00,2024-08-22T15:59:00-04:00,0,75585.0,55.75,tight,20
2024-08-23,True,clean,390,390,390,0,0,0,2024-08-23 15:59:00-04:00,2024-08-23 15:59:00-04:00,False,True,clean,2024-08-23T09:30:00-04:00,2024-08-23T15:59:00-04:00,0,64205.0,58.0,tight,20
2024-08-26,True,clean,390,390,390,0,0,0,2024-08-26 15:59:00-04:00,2024-08-26 15:59:00-04:00,False,True,clean,2024-08-26T09:30:00-04:00,2024-08-26T15:59:00-04:00,0,76356.0,58.75,tight,20
2024-08-27,True,clean,390,390,390,0,0,0,2024-08-27 15:59:00-04:00,2024-08-27 15:59:00-04:00,False,True,clean,2024-08-27T09:30:00-04:00,2024-08-27T15:59:00-04:00,0,98368.0,84.75,normal,20
2024-08-28,True,clean,390,390,390,0,0,0,2024-08-28 15:59:00-04:00,2024-08-28 15:59:00-04:00,False,True,clean,2024-08-28T09:30:00-04:00,2024-08-28T15:59:00-04:00,0,83879.0,72.75,normal,20
2024-08-29,True,clean,390,390,390,0,0,0,2024-08-29 15:59:00-04:00,2024-08-29 15:59:00-04:00,False,True,clean,2024-08-29T09:30:00-04:00,2024-08-29T15:59:00-04:00,0,127852.0,132.0,wide,20
2024-08-30,True,clean,390,390,390,0,0,0,2024-08-30 15:59:00-04:00,2024-08-30 15:59:00-04:00,False,True,clean,2024-08-30T09:30:00-04:00,2024-08-30T15:59:00-04:00,0,73554.0,64.0,normal,20
2024-09-03,True,clean,390,390,390,0,0,0,2024-09-03 15:59:00-04:00,2024-09-03 15:59:00-04:00,False,True,clean,2024-09-03T09:30:00-04:00,2024-09-03T15:59:00-04:00,0,103881.0,125.75,wide,20
2024-09-04,True,clean,390,390,390,0,0,0,2024-09-04 15:59:00-04:00,2024-09-04 15:59:00-04:00,False,True,clean,2024-09-04T09:30:00-04:00,2024-09-04T15:59:00-04:00,0,96809.0,105.75,normal,20
2024-09-05,True,clean,390,390,390,0,0,0,2024-09-05 15:59:00-04:00,2024-09-05 15:59:00-04:00,False,True,clean,2024-09-05T09:30:00-04:00,2024-09-05T15:59:00-04:00,0,91614.0,148.25,wide,20
2024-09-06,True,clean,390,390,390,0,0,0,2024-09-06 15:59:00-04:00,2024-09-06 15:59:00-04:00,False,True,clean,2024-09-06T09:30:00-04:00,2024-09-06T15:59:00-04:00,0,131525.0,201.0,wide,20
2024-09-09,True,clean,390,390,390,0,0,0,2024-09-09 15:59:00-04:00,2024-09-09 15:59:00-04:00,False,True,clean,2024-09-09T09:30:00-04:00,2024-09-09T15:59:00-04:00,0,82293.0,70.0,normal,20
2024-09-10,True,clean,390,390,390,0,0,0,2024-09-10 15:59:00-04:00,2024-09-10 15:59:00-04:00,False,True,clean,2024-09-10T09:30:00-04:00,2024-09-10T15:59:00-04:00,0,101995.0,100.25,normal,20
2024-09-11,True,clean,390,390,390,0,0,0,2024-09-11 15:59:00-04:00,2024-09-11 15:59:00-04:00,False,True,clean,2024-09-11T09:30:00-04:00,2024-09-11T15:59:00-04:00,0,106750.0,97.75,normal,20
2024-09-12,True,clean,390,390,390,0,0,0,2024-09-12 15:59:00-04:00,2024-09-12 15:59:00-04:00,False,True,clean,2024-09-12T09:30:00-04:00,2024-09-12T15:59:00-04:00,0,112773.0,79.5,normal,20
2024-09-13,True,clean,390,390,390,0,0,0,2024-09-13 15:59:00-04:00,2024-09-13 15:59:00-04:00,False,True,clean,2024-09-13T09:30:00-04:00,2024-09-13T15:59:00-04:00,0,75591.0,107.0,wide,20
2024-09-16,True,clean,390,390,390,0,0,0,2024-09-16 15:59:00-04:00,2024-09-16 15:59:00-04:00,False,True,clean,2024-09-16T09:30:00-04:00,2024-09-16T15:59:00-04:00,0,46310.0,114.25,wide,20
2024-09-17,True,clean,390,390,390,0,0,0,2024-09-17 15:59:00-04:00,2024-09-17 15:59:00-04:00,False,True,clean,2024-09-17T09:30:00-04:00,2024-09-17T15:59:00-04:00,0,23785.0,71.75,normal,20
2024-09-18,True,clean,390,390,390,0,0,0,2024-09-18 15:59:00-04:00,2024-09-18 15:59:00-04:00,False,True,clean,2024-09-18T09:30:00-04:00,2024-09-18T15:59:00-04:00,0,14198.0,65.5,normal,20
2024-09-19,True,clean,390,390,390,0,0,0,2024-09-19 15:59:00-04:00,2024-09-19 15:59:00-04:00,False,True,clean,2024-09-19T09:30:00-04:00,2024-09-19T15:59:00-04:00,0,9881.0,68.75,normal,20
2024-09-20,False,zero_volume_or,390,390,390,0,390,375,2024-09-20 15:59:00-04:00,2024-09-20 15:59:00-04:00,False,False,zero_volume_or_and_post_or,2024-09-20T09:30:00-04:00,2024-09-20T15:59:00-04:00,15,0.0,,unknown,20
2024-09-23,True,clean,390,390,390,0,0,0,2024-09-23 15:59:00-04:00,2024-09-23 15:59:00-04:00,False,True,clean,2024-09-23T09:30:00-04:00,2024-09-23T15:59:00-04:00,0,62088.0,54.75,tight,20
2024-09-24,True,clean,390,390,390,0,0,0,2024-09-24 15:59:00-04:00,2024-09-24 15:59:00-04:00,False,True,clean,2024-09-24T09:30:00-04:00,2024-09-24T15:59:00-04:00,0,69272.0,59.75,tight,20
2024-09-25,True,clean,390,390,390,0,0,0,2024-09-25 15:59:00-04:00,2024-09-25 15:59:00-04:00,False,True,clean,2024-09-25T09:30:00-04:00,2024-09-25T15:59:00-04:00,0,81279.0,67.5,tight,20
2024-09-26,True,clean,390,390,390,0,0,0,2024-09-26 15:59:00-04:00,2024-09-26 15:59:00-04:00,False,True,clean,2024-09-26T09:30:00-04:00,2024-09-26T15:59:00-04:00,0,86316.0,98.75,normal,20
2024-09-27,True,clean,390,390,390,0,0,0,2024-09-27 15:59:00-04:00,2024-09-27 15:59:00-04:00,False,True,clean,2024-09-27T09:30:00-04:00,2024-09-27T15:59:00-04:00,0,78128.0,72.75,normal,20
2024-09-30,True,clean,390,390,390,0,0,0,2024-09-30 15:59:00-04:00,2024-09-30 15:59:00-04:00,False,True,clean,2024-09-30T09:30:00-04:00,2024-09-30T15:59:00-04:00,0,62905.0,91.5,normal,20
2024-10-01,True,clean,390,390,390,0,0,0,2024-10-01 15:59:00-04:00,2024-10-01 15:59:00-04:00,False,True,clean,2024-10-01T09:30:00-04:00,2024-10-01T15:59:00-04:00,0,114915.0,196.25,wide,20
2024-10-02,True,clean,390,390,390,0,0,0,2024-10-02 15:59:00-04:00,2024-10-02 15:59:00-04:00,False,True,clean,2024-10-02T09:30:00-04:00,2024-10-02T15:59:00-04:00,0,102280.0,131.0,wide,20
2024-10-03,True,clean,390,390,390,0,0,0,2024-10-03 15:59:00-04:00,2024-10-03 15:59:00-04:00,False,True,clean,2024-10-03T09:30:00-04:00,2024-10-03T15:59:00-04:00,0,83808.0,111.75,normal,20
2024-10-04,True,clean,390,390,390,0,0,0,2024-10-04 15:59:00-04:00,2024-10-04 15:59:00-04:00,False,True,clean,2024-10-04T09:30:00-04:00,2024-10-04T15:59:00-04:00,0,83567.0,53.5,tight,20
2024-10-07,True,clean,390,390,390,0,0,0,2024-10-07 15:59:00-04:00,2024-10-07 15:59:00-04:00,False,True,clean,2024-10-07T09:30:00-04:00,2024-10-07T15:59:00-04:00,0,80975.0,56.5,tight,20
2024-10-08,True,clean,390,390,390,0,0,0,2024-10-08 15:59:00-04:00,2024-10-08 15:59:00-04:00,False,True,clean,2024-10-08T09:30:00-04:00,2024-10-08T15:59:00-04:00,0,75455.0,46.25,tight,20
2024-10-09,True,clean,390,390,390,0,0,0,2024-10-09 15:59:00-04:00,2024-10-09 15:59:00-04:00,False,True,clean,2024-10-09T09:30:00-04:00,2024-10-09T15:59:00-04:00,0,80936.0,61.0,tight,20
2024-10-10,True,clean,390,390,390,0,0,0,2024-10-10 15:59:00-04:00,2024-10-10 15:59:00-04:00,False,True,clean,2024-10-10T09:30:00-04:00,2024-10-10T15:59:00-04:00,0,63595.0,50.0,tight,20
2024-10-11,True,clean,390,390,390,0,0,0,2024-10-11 15:59:00-04:00,2024-10-11 15:59:00-04:00,False,True,clean,2024-10-11T09:30:00-04:00,2024-10-11T15:59:00-04:00,0,70165.0,39.0,tight,20
2024-10-14,True,clean,390,390,390,0,0,0,2024-10-14 15:59:00-04:00,2024-10-14 15:59:00-04:00,False,True,clean,2024-10-14T09:30:00-04:00,2024-10-14T15:59:00-04:00,0,62807.0,68.25,normal,20
2024-10-15,True,clean,390,390,390,0,0,0,2024-10-15 15:59:00-04:00,2024-10-15 15:59:00-04:00,False,True,clean,2024-10-15T09:30:00-04:00,2024-10-15T15:59:00-04:00,0,69933.0,53.5,tight,20
2024-10-16,True,clean,390,390,390,0,0,0,2024-10-16 15:59:00-04:00,2024-10-16 15:59:00-04:00,False,True,clean,2024-10-16T09:30:00-04:00,2024-10-16T15:59:00-04:00,0,93050.0,115.75,wide,20
2024-10-17,True,clean,390,390,390,0,0,0,2024-10-17 15:59:00-04:00,2024-10-17 15:59:00-04:00,False,True,clean,2024-10-17T09:30:00-04:00,2024-10-17T15:59:00-04:00,0,126181.0,173.5,wide,20
2024-10-18,True,clean,390,390,390,0,0,0,2024-10-18 15:59:00-04:00,2024-10-18 15:59:00-04:00,False,True,clean,2024-10-18T09:30:00-04:00,2024-10-18T15:59:00-04:00,0,88494.0,69.25,normal,20
2024-10-21,True,clean,390,390,390,0,0,0,2024-10-21 15:59:00-04:00,2024-10-21 15:59:00-04:00,False,True,clean,2024-10-21T09:30:00-04:00,2024-10-21T15:59:00-04:00,0,81379.0,65.25,normal,20
2024-10-22,True,clean,390,390,390,0,0,0,2024-10-22 15:59:00-04:00,2024-10-22 15:59:00-04:00,False,True,clean,2024-10-22T09:30:00-04:00,2024-10-22T15:59:00-04:00,0,91863.0,89.5,normal,20
2024-10-23,True,clean,390,390,390,0,0,0,2024-10-23 15:59:00-04:00,2024-10-23 15:59:00-04:00,False,True,clean,2024-10-23T09:30:00-04:00,2024-10-23T15:59:00-04:00,0,78848.0,55.75,tight,20
2024-10-24,True,clean,390,390,390,0,0,0,2024-10-24 15:59:00-04:00,2024-10-24 15:59:00-04:00,False,True,clean,2024-10-24T09:30:00-04:00,2024-10-24T15:59:00-04:00,0,82041.0,64.75,normal,20
2024-10-25,True,clean,390,390,390,0,0,0,2024-10-25 15:59:00-04:00,2024-10-25 15:59:00-04:00,False,True,clean,2024-10-25T09:30:00-04:00,2024-10-25T15:59:00-04:00,0,80070.0,98.75,normal,20
2024-10-28,True,clean,390,390,390,0,0,0,2024-10-28 15:59:00-04:00,2024-10-28 15:59:00-04:00,False,True,clean,2024-10-28T09:30:00-04:00,2024-10-28T15:59:00-04:00,0,77526.0,70.5,normal,20
2024-10-29,True,clean,390,390,390,0,0,0,2024-10-29 15:59:00-04:00,2024-10-29 15:59:00-04:00,False,True,clean,2024-10-29T09:30:00-04:00,2024-10-29T15:59:00-04:00,0,92618.0,94.75,normal,20
2024-10-30,True,clean,390,390,390,0,0,0,2024-10-30 15:59:00-04:00,2024-10-30 15:59:00-04:00,False,True,clean,2024-10-30T09:30:00-04:00,2024-10-30T15:59:00-04:00,0,108302.0,126.5,wide,20
2024-10-31,True,clean,390,390,390,0,0,0,2024-10-31 15:59:00-04:00,2024-10-31 15:59:00-04:00,False,True,clean,2024-10-31T09:30:00-04:00,2024-10-31T15:59:00-04:00,0,105304.0,116.5,wide,20
2024-11-01,True,clean,390,390,390,0,0,0,2024-11-01 15:59:00-04:00,2024-11-01 15:59:00-04:00,False,True,clean,2024-11-01T09:30:00-04:00,2024-11-01T15:59:00-04:00,0,84053.0,107.5,wide,20
2024-11-04,True,clean,390,390,390,0,0,0,2024-11-04 15:59:00-05:00,2024-11-04 15:59:00-05:00,False,True,clean,2024-11-04T09:30:00-05:00,2024-11-04T15:59:00-05:00,0,98534.0,128.75,wide,20
2024-11-05,True,clean,390,390,390,0,0,0,2024-11-05 15:59:00-05:00,2024-11-05 15:59:00-05:00,False,True,clean,2024-11-05T09:30:00-05:00,2024-11-05T15:59:00-05:00,0,88811.0,96.0,normal,20
2024-11-06,True,clean,390,390,390,0,0,0,2024-11-06 15:59:00-05:00,2024-11-06 15:59:00-05:00,False,True,clean,2024-11-06T09:30:00-05:00,2024-11-06T15:59:00-05:00,0,119200.0,138.5,wide,20
2024-11-07,True,clean,390,390,390,0,0,0,2024-11-07 15:59:00-05:00,2024-11-07 15:59:00-05:00,False,True,clean,2024-11-07T09:30:00-05:00,2024-11-07T15:59:00-05:00,0,82448.0,87.75,normal,20
2024-11-08,True,clean,390,390,390,0,0,0,2024-11-08 15:59:00-05:00,2024-11-08 15:59:00-05:00,False,True,clean,2024-11-08T09:30:00-05:00,2024-11-08T15:59:00-05:00,0,80297.0,45.75,tight,20
2024-11-11,True,clean,390,390,390,0,0,0,2024-11-11 15:59:00-05:00,2024-11-11 15:59:00-05:00,False,True,clean,2024-11-11T09:30:00-05:00,2024-11-11T15:59:00-05:00,0,86609.0,86.25,normal,20
2024-11-12,True,clean,390,390,390,0,0,0,2024-11-12 15:59:00-05:00,2024-11-12 15:59:00-05:00,False,True,clean,2024-11-12T09:30:00-05:00,2024-11-12T15:59:00-05:00,0,84563.0,59.75,tight,20
2024-11-13,True,clean,390,390,390,0,0,0,2024-11-13 15:59:00-05:00,2024-11-13 15:59:00-05:00,False,True,clean,2024-11-13T09:30:00-05:00,2024-11-13T15:59:00-05:00,0,72709.0,45.75,tight,20
2024-11-14,True,clean,390,390,390,0,0,0,2024-11-14 15:59:00-05:00,2024-11-14 15:59:00-05:00,False,True,clean,2024-11-14T09:30:00-05:00,2024-11-14T15:59:00-05:00,0,95001.0,95.75,normal,20
2024-11-15,True,clean,390,390,390,0,0,0,2024-11-15 15:59:00-05:00,2024-11-15 15:59:00-05:00,False,True,clean,2024-11-15T09:30:00-05:00,2024-11-15T15:59:00-05:00,0,99675.0,87.0,normal,20
2024-11-18,True,clean,390,390,390,0,0,0,2024-11-18 15:59:00-05:00,2024-11-18 15:59:00-05:00,False,True,clean,2024-11-18T09:30:00-05:00,2024-11-18T15:59:00-05:00,0,83751.0,51.25,tight,20
2024-11-19,True,clean,390,390,390,0,0,0,2024-11-19 15:59:00-05:00,2024-11-19 15:59:00-05:00,False,True,clean,2024-11-19T09:30:00-05:00,2024-11-19T15:59:00-05:00,0,81152.0,79.5,normal,20
2024-11-20,True,clean,390,390,390,0,0,0,2024-11-20 15:59:00-05:00,2024-11-20 15:59:00-05:00,False,True,clean,2024-11-20T09:30:00-05:00,2024-11-20T15:59:00-05:00,0,98651.0,119.75,wide,20
2024-11-21,True,clean,390,390,390,0,0,0,2024-11-21 15:59:00-05:00,2024-11-21 15:59:00-05:00,False,True,clean,2024-11-21T09:30:00-05:00,2024-11-21T15:59:00-05:00,0,168278.0,278.75,wide,20
2024-11-22,True,clean,390,390,390,0,0,0,2024-11-22 15:59:00-05:00,2024-11-22 15:59:00-05:00,False,True,clean,2024-11-22T09:30:00-05:00,2024-11-22T15:59:00-05:00,0,99804.0,83.75,normal,20
2024-11-25,True,clean,390,390,390,0,0,0,2024-11-25 15:59:00-05:00,2024-11-25 15:59:00-05:00,False,True,clean,2024-11-25T09:30:00-05:00,2024-11-25T15:59:00-05:00,0,131059.0,125.0,wide,20
2024-11-26,True,clean,390,390,390,0,0,0,2024-11-26 15:59:00-05:00,2024-11-26 15:59:00-05:00,False,True,clean,2024-11-26T09:30:00-05:00,2024-11-26T15:59:00-05:00,0,94238.0,65.5,tight,20
2024-11-27,True,clean,390,390,390,0,0,0,2024-11-27 15:59:00-05:00,2024-11-27 15:59:00-05:00,False,True,clean,2024-11-27T09:30:00-05:00,2024-11-27T15:59:00-05:00,0,84031.0,87.0,normal,20
2024-11-29,True,clean,225,225,390,165,0,0,2024-11-29 13:14:00-05:00,2024-11-29 15:59:00-05:00,True,False,short_session,2024-11-29T09:30:00-05:00,2024-11-29T13:14:00-05:00,0,63839.0,69.75,tight,20
2024-12-02,True,clean,390,390,390,0,0,0,2024-12-02 15:59:00-05:00,2024-12-02 15:59:00-05:00,False,True,clean,2024-12-02T09:30:00-05:00,2024-12-02T15:59:00-05:00,0,101766.0,113.0,normal,20
2024-12-03,True,clean,390,390,390,0,0,0,2024-12-03 15:59:00-05:00,2024-12-03 15:59:00-05:00,False,True,clean,2024-12-03T09:30:00-05:00,2024-12-03T15:59:00-05:00,0,101336.0,68.5,tight,20
2024-12-04,True,clean,390,390,390,0,0,0,2024-12-04 15:59:00-05:00,2024-12-04 15:59:00-05:00,False,True,clean,2024-12-04T09:30:00-05:00,2024-12-04T15:59:00-05:00,0,86739.0,48.75,tight,20
2024-12-05,True,clean,390,390,390,0,0,0,2024-12-05 15:59:00-05:00,2024-12-05 15:59:00-05:00,False,True,clean,2024-12-05T09:30:00-05:00,2024-12-05T15:59:00-05:00,0,72272.0,33.5,tight,20
2024-12-06,True,clean,390,390,390,0,0,0,2024-12-06 15:59:00-05:00,2024-12-06 15:59:00-05:00,False,True,clean,2024-12-06T09:30:00-05:00,2024-12-06T15:59:00-05:00,0,74848.0,70.0,normal,20
2024-12-09,True,clean,390,390,390,0,0,0,2024-12-09 15:59:00-05:00,2024-12-09 15:59:00-05:00,False,True,clean,2024-12-09T09:30:00-05:00,2024-12-09T15:59:00-05:00,0,83738.0,59.5,tight,20
2024-12-10,True,clean,390,390,390,0,0,0,2024-12-10 15:59:00-05:00,2024-12-10 15:59:00-05:00,False,True,clean,2024-12-10T09:30:00-05:00,2024-12-10T15:59:00-05:00,0,96191.0,71.25,normal,20
2024-12-11,True,clean,390,390,390,0,0,0,2024-12-11 15:59:00-05:00,2024-12-11 15:59:00-05:00,False,True,clean,2024-12-11T09:30:00-05:00,2024-12-11T15:59:00-05:00,0,98276.0,66.5,normal,20
2024-12-12,True,clean,390,390,390,0,0,0,2024-12-12 15:59:00-05:00,2024-12-12 15:59:00-05:00,False,True,clean,2024-12-12T09:30:00-05:00,2024-12-12T15:59:00-05:00,0,91397.0,40.75,tight,20
2024-12-13,True,clean,390,390,390,0,0,0,2024-12-13 15:59:00-05:00,2024-12-13 15:59:00-05:00,False,True,clean,2024-12-13T09:30:00-05:00,2024-12-13T15:59:00-05:00,0,98187.0,104.75,wide,20
2024-12-16,True,clean,390,390,390,0,0,0,2024-12-16 15:59:00-05:00,2024-12-16 15:59:00-05:00,False,True,clean,2024-12-16T09:30:00-05:00,2024-12-16T15:59:00-05:00,0,55197.0,54.75,tight,20
2024-12-17,True,clean,390,390,390,0,0,0,2024-12-17 15:59:00-05:00,2024-12-17 15:59:00-05:00,False,True,clean,2024-12-17T09:30:00-05:00,2024-12-17T15:59:00-05:00,0,40936.0,85.75,normal,20
2024-12-18,True,clean,390,390,390,0,0,0,2024-12-18 15:59:00-05:00,2024-12-18 15:59:00-05:00,False,True,clean,2024-12-18T09:30:00-05:00,2024-12-18T15:59:00-05:00,0,21508.0,89.25,normal,20
2024-12-19,True,clean,390,390,390,0,0,0,2024-12-19 15:59:00-05:00,2024-12-19 15:59:00-05:00,False,True,clean,2024-12-19T09:30:00-05:00,2024-12-19T15:59:00-05:00,0,16700.0,128.5,wide,20
2024-12-20,False,zero_volume_or,390,390,390,0,390,375,2024-12-20 15:59:00-05:00,2024-12-20 15:59:00-05:00,False,False,zero_volume_or_and_post_or,2024-12-20T09:30:00-05:00,2024-12-20T15:59:00-05:00,15,0.0,,unknown,20
2024-12-23,True,clean,390,390,390,0,0,0,2024-12-23 15:59:00-05:00,2024-12-23 15:59:00-05:00,False,True,clean,2024-12-23T09:30:00-05:00,2024-12-23T15:59:00-05:00,0,107629.0,70.0,normal,20
2024-12-24,True,clean,225,225,390,165,0,0,2024-12-24 13:14:00-05:00,2024-12-24 15:59:00-05:00,True,False,short_session,2024-12-24T09:30:00-05:00,2024-12-24T13:14:00-05:00,0,69610.0,76.0,normal,20
2024-12-26,True,clean,390,390,390,0,0,0,2024-12-26 15:59:00-05:00,2024-12-26 15:59:00-05:00,False,True,clean,2024-12-26T09:30:00-05:00,2024-12-26T15:59:00-05:00,0,70883.0,53.25,tight,20
2024-12-27,True,clean,390,390,390,0,0,0,2024-12-27 15:59:00-05:00,2024-12-27 15:59:00-05:00,False,True,clean,2024-12-27T09:30:00-05:00,2024-12-27T15:59:00-05:00,0,118821.0,181.0,wide,20
2024-12-30,True,clean,390,390,390,0,0,0,2024-12-30 15:59:00-05:00,2024-12-30 15:59:00-05:00,False,True,clean,2024-12-30T09:30:00-05:00,2024-12-30T15:59:00-05:00,0,104068.0,107.5,wide,20
2024-12-31,True,clean,390,390,390,0,0,0,2024-12-31 15:59:00-05:00,2024-12-31 15:59:00-05:00,False,True,clean,2024-12-31T09:30:00-05:00,2024-12-31T15:59:00-05:00,0,97076.0,121.75,wide,20
2025-01-02,True,clean,390,390,390,0,0,0,2025-01-02 15:59:00-05:00,2025-01-02 15:59:00-05:00,False,True,clean,2025-01-02T09:30:00-05:00,2025-01-02T15:59:00-05:00,0,133994.0,206.5,wide,20
2025-01-03,True,clean,390,390,390,0,0,0,2025-01-03 15:59:00-05:00,2025-01-03 15:59:00-05:00,False,True,clean,2025-01-03T09:30:00-05:00,2025-01-03T15:59:00-05:00,0,109296.0,154.75,wide,20
2025-01-06,True,clean,390,390,390,0,0,0,2025-01-06 15:59:00-05:00,2025-01-06 15:59:00-05:00,False,True,clean,2025-01-06T09:30:00-05:00,2025-01-06T15:59:00-05:00,0,126955.0,105.0,normal,20
2025-01-07,True,clean,390,390,390,0,0,0,2025-01-07 15:59:00-05:00,2025-01-07 15:59:00-05:00,False,True,clean,2025-01-07T09:30:00-05:00,2025-01-07T15:59:00-05:00,0,117260.0,111.25,normal,20
2025-01-08,True,clean,390,390,390,0,0,0,2025-01-08 15:59:00-05:00,2025-01-08 15:59:00-05:00,False,True,clean,2025-01-08T09:30:00-05:00,2025-01-08T15:59:00-05:00,0,113751.0,95.0,normal,20
2025-01-10,True,clean,390,390,390,0,0,0,2025-01-10 15:59:00-05:00,2025-01-10 15:59:00-05:00,False,True,clean,2025-01-10T09:30:00-05:00,2025-01-10T15:59:00-05:00,0,149001.0,129.5,wide,20
2025-01-13,True,clean,390,390,390,0,0,0,2025-01-13 15:59:00-05:00,2025-01-13 15:59:00-05:00,False,True,clean,2025-01-13T09:30:00-05:00,2025-01-13T15:59:00-05:00,0,130033.0,84.5,normal,20
2025-01-14,True,clean,390,390,390,0,0,0,2025-01-14 15:59:00-05:00,2025-01-14 15:59:00-05:00,False,True,clean,2025-01-14T09:30:00-05:00,2025-01-14T15:59:00-05:00,0,107798.0,111.25,normal,20
2025-01-15,True,clean,390,390,390,0,0,0,2025-01-15 15:59:00-05:00,2025-01-15 15:59:00-05:00,False,True,clean,2025-01-15T09:30:00-05:00,2025-01-15T15:59:00-05:00,0,121783.0,121.0,normal,20
2025-01-16,True,clean,390,390,390,0,0,0,2025-01-16 15:59:00-05:00,2025-01-16 15:59:00-05:00,False,True,clean,2025-01-16T09:30:00-05:00,2025-01-16T15:59:00-05:00,0,116048.0,93.5,normal,20
2025-01-17,True,clean,390,390,390,0,0,0,2025-01-17 15:59:00-05:00,2025-01-17 15:59:00-05:00,False,True,clean,2025-01-17T09:30:00-05:00,2025-01-17T15:59:00-05:00,0,154190.0,161.25,wide,20
2025-01-21,True,clean,390,390,390,0,0,0,2025-01-21 15:59:00-05:00,2025-01-21 15:59:00-05:00,False,True,clean,2025-01-21T09:30:00-05:00,2025-01-21T15:59:00-05:00,0,118342.0,129.0,normal,20
2025-01-22,True,clean,390,390,390,0,0,0,2025-01-22 15:59:00-05:00,2025-01-22 15:59:00-05:00,False,True,clean,2025-01-22T09:30:00-05:00,2025-01-22T15:59:00-05:00,0,114987.0,79.5,tight,20
2025-01-23,True,clean,390,390,390,0,0,0,2025-01-23 15:59:00-05:00,2025-01-23 15:59:00-05:00,False,True,clean,2025-01-23T09:30:00-05:00,2025-01-23T15:59:00-05:00,0,85410.0,49.75,tight,20
2025-01-24,True,clean,390,390,390,0,0,0,2025-01-24 15:59:00-05:00,2025-01-24 15:59:00-05:00,False,True,clean,2025-01-24T09:30:00-05:00,2025-01-24T15:59:00-05:00,0,93428.0,52.75,tight,20
2025-01-27,True,clean,390,390,390,0,0,0,2025-01-27 15:59:00-05:00,2025-01-27 15:59:00-05:00,False,True,clean,2025-01-27T09:30:00-05:00,2025-01-27T15:59:00-05:00,0,172784.0,194.75,wide,20
2025-01-28,True,clean,390,390,390,0,0,0,2025-01-28 15:59:00-05:00,2025-01-28 15:59:00-05:00,False,True,clean,2025-01-28T09:30:00-05:00,2025-01-28T15:59:00-05:00,0,133767.0,147.25,normal,20
2025-01-29,True,clean,390,390,390,0,0,0,2025-01-29 15:59:00-05:00,2025-01-29 15:59:00-05:00,False,True,clean,2025-01-29T09:30:00-05:00,2025-01-29T15:59:00-05:00,0,105670.0,107.75,normal,20
2025-01-30,True,clean,390,390,390,0,0,0,2025-01-30 15:59:00-05:00,2025-01-30 15:59:00-05:00,False,True,clean,2025-01-30T09:30:00-05:00,2025-01-30T15:59:00-05:00,0,111738.0,71.5,tight,20
2025-01-31,True,clean,390,390,390,0,0,0,2025-01-31 15:59:00-05:00,2025-01-31 15:59:00-05:00,False,True,clean,2025-01-31T09:30:00-05:00,2025-01-31T15:59:00-05:00,0,94137.0,74.25,tight,20
2025-02-03,True,clean,390,390,390,0,0,0,2025-02-03 15:59:00-05:00,2025-02-03 15:59:00-05:00,False,True,clean,2025-02-03T09:30:00-05:00,2025-02-03T15:59:00-05:00,0,132713.0,137.0,normal,20
2025-02-04,True,clean,390,390,390,0,0,0,2025-02-04 15:59:00-05:00,2025-02-04 15:59:00-05:00,False,True,clean,2025-02-04T09:30:00-05:00,2025-02-04T15:59:00-05:00,0,93341.0,118.5,normal,20
2025-02-05,True,clean,390,390,390,0,0,0,2025-02-05 15:59:00-05:00,2025-02-05 15:59:00-05:00,False,True,clean,2025-02-05T09:30:00-05:00,2025-02-05T15:59:00-05:00,0,88128.0,68.75,tight,20
2025-02-06,True,clean,390,390,390,0,0,0,2025-02-06 15:59:00-05:00,2025-02-06 15:59:00-05:00,False,True,clean,2025-02-06T09:30:00-05:00,2025-02-06T15:59:00-05:00,0,77823.0,52.0,tight,20
2025-02-07,True,clean,390,390,390,0,0,0,2025-02-07 15:59:00-05:00,2025-02-07 15:59:00-05:00,False,True,clean,2025-02-07T09:30:00-05:00,2025-02-07T15:59:00-05:00,0,90707.0,98.25,normal,20
2025-02-10,True,clean,390,390,390,0,0,0,2025-02-10 15:59:00-05:00,2025-02-10 15:59:00-05:00,False,True,clean,2025-02-10T09:30:00-05:00,2025-02-10T15:59:00-05:00,0,78157.0,60.75,tight,20
2025-02-11,True,clean,390,390,390,0,0,0,2025-02-11 15:59:00-05:00,2025-02-11 15:59:00-05:00,False,True,clean,2025-02-11T09:30:00-05:00,2025-02-11T15:59:00-05:00,0,79840.0,96.75,normal,20
2025-02-12,True,clean,390,390,390,0,0,0,2025-02-12 15:59:00-05:00,2025-02-12 15:59:00-05:00,False,True,clean,2025-02-12T09:30:00-05:00,2025-02-12T15:59:00-05:00,0,104385.0,132.0,wide,20
2025-02-13,True,clean,390,390,390,0,0,0,2025-02-13 15:59:00-05:00,2025-02-13 15:59:00-05:00,False,True,clean,2025-02-13T09:30:00-05:00,2025-02-13T15:59:00-05:00,0,132066.0,116.0,normal,20
2025-02-14,True,clean,390,390,390,0,0,0,2025-02-14 15:59:00-05:00,2025-02-14 15:59:00-05:00,False,True,clean,2025-02-14T09:30:00-05:00,2025-02-14T15:59:00-05:00,0,78985.0,50.0,tight,20
2025-02-18,True,clean,390,390,390,0,0,0,2025-02-18 15:59:00-05:00,2025-02-18 15:59:00-05:00,False,True,clean,2025-02-18T09:30:00-05:00,2025-02-18T15:59:00-05:00,0,93419.0,57.0,tight,20
2025-02-19,True,clean,390,390,390,0,0,0,2025-02-19 15:59:00-05:00,2025-02-19 15:59:00-05:00,False,True,clean,2025-02-19T09:30:00-05:00,2025-02-19T15:59:00-05:00,0,82438.0,48.75,tight,20
2025-02-20,True,clean,390,390,390,0,0,0,2025-02-20 15:59:00-05:00,2025-02-20 15:59:00-05:00,False,True,clean,2025-02-20T09:30:00-05:00,2025-02-20T15:59:00-05:00,0,82517.0,61.0,normal,20
2025-02-21,True,clean,390,390,390,0,0,0,2025-02-21 15:59:00-05:00,2025-02-21 15:59:00-05:00,False,True,clean,2025-02-21T09:30:00-05:00,2025-02-21T15:59:00-05:00,0,99956.0,91.25,normal,20
2025-02-24,True,clean,390,390,390,0,0,0,2025-02-24 15:59:00-05:00,2025-02-24 15:59:00-05:00,False,True,clean,2025-02-24T09:30:00-05:00,2025-02-24T15:59:00-05:00,0,107931.0,117.75,normal,20
2025-02-25,True,clean,390,390,390,0,0,0,2025-02-25 15:59:00-05:00,2025-02-25 15:59:00-05:00,False,True,clean,2025-02-25T09:30:00-05:00,2025-02-25T15:59:00-05:00,0,140009.0,86.5,normal,20
2025-02-26,True,clean,390,390,390,0,0,0,2025-02-26 15:59:00-05:00,2025-02-26 15:59:00-05:00,False,True,clean,2025-02-26T09:30:00-05:00,2025-02-26T15:59:00-05:00,0,131368.0,85.75,normal,20
2025-02-27,True,clean,390,390,390,0,0,0,2025-02-27 15:59:00-05:00,2025-02-27 15:59:00-05:00,False,True,clean,2025-02-27T09:30:00-05:00,2025-02-27T15:59:00-05:00,0,148701.0,211.0,wide,20
2025-02-28,True,clean,390,390,390,0,0,0,2025-02-28 15:59:00-05:00,2025-02-28 15:59:00-05:00,False,True,clean,2025-02-28T09:30:00-05:00,2025-02-28T15:59:00-05:00,0,183594.0,184.5,wide,20
2025-03-03,True,clean,390,390,390,0,0,0,2025-03-03 15:59:00-05:00,2025-03-03 15:59:00-05:00,False,True,clean,2025-03-03T09:30:00-05:00,2025-03-03T15:59:00-05:00,0,144828.0,178.5,wide,20
2025-03-04,True,clean,390,390,390,0,0,0,2025-03-04 15:59:00-05:00,2025-03-04 15:59:00-05:00,False,True,clean,2025-03-04T09:30:00-05:00,2025-03-04T15:59:00-05:00,0,176760.0,171.5,wide,20
2025-03-05,True,clean,390,390,390,0,0,0,2025-03-05 15:59:00-05:00,2025-03-05 15:59:00-05:00,False,True,clean,2025-03-05T09:30:00-05:00,2025-03-05T15:59:00-05:00,0,141233.0,142.75,wide,20
2025-03-06,True,clean,390,390,390,0,0,0,2025-03-06 15:59:00-05:00,2025-03-06 15:59:00-05:00,False,True,clean,2025-03-06T09:30:00-05:00,2025-03-06T15:59:00-05:00,0,154969.0,91.5,normal,20
2025-03-07,True,clean,390,390,390,0,0,0,2025-03-07 15:59:00-05:00,2025-03-07 15:59:00-05:00,False,True,clean,2025-03-07T09:30:00-05:00,2025-03-07T15:59:00-05:00,0,160284.0,166.5,wide,20
2025-03-10,True,clean,390,390,390,0,0,0,2025-03-10 15:59:00-04:00,2025-03-10 15:59:00-04:00,False,True,clean,2025-03-10T09:30:00-04:00,2025-03-10T15:59:00-04:00,0,139069.0,114.25,normal,20
2025-03-11,True,clean,390,390,390,0,0,0,2025-03-11 15:59:00-04:00,2025-03-11 15:59:00-04:00,False,True,clean,2025-03-11T09:30:00-04:00,2025-03-11T15:59:00-04:00,0,160700.0,166.5,wide,20
2025-03-12,True,clean,390,390,390,0,0,0,2025-03-12 15:59:00-04:00,2025-03-12 15:59:00-04:00,False,True,clean,2025-03-12T09:30:00-04:00,2025-03-12T15:59:00-04:00,0,140218.0,108.75,normal,20
2025-03-13,True,clean,390,390,390,0,0,0,2025-03-13 15:59:00-04:00,2025-03-13 15:59:00-04:00,False,True,clean,2025-03-13T09:30:00-04:00,2025-03-13T15:59:00-04:00,0,143871.0,106.75,normal,20
2025-03-14,True,clean,390,390,390,0,0,0,2025-03-14 15:59:00-04:00,2025-03-14 15:59:00-04:00,False,True,clean,2025-03-14T09:30:00-04:00,2025-03-14T15:59:00-04:00,0,131219.0,150.5,normal,20
2025-03-17,True,clean,390,390,390,0,0,0,2025-03-17 15:59:00-04:00,2025-03-17 15:59:00-04:00,False,True,clean,2025-03-17T09:30:00-04:00,2025-03-17T15:59:00-04:00,0,59537.0,164.0,normal,20
2025-03-18,True,clean,390,390,390,0,0,0,2025-03-18 15:59:00-04:00,2025-03-18 15:59:00-04:00,False,True,clean,2025-03-18T09:30:00-04:00,2025-03-18T15:59:00-04:00,0,65906.0,189.5,wide,20
2025-03-19,True,clean,390,390,390,0,0,0,2025-03-19 15:59:00-04:00,2025-03-19 15:59:00-04:00,False,True,clean,2025-03-19T09:30:00-04:00,2025-03-19T15:59:00-04:00,0,22022.0,107.25,normal,20
2025-03-20,True,clean,390,390,390,0,0,0,2025-03-20 15:59:00-04:00,2025-03-20 15:59:00-04:00,False,True,clean,2025-03-20T09:30:00-04:00,2025-03-20T15:59:00-04:00,0,15383.0,150.0,normal,20
2025-03-21,False,zero_volume_or,390,390,390,0,390,375,2025-03-21 15:59:00-04:00,2025-03-21 15:59:00-04:00,False,False,zero_volume_or_and_post_or,2025-03-21T09:30:00-04:00,2025-03-21T15:59:00-04:00,15,0.0,,unknown,20
2025-03-24,True,clean,390,390,390,0,0,0,2025-03-24 15:59:00-04:00,2025-03-24 15:59:00-04:00,False,True,clean,2025-03-24T09:30:00-04:00,2025-03-24T15:59:00-04:00,0,110998.0,64.25,tight,20
2025-03-25,True,clean,390,390,390,0,0,0,2025-03-25 15:59:00-04:00,2025-03-25 15:59:00-04:00,False,True,clean,2025-03-25T09:30:00-04:00,2025-03-25T15:59:00-04:00,0,99532.0,60.5,tight,20
2025-03-26,True,clean,390,390,390,0,0,0,2025-03-26 15:59:00-04:00,2025-03-26 15:59:00-04:00,False,True,clean,2025-03-26T09:30:00-04:00,2025-03-26T15:59:00-04:00,0,97047.0,62.25,tight,20
2025-03-27,True,clean,390,390,390,0,0,0,2025-03-27 15:59:00-04:00,2025-03-27 15:59:00-04:00,False,True,clean,2025-03-27T09:30:00-04:00,2025-03-27T15:59:00-04:00,0,136889.0,132.0,normal,20
2025-03-28,True,clean,390,390,390,0,0,0,2025-03-28 15:59:00-04:00,2025-03-28 15:59:00-04:00,False,True,clean,2025-03-28T09:30:00-04:00,2025-03-28T15:59:00-04:00,0,118228.0,101.75,tight,20
2025-03-31,True,clean,390,390,390,0,0,0,2025-03-31 15:59:00-04:00,2025-03-31 15:59:00-04:00,False,True,clean,2025-03-31T09:30:00-04:00,2025-03-31T15:59:00-04:00,0,133101.0,189.0,wide,20
2025-04-01,True,clean,390,390,390,0,0,0,2025-04-01 15:59:00-04:00,2025-04-01 15:59:00-04:00,False,True,clean,2025-04-01T09:30:00-04:00,2025-04-01T15:59:00-04:00,0,127253.0,94.75,tight,20
2025-04-02,True,clean,390,390,390,0,0,0,2025-04-02 15:59:00-04:00,2025-04-02 15:59:00-04:00,False,True,clean,2025-04-02T09:30:00-04:00,2025-04-02T15:59:00-04:00,0,144941.0,216.75,wide,20
2025-04-03,True,clean,390,390,390,0,0,0,2025-04-03 15:59:00-04:00,2025-04-03 15:59:00-04:00,False,True,clean,2025-04-03T09:30:00-04:00,2025-04-03T15:59:00-04:00,0,132348.0,163.25,normal,20
2025-04-04,True,clean,390,390,390,0,0,0,2025-04-04 15:59:00-04:00,2025-04-04 15:59:00-04:00,False,True,clean,2025-04-04T09:30:00-04:00,2025-04-04T15:59:00-04:00,0,117481.0,240.5,wide,20
2025-04-07,True,clean,390,390,390,0,0,0,2025-04-07 15:59:00-04:00,2025-04-07 15:59:00-04:00,False,True,clean,2025-04-07T09:30:00-04:00,2025-04-07T15:59:00-04:00,0,139845.0,307.75,wide,20
2025-04-08,True,clean,390,390,390,0,0,0,2025-04-08 15:59:00-04:00,2025-04-08 15:59:00-04:00,False,True,clean,2025-04-08T09:30:00-04:00,2025-04-08T15:59:00-04:00,0,139454.0,139.75,normal,20
2025-04-09,True,clean,390,390,390,0,0,0,2025-04-09 15:59:00-04:00,2025-04-09 15:59:00-04:00,False,True,clean,2025-04-09T09:30:00-04:00,2025-04-09T15:59:00-04:00,0,122467.0,357.5,wide,20
2025-04-10,True,clean,390,390,390,0,0,0,2025-04-10 15:59:00-04:00,2025-04-10 15:59:00-04:00,False,True,clean,2025-04-10T09:30:00-04:00,2025-04-10T15:59:00-04:00,0,114722.0,192.5,wide,20
2025-04-11,True,clean,390,390,390,0,0,0,2025-04-11 15:59:00-04:00,2025-04-11 15:59:00-04:00,False,True,clean,2025-04-11T09:30:00-04:00,2025-04-11T15:59:00-04:00,0,112038.0,217.75,wide,20
2025-04-14,True,clean,390,390,390,0,0,0,2025-04-14 15:59:00-04:00,2025-04-14 15:59:00-04:00,False,True,clean,2025-04-14T09:30:00-04:00,2025-04-14T15:59:00-04:00,0,125723.0,261.0,wide,20
2025-04-15,True,clean,390,390,390,0,0,0,2025-04-15 15:59:00-04:00,2025-04-15 15:59:00-04:00,False,True,clean,2025-04-15T09:30:00-04:00,2025-04-15T15:59:00-04:00,0,100399.0,118.75,normal,20
2025-04-16,True,clean,390,390,390,0,0,0,2025-04-16 15:59:00-04:00,2025-04-16 15:59:00-04:00,False,True,clean,2025-04-16T09:30:00-04:00,2025-04-16T15:59:00-04:00,0,106323.0,106.5,tight,20
2025-04-17,True,clean,390,390,390,0,0,0,2025-04-17 15:59:00-04:00,2025-04-17 15:59:00-04:00,False,True,clean,2025-04-17T09:30:00-04:00,2025-04-17T15:59:00-04:00,0,119263.0,127.25,normal,20
2025-04-21,True,clean,390,390,390,0,0,0,2025-04-21 15:59:00-04:00,2025-04-21 15:59:00-04:00,False,True,clean,2025-04-21T09:30:00-04:00,2025-04-21T15:59:00-04:00,0,90035.0,105.0,tight,20
2025-04-22,True,clean,390,390,390,0,0,0,2025-04-22 15:59:00-04:00,2025-04-22 15:59:00-04:00,False,True,clean,2025-04-22T09:30:00-04:00,2025-04-22T15:59:00-04:00,0,113570.0,110.75,normal,20
2025-04-23,True,clean,390,390,390,0,0,0,2025-04-23 15:59:00-04:00,2025-04-23 15:59:00-04:00,False,True,clean,2025-04-23T09:30:00-04:00,2025-04-23T15:59:00-04:00,0,135885.0,196.0,normal,20
2025-04-24,True,clean,390,390,390,0,0,0,2025-04-24 15:59:00-04:00,2025-04-24 15:59:00-04:00,False,True,clean,2025-04-24T09:30:00-04:00,2025-04-24T15:59:00-04:00,0,104459.0,114.75,normal,20
2025-04-25,True,clean,390,390,390,0,0,0,2025-04-25 15:59:00-04:00,2025-04-25 15:59:00-04:00,False,True,clean,2025-04-25T09:30:00-04:00,2025-04-25T15:59:00-04:00,0,113148.0,107.0,tight,20
2025-04-28,True,clean,390,390,390,0,0,0,2025-04-28 15:59:00-04:00,2025-04-28 15:59:00-04:00,False,True,clean,2025-04-28T09:30:00-04:00,2025-04-28T15:59:00-04:00,0,113607.0,116.25,normal,20
2025-04-29,True,clean,390,390,390,0,0,0,2025-04-29 15:59:00-04:00,2025-04-29 15:59:00-04:00,False,True,clean,2025-04-29T09:30:00-04:00,2025-04-29T15:59:00-04:00,0,82020.0,73.5,tight,20
2025-04-30,True,clean,390,390,390,0,0,0,2025-04-30 15:59:00-04:00,2025-04-30 15:59:00-04:00,False,True,clean,2025-04-30T09:30:00-04:00,2025-04-30T15:59:00-04:00,0,117949.0,169.0,normal,20
2025-05-01,True,clean,390,390,390,0,0,0,2025-05-01 15:59:00-04:00,2025-05-01 15:59:00-04:00,False,True,clean,2025-05-01T09:30:00-04:00,2025-05-01T15:59:00-04:00,0,102468.0,102.0,tight,20
2025-05-02,True,clean,390,390,390,0,0,0,2025-05-02 15:59:00-04:00,2025-05-02 15:59:00-04:00,False,True,clean,2025-05-02T09:30:00-04:00,2025-05-02T15:59:00-04:00,0,89779.0,92.0,tight,20
2025-05-05,True,clean,390,390,390,0,0,0,2025-05-05 15:59:00-04:00,2025-05-05 15:59:00-04:00,False,True,clean,2025-05-05T09:30:00-04:00,2025-05-05T15:59:00-04:00,0,88932.0,68.5,tight,20
2025-05-06,True,clean,390,390,390,0,0,0,2025-05-06 15:59:00-04:00,2025-05-06 15:59:00-04:00,False,True,clean,2025-05-06T09:30:00-04:00,2025-05-06T15:59:00-04:00,0,89264.0,85.25,tight,20
2025-05-07,True,clean,390,390,390,0,0,0,2025-05-07 15:59:00-04:00,2025-05-07 15:59:00-04:00,False,True,clean,2025-05-07T09:30:00-04:00,2025-05-07T15:59:00-04:00,0,80340.0,68.25,tight,20
2025-05-08,True,clean,390,390,390,0,0,0,2025-05-08 15:59:00-04:00,2025-05-08 15:59:00-04:00,False,True,clean,2025-05-08T09:30:00-04:00,2025-05-08T15:59:00-04:00,0,87343.0,76.75,tight,20
2025-05-09,True,clean,390,390,390,0,0,0,2025-05-09 15:59:00-04:00,2025-05-09 15:59:00-04:00,False,True,clean,2025-05-09T09:30:00-04:00,2025-05-09T15:59:00-04:00,0,75531.0,59.75,tight,20
2025-05-12,True,clean,390,390,390,0,0,0,2025-05-12 15:59:00-04:00,2025-05-12 15:59:00-04:00,False,True,clean,2025-05-12T09:30:00-04:00,2025-05-12T15:59:00-04:00,0,125889.0,175.75,wide,20
2025-05-13,True,clean,390,390,390,0,0,0,2025-05-13 15:59:00-04:00,2025-05-13 15:59:00-04:00,False,True,clean,2025-05-13T09:30:00-04:00,2025-05-13T15:59:00-04:00,0,96948.0,107.25,normal,20
2025-05-14,True,clean,390,390,390,0,0,0,2025-05-14 15:59:00-04:00,2025-05-14 15:59:00-04:00,False,True,clean,2025-05-14T09:30:00-04:00,2025-05-14T15:59:00-04:00,0,99909.0,90.75,normal,20
2025-05-15,True,clean,390,390,390,0,0,0,2025-05-15 15:59:00-04:00,2025-05-15 15:59:00-04:00,False,True,clean,2025-05-15T09:30:00-04:00,2025-05-15T15:59:00-04:00,0,75357.0,62.75,tight,20
2025-05-16,True,clean,390,390,390,0,0,0,2025-05-16 15:59:00-04:00,2025-05-16 15:59:00-04:00,False,True,clean,2025-05-16T09:30:00-04:00,2025-05-16T15:59:00-04:00,0,80771.0,81.5,normal,20
2025-05-19,True,clean,390,390,390,0,0,0,2025-05-19 15:59:00-04:00,2025-05-19 15:59:00-04:00,False,True,clean,2025-05-19T09:30:00-04:00,2025-05-19T15:59:00-04:00,0,92934.0,133.5,wide,20
2025-05-20,True,clean,390,390,390,0,0,0,2025-05-20 15:59:00-04:00,2025-05-20 15:59:00-04:00,False,True,clean,2025-05-20T09:30:00-04:00,2025-05-20T15:59:00-04:00,0,73994.0,49.25,tight,20
2025-05-21,True,clean,390,390,390,0,0,0,2025-05-21 15:59:00-04:00,2025-05-21 15:59:00-04:00,False,True,clean,2025-05-21T09:30:00-04:00,2025-05-21T15:59:00-04:00,0,77036.0,95.25,normal,20
2025-05-22,True,clean,390,390,390,0,0,0,2025-05-22 15:59:00-04:00,2025-05-22 15:59:00-04:00,False,True,clean,2025-05-22T09:30:00-04:00,2025-05-22T15:59:00-04:00,0,91049.0,105.75,normal,20
2025-05-23,True,clean,390,390,390,0,0,0,2025-05-23 15:59:00-04:00,2025-05-23 15:59:00-04:00,False,True,clean,2025-05-23T09:30:00-04:00,2025-05-23T15:59:00-04:00,0,109052.0,132.0,wide,20
2025-05-27,True,clean,390,390,390,0,0,0,2025-05-27 15:59:00-04:00,2025-05-27 15:59:00-04:00,False,True,clean,2025-05-27T09:30:00-04:00,2025-05-27T15:59:00-04:00,0,84129.0,91.25,normal,20
2025-05-28,True,clean,390,390,390,0,0,0,2025-05-28 15:59:00-04:00,2025-05-28 15:59:00-04:00,False,True,clean,2025-05-28T09:30:00-04:00,2025-05-28T15:59:00-04:00,0,73732.0,74.5,normal,20
2025-05-29,True,clean,390,390,390,0,0,0,2025-05-29 15:59:00-04:00,2025-05-29 15:59:00-04:00,False,True,clean,2025-05-29T09:30:00-04:00,2025-05-29T15:59:00-04:00,0,94261.0,156.75,wide,20
2025-05-30,True,clean,390,390,390,0,0,0,2025-05-30 15:59:00-04:00,2025-05-30 15:59:00-04:00,False,True,clean,2025-05-30T09:30:00-04:00,2025-05-30T15:59:00-04:00,0,67602.0,95.5,normal,20
2025-06-02,True,clean,390,390,390,0,0,0,2025-06-02 15:59:00-04:00,2025-06-02 15:59:00-04:00,False,True,clean,2025-06-02T09:30:00-04:00,2025-06-02T15:59:00-04:00,0,82682.0,171.25,wide,20
2025-06-03,True,clean,390,390,390,0,0,0,2025-06-03 15:59:00-04:00,2025-06-03 15:59:00-04:00,False,True,clean,2025-06-03T09:30:00-04:00,2025-06-03T15:59:00-04:00,0,89244.0,85.75,normal,20
2025-06-04,True,clean,390,390,390,0,0,0,2025-06-04 15:59:00-04:00,2025-06-04 15:59:00-04:00,False,True,clean,2025-06-04T09:30:00-04:00,2025-06-04T15:59:00-04:00,0,74446.0,76.75,normal,20
2025-06-05,True,clean,390,390,390,0,0,0,2025-06-05 15:59:00-04:00,2025-06-05 15:59:00-04:00,False,True,clean,2025-06-05T09:30:00-04:00,2025-06-05T15:59:00-04:00,0,88193.0,105.0,normal,20
2025-06-06,True,clean,390,390,390,0,0,0,2025-06-06 15:59:00-04:00,2025-06-06 15:59:00-04:00,False,True,clean,2025-06-06T09:30:00-04:00,2025-06-06T15:59:00-04:00,0,81434.0,84.25,normal,20
2025-06-09,True,clean,390,390,390,0,0,0,2025-06-09 15:59:00-04:00,2025-06-09 15:59:00-04:00,False,True,clean,2025-06-09T09:30:00-04:00,2025-06-09T15:59:00-04:00,0,74667.0,64.75,tight,20
2025-06-10,True,clean,390,390,390,0,0,0,2025-06-10 15:59:00-04:00,2025-06-10 15:59:00-04:00,False,True,clean,2025-06-10T09:30:00-04:00,2025-06-10T15:59:00-04:00,0,84093.0,68.5,tight,20
2025-06-11,True,clean,390,390,390,0,0,0,2025-06-11 15:59:00-04:00,2025-06-11 15:59:00-04:00,False,True,clean,2025-06-11T09:30:00-04:00,2025-06-11T15:59:00-04:00,0,78451.0,64.75,tight,20
2025-06-12,True,clean,390,390,390,0,0,0,2025-06-12 15:59:00-04:00,2025-06-12 15:59:00-04:00,False,True,clean,2025-06-12T09:30:00-04:00,2025-06-12T15:59:00-04:00,0,77718.0,68.75,tight,20
2025-06-13,True,clean,390,390,390,0,0,0,2025-06-13 15:59:00-04:00,2025-06-13 15:59:00-04:00,False,True,clean,2025-06-13T09:30:00-04:00,2025-06-13T15:59:00-04:00,0,89697.0,124.75,wide,20
2025-06-16,True,clean,390,390,390,0,0,0,2025-06-16 15:59:00-04:00,2025-06-16 15:59:00-04:00,False,True,clean,2025-06-16T09:30:00-04:00,2025-06-16T15:59:00-04:00,0,29095.0,83.75,normal,20
2025-06-17,True,clean,390,390,390,0,0,0,2025-06-17 15:59:00-04:00,2025-06-17 15:59:00-04:00,False,True,clean,2025-06-17T09:30:00-04:00,2025-06-17T15:59:00-04:00,0,16288.0,80.5,normal,20
2025-06-18,True,clean,390,390,390,0,0,0,2025-06-18 15:59:00-04:00,2025-06-18 15:59:00-04:00,False,True,clean,2025-06-18T09:30:00-04:00,2025-06-18T15:59:00-04:00,0,11977.0,69.0,tight,20
2025-06-20,False,zero_volume_or,390,390,390,0,390,375,2025-06-20 15:59:00-04:00,2025-06-20 15:59:00-04:00,False,False,zero_volume_or_and_post_or,2025-06-20T09:30:00-04:00,2025-06-20T15:59:00-04:00,15,0.0,,unknown,20
2025-06-23,True,clean,390,390,390,0,0,0,2025-06-23 15:59:00-04:00,2025-06-23 15:59:00-04:00,False,True,clean,2025-06-23T09:30:00-04:00,2025-06-23T15:59:00-04:00,0,91051.0,127.0,wide,20
2025-06-24,True,clean,390,390,390,0,0,0,2025-06-24 15:59:00-04:00,2025-06-24 15:59:00-04:00,False,True,clean,2025-06-24T09:30:00-04:00,2025-06-24T15:59:00-04:00,0,76562.0,67.75,tight,20
2025-06-25,True,clean,390,390,390,0,0,0,2025-06-25 15:59:00-04:00,2025-06-25 15:59:00-04:00,False,True,clean,2025-06-25T09:30:00-04:00,2025-06-25T15:59:00-04:00,0,72510.0,58.0,tight,20
2025-06-26,True,clean,390,390,390,0,0,0,2025-06-26 15:59:00-04:00,2025-06-26 15:59:00-04:00,False,True,clean,2025-06-26T09:30:00-04:00,2025-06-26T15:59:00-04:00,0,84537.0,71.5,normal,20
2025-06-27,True,clean,390,390,390,0,0,0,2025-06-27 15:59:00-04:00,2025-06-27 15:59:00-04:00,False,True,clean,2025-06-27T09:30:00-04:00,2025-06-27T15:59:00-04:00,0,70879.0,61.0,tight,20
2025-06-30,True,clean,390,390,390,0,0,0,2025-06-30 15:59:00-04:00,2025-06-30 15:59:00-04:00,False,True,clean,2025-06-30T09:30:00-04:00,2025-06-30T15:59:00-04:00,0,76107.0,74.25,normal,20
2025-07-01,True,clean,390,390,390,0,0,0,2025-07-01 15:59:00-04:00,2025-07-01 15:59:00-04:00,False,True,clean,2025-07-01T09:30:00-04:00,2025-07-01T15:59:00-04:00,0,50998.0,41.5,tight,20
2025-07-02,True,clean,390,390,390,0,0,0,2025-07-02 15:59:00-04:00,2025-07-02 15:59:00-04:00,False,True,clean,2025-07-02T09:30:00-04:00,2025-07-02T15:59:00-04:00,0,65149.0,56.5,tight,20
2025-07-03,True,clean,225,225,390,165,0,0,2025-07-03 13:14:00-04:00,2025-07-03 15:59:00-04:00,True,False,short_session,2025-07-03T09:30:00-04:00,2025-07-03T13:14:00-04:00,0,64874.0,56.25,tight,20
2025-07-07,True,clean,390,390,390,0,0,0,2025-07-07 15:59:00-04:00,2025-07-07 15:59:00-04:00,False,True,clean,2025-07-07T09:30:00-04:00,2025-07-07T15:59:00-04:00,0,81154.0,75.25,normal,20
2025-07-08,True,clean,390,390,390,0,0,0,2025-07-08 15:59:00-04:00,2025-07-08 15:59:00-04:00,False,True,clean,2025-07-08T09:30:00-04:00,2025-07-08T15:59:00-04:00,0,64879.0,55.0,tight,20
2025-07-09,True,clean,390,390,390,0,0,0,2025-07-09 15:59:00-04:00,2025-07-09 15:59:00-04:00,False,True,clean,2025-07-09T09:30:00-04:00,2025-07-09T15:59:00-04:00,0,76461.0,87.0,wide,20
2025-07-10,True,clean,390,390,390,0,0,0,2025-07-10 15:59:00-04:00,2025-07-10 15:59:00-04:00,False,True,clean,2025-07-10T09:30:00-04:00,2025-07-10T15:59:00-04:00,0,68334.0,67.75,normal,20
2025-07-11,True,clean,390,390,390,0,0,0,2025-07-11 15:59:00-04:00,2025-07-11 15:59:00-04:00,False,True,clean,2025-07-11T09:30:00-04:00,2025-07-11T15:59:00-04:00,0,75913.0,88.25,wide,20
2025-07-14,True,clean,390,390,390,0,0,0,2025-07-14 15:59:00-04:00,2025-07-14 15:59:00-04:00,False,True,clean,2025-07-14T09:30:00-04:00,2025-07-14T15:59:00-04:00,0,95661.0,127.0,wide,20
2025-07-15,True,clean,390,390,390,0,0,0,2025-07-15 15:59:00-04:00,2025-07-15 15:59:00-04:00,False,True,clean,2025-07-15T09:30:00-04:00,2025-07-15T15:59:00-04:00,0,103854.0,100.0,wide,20
2025-07-16,True,clean,390,390,390,0,0,0,2025-07-16 15:59:00-04:00,2025-07-16 15:59:00-04:00,False,True,clean,2025-07-16T09:30:00-04:00,2025-07-16T15:59:00-04:00,0,90247.0,85.75,normal,20
2025-07-17,True,clean,390,390,390,0,0,0,2025-07-17 15:59:00-04:00,2025-07-17 15:59:00-04:00,False,True,clean,2025-07-17T09:30:00-04:00,2025-07-17T15:59:00-04:00,0,84341.0,62.5,normal,20
2025-07-18,True,clean,390,390,390,0,0,0,2025-07-18 15:59:00-04:00,2025-07-18 15:59:00-04:00,False,True,clean,2025-07-18T09:30:00-04:00,2025-07-18T15:59:00-04:00,0,68856.0,52.75,tight,20
2025-07-21,True,clean,390,390,390,0,0,0,2025-07-21 15:59:00-04:00,2025-07-21 15:59:00-04:00,False,True,clean,2025-07-21T09:30:00-04:00,2025-07-21T15:59:00-04:00,0,85430.0,93.75,wide,20
2025-07-22,True,clean,390,390,390,0,0,0,2025-07-22 15:59:00-04:00,2025-07-22 15:59:00-04:00,False,True,clean,2025-07-22T09:30:00-04:00,2025-07-22T15:59:00-04:00,0,94829.0,91.0,wide,20
2025-07-23,True,clean,390,390,390,0,0,0,2025-07-23 15:59:00-04:00,2025-07-23 15:59:00-04:00,False,True,clean,2025-07-23T09:30:00-04:00,2025-07-23T15:59:00-04:00,0,94109.0,81.25,normal,20
2025-07-24,True,clean,390,390,390,0,0,0,2025-07-24 15:59:00-04:00,2025-07-24 15:59:00-04:00,False,True,clean,2025-07-24T09:30:00-04:00,2025-07-24T15:59:00-04:00,0,82181.0,66.0,normal,20
2025-07-25,True,clean,390,390,390,0,0,0,2025-07-25 15:59:00-04:00,2025-07-25 15:59:00-04:00,False,True,clean,2025-07-25T09:30:00-04:00,2025-07-25T15:59:00-04:00,0,72007.0,48.25,tight,20
2025-07-28,True,clean,390,390,390,0,0,0,2025-07-28 15:59:00-04:00,2025-07-28 15:59:00-04:00,False,True,clean,2025-07-28T09:30:00-04:00,2025-07-28T15:59:00-04:00,0,70610.0,42.5,tight,20
2025-07-29,True,clean,390,390,390,0,0,0,2025-07-29 15:59:00-04:00,2025-07-29 15:59:00-04:00,False,True,clean,2025-07-29T09:30:00-04:00,2025-07-29T15:59:00-04:00,0,87309.0,59.5,normal,20
2025-07-30,True,clean,390,390,390,0,0,0,2025-07-30 15:59:00-04:00,2025-07-30 15:59:00-04:00,False,True,clean,2025-07-30T09:30:00-04:00,2025-07-30T15:59:00-04:00,0,71521.0,59.5,normal,20
2025-07-31,True,clean,390,390,390,0,0,0,2025-07-31 15:59:00-04:00,2025-07-31 15:59:00-04:00,False,True,clean,2025-07-31T09:30:00-04:00,2025-07-31T15:59:00-04:00,0,113721.0,131.75,wide,20
2025-08-01,True,clean,390,390,390,0,0,0,2025-08-01 15:59:00-04:00,2025-08-01 15:59:00-04:00,False,True,clean,2025-08-01T09:30:00-04:00,2025-08-01T15:59:00-04:00,0,123082.0,177.75,wide,20
2025-08-04,True,clean,390,390,390,0,0,0,2025-08-04 15:59:00-04:00,2025-08-04 15:59:00-04:00,False,True,clean,2025-08-04T09:30:00-04:00,2025-08-04T15:59:00-04:00,0,96042.0,108.25,wide,20
2025-08-05,True,clean,390,390,390,0,0,0,2025-08-05 15:59:00-04:00,2025-08-05 15:59:00-04:00,False,True,clean,2025-08-05T09:30:00-04:00,2025-08-05T15:59:00-04:00,0,85780.0,63.25,normal,20
2025-08-06,True,clean,390,390,390,0,0,0,2025-08-06 15:59:00-04:00,2025-08-06 15:59:00-04:00,False,True,clean,2025-08-06T09:30:00-04:00,2025-08-06T15:59:00-04:00,0,106166.0,79.25,normal,20
2025-08-07,True,clean,390,390,390,0,0,0,2025-08-07 15:59:00-04:00,2025-08-07 15:59:00-04:00,False,True,clean,2025-08-07T09:30:00-04:00,2025-08-07T15:59:00-04:00,0,96920.0,65.25,normal,20
2025-08-08,True,clean,390,390,390,0,0,0,2025-08-08 15:59:00-04:00,2025-08-08 15:59:00-04:00,False,True,clean,2025-08-08T09:30:00-04:00,2025-08-08T15:59:00-04:00,0,79463.0,84.25,normal,20
2025-08-11,True,clean,390,390,390,0,0,0,2025-08-11 15:59:00-04:00,2025-08-11 15:59:00-04:00,False,True,clean,2025-08-11T09:30:00-04:00,2025-08-11T15:59:00-04:00,0,74526.0,57.5,tight,20
2025-08-12,True,clean,390,390,390,0,0,0,2025-08-12 15:59:00-04:00,2025-08-12 15:59:00-04:00,False,True,clean,2025-08-12T09:30:00-04:00,2025-08-12T15:59:00-04:00,0,102993.0,98.5,wide,20
2025-08-13,True,clean,390,390,390,0,0,0,2025-08-13 15:59:00-04:00,2025-08-13 15:59:00-04:00,False,True,clean,2025-08-13T09:30:00-04:00,2025-08-13T15:59:00-04:00,0,73526.0,40.25,tight,20
2025-08-14,True,clean,390,390,390,0,0,0,2025-08-14 15:59:00-04:00,2025-08-14 15:59:00-04:00,False,True,clean,2025-08-14T09:30:00-04:00,2025-08-14T15:59:00-04:00,0,80464.0,82.75,normal,20
2025-08-15,True,clean,390,390,390,0,0,0,2025-08-15 15:59:00-04:00,2025-08-15 15:59:00-04:00,False,True,clean,2025-08-15T09:30:00-04:00,2025-08-15T15:59:00-04:00,0,81641.0,76.0,normal,20
2025-08-18,True,clean,390,390,390,0,0,0,2025-08-18 15:59:00-04:00,2025-08-18 15:59:00-04:00,False,True,clean,2025-08-18T09:30:00-04:00,2025-08-18T15:59:00-04:00,0,73764.0,50.5,tight,20
2025-08-19,True,clean,390,390,390,0,0,0,2025-08-19 15:59:00-04:00,2025-08-19 15:59:00-04:00,False,True,clean,2025-08-19T09:30:00-04:00,2025-08-19T15:59:00-04:00,0,119390.0,110.75,wide,20
2025-08-20,True,clean,390,390,390,0,0,0,2025-08-20 15:59:00-04:00,2025-08-20 15:59:00-04:00,False,True,clean,2025-08-20T09:30:00-04:00,2025-08-20T15:59:00-04:00,0,109984.0,109.5,wide,20
2025-08-21,True,clean,390,390,390,0,0,0,2025-08-21 15:59:00-04:00,2025-08-21 15:59:00-04:00,False,True,clean,2025-08-21T09:30:00-04:00,2025-08-21T15:59:00-04:00,0,99799.0,91.0,normal,20
2025-08-22,True,clean,390,390,390,0,0,0,2025-08-22 15:59:00-04:00,2025-08-22 15:59:00-04:00,False,True,clean,2025-08-22T09:30:00-04:00,2025-08-22T15:59:00-04:00,0,98549.0,117.75,wide,20
2025-08-25,True,clean,390,390,390,0,0,0,2025-08-25 15:59:00-04:00,2025-08-25 15:59:00-04:00,False,True,clean,2025-08-25T09:30:00-04:00,2025-08-25T15:59:00-04:00,0,106057.0,73.5,normal,20
2025-08-26,True,clean,390,390,390,0,0,0,2025-08-26 15:59:00-04:00,2025-08-26 15:59:00-04:00,False,True,clean,2025-08-26T09:30:00-04:00,2025-08-26T15:59:00-04:00,0,99613.0,55.25,tight,20
2025-08-27,True,clean,390,390,390,0,0,0,2025-08-27 15:59:00-04:00,2025-08-27 15:59:00-04:00,False,True,clean,2025-08-27T09:30:00-04:00,2025-08-27T15:59:00-04:00,0,90354.0,51.5,tight,20
2025-08-28,True,clean,390,390,390,0,0,0,2025-08-28 15:59:00-04:00,2025-08-28 15:59:00-04:00,False,True,clean,2025-08-28T09:30:00-04:00,2025-08-28T15:59:00-04:00,0,135606.0,114.0,wide,20
2025-08-29,True,clean,390,390,390,0,0,0,2025-08-29 15:59:00-04:00,2025-08-29 15:59:00-04:00,False,True,clean,2025-08-29T09:30:00-04:00,2025-08-29T15:59:00-04:00,0,96416.0,82.75,normal,20
2025-09-02,True,clean,390,390,390,0,0,0,2025-09-02 15:59:00-04:00,2025-09-02 15:59:00-04:00,False,True,clean,2025-09-02T09:30:00-04:00,2025-09-02T15:59:00-04:00,0,120817.0,152.5,wide,20
2025-09-03,True,clean,390,390,390,0,0,0,2025-09-03 15:59:00-04:00,2025-09-03 15:59:00-04:00,False,True,clean,2025-09-03T09:30:00-04:00,2025-09-03T15:59:00-04:00,0,99873.0,66.0,normal,20
2025-09-04,True,clean,390,390,390,0,0,0,2025-09-04 15:59:00-04:00,2025-09-04 15:59:00-04:00,False,True,clean,2025-09-04T09:30:00-04:00,2025-09-04T15:59:00-04:00,0,109144.0,91.0,normal,20
2025-09-05,True,clean,390,390,390,0,0,0,2025-09-05 15:59:00-04:00,2025-09-05 15:59:00-04:00,False,True,clean,2025-09-05T09:30:00-04:00,2025-09-05T15:59:00-04:00,0,113533.0,81.0,normal,20
2025-09-08,True,clean,390,390,390,0,0,0,2025-09-08 15:59:00-04:00,2025-09-08 15:59:00-04:00,False,True,clean,2025-09-08T09:30:00-04:00,2025-09-08T15:59:00-04:00,0,108415.0,75.5,normal,20
2025-09-09,True,clean,390,390,390,0,0,0,2025-09-09 15:59:00-04:00,2025-09-09 15:59:00-04:00,False,True,clean,2025-09-09T09:30:00-04:00,2025-09-09T15:59:00-04:00,0,69032.0,42.75,tight,20
2025-09-10,True,clean,390,390,390,0,0,0,2025-09-10 15:59:00-04:00,2025-09-10 15:59:00-04:00,False,True,clean,2025-09-10T09:30:00-04:00,2025-09-10T15:59:00-04:00,0,105058.0,82.75,normal,20
2025-09-11,True,clean,390,390,390,0,0,0,2025-09-11 15:59:00-04:00,2025-09-11 15:59:00-04:00,False,True,clean,2025-09-11T09:30:00-04:00,2025-09-11T15:59:00-04:00,0,100171.0,86.25,normal,20
2025-09-12,True,clean,390,390,390,0,0,0,2025-09-12 15:59:00-04:00,2025-09-12 15:59:00-04:00,False,True,clean,2025-09-12T09:30:00-04:00,2025-09-12T15:59:00-04:00,0,85495.0,61.5,tight,20
2025-09-15,True,clean,390,390,390,0,0,0,2025-09-15 15:59:00-04:00,2025-09-15 15:59:00-04:00,False,True,clean,2025-09-15T09:30:00-04:00,2025-09-15T15:59:00-04:00,0,39637.0,55.5,tight,20
2025-09-16,True,clean,390,390,390,0,0,0,2025-09-16 15:59:00-04:00,2025-09-16 15:59:00-04:00,False,True,clean,2025-09-16T09:30:00-04:00,2025-09-16T15:59:00-04:00,0,17773.0,47.0,tight,20
2025-09-17,True,clean,390,390,390,0,0,0,2025-09-17 15:59:00-04:00,2025-09-17 15:59:00-04:00,False,True,clean,2025-09-17T09:30:00-04:00,2025-09-17T15:59:00-04:00,0,12998.0,76.0,normal,20
2025-09-18,True,clean,390,390,390,0,0,0,2025-09-18 15:59:00-04:00,2025-09-18 15:59:00-04:00,False,True,clean,2025-09-18T09:30:00-04:00,2025-09-18T15:59:00-04:00,0,12596.0,88.0,normal,20
2025-09-19,False,zero_volume_or,390,390,390,0,390,375,2025-09-19 15:59:00-04:00,2025-09-19 15:59:00-04:00,False,False,zero_volume_or_and_post_or,2025-09-19T09:30:00-04:00,2025-09-19T15:59:00-04:00,15,0.0,,unknown,20
2025-09-22,True,clean,390,390,390,0,0,0,2025-09-22 15:59:00-04:00,2025-09-22 15:59:00-04:00,False,True,clean,2025-09-22T09:30:00-04:00,2025-09-22T15:59:00-04:00,0,79917.0,44.0,tight,20
2025-09-23,True,clean,390,390,390,0,0,0,2025-09-23 15:59:00-04:00,2025-09-23 15:59:00-04:00,False,True,clean,2025-09-23T09:30:00-04:00,2025-09-23T15:59:00-04:00,0,82013.0,67.0,normal,20
2025-09-24,True,clean,390,390,390,0,0,0,2025-09-24 15:59:00-04:00,2025-09-24 15:59:00-04:00,False,True,clean,2025-09-24T09:30:00-04:00,2025-09-24T15:59:00-04:00,0,93907.0,75.75,normal,20
2025-09-25,True,clean,390,390,390,0,0,0,2025-09-25 15:59:00-04:00,2025-09-25 15:59:00-04:00,False,True,clean,2025-09-25T09:30:00-04:00,2025-09-25T15:59:00-04:00,0,121511.0,156.75,wide,20
2025-09-26,True,clean,390,390,390,0,0,0,2025-09-26 15:59:00-04:00,2025-09-26 15:59:00-04:00,False,True,clean,2025-09-26T09:30:00-04:00,2025-09-26T15:59:00-04:00,0,116714.0,115.75,wide,20
2025-09-29,True,clean,390,390,390,0,0,0,2025-09-29 15:59:00-04:00,2025-09-29 15:59:00-04:00,False,True,clean,2025-09-29T09:30:00-04:00,2025-09-29T15:59:00-04:00,0,82960.0,67.75,normal,20
2025-09-30,True,clean,390,390,390,0,0,0,2025-09-30 15:59:00-04:00,2025-09-30 15:59:00-04:00,False,True,clean,2025-09-30T09:30:00-04:00,2025-09-30T15:59:00-04:00,0,100971.0,89.5,wide,20
2025-10-01,True,clean,390,390,390,0,0,0,2025-10-01 15:59:00-04:00,2025-10-01 15:59:00-04:00,False,True,clean,2025-10-01T09:30:00-04:00,2025-10-01T15:59:00-04:00,0,97794.0,98.0,wide,20
2025-10-02,True,clean,390,390,390,0,0,0,2025-10-02 15:59:00-04:00,2025-10-02 15:59:00-04:00,False,True,clean,2025-10-02T09:30:00-04:00,2025-10-02T15:59:00-04:00,0,110841.0,132.75,wide,20
2025-10-03,True,clean,390,390,390,0,0,0,2025-10-03 15:59:00-04:00,2025-10-03 15:59:00-04:00,False,True,clean,2025-10-03T09:30:00-04:00,2025-10-03T15:59:00-04:00,0,85870.0,53.0,tight,20
2025-10-06,True,clean,390,390,390,0,0,0,2025-10-06 15:59:00-04:00,2025-10-06 15:59:00-04:00,False,True,clean,2025-10-06T09:30:00-04:00,2025-10-06T15:59:00-04:00,0,106745.0,104.75,wide,20
2025-10-07,True,clean,390,390,390,0,0,0,2025-10-07 15:59:00-04:00,2025-10-07 15:59:00-04:00,False,True,clean,2025-10-07T09:30:00-04:00,2025-10-07T15:59:00-04:00,0,80087.0,46.0,tight,20
2025-10-08,True,clean,390,390,390,0,0,0,2025-10-08 15:59:00-04:00,2025-10-08 15:59:00-04:00,False,True,clean,2025-10-08T09:30:00-04:00,2025-10-08T15:59:00-04:00,0,86931.0,79.5,normal,20
2025-10-09,True,clean,390,390,390,0,0,0,2025-10-09 15:59:00-04:00,2025-10-09 15:59:00-04:00,False,True,clean,2025-10-09T09:30:00-04:00,2025-10-09T15:59:00-04:00,0,97007.0,76.0,normal,20
2025-10-10,True,clean,390,390,390,0,0,0,2025-10-10 15:59:00-04:00,2025-10-10 15:59:00-04:00,False,True,clean,2025-10-10T09:30:00-04:00,2025-10-10T15:59:00-04:00,0,84688.0,83.0,normal,20
2025-10-13,True,clean,390,390,390,0,0,0,2025-10-13 15:59:00-04:00,2025-10-13 15:59:00-04:00,False,True,clean,2025-10-13T09:30:00-04:00,2025-10-13T15:59:00-04:00,0,133842.0,118.25,wide,20
2025-10-14,True,clean,390,390,390,0,0,0,2025-10-14 15:59:00-04:00,2025-10-14 15:59:00-04:00,False,True,clean,2025-10-14T09:30:00-04:00,2025-10-14T15:59:00-04:00,0,158638.0,211.75,wide,20
2025-10-15,True,clean,390,390,390,0,0,0,2025-10-15 15:59:00-04:00,2025-10-15 15:59:00-04:00,False,True,clean,2025-10-15T09:30:00-04:00,2025-10-15T15:59:00-04:00,0,122353.0,83.75,normal,20
2025-10-16,True,clean,390,390,390,0,0,0,2025-10-16 15:59:00-04:00,2025-10-16 15:59:00-04:00,False,True,clean,2025-10-16T09:30:00-04:00,2025-10-16T15:59:00-04:00,0,113566.0,70.0,tight,20
2025-10-17,True,clean,390,390,390,0,0,0,2025-10-17 15:59:00-04:00,2025-10-17 15:59:00-04:00,False,True,clean,2025-10-17T09:30:00-04:00,2025-10-17T15:59:00-04:00,0,132753.0,145.5,wide,20
2025-10-20,True,clean,390,390,390,0,0,0,2025-10-20 15:59:00-04:00,2025-10-20 15:59:00-04:00,False,True,clean,2025-10-20T09:30:00-04:00,2025-10-20T15:59:00-04:00,0,94130.0,110.0,normal,20
2025-10-21,True,clean,390,390,390,0,0,0,2025-10-21 15:59:00-04:00,2025-10-21 15:59:00-04:00,False,True,clean,2025-10-21T09:30:00-04:00,2025-10-21T15:59:00-04:00,0,89182.0,71.5,tight,20
2025-10-22,True,clean,390,390,390,0,0,0,2025-10-22 15:59:00-04:00,2025-10-22 15:59:00-04:00,False,True,clean,2025-10-22T09:30:00-04:00,2025-10-22T15:59:00-04:00,0,109358.0,98.75,normal,20
2025-10-23,True,clean,390,390,390,0,0,0,2025-10-23 15:59:00-04:00,2025-10-23 15:59:00-04:00,False,True,clean,2025-10-23T09:30:00-04:00,2025-10-23T15:59:00-04:00,0,86410.0,94.0,normal,20
2025-10-24,True,clean,390,390,390,0,0,0,2025-10-24 15:59:00-04:00,2025-10-24 15:59:00-04:00,False,True,clean,2025-10-24T09:30:00-04:00,2025-10-24T15:59:00-04:00,0,100382.0,100.75,normal,20
2025-10-27,True,clean,390,390,390,0,0,0,2025-10-27 15:59:00-04:00,2025-10-27 15:59:00-04:00,False,True,clean,2025-10-27T09:30:00-04:00,2025-10-27T15:59:00-04:00,0,84156.0,63.5,tight,20
2025-10-28,True,clean,390,390,390,0,0,0,2025-10-28 15:59:00-04:00,2025-10-28 15:59:00-04:00,False,True,clean,2025-10-28T09:30:00-04:00,2025-10-28T15:59:00-04:00,0,76665.0,52.25,tight,20
2025-10-29,True,clean,390,390,390,0,0,0,2025-10-29 15:59:00-04:00,2025-10-29 15:59:00-04:00,False,True,clean,2025-10-29T09:30:00-04:00,2025-10-29T15:59:00-04:00,0,74126.0,38.25,tight,20
2025-10-30,True,clean,390,390,390,0,0,0,2025-10-30 15:59:00-04:00,2025-10-30 15:59:00-04:00,False,True,clean,2025-10-30T09:30:00-04:00,2025-10-30T15:59:00-04:00,0,139377.0,186.0,wide,20
2025-10-31,True,clean,390,390,390,0,0,0,2025-10-31 15:59:00-04:00,2025-10-31 15:59:00-04:00,False,True,clean,2025-10-31T09:30:00-04:00,2025-10-31T15:59:00-04:00,0,95919.0,96.0,normal,20
2025-11-03,True,clean,390,390,390,0,0,0,2025-11-03 15:59:00-05:00,2025-11-03 15:59:00-05:00,False,True,clean,2025-11-03T09:30:00-05:00,2025-11-03T15:59:00-05:00,0,87312.0,110.75,wide,20
2025-11-04,True,clean,390,390,390,0,0,0,2025-11-04 15:59:00-05:00,2025-11-04 15:59:00-05:00,False,True,clean,2025-11-04T09:30:00-05:00,2025-11-04T15:59:00-05:00,0,120061.0,119.0,wide,20
2025-11-05,True,clean,390,390,390,0,0,0,2025-11-05 15:59:00-05:00,2025-11-05 15:59:00-05:00,False,True,clean,2025-11-05T09:30:00-05:00,2025-11-05T15:59:00-05:00,0,109090.0,89.5,normal,20
2025-11-06,True,clean,390,390,390,0,0,0,2025-11-06 15:59:00-05:00,2025-11-06 15:59:00-05:00,False,True,clean,2025-11-06T09:30:00-05:00,2025-11-06T15:59:00-05:00,0,109100.0,99.0,normal,20
2025-11-07,True,clean,390,390,390,0,0,0,2025-11-07 15:59:00-05:00,2025-11-07 15:59:00-05:00,False,True,clean,2025-11-07T09:30:00-05:00,2025-11-07T15:59:00-05:00,0,150326.0,194.0,wide,20
2025-11-10,True,clean,390,390,390,0,0,0,2025-11-10 15:59:00-05:00,2025-11-10 15:59:00-05:00,False,True,clean,2025-11-10T09:30:00-05:00,2025-11-10T15:59:00-05:00,0,102552.0,115.75,normal,20
2025-11-11,True,clean,390,390,390,0,0,0,2025-11-11 15:59:00-05:00,2025-11-11 15:59:00-05:00,False,True,clean,2025-11-11T09:30:00-05:00,2025-11-11T15:59:00-05:00,0,84348.0,62.25,tight,20
2025-11-12,True,clean,390,390,390,0,0,0,2025-11-12 15:59:00-05:00,2025-11-12 15:59:00-05:00,False,True,clean,2025-11-12T09:30:00-05:00,2025-11-12T15:59:00-05:00,0,114412.0,143.25,wide,20
2025-11-13,True,clean,390,390,390,0,0,0,2025-11-13 15:59:00-05:00,2025-11-13 15:59:00-05:00,False,True,clean,2025-11-13T09:30:00-05:00,2025-11-13T15:59:00-05:00,0,134321.0,217.5,wide,20
2025-11-14,True,clean,390,390,390,0,0,0,2025-11-14 15:59:00-05:00,2025-11-14 15:59:00-05:00,False,True,clean,2025-11-14T09:30:00-05:00,2025-11-14T15:59:00-05:00,0,171858.0,218.75,wide,20
2025-11-17,True,clean,390,390,390,0,0,0,2025-11-17 15:59:00-05:00,2025-11-17 15:59:00-05:00,False,True,clean,2025-11-17T09:30:00-05:00,2025-11-17T15:59:00-05:00,0,141111.0,244.0,wide,20
2025-11-18,True,clean,390,390,390,0,0,0,2025-11-18 15:59:00-05:00,2025-11-18 15:59:00-05:00,False,True,clean,2025-11-18T09:30:00-05:00,2025-11-18T15:59:00-05:00,0,171589.0,185.25,normal,20
2025-11-19,True,clean,390,390,390,0,0,0,2025-11-19 15:59:00-05:00,2025-11-19 15:59:00-05:00,False,True,clean,2025-11-19T09:30:00-05:00,2025-11-19T15:59:00-05:00,0,140274.0,185.75,normal,20
2025-11-20,True,clean,390,390,390,0,0,0,2025-11-20 15:59:00-05:00,2025-11-20 15:59:00-05:00,False,True,clean,2025-11-20T09:30:00-05:00,2025-11-20T15:59:00-05:00,0,145920.0,97.25,normal,20
2025-11-21,True,clean,390,390,390,0,0,0,2025-11-21 15:59:00-05:00,2025-11-21 15:59:00-05:00,False,True,clean,2025-11-21T09:30:00-05:00,2025-11-21T15:59:00-05:00,0,127746.0,127.25,normal,20
2025-11-24,True,clean,390,390,390,0,0,0,2025-11-24 15:59:00-05:00,2025-11-24 15:59:00-05:00,False,True,clean,2025-11-24T09:30:00-05:00,2025-11-24T15:59:00-05:00,0,155186.0,208.75,wide,20
2025-11-25,True,clean,390,390,390,0,0,0,2025-11-25 15:59:00-05:00,2025-11-25 15:59:00-05:00,False,True,clean,2025-11-25T09:30:00-05:00,2025-11-25T15:59:00-05:00,0,136237.0,162.5,normal,20
2025-11-26,True,clean,390,390,390,0,0,0,2025-11-26 15:59:00-05:00,2025-11-26 15:59:00-05:00,False,True,clean,2025-11-26T09:30:00-05:00,2025-11-26T15:59:00-05:00,0,107871.0,81.75,tight,20
2025-11-28,True,clean,225,225,390,165,0,0,2025-11-28 13:14:00-05:00,2025-11-28 15:59:00-05:00,True,False,short_session,2025-11-28T09:30:00-05:00,2025-11-28T13:14:00-05:00,0,34415.0,92.0,tight,20
2025-12-01,True,clean,390,390,390,0,0,0,2025-12-01 15:59:00-05:00,2025-12-01 15:59:00-05:00,False,True,clean,2025-12-01T09:30:00-05:00,2025-12-01T15:59:00-05:00,0,108156.0,110.75,normal,20
2025-12-02,True,clean,390,390,390,0,0,0,2025-12-02 15:59:00-05:00,2025-12-02 15:59:00-05:00,False,True,clean,2025-12-02T09:30:00-05:00,2025-12-02T15:59:00-05:00,0,121839.0,141.75,normal,20
2025-12-03,True,clean,390,390,390,0,0,0,2025-12-03 15:59:00-05:00,2025-12-03 15:59:00-05:00,False,True,clean,2025-12-03T09:30:00-05:00,2025-12-03T15:59:00-05:00,0,123325.0,86.5,tight,20
2025-12-04,True,clean,390,390,390,0,0,0,2025-12-04 15:59:00-05:00,2025-12-04 15:59:00-05:00,False,True,clean,2025-12-04T09:30:00-05:00,2025-12-04T15:59:00-05:00,0,143482.0,162.75,normal,20
2025-12-05,True,clean,390,390,390,0,0,0,2025-12-05 15:59:00-05:00,2025-12-05 15:59:00-05:00,False,True,clean,2025-12-05T09:30:00-05:00,2025-12-05T15:59:00-05:00,0,116553.0,117.25,normal,20
2025-12-08,True,clean,390,390,390,0,0,0,2025-12-08 15:59:00-05:00,2025-12-08 15:59:00-05:00,False,True,clean,2025-12-08T09:30:00-05:00,2025-12-08T15:59:00-05:00,0,99489.0,92.75,tight,20
2025-12-09,True,clean,390,390,390,0,0,0,2025-12-09 15:59:00-05:00,2025-12-09 15:59:00-05:00,False,True,clean,2025-12-09T09:30:00-05:00,2025-12-09T15:59:00-05:00,0,111311.0,93.25,tight,20
2025-12-10,True,clean,390,390,390,0,0,0,2025-12-10 15:59:00-05:00,2025-12-10 15:59:00-05:00,False,True,clean,2025-12-10T09:30:00-05:00,2025-12-10T15:59:00-05:00,0,111172.0,96.25,normal,20
2025-12-11,True,clean,390,390,390,0,0,0,2025-12-11 15:59:00-05:00,2025-12-11 15:59:00-05:00,False,True,clean,2025-12-11T09:30:00-05:00,2025-12-11T15:59:00-05:00,0,128719.0,94.0,tight,20
2025-12-12,True,clean,390,390,390,0,0,0,2025-12-12 15:59:00-05:00,2025-12-12 15:59:00-05:00,False,True,clean,2025-12-12T09:30:00-05:00,2025-12-12T15:59:00-05:00,0,111919.0,98.5,normal,20
2025-12-15,True,clean,390,390,390,0,0,0,2025-12-15 15:59:00-05:00,2025-12-15 15:59:00-05:00,False,True,clean,2025-12-15T09:30:00-05:00,2025-12-15T15:59:00-05:00,0,68360.0,124.25,normal,20
2025-12-16,True,clean,390,390,390,0,0,0,2025-12-16 15:59:00-05:00,2025-12-16 15:59:00-05:00,False,True,clean,2025-12-16T09:30:00-05:00,2025-12-16T15:59:00-05:00,0,33881.0,140.5,normal,20
2025-12-17,True,clean,390,390,390,0,0,0,2025-12-17 15:59:00-05:00,2025-12-17 15:59:00-05:00,False,True,clean,2025-12-17T09:30:00-05:00,2025-12-17T15:59:00-05:00,0,20745.0,146.25,normal,20
2025-12-18,True,clean,390,390,390,0,0,0,2025-12-18 15:59:00-05:00,2025-12-18 15:59:00-05:00,False,True,clean,2025-12-18T09:30:00-05:00,2025-12-18T15:59:00-05:00,0,20506.0,155.75,wide,20
2025-12-19,False,zero_volume_or,390,390,390,0,390,375,2025-12-19 15:59:00-05:00,2025-12-19 15:59:00-05:00,False,False,zero_volume_or_and_post_or,2025-12-19T09:30:00-05:00,2025-12-19T15:59:00-05:00,15,0.0,,unknown,20
2025-12-22,True,clean,390,390,390,0,0,0,2025-12-22 15:59:00-05:00,2025-12-22 15:59:00-05:00,False,True,clean,2025-12-22T09:30:00-05:00,2025-12-22T15:59:00-05:00,0,123159.0,124.0,normal,20
2025-12-23,True,clean,390,390,390,0,0,0,2025-12-23 15:59:00-05:00,2025-12-23 15:59:00-05:00,False,True,clean,2025-12-23T09:30:00-05:00,2025-12-23T15:59:00-05:00,0,87772.0,99.5,normal,20
2025-12-24,True,clean,225,225,390,165,0,0,2025-12-24 13:14:00-05:00,2025-12-24 15:59:00-05:00,True,False,short_session,2025-12-24T09:30:00-05:00,2025-12-24T13:14:00-05:00,0,51014.0,45.75,tight,20
2025-12-26,True,clean,390,390,390,0,0,0,2025-12-26 15:59:00-05:00,2025-12-26 15:59:00-05:00,False,True,clean,2025-12-26T09:30:00-05:00,2025-12-26T15:59:00-05:00,0,62105.0,68.0,tight,20
2025-12-29,True,clean,390,390,390,0,0,0,2025-12-29 15:59:00-05:00,2025-12-29 15:59:00-05:00,False,True,clean,2025-12-29T09:30:00-05:00,2025-12-29T15:59:00-05:00,0,99245.0,154.5,wide,20
2025-12-30,True,clean,390,390,390,0,0,0,2025-12-30 15:59:00-05:00,2025-12-30 15:59:00-05:00,False,True,clean,2025-12-30T09:30:00-05:00,2025-12-30T15:59:00-05:00,0,70080.0,57.5,tight,20
2025-12-31,True,clean,390,390,390,0,0,0,2025-12-31 15:59:00-05:00,2025-12-31 15:59:00-05:00,False,True,clean,2025-12-31T09:30:00-05:00,2025-12-31T15:59:00-05:00,0,74600.0,83.5,tight,20
2026-01-02,True,clean,390,390,390,0,0,0,2026-01-02 15:59:00-05:00,2026-01-02 15:59:00-05:00,False,True,clean,2026-01-02T09:30:00-05:00,2026-01-02T15:59:00-05:00,0,111964.0,95.5,normal,20
2026-01-05,True,clean,390,390,390,0,0,0,2026-01-05 15:59:00-05:00,2026-01-05 15:59:00-05:00,False,True,clean,2026-01-05T09:30:00-05:00,2026-01-05T15:59:00-05:00,0,145044.0,134.75,normal,20
2026-01-06,True,clean,390,390,390,0,0,0,2026-01-06 15:59:00-05:00,2026-01-06 15:59:00-05:00,False,True,clean,2026-01-06T09:30:00-05:00,2026-01-06T15:59:00-05:00,0,122205.0,70.25,tight,20
2026-01-07,True,clean,390,390,390,0,0,0,2026-01-07 15:59:00-05:00,2026-01-07 15:59:00-05:00,False,True,clean,2026-01-07T09:30:00-05:00,2026-01-07T15:59:00-05:00,0,107846.0,93.5,normal,20
2026-01-08,True,clean,390,390,390,0,0,0,2026-01-08 15:59:00-05:00,2026-01-08 15:59:00-05:00,False,True,clean,2026-01-08T09:30:00-05:00,2026-01-08T15:59:00-05:00,0,153484.0,189.5,wide,20
2026-01-09,True,clean,390,390,390,0,0,0,2026-01-09 15:59:00-05:00,2026-01-09 15:59:00-05:00,False,True,clean,2026-01-09T09:30:00-05:00,2026-01-09T15:59:00-05:00,0,148153.0,142.75,wide,20
2026-01-12,True,clean,390,390,390,0,0,0,2026-01-12 15:59:00-05:00,2026-01-12 15:59:00-05:00,False,True,clean,2026-01-12T09:30:00-05:00,2026-01-12T15:59:00-05:00,0,122444.0,148.75,wide,20
2026-01-13,True,clean,390,390,390,0,0,0,2026-01-13 15:59:00-05:00,2026-01-13 15:59:00-05:00,False,True,clean,2026-01-13T09:30:00-05:00,2026-01-13T15:59:00-05:00,0,135757.0,112.25,normal,20
2026-01-14,True,clean,390,390,390,0,0,0,2026-01-14 15:59:00-05:00,2026-01-14 15:59:00-05:00,False,True,clean,2026-01-14T09:30:00-05:00,2026-01-14T15:59:00-05:00,0,179651.0,167.75,wide,20
2026-01-15,True,clean,390,390,390,0,0,0,2026-01-15 15:59:00-05:00,2026-01-15 15:59:00-05:00,False,True,clean,2026-01-15T09:30:00-05:00,2026-01-15T15:59:00-05:00,0,147472.0,93.75,normal,20
2026-01-16,True,clean,390,390,390,0,0,0,2026-01-16 15:59:00-05:00,2026-01-16 15:59:00-05:00,False,True,clean,2026-01-16T09:30:00-05:00,2026-01-16T15:59:00-05:00,0,104666.0,73.75,tight,20
2026-01-19,True,clean,210,210,390,180,0,0,2026-01-19 12:59:00-05:00,2026-01-19 15:59:00-05:00,True,False,short_session,2026-01-19T09:30:00-05:00,2026-01-19T12:59:00-05:00,0,40735.0,58.0,tight,20
2026-01-20,True,clean,390,390,390,0,0,0,2026-01-20 15:59:00-05:00,2026-01-20 15:59:00-05:00,False,True,clean,2026-01-20T09:30:00-05:00,2026-01-20T15:59:00-05:00,0,154516.0,124.75,normal,20
2026-01-21,True,clean,390,390,390,0,0,0,2026-01-21 15:59:00-05:00,2026-01-21 15:59:00-05:00,False,True,clean,2026-01-21T09:30:00-05:00,2026-01-21T15:59:00-05:00,0,142750.0,94.5,normal,20
2026-01-22,True,clean,390,390,390,0,0,0,2026-01-22 15:59:00-05:00,2026-01-22 15:59:00-05:00,False,True,clean,2026-01-22T09:30:00-05:00,2026-01-22T15:59:00-05:00,0,138161.0,120.0,normal,20
2026-01-23,True,clean,390,390,390,0,0,0,2026-01-23 15:59:00-05:00,2026-01-23 15:59:00-05:00,False,True,clean,2026-01-23T09:30:00-05:00,2026-01-23T15:59:00-05:00,0,132140.0,90.25,normal,20
2026-01-26,True,clean,390,390,390,0,0,0,2026-01-26 15:59:00-05:00,2026-01-26 15:59:00-05:00,False,True,clean,2026-01-26T09:30:00-05:00,2026-01-26T15:59:00-05:00,0,123555.0,123.0,normal,20
2026-01-27,True,clean,390,390,390,0,0,0,2026-01-27 15:59:00-05:00,2026-01-27 15:59:00-05:00,False,True,clean,2026-01-27T09:30:00-05:00,2026-01-27T15:59:00-05:00,0,140336.0,95.25,normal,20
2026-01-28,True,clean,390,390,390,0,0,0,2026-01-28 15:59:00-05:00,2026-01-28 15:59:00-05:00,False,True,clean,2026-01-28T09:30:00-05:00,2026-01-28T15:59:00-05:00,0,112127.0,85.0,tight,20
2026-01-29,True,clean,390,390,390,0,0,0,2026-01-29 15:59:00-05:00,2026-01-29 15:59:00-05:00,False,True,clean,2026-01-29T09:30:00-05:00,2026-01-29T15:59:00-05:00,0,172134.0,231.25,wide,20
2026-01-30,True,clean,390,390,390,0,0,0,2026-01-30 15:59:00-05:00,2026-01-30 15:59:00-05:00,False,True,clean,2026-01-30T09:30:00-05:00,2026-01-30T15:59:00-05:00,0,143828.0,126.25,normal,20
2026-02-02,True,clean,390,390,390,0,0,0,2026-02-02 15:59:00-05:00,2026-02-02 15:59:00-05:00,False,True,clean,2026-02-02T09:30:00-05:00,2026-02-02T15:59:00-05:00,0,138873.0,193.75,wide,20
2026-02-03,True,clean,390,390,390,0,0,0,2026-02-03 15:59:00-05:00,2026-02-03 15:59:00-05:00,False,True,clean,2026-02-03T09:30:00-05:00,2026-02-03T15:59:00-05:00,0,180837.0,230.75,wide,20
2026-02-04,True,clean,390,390,390,0,0,0,2026-02-04 15:59:00-05:00,2026-02-04 15:59:00-05:00,False,True,clean,2026-02-04T09:30:00-05:00,2026-02-04T15:59:00-05:00,0,148248.0,156.5,normal,20
2026-02-05,True,clean,390,390,390,0,0,0,2026-02-05 15:59:00-05:00,2026-02-05 15:59:00-05:00,False,True,clean,2026-02-05T09:30:00-05:00,2026-02-05T15:59:00-05:00,0,171554.0,284.5,wide,20
2026-02-06,True,clean,390,390,390,0,0,0,2026-02-06 15:59:00-05:00,2026-02-06 15:59:00-05:00,False,True,clean,2026-02-06T09:30:00-05:00,2026-02-06T15:59:00-05:00,0,155769.0,227.0,wide,20
2026-02-09,True,clean,390,390,390,0,0,0,2026-02-09 15:59:00-05:00,2026-02-09 15:59:00-05:00,False,True,clean,2026-02-09T09:30:00-05:00,2026-02-09T15:59:00-05:00,0,123618.0,197.0,wide,20
2026-02-10,True,clean,390,390,390,0,0,0,2026-02-10 15:59:00-05:00,2026-02-10 15:59:00-05:00,False,True,clean,2026-02-10T09:30:00-05:00,2026-02-10T15:59:00-05:00,0,154410.0,145.0,normal,20
2026-02-11,True,clean,390,390,390,0,0,0,2026-02-11 15:59:00-05:00,2026-02-11 15:59:00-05:00,False,True,clean,2026-02-11T09:30:00-05:00,2026-02-11T15:59:00-05:00,0,147007.0,126.5,normal,20
2026-02-12,True,clean,390,390,390,0,0,0,2026-02-12 15:59:00-05:00,2026-02-12 15:59:00-05:00,False,True,clean,2026-02-12T09:30:00-05:00,2026-02-12T15:59:00-05:00,0,131067.0,90.0,tight,20
2026-02-13,True,clean,390,390,390,0,0,0,2026-02-13 15:59:00-05:00,2026-02-13 15:59:00-05:00,False,True,clean,2026-02-13T09:30:00-05:00,2026-02-13T15:59:00-05:00,0,172863.0,221.25,wide,20
2026-02-17,True,clean,390,390,390,0,0,0,2026-02-17 15:59:00-05:00,2026-02-17 15:59:00-05:00,False,True,clean,2026-02-17T09:30:00-05:00,2026-02-17T15:59:00-05:00,0,145657.0,209.75,normal,20
2026-02-18,True,clean,390,390,390,0,0,0,2026-02-18 15:59:00-05:00,2026-02-18 15:59:00-05:00,False,True,clean,2026-02-18T09:30:00-05:00,2026-02-18T15:59:00-05:00,0,150588.0,116.75,tight,20
2026-02-19,True,clean,390,390,390,0,0,0,2026-02-19 15:59:00-05:00,2026-02-19 15:59:00-05:00,False,True,clean,2026-02-19T09:30:00-05:00,2026-02-19T15:59:00-05:00,0,136874.0,120.75,normal,20
2026-02-20,True,clean,390,390,390,0,0,0,2026-02-20 15:59:00-05:00,2026-02-20 15:59:00-05:00,False,True,clean,2026-02-20T09:30:00-05:00,2026-02-20T15:59:00-05:00,0,139892.0,271.75,wide,20
2026-02-23,True,clean,390,390,390,0,0,0,2026-02-23 15:59:00-05:00,2026-02-23 15:59:00-05:00,False,True,clean,2026-02-23T09:30:00-05:00,2026-02-23T15:59:00-05:00,0,146030.0,159.75,normal,20
2026-02-24,True,clean,390,390,390,0,0,0,2026-02-24 15:59:00-05:00,2026-02-24 15:59:00-05:00,False,True,clean,2026-02-24T09:30:00-05:00,2026-02-24T15:59:00-05:00,0,175802.0,218.25,normal,20
2026-02-25,True,clean,390,390,390,0,0,0,2026-02-25 15:59:00-05:00,2026-02-25 15:59:00-05:00,False,True,clean,2026-02-25T09:30:00-05:00,2026-02-25T15:59:00-05:00,0,122823.0,123.0,tight,20
2026-02-26,True,clean,390,390,390,0,0,0,2026-02-26 15:59:00-05:00,2026-02-26 15:59:00-05:00,False,True,clean,2026-02-26T09:30:00-05:00,2026-02-26T15:59:00-05:00,0,180086.0,117.25,tight,20
2026-02-27,True,clean,390,390,390,0,0,0,2026-02-27 15:59:00-05:00,2026-02-27 15:59:00-05:00,False,True,clean,2026-02-27T09:30:00-05:00,2026-02-27T15:59:00-05:00,0,149600.0,130.0,normal,20
2026-03-02,True,clean,390,390,390,0,0,0,2026-03-02 15:59:00-05:00,2026-03-02 15:59:00-05:00,False,True,clean,2026-03-02T09:30:00-05:00,2026-03-02T15:59:00-05:00,0,146573.0,280.0,wide,20
2026-03-03,True,clean,390,390,390,0,0,0,2026-03-03 15:59:00-05:00,2026-03-03 15:59:00-05:00,False,True,clean,2026-03-03T09:30:00-05:00,2026-03-03T15:59:00-05:00,0,170065.0,158.75,normal,20
2026-03-04,True,clean,390,390,390,0,0,0,2026-03-04 15:59:00-05:00,2026-03-04 15:59:00-05:00,False,True,clean,2026-03-04T09:30:00-05:00,2026-03-04T15:59:00-05:00,0,124655.0,133.25,normal,20
2026-03-05,True,clean,390,390,390,0,0,0,2026-03-05 15:59:00-05:00,2026-03-05 15:59:00-05:00,False,True,clean,2026-03-05T09:30:00-05:00,2026-03-05T15:59:00-05:00,0,127613.0,140.0,normal,20
2026-03-06,True,clean,390,390,390,0,0,0,2026-03-06 15:59:00-05:00,2026-03-06 15:59:00-05:00,False,True,clean,2026-03-06T09:30:00-05:00,2026-03-06T15:59:00-05:00,0,162355.0,120.5,tight,20
2026-03-09,True,clean,390,390,390,0,0,0,2026-03-09 15:59:00-04:00,2026-03-09 15:59:00-04:00,False,True,clean,2026-03-09T09:30:00-04:00,2026-03-09T15:59:00-04:00,0,115116.0,171.25,normal,20
2026-03-10,True,clean,390,390,390,0,0,0,2026-03-10 15:59:00-04:00,2026-03-10 15:59:00-04:00,False,True,clean,2026-03-10T09:30:00-04:00,2026-03-10T15:59:00-04:00,0,131746.0,121.5,tight,20
2026-03-11,True,clean,390,390,390,0,0,0,2026-03-11 15:59:00-04:00,2026-03-11 15:59:00-04:00,False,True,clean,2026-03-11T09:30:00-04:00,2026-03-11T15:59:00-04:00,0,91009.0,81.0,tight,20
2026-03-12,True,clean,390,390,390,0,0,0,2026-03-12 15:59:00-04:00,2026-03-12 15:59:00-04:00,False,True,clean,2026-03-12T09:30:00-04:00,2026-03-12T15:59:00-04:00,0,115804.0,92.75,tight,20
2026-03-13,True,clean,390,390,390,0,0,0,2026-03-13 15:59:00-04:00,2026-03-13 15:59:00-04:00,False,True,clean,2026-03-13T09:30:00-04:00,2026-03-13T15:59:00-04:00,0,134096.0,161.75,normal,20
2026-03-16,True,clean,390,390,390,0,0,0,2026-03-16 15:59:00-04:00,2026-03-16 15:59:00-04:00,False,True,clean,2026-03-16T09:30:00-04:00,2026-03-16T15:59:00-04:00,0,53050.0,94.0,tight,20
2026-03-17,True,clean,390,390,390,0,0,0,2026-03-17 15:59:00-04:00,2026-03-17 15:59:00-04:00,False,True,clean,2026-03-17T09:30:00-04:00,2026-03-17T15:59:00-04:00,0,20763.0,112.5,tight,20
2026-03-18,True,clean,390,390,390,0,0,0,2026-03-18 15:59:00-04:00,2026-03-18 15:59:00-04:00,False,True,clean,2026-03-18T09:30:00-04:00,2026-03-18T15:59:00-04:00,0,12175.0,85.25,tight,20
2026-03-19,True,clean,390,390,390,0,0,0,2026-03-19 15:59:00-04:00,2026-03-19 15:59:00-04:00,False,True,clean,2026-03-19T09:30:00-04:00,2026-03-19T15:59:00-04:00,0,9497.0,125.5,normal,20
2026-03-20,False,zero_volume_or,390,390,390,0,390,375,2026-03-20 15:59:00-04:00,2026-03-20 15:59:00-04:00,False,False,zero_volume_or_and_post_or,2026-03-20T09:30:00-04:00,2026-03-20T15:59:00-04:00,15,0.0,,unknown,20
2026-03-23,True,clean,390,390,390,0,0,0,2026-03-23 15:59:00-04:00,2026-03-23 15:59:00-04:00,False,True,clean,2026-03-23T09:30:00-04:00,2026-03-23T15:59:00-04:00,0,111568.0,136.0,normal,20
2026-03-24,True,clean,390,390,390,0,0,0,2026-03-24 15:59:00-04:00,2026-03-24 15:59:00-04:00,False,True,clean,2026-03-24T09:30:00-04:00,2026-03-24T15:59:00-04:00,0,108211.0,176.75,wide,20
2026-03-25,True,clean,390,390,390,0,0,0,2026-03-25 15:59:00-04:00,2026-03-25 15:59:00-04:00,False,True,clean,2026-03-25T09:30:00-04:00,2026-03-25T15:59:00-04:00,0,105122.0,100.0,tight,20
2026-03-26,True,clean,390,390,390,0,0,0,2026-03-26 15:59:00-04:00,2026-03-26 15:59:00-04:00,False,True,clean,2026-03-26T09:30:00-04:00,2026-03-26T15:59:00-04:00,0,105238.0,92.5,tight,20
2026-03-27,True,clean,390,390,390,0,0,0,2026-03-27 15:59:00-04:00,2026-03-27 15:59:00-04:00,False,True,clean,2026-03-27T09:30:00-04:00,2026-03-27T15:59:00-04:00,0,109405.0,132.75,normal,20
2026-03-30,True,clean,390,390,390,0,0,0,2026-03-30 15:59:00-04:00,2026-03-30 15:59:00-04:00,False,True,clean,2026-03-30T09:30:00-04:00,2026-03-30T15:59:00-04:00,0,109788.0,163.75,wide,20
2026-03-31,True,clean,390,390,390,0,0,0,2026-03-31 15:59:00-04:00,2026-03-31 15:59:00-04:00,False,True,clean,2026-03-31T09:30:00-04:00,2026-03-31T15:59:00-04:00,0,103126.0,91.25,tight,20
2026-04-01,True,clean,390,390,390,0,0,0,2026-04-01 15:59:00-04:00,2026-04-01 15:59:00-04:00,False,True,clean,2026-04-01T09:30:00-04:00,2026-04-01T15:59:00-04:00,0,127257.0,151.0,normal,20
2026-04-02,True,clean,390,390,390,0,0,0,2026-04-02 15:59:00-04:00,2026-04-02 15:59:00-04:00,False,True,clean,2026-04-02T09:30:00-04:00,2026-04-02T15:59:00-04:00,0,122598.0,141.0,normal,20
2026-04-06,True,clean,390,390,390,0,0,0,2026-04-06 15:59:00-04:00,2026-04-06 15:59:00-04:00,False,True,clean,2026-04-06T09:30:00-04:00,2026-04-06T15:59:00-04:00,0,128397.0,128.5,normal,20
2026-04-07,True,clean,390,390,390,0,0,0,2026-04-07 15:59:00-04:00,2026-04-07 15:59:00-04:00,False,True,clean,2026-04-07T09:30:00-04:00,2026-04-07T15:59:00-04:00,0,112318.0,115.5,normal,20
2026-04-08,True,clean,390,390,390,0,0,0,2026-04-08 15:59:00-04:00,2026-04-08 15:59:00-04:00,False,True,clean,2026-04-08T09:30:00-04:00,2026-04-08T15:59:00-04:00,0,139404.0,162.25,wide,20
2026-04-09,True,clean,390,390,390,0,0,0,2026-04-09 15:59:00-04:00,2026-04-09 15:59:00-04:00,False,True,clean,2026-04-09T09:30:00-04:00,2026-04-09T15:59:00-04:00,0,104232.0,93.75,tight,20
2026-04-10,True,clean,390,390,390,0,0,0,2026-04-10 15:59:00-04:00,2026-04-10 15:59:00-04:00,False,True,clean,2026-04-10T09:30:00-04:00,2026-04-10T15:59:00-04:00,0,101681.0,82.0,tight,20
2026-04-13,True,clean,390,390,390,0,0,0,2026-04-13 15:59:00-04:00,2026-04-13 15:59:00-04:00,False,True,clean,2026-04-13T09:30:00-04:00,2026-04-13T15:59:00-04:00,0,104138.0,64.75,tight,20
2026-04-14,True,clean,390,390,390,0,0,0,2026-04-14 15:59:00-04:00,2026-04-14 15:59:00-04:00,False,True,clean,2026-04-14T09:30:00-04:00,2026-04-14T15:59:00-04:00,0,115797.0,100.75,normal,20
2026-04-15,True,clean,390,390,390,0,0,0,2026-04-15 15:59:00-04:00,2026-04-15 15:59:00-04:00,False,True,clean,2026-04-15T09:30:00-04:00,2026-04-15T15:59:00-04:00,0,105834.0,76.75,tight,20
2026-04-16,True,clean,390,390,390,0,0,0,2026-04-16 15:59:00-04:00,2026-04-16 15:59:00-04:00,False,True,clean,2026-04-16T09:30:00-04:00,2026-04-16T15:59:00-04:00,0,129366.0,108.0,normal,20
2026-04-17,True,clean,390,390,390,0,0,0,2026-04-17 15:59:00-04:00,2026-04-17 15:59:00-04:00,False,True,clean,2026-04-17T09:30:00-04:00,2026-04-17T15:59:00-04:00,0,132461.0,91.25,tight,20
2026-04-20,True,clean,390,390,390,0,0,0,2026-04-20 15:59:00-04:00,2026-04-20 15:59:00-04:00,False,True,clean,2026-04-20T09:30:00-04:00,2026-04-20T15:59:00-04:00,0,109532.0,93.25,normal,20
2026-04-21,True,clean,390,390,390,0,0,0,2026-04-21 15:59:00-04:00,2026-04-21 15:59:00-04:00,False,True,clean,2026-04-21T09:30:00-04:00,2026-04-21T15:59:00-04:00,0,112396.0,111.75,normal,20
2026-04-22,True,clean,390,390,390,0,0,0,2026-04-22 15:59:00-04:00,2026-04-22 15:59:00-04:00,False,True,clean,2026-04-22T09:30:00-04:00,2026-04-22T15:59:00-04:00,0,87216.0,79.5,tight,20
2026-04-23,True,clean,390,390,390,0,0,0,2026-04-23 15:59:00-04:00,2026-04-23 15:59:00-04:00,False,True,clean,2026-04-23T09:30:00-04:00,2026-04-23T15:59:00-04:00,0,92750.0,103.75,normal,20
2026-04-24,True,clean,390,390,390,0,0,0,2026-04-24 15:59:00-04:00,2026-04-24 15:59:00-04:00,False,True,clean,2026-04-24T09:30:00-04:00,2026-04-24T15:59:00-04:00,0,110866.0,83.25,tight,20
