date,rule_version,tier1_rule_hash,tier2_rule_hash,a_plus_rule_hash,data_file_hash,data_last_timestamp,run_timestamp_utc,clean,quality,rth_bar_count,expected_rth_bar_count,missing_minute_count,zero_volume_rth_count,zero_volume_post_or_count,session_end_ts,expected_session_end_ts,early_close_flag,full_session_clean,full_session_quality,or_class,or_percentile,or_history_count,or_history_window,or_high,or_low,or_size,or_close_position,execute_rule,tier1_a_plus_tag,tier1_eligible,tier1_rejection_reason,tier1_breakout_ts,tier1_signal_ts,tier1_entry_ts,tier1_raw_entry_price,tier1_entry_price,tier1_stop_price,tier1_target_price,tier1_exit_ts,tier1_raw_exit_price,tier1_exit_price,tier1_exit_reason,tier1_net_pnl,tier1_signal_bar_open,tier1_signal_bar_high,tier1_signal_bar_low,tier1_signal_bar_close,tier1_signal_bar_volume,tier1_signal_bar_vwap,tier1_entry_bar_open,tier1_entry_bar_high,tier1_entry_bar_low,tier1_entry_bar_close,tier1_entry_bar_volume,tier1_entry_bar_vwap,tier1_exit_bar_open,tier1_exit_bar_high,tier1_exit_bar_low,tier1_exit_bar_close,tier1_exit_bar_volume,tier1_exit_bar_vwap,tier2_shadow_eligible,tier2_shadow_rejection_reason,tier2_shadow_breakout_ts,tier2_shadow_signal_ts,tier2_shadow_entry_ts,tier2_shadow_raw_entry_price,tier2_shadow_entry_price,tier2_shadow_stop_price,tier2_shadow_target_price,tier2_shadow_exit_ts,tier2_shadow_raw_exit_price,tier2_shadow_exit_price,tier2_shadow_exit_reason,tier2_shadow_net_pnl,tier2_shadow_signal_bar_open,tier2_shadow_signal_bar_high,tier2_shadow_signal_bar_low,tier2_shadow_signal_bar_close,tier2_shadow_signal_bar_volume,tier2_shadow_signal_bar_vwap,tier2_shadow_entry_bar_open,tier2_shadow_entry_bar_high,tier2_shadow_entry_bar_low,tier2_shadow_entry_bar_close,tier2_shadow_entry_bar_volume,tier2_shadow_entry_bar_vwap,tier2_shadow_exit_bar_open,tier2_shadow_exit_bar_high,tier2_shadow_exit_bar_low,tier2_shadow_exit_bar_close,tier2_shadow_exit_bar_volume,tier2_shadow_exit_bar_vwap,a_plus_shadow_eligible,a_plus_shadow_rejection_reason,a_plus_shadow_breakout_ts,a_plus_shadow_signal_ts,a_plus_shadow_entry_ts,a_plus_shadow_raw_entry_price,a_plus_shadow_entry_price,a_plus_shadow_stop_price,a_plus_shadow_target_price,a_plus_shadow_exit_ts,a_plus_shadow_raw_exit_price,a_plus_shadow_exit_price,a_plus_shadow_exit_reason,a_plus_shadow_net_pnl,a_plus_shadow_signal_bar_open,a_plus_shadow_signal_bar_high,a_plus_shadow_signal_bar_low,a_plus_shadow_signal_bar_close,a_plus_shadow_signal_bar_volume,a_plus_shadow_signal_bar_vwap,a_plus_shadow_entry_bar_open,a_plus_shadow_entry_bar_high,a_plus_shadow_entry_bar_low,a_plus_shadow_entry_bar_close,a_plus_shadow_entry_bar_volume,a_plus_shadow_entry_bar_vwap,a_plus_shadow_exit_bar_open,a_plus_shadow_exit_bar_high,a_plus_shadow_exit_bar_low,a_plus_shadow_exit_bar_close,a_plus_shadow_exit_bar_volume,a_plus_shadow_exit_bar_vwap
2023-03-31,phase6_causal_or_retest_v1,d8df78957051c9de,25c269cde02debe4,7b30e3d97c41bd58,ed5db2d90d8371c44cbe212d6d16ad117537c9e185a6592a6ca108ece643d8ce,2026-04-24T15:59:00-04:00,2026-04-26T01:55:46.523945+00:00,False,late_start,259,390,131,256,256,2023-03-31 15:59:00-04:00,2023-03-31 15:59:00-04:00,False,False,zero_volume_post_or+missing_rth_minutes,unknown,,0,20,,,,,tier1_pilot,False,False,late_start,,,,,,,,,,,,,,,,,,,,,,,,,,,,,,,False,late_start,,,,,,,,,,,,,,,,,,,,,,,,,,,,,,,False,late_start,,,,,,,,,,,,,,,,,,,,,,,,,,,,,,
2023-04-06,phase6_causal_or_retest_v1,d8df78957051c9de,25c269cde02debe4,7b30e3d97c41bd58,ed5db2d90d8371c44cbe212d6d16ad117537c9e185a6592a6ca108ece643d8ce,2026-04-24T15:59:00-04:00,2026-04-26T01:55:46.523945+00:00,False,late_start,240,390,150,239,239,2023-04-06 15:59:00-04:00,2023-04-06 15:59:00-04:00,False,False,zero_volume_post_or+missing_rth_minutes,unknown,,0,20,,,,,tier1_pilot,False,False,late_start,,,,,,,,,,,,,,,,,,,,,,,,,,,,,,,False,late_start,,,,,,,,,,,,,,,,,,,,,,,,,,,,,,,False,late_start,,,,,,,,,,,,,,,,,,,,,,,,,,,,,,
2023-04-10,phase6_causal_or_retest_v1,d8df78957051c9de,25c269cde02debe4,7b30e3d97c41bd58,ed5db2d90d8371c44cbe212d6d16ad117537c9e185a6592a6ca108ece643d8ce,2026-04-24T15:59:00-04:00,2026-04-26T01:55:46.523945+00:00,False,late_start,381,390,9,380,375,2023-04-10 15:59:00-04:00,2023-04-10 15:59:00-04:00,False,False,zero_volume_or_and_post_or+missing_rth_minutes,unknown,,0,20,,,,,tier1_pilot,False,False,late_start,,,,,,,,,,,,,,,,,,,,,,,,,,,,,,,False,late_start,,,,,,,,,,,,,,,,,,,,,,,,,,,,,,,False,late_start,,,,,,,,,,,,,,,,,,,,,,,,,,,,,,
2023-04-13,phase6_causal_or_retest_v1,d8df78957051c9de,25c269cde02debe4,7b30e3d97c41bd58,ed5db2d90d8371c44cbe212d6d16ad117537c9e185a6592a6ca108ece643d8ce,2026-04-24T15:59:00-04:00,2026-04-26T01:55:46.523945+00:00,False,late_start,331,390,59,329,329,2023-04-13 15:59:00-04:00,2023-04-13 15:59:00-04:00,False,False,zero_volume_post_or+missing_rth_minutes,unknown,,0,20,,,,,tier1_pilot,False,False,late_start,,,,,,,,,,,,,,,,,,,,,,,,,,,,,,,False,late_start,,,,,,,,,,,,,,,,,,,,,,,,,,,,,,,False,late_start,,,,,,,,,,,,,,,,,,,,,,,,,,,,,,
2023-04-18,phase6_causal_or_retest_v1,d8df78957051c9de,25c269cde02debe4,7b30e3d97c41bd58,ed5db2d90d8371c44cbe212d6d16ad117537c9e185a6592a6ca108ece643d8ce,2026-04-24T15:59:00-04:00,2026-04-26T01:55:46.523945+00:00,False,zero_volume_or,390,390,0,388,373,2023-04-18 15:59:00-04:00,2023-04-18 15:59:00-04:00,False,False,zero_volume_or_and_post_or,unknown,,0,20,,,,,tier1_pilot,False,False,zero_volume_or,,,,,,,,,,,,,,,,,,,,,,,,,,,,,,,False,zero_volume_or,,,,,,,,,,,,,,,,,,,,,,,,,,,,,,,False,zero_volume_or,,,,,,,,,,,,,,,,,,,,,,,,,,,,,,
2023-04-24,phase6_causal_or_retest_v1,d8df78957051c9de,25c269cde02debe4,7b30e3d97c41bd58,ed5db2d90d8371c44cbe212d6d16ad117537c9e185a6592a6ca108ece643d8ce,2026-04-24T15:59:00-04:00,2026-04-26T01:55:46.523945+00:00,False,late_start,129,390,261,128,128,2023-04-24 15:59:00-04:00,2023-04-24 15:59:00-04:00,False,False,zero_volume_post_or+missing_rth_minutes,unknown,,0,20,,,,,tier1_pilot,False,False,late_start,,,,,,,,,,,,,,,,,,,,,,,,,,,,,,,False,late_start,,,,,,,,,,,,,,,,,,,,,,,,,,,,,,,False,late_start,,,,,,,,,,,,,,,,,,,,,,,,,,,,,,
2023-04-25,phase6_causal_or_retest_v1,d8df78957051c9de,25c269cde02debe4,7b30e3d97c41bd58,ed5db2d90d8371c44cbe212d6d16ad117537c9e185a6592a6ca108ece643d8ce,2026-04-24T15:59:00-04:00,2026-04-26T01:55:46.523945+00:00,False,late_start,78,390,312,77,77,2023-04-25 15:59:00-04:00,2023-04-25 15:59:00-04:00,False,False,zero_volume_post_or+missing_rth_minutes,unknown,,0,20,,,,,tier1_pilot,False,False,late_start,,,,,,,,,,,,,,,,,,,,,,,,,,,,,,,False,late_start,,,,,,,,,,,,,,,,,,,,,,,,,,,,,,,False,late_start,,,,,,,,,,,,,,,,,,,,,,,,,,,,,,
2023-04-28,phase6_causal_or_retest_v1,d8df78957051c9de,25c269cde02debe4,7b30e3d97c41bd58,ed5db2d90d8371c44cbe212d6d16ad117537c9e185a6592a6ca108ece643d8ce,2026-04-24T15:59:00-04:00,2026-04-26T01:55:46.523945+00:00,False,zero_volume_or,390,390,0,390,375,2023-04-28 15:59:00-04:00,2023-04-28 15:59:00-04:00,False,False,zero_volume_or_and_post_or,unknown,,0,20,,,,,tier1_pilot,False,False,zero_volume_or,,,,,,,,,,,,,,,,,,,,,,,,,,,,,,,False,zero_volume_or,,,,,,,,,,,,,,,,,,,,,,,,,,,,,,,False,zero_volume_or,,,,,,,,,,,,,,,,,,,,,,,,,,,,,,
2023-05-04,phase6_causal_or_retest_v1,d8df78957051c9de,25c269cde02debe4,7b30e3d97c41bd58,ed5db2d90d8371c44cbe212d6d16ad117537c9e185a6592a6ca108ece643d8ce,2026-04-24T15:59:00-04:00,2026-04-26T01:55:46.523945+00:00,False,late_start,320,390,70,319,319,2023-05-04 15:59:00-04:00,2023-05-04 15:59:00-04:00,False,False,zero_volume_post_or+missing_rth_minutes,unknown,,0,20,,,,,tier1_pilot,False,False,late_start,,,,,,,,,,,,,,,,,,,,,,,,,,,,,,,False,late_start,,,,,,,,,,,,,,,,,,,,,,,,,,,,,,,False,late_start,,,,,,,,,,,,,,,,,,,,,,,,,,,,,,
2023-05-10,phase6_causal_or_retest_v1,d8df78957051c9de,25c269cde02debe4,7b30e3d97c41bd58,ed5db2d90d8371c44cbe212d6d16ad117537c9e185a6592a6ca108ece643d8ce,2026-04-24T15:59:00-04:00,2026-04-26T01:55:46.523945+00:00,False,late_start,386,390,4,385,375,2023-05-10 15:59:00-04:00,2023-05-10 15:59:00-04:00,False,False,zero_volume_or_and_post_or+missing_rth_minutes,unknown,,0,20,,,,,tier1_pilot,False,False,late_start,,,,,,,,,,,,,,,,,,,,,,,,,,,,,,,False,late_start,,,,,,,,,,,,,,,,,,,,,,,,,,,,,,,False,late_start,,,,,,,,,,,,,,,,,,,,,,,,,,,,,,
2023-05-15,phase6_causal_or_retest_v1,d8df78957051c9de,25c269cde02debe4,7b30e3d97c41bd58,ed5db2d90d8371c44cbe212d6d16ad117537c9e185a6592a6ca108ece643d8ce,2026-04-24T15:59:00-04:00,2026-04-26T01:55:46.523945+00:00,False,late_start,173,390,217,172,172,2023-05-15 15:59:00-04:00,2023-05-15 15:59:00-04:00,False,False,zero_volume_post_or+missing_rth_minutes,unknown,,0,20,,,,,tier1_pilot,False,False,late_start,,,,,,,,,,,,,,,,,,,,,,,,,,,,,,,False,late_start,,,,,,,,,,,,,,,,,,,,,,,,,,,,,,,False,late_start,,,,,,,,,,,,,,,,,,,,,,,,,,,,,,
2023-05-25,phase6_causal_or_retest_v1,d8df78957051c9de,25c269cde02debe4,7b30e3d97c41bd58,ed5db2d90d8371c44cbe212d6d16ad117537c9e185a6592a6ca108ece643d8ce,2026-04-24T15:59:00-04:00,2026-04-26T01:55:46.523945+00:00,False,late_start,385,390,5,382,374,2023-05-25 15:59:00-04:00,2023-05-25 15:59:00-04:00,False,False,zero_volume_or_and_post_or+missing_rth_minutes,unknown,,0,20,,,,,tier1_pilot,False,False,late_start,,,,,,,,,,,,,,,,,,,,,,,,,,,,,,,False,late_start,,,,,,,,,,,,,,,,,,,,,,,,,,,,,,,False,late_start,,,,,,,,,,,,,,,,,,,,,,,,,,,,,,
2023-05-26,phase6_causal_or_retest_v1,d8df78957051c9de,25c269cde02debe4,7b30e3d97c41bd58,ed5db2d90d8371c44cbe212d6d16ad117537c9e185a6592a6ca108ece643d8ce,2026-04-24T15:59:00-04:00,2026-04-26T01:55:46.523945+00:00,False,late_start,381,390,9,371,366,2023-05-26 15:59:00-04:00,2023-05-26 15:59:00-04:00,False,False,zero_volume_or_and_post_or+missing_rth_minutes,unknown,,0,20,,,,,tier1_pilot,False,False,late_start,,,,,,,,,,,,,,,,,,,,,,,,,,,,,,,False,late_start,,,,,,,,,,,,,,,,,,,,,,,,,,,,,,,False,late_start,,,,,,,,,,,,,,,,,,,,,,,,,,,,,,
2023-05-31,phase6_causal_or_retest_v1,d8df78957051c9de,25c269cde02debe4,7b30e3d97c41bd58,ed5db2d90d8371c44cbe212d6d16ad117537c9e185a6592a6ca108ece643d8ce,2026-04-24T15:59:00-04:00,2026-04-26T01:55:46.523945+00:00,False,zero_volume_or,390,390,0,390,375,2023-05-31 15:59:00-04:00,2023-05-31 15:59:00-04:00,False,False,zero_volume_or_and_post_or,unknown,,0,20,,,,,tier1_pilot,False,False,zero_volume_or,,,,,,,,,,,,,,,,,,,,,,,,,,,,,,,False,zero_volume_or,,,,,,,,,,,,,,,,,,,,,,,,,,,,,,,False,zero_volume_or,,,,,,,,,,,,,,,,,,,,,,,,,,,,,,
2023-06-01,phase6_causal_or_retest_v1,d8df78957051c9de,25c269cde02debe4,7b30e3d97c41bd58,ed5db2d90d8371c44cbe212d6d16ad117537c9e185a6592a6ca108ece643d8ce,2026-04-24T15:59:00-04:00,2026-04-26T01:55:46.523945+00:00,False,late_start,240,390,150,237,237,2023-06-01 15:59:00-04:00,2023-06-01 15:59:00-04:00,False,False,zero_volume_post_or+missing_rth_minutes,unknown,,0,20,,,,,tier1_pilot,False,False,late_start,,,,,,,,,,,,,,,,,,,,,,,,,,,,,,,False,late_start,,,,,,,,,,,,,,,,,,,,,,,,,,,,,,,False,late_start,,,,,,,,,,,,,,,,,,,,,,,,,,,,,,
2023-06-06,phase6_causal_or_retest_v1,d8df78957051c9de,25c269cde02debe4,7b30e3d97c41bd58,ed5db2d90d8371c44cbe212d6d16ad117537c9e185a6592a6ca108ece643d8ce,2026-04-24T15:59:00-04:00,2026-04-26T01:55:46.523945+00:00,False,zero_volume_or,390,390,0,390,375,2023-06-06 15:59:00-04:00,2023-06-06 15:59:00-04:00,False,False,zero_volume_or_and_post_or,unknown,,0,20,,,,,tier1_pilot,False,False,zero_volume_or,,,,,,,,,,,,,,,,,,,,,,,,,,,,,,,False,zero_volume_or,,,,,,,,,,,,,,,,,,,,,,,,,,,,,,,False,zero_volume_or,,,,,,,,,,,,,,,,,,,,,,,,,,,,,,
2023-06-12,phase6_causal_or_retest_v1,d8df78957051c9de,25c269cde02debe4,7b30e3d97c41bd58,ed5db2d90d8371c44cbe212d6d16ad117537c9e185a6592a6ca108ece643d8ce,2026-04-24T15:59:00-04:00,2026-04-26T01:55:46.523945+00:00,False,late_start,50,390,340,49,49,2023-06-12 15:59:00-04:00,2023-06-12 15:59:00-04:00,False,False,zero_volume_post_or+missing_rth_minutes,unknown,,0,20,,,,,tier1_pilot,False,False,late_start,,,,,,,,,,,,,,,,,,,,,,,,,,,,,,,False,late_start,,,,,,,,,,,,,,,,,,,,,,,,,,,,,,,False,late_start,,,,,,,,,,,,,,,,,,,,,,,,,,,,,,
2023-06-14,phase6_causal_or_retest_v1,d8df78957051c9de,25c269cde02debe4,7b30e3d97c41bd58,ed5db2d90d8371c44cbe212d6d16ad117537c9e185a6592a6ca108ece643d8ce,2026-04-24T15:59:00-04:00,2026-04-26T01:55:46.523945+00:00,False,late_start,299,390,91,298,298,2023-06-14 15:59:00-04:00,2023-06-14 15:59:00-04:00,False,False,zero_volume_post_or+missing_rth_minutes,unknown,,0,20,,,,,tier1_pilot,False,False,late_start,,,,,,,,,,,,,,,,,,,,,,,,,,,,,,,False,late_start,,,,,,,,,,,,,,,,,,,,,,,,,,,,,,,False,late_start,,,,,,,,,,,,,,,,,,,,,,,,,,,,,,
2023-06-15,phase6_causal_or_retest_v1,d8df78957051c9de,25c269cde02debe4,7b30e3d97c41bd58,ed5db2d90d8371c44cbe212d6d16ad117537c9e185a6592a6ca108ece643d8ce,2026-04-24T15:59:00-04:00,2026-04-26T01:55:46.523945+00:00,False,late_start,124,390,266,123,123,2023-06-15 15:59:00-04:00,2023-06-15 15:59:00-04:00,False,False,zero_volume_post_or+missing_rth_minutes,unknown,,0,20,,,,,tier1_pilot,False,False,late_start,,,,,,,,,,,,,,,,,,,,,,,,,,,,,,,False,late_start,,,,,,,,,,,,,,,,,,,,,,,,,,,,,,,False,late_start,,,,,,,,,,,,,,,,,,,,,,,,,,,,,,
2023-06-16,phase6_causal_or_retest_v1,d8df78957051c9de,25c269cde02debe4,7b30e3d97c41bd58,ed5db2d90d8371c44cbe212d6d16ad117537c9e185a6592a6ca108ece643d8ce,2026-04-24T15:59:00-04:00,2026-04-26T01:55:46.523945+00:00,False,zero_volume_or,390,390,0,389,375,2023-06-16 15:59:00-04:00,2023-06-16 15:59:00-04:00,False,False,zero_volume_or_and_post_or,unknown,,0,20,,,,,tier1_pilot,False,False,zero_volume_or,,,,,,,,,,,,,,,,,,,,,,,,,,,,,,,False,zero_volume_or,,,,,,,,,,,,,,,,,,,,,,,,,,,,,,,False,zero_volume_or,,,,,,,,,,,,,,,,,,,,,,,,,,,,,,
2023-06-26,phase6_causal_or_retest_v1,d8df78957051c9de,25c269cde02debe4,7b30e3d97c41bd58,ed5db2d90d8371c44cbe212d6d16ad117537c9e185a6592a6ca108ece643d8ce,2026-04-24T15:59:00-04:00,2026-04-26T01:55:46.523945+00:00,False,late_start,280,390,110,278,278,2023-06-26 15:59:00-04:00,2023-06-26 15:59:00-04:00,False,False,zero_volume_post_or+missing_rth_minutes,unknown,,0,20,,,,,tier1_pilot,False,False,late_start,,,,,,,,,,,,,,,,,,,,,,,,,,,,,,,False,late_start,,,,,,,,,,,,,,,,,,,,,,,,,,,,,,,False,late_start,,,,,,,,,,,,,,,,,,,,,,,,,,,,,,
2023-06-27,phase6_causal_or_retest_v1,d8df78957051c9de,25c269cde02debe4,7b30e3d97c41bd58,ed5db2d90d8371c44cbe212d6d16ad117537c9e185a6592a6ca108ece643d8ce,2026-04-24T15:59:00-04:00,2026-04-26T01:55:46.523945+00:00,False,late_start,382,390,8,381,375,2023-06-27 15:59:00-04:00,2023-06-27 15:59:00-04:00,False,False,zero_volume_or_and_post_or+missing_rth_minutes,unknown,,0,20,,,,,tier1_pilot,False,False,late_start,,,,,,,,,,,,,,,,,,,,,,,,,,,,,,,False,late_start,,,,,,,,,,,,,,,,,,,,,,,,,,,,,,,False,late_start,,,,,,,,,,,,,,,,,,,,,,,,,,,,,,
2023-06-30,phase6_causal_or_retest_v1,d8df78957051c9de,25c269cde02debe4,7b30e3d97c41bd58,ed5db2d90d8371c44cbe212d6d16ad117537c9e185a6592a6ca108ece643d8ce,2026-04-24T15:59:00-04:00,2026-04-26T01:55:46.523945+00:00,False,late_start,372,390,18,369,369,2023-06-30 15:59:00-04:00,2023-06-30 15:59:00-04:00,False,False,zero_volume_post_or+missing_rth_minutes,unknown,,0,20,,,,,tier1_pilot,False,False,late_start,,,,,,,,,,,,,,,,,,,,,,,,,,,,,,,False,late_start,,,,,,,,,,,,,,,,,,,,,,,,,,,,,,,False,late_start,,,,,,,,,,,,,,,,,,,,,,,,,,,,,,
2023-07-03,phase6_causal_or_retest_v1,d8df78957051c9de,25c269cde02debe4,7b30e3d97c41bd58,ed5db2d90d8371c44cbe212d6d16ad117537c9e185a6592a6ca108ece643d8ce,2026-04-24T15:59:00-04:00,2026-04-26T01:55:46.523945+00:00,False,zero_volume_or,210,390,180,210,195,2023-07-03 12:59:00-04:00,2023-07-03 15:59:00-04:00,False,False,zero_volume_or_and_post_or+missing_rth_minutes,unknown,,0,20,,,,,tier1_pilot,False,False,zero_volume_or,,,,,,,,,,,,,,,,,,,,,,,,,,,,,,,False,zero_volume_or,,,,,,,,,,,,,,,,,,,,,,,,,,,,,,,False,zero_volume_or,,,,,,,,,,,,,,,,,,,,,,,,,,,,,,
2023-07-05,phase6_causal_or_retest_v1,d8df78957051c9de,25c269cde02debe4,7b30e3d97c41bd58,ed5db2d90d8371c44cbe212d6d16ad117537c9e185a6592a6ca108ece643d8ce,2026-04-24T15:59:00-04:00,2026-04-26T01:55:46.523945+00:00,False,late_start,340,390,50,339,339,2023-07-05 15:59:00-04:00,2023-07-05 15:59:00-04:00,False,False,zero_volume_post_or+missing_rth_minutes,unknown,,0,20,,,,,tier1_pilot,False,False,late_start,,,,,,,,,,,,,,,,,,,,,,,,,,,,,,,False,late_start,,,,,,,,,,,,,,,,,,,,,,,,,,,,,,,False,late_start,,,,,,,,,,,,,,,,,,,,,,,,,,,,,,
2023-07-13,phase6_causal_or_retest_v1,d8df78957051c9de,25c269cde02debe4,7b30e3d97c41bd58,ed5db2d90d8371c44cbe212d6d16ad117537c9e185a6592a6ca108ece643d8ce,2026-04-24T15:59:00-04:00,2026-04-26T01:55:46.523945+00:00,False,zero_volume_or,390,390,0,387,372,2023-07-13 15:59:00-04:00,2023-07-13 15:59:00-04:00,False,False,zero_volume_or_and_post_or,unknown,,0,20,,,,,tier1_pilot,False,False,zero_volume_or,,,,,,,,,,,,,,,,,,,,,,,,,,,,,,,False,zero_volume_or,,,,,,,,,,,,,,,,,,,,,,,,,,,,,,,False,zero_volume_or,,,,,,,,,,,,,,,,,,,,,,,,,,,,,,
2023-07-18,phase6_causal_or_retest_v1,d8df78957051c9de,25c269cde02debe4,7b30e3d97c41bd58,ed5db2d90d8371c44cbe212d6d16ad117537c9e185a6592a6ca108ece643d8ce,2026-04-24T15:59:00-04:00,2026-04-26T01:55:46.523945+00:00,False,late_start,212,390,178,211,211,2023-07-18 15:59:00-04:00,2023-07-18 15:59:00-04:00,False,False,zero_volume_post_or+missing_rth_minutes,unknown,,0,20,,,,,tier1_pilot,False,False,late_start,,,,,,,,,,,,,,,,,,,,,,,,,,,,,,,False,late_start,,,,,,,,,,,,,,,,,,,,,,,,,,,,,,,False,late_start,,,,,,,,,,,,,,,,,,,,,,,,,,,,,,
2023-07-19,phase6_causal_or_retest_v1,d8df78957051c9de,25c269cde02debe4,7b30e3d97c41bd58,ed5db2d90d8371c44cbe212d6d16ad117537c9e185a6592a6ca108ece643d8ce,2026-04-24T15:59:00-04:00,2026-04-26T01:55:46.523945+00:00,False,zero_volume_or,390,390,0,390,375,2023-07-19 15:59:00-04:00,2023-07-19 15:59:00-04:00,False,False,zero_volume_or_and_post_or,unknown,,0,20,,,,,tier1_pilot,False,False,zero_volume_or,,,,,,,,,,,,,,,,,,,,,,,,,,,,,,,False,zero_volume_or,,,,,,,,,,,,,,,,,,,,,,,,,,,,,,,False,zero_volume_or,,,,,,,,,,,,,,,,,,,,,,,,,,,,,,
2023-07-20,phase6_causal_or_retest_v1,d8df78957051c9de,25c269cde02debe4,7b30e3d97c41bd58,ed5db2d90d8371c44cbe212d6d16ad117537c9e185a6592a6ca108ece643d8ce,2026-04-24T15:59:00-04:00,2026-04-26T01:55:46.523945+00:00,False,zero_volume_or,390,390,0,388,373,2023-07-20 15:59:00-04:00,2023-07-20 15:59:00-04:00,False,False,zero_volume_or_and_post_or,unknown,,0,20,,,,,tier1_pilot,False,False,zero_volume_or,,,,,,,,,,,,,,,,,,,,,,,,,,,,,,,False,zero_volume_or,,,,,,,,,,,,,,,,,,,,,,,,,,,,,,,False,zero_volume_or,,,,,,,,,,,,,,,,,,,,,,,,,,,,,,
2023-08-08,phase6_causal_or_retest_v1,d8df78957051c9de,25c269cde02debe4,7b30e3d97c41bd58,ed5db2d90d8371c44cbe212d6d16ad117537c9e185a6592a6ca108ece643d8ce,2026-04-24T15:59:00-04:00,2026-04-26T01:55:46.523945+00:00,False,late_start,261,390,129,259,259,2023-08-08 15:59:00-04:00,2023-08-08 15:59:00-04:00,False,False,zero_volume_post_or+missing_rth_minutes,unknown,,0,20,,,,,tier1_pilot,False,False,late_start,,,,,,,,,,,,,,,,,,,,,,,,,,,,,,,False,late_start,,,,,,,,,,,,,,,,,,,,,,,,,,,,,,,False,late_start,,,,,,,,,,,,,,,,,,,,,,,,,,,,,,
2023-08-09,phase6_causal_or_retest_v1,d8df78957051c9de,25c269cde02debe4,7b30e3d97c41bd58,ed5db2d90d8371c44cbe212d6d16ad117537c9e185a6592a6ca108ece643d8ce,2026-04-24T15:59:00-04:00,2026-04-26T01:55:46.523945+00:00,False,late_start,278,390,112,277,277,2023-08-09 15:59:00-04:00,2023-08-09 15:59:00-04:00,False,False,zero_volume_post_or+missing_rth_minutes,unknown,,0,20,,,,,tier1_pilot,False,False,late_start,,,,,,,,,,,,,,,,,,,,,,,,,,,,,,,False,late_start,,,,,,,,,,,,,,,,,,,,,,,,,,,,,,,False,late_start,,,,,,,,,,,,,,,,,,,,,,,,,,,,,,
2023-08-15,phase6_causal_or_retest_v1,d8df78957051c9de,25c269cde02debe4,7b30e3d97c41bd58,ed5db2d90d8371c44cbe212d6d16ad117537c9e185a6592a6ca108ece643d8ce,2026-04-24T15:59:00-04:00,2026-04-26T01:55:46.523945+00:00,False,late_start,348,390,42,346,346,2023-08-15 15:59:00-04:00,2023-08-15 15:59:00-04:00,False,False,zero_volume_post_or+missing_rth_minutes,unknown,,0,20,,,,,tier1_pilot,False,False,late_start,,,,,,,,,,,,,,,,,,,,,,,,,,,,,,,False,late_start,,,,,,,,,,,,,,,,,,,,,,,,,,,,,,,False,late_start,,,,,,,,,,,,,,,,,,,,,,,,,,,,,,
2023-08-16,phase6_causal_or_retest_v1,d8df78957051c9de,25c269cde02debe4,7b30e3d97c41bd58,ed5db2d90d8371c44cbe212d6d16ad117537c9e185a6592a6ca108ece643d8ce,2026-04-24T15:59:00-04:00,2026-04-26T01:55:46.523945+00:00,False,zero_volume_or,390,390,0,390,375,2023-08-16 15:59:00-04:00,2023-08-16 15:59:00-04:00,False,False,zero_volume_or_and_post_or,unknown,,0,20,,,,,tier1_pilot,False,False,zero_volume_or,,,,,,,,,,,,,,,,,,,,,,,,,,,,,,,False,zero_volume_or,,,,,,,,,,,,,,,,,,,,,,,,,,,,,,,False,zero_volume_or,,,,,,,,,,,,,,,,,,,,,,,,,,,,,,
2023-08-17,phase6_causal_or_retest_v1,d8df78957051c9de,25c269cde02debe4,7b30e3d97c41bd58,ed5db2d90d8371c44cbe212d6d16ad117537c9e185a6592a6ca108ece643d8ce,2026-04-24T15:59:00-04:00,2026-04-26T01:55:46.523945+00:00,False,late_start,115,390,275,114,114,2023-08-17 15:59:00-04:00,2023-08-17 15:59:00-04:00,False,False,zero_volume_post_or+missing_rth_minutes,unknown,,0,20,,,,,tier1_pilot,False,False,late_start,,,,,,,,,,,,,,,,,,,,,,,,,,,,,,,False,late_start,,,,,,,,,,,,,,,,,,,,,,,,,,,,,,,False,late_start,,,,,,,,,,,,,,,,,,,,,,,,,,,,,,
2023-08-24,phase6_causal_or_retest_v1,d8df78957051c9de,25c269cde02debe4,7b30e3d97c41bd58,ed5db2d90d8371c44cbe212d6d16ad117537c9e185a6592a6ca108ece643d8ce,2026-04-24T15:59:00-04:00,2026-04-26T01:55:46.523945+00:00,False,late_start,374,390,16,372,372,2023-08-24 15:59:00-04:00,2023-08-24 15:59:00-04:00,False,False,zero_volume_post_or+missing_rth_minutes,unknown,,0,20,,,,,tier1_pilot,False,False,late_start,,,,,,,,,,,,,,,,,,,,,,,,,,,,,,,False,late_start,,,,,,,,,,,,,,,,,,,,,,,,,,,,,,,False,late_start,,,,,,,,,,,,,,,,,,,,,,,,,,,,,,
2023-08-29,phase6_causal_or_retest_v1,d8df78957051c9de,25c269cde02debe4,7b30e3d97c41bd58,ed5db2d90d8371c44cbe212d6d16ad117537c9e185a6592a6ca108ece643d8ce,2026-04-24T15:59:00-04:00,2026-04-26T01:55:46.523945+00:00,False,late_start,285,390,105,283,283,2023-08-29 15:59:00-04:00,2023-08-29 15:59:00-04:00,False,False,zero_volume_post_or+missing_rth_minutes,unknown,,0,20,,,,,tier1_pilot,False,False,late_start,,,,,,,,,,,,,,,,,,,,,,,,,,,,,,,False,late_start,,,,,,,,,,,,,,,,,,,,,,,,,,,,,,,False,late_start,,,,,,,,,,,,,,,,,,,,,,,,,,,,,,
2023-08-31,phase6_causal_or_retest_v1,d8df78957051c9de,25c269cde02debe4,7b30e3d97c41bd58,ed5db2d90d8371c44cbe212d6d16ad117537c9e185a6592a6ca108ece643d8ce,2026-04-24T15:59:00-04:00,2026-04-26T01:55:46.523945+00:00,False,late_start,252,390,138,249,249,2023-08-31 15:59:00-04:00,2023-08-31 15:59:00-04:00,False,False,zero_volume_post_or+missing_rth_minutes,unknown,,0,20,,,,,tier1_pilot,False,False,late_start,,,,,,,,,,,,,,,,,,,,,,,,,,,,,,,False,late_start,,,,,,,,,,,,,,,,,,,,,,,,,,,,,,,False,late_start,,,,,,,,,,,,,,,,,,,,,,,,,,,,,,
2023-09-01,phase6_causal_or_retest_v1,d8df78957051c9de,25c269cde02debe4,7b30e3d97c41bd58,ed5db2d90d8371c44cbe212d6d16ad117537c9e185a6592a6ca108ece643d8ce,2026-04-24T15:59:00-04:00,2026-04-26T01:55:46.523945+00:00,False,zero_volume_or,390,390,0,390,375,2023-09-01 15:59:00-04:00,2023-09-01 15:59:00-04:00,False,False,zero_volume_or_and_post_or,unknown,,0,20,,,,,tier1_pilot,False,False,zero_volume_or,,,,,,,,,,,,,,,,,,,,,,,,,,,,,,,False,zero_volume_or,,,,,,,,,,,,,,,,,,,,,,,,,,,,,,,False,zero_volume_or,,,,,,,,,,,,,,,,,,,,,,,,,,,,,,
2023-09-06,phase6_causal_or_retest_v1,d8df78957051c9de,25c269cde02debe4,7b30e3d97c41bd58,ed5db2d90d8371c44cbe212d6d16ad117537c9e185a6592a6ca108ece643d8ce,2026-04-24T15:59:00-04:00,2026-04-26T01:55:46.523945+00:00,False,late_start,329,390,61,328,328,2023-09-06 15:59:00-04:00,2023-09-06 15:59:00-04:00,False,False,zero_volume_post_or+missing_rth_minutes,unknown,,0,20,,,,,tier1_pilot,False,False,late_start,,,,,,,,,,,,,,,,,,,,,,,,,,,,,,,False,late_start,,,,,,,,,,,,,,,,,,,,,,,,,,,,,,,False,late_start,,,,,,,,,,,,,,,,,,,,,,,,,,,,,,
2023-09-08,phase6_causal_or_retest_v1,d8df78957051c9de,25c269cde02debe4,7b30e3d97c41bd58,ed5db2d90d8371c44cbe212d6d16ad117537c9e185a6592a6ca108ece643d8ce,2026-04-24T15:59:00-04:00,2026-04-26T01:55:46.523945+00:00,False,late_start,206,390,184,205,205,2023-09-08 15:59:00-04:00,2023-09-08 15:59:00-04:00,False,False,zero_volume_post_or+missing_rth_minutes,unknown,,0,20,,,,,tier1_pilot,False,False,late_start,,,,,,,,,,,,,,,,,,,,,,,,,,,,,,,False,late_start,,,,,,,,,,,,,,,,,,,,,,,,,,,,,,,False,late_start,,,,,,,,,,,,,,,,,,,,,,,,,,,,,,
2023-09-12,phase6_causal_or_retest_v1,d8df78957051c9de,25c269cde02debe4,7b30e3d97c41bd58,ed5db2d90d8371c44cbe212d6d16ad117537c9e185a6592a6ca108ece643d8ce,2026-04-24T15:59:00-04:00,2026-04-26T01:55:46.523945+00:00,False,late_start,31,390,359,30,30,2023-09-12 15:59:00-04:00,2023-09-12 15:59:00-04:00,False,False,zero_volume_post_or+missing_rth_minutes,unknown,,0,20,,,,,tier1_pilot,False,False,late_start,,,,,,,,,,,,,,,,,,,,,,,,,,,,,,,False,late_start,,,,,,,,,,,,,,,,,,,,,,,,,,,,,,,False,late_start,,,,,,,,,,,,,,,,,,,,,,,,,,,,,,
2023-09-13,phase6_causal_or_retest_v1,d8df78957051c9de,25c269cde02debe4,7b30e3d97c41bd58,ed5db2d90d8371c44cbe212d6d16ad117537c9e185a6592a6ca108ece643d8ce,2026-04-24T15:59:00-04:00,2026-04-26T01:55:46.523945+00:00,False,zero_volume_or,390,390,0,378,363,2023-09-13 15:59:00-04:00,2023-09-13 15:59:00-04:00,False,False,zero_volume_or_and_post_or,unknown,,0,20,,,,,tier1_pilot,False,False,zero_volume_or,,,,,,,,,,,,,,,,,,,,,,,,,,,,,,,False,zero_volume_or,,,,,,,,,,,,,,,,,,,,,,,,,,,,,,,False,zero_volume_or,,,,,,,,,,,,,,,,,,,,,,,,,,,,,,
2023-09-14,phase6_causal_or_retest_v1,d8df78957051c9de,25c269cde02debe4,7b30e3d97c41bd58,ed5db2d90d8371c44cbe212d6d16ad117537c9e185a6592a6ca108ece643d8ce,2026-04-24T15:59:00-04:00,2026-04-26T01:55:46.523945+00:00,False,late_start,245,390,145,243,243,2023-09-14 15:59:00-04:00,2023-09-14 15:59:00-04:00,False,False,zero_volume_post_or+missing_rth_minutes,unknown,,0,20,,,,,tier1_pilot,False,False,late_start,,,,,,,,,,,,,,,,,,,,,,,,,,,,,,,False,late_start,,,,,,,,,,,,,,,,,,,,,,,,,,,,,,,False,late_start,,,,,,,,,,,,,,,,,,,,,,,,,,,,,,
2023-09-15,phase6_causal_or_retest_v1,d8df78957051c9de,25c269cde02debe4,7b30e3d97c41bd58,ed5db2d90d8371c44cbe212d6d16ad117537c9e185a6592a6ca108ece643d8ce,2026-04-24T15:59:00-04:00,2026-04-26T01:55:46.523945+00:00,False,late_start,387,390,3,382,371,2023-09-15 15:59:00-04:00,2023-09-15 15:59:00-04:00,False,False,zero_volume_or_and_post_or+missing_rth_minutes,unknown,,0,20,,,,,tier1_pilot,False,False,late_start,,,,,,,,,,,,,,,,,,,,,,,,,,,,,,,False,late_start,,,,,,,,,,,,,,,,,,,,,,,,,,,,,,,False,late_start,,,,,,,,,,,,,,,,,,,,,,,,,,,,,,
2023-09-18,phase6_causal_or_retest_v1,d8df78957051c9de,25c269cde02debe4,7b30e3d97c41bd58,ed5db2d90d8371c44cbe212d6d16ad117537c9e185a6592a6ca108ece643d8ce,2026-04-24T15:59:00-04:00,2026-04-26T01:55:46.523945+00:00,False,zero_volume_or,390,390,0,387,372,2023-09-18 15:59:00-04:00,2023-09-18 15:59:00-04:00,False,False,zero_volume_or_and_post_or,unknown,,0,20,,,,,tier1_pilot,False,False,zero_volume_or,,,,,,,,,,,,,,,,,,,,,,,,,,,,,,,False,zero_volume_or,,,,,,,,,,,,,,,,,,,,,,,,,,,,,,,False,zero_volume_or,,,,,,,,,,,,,,,,,,,,,,,,,,,,,,
2023-09-19,phase6_causal_or_retest_v1,d8df78957051c9de,25c269cde02debe4,7b30e3d97c41bd58,ed5db2d90d8371c44cbe212d6d16ad117537c9e185a6592a6ca108ece643d8ce,2026-04-24T15:59:00-04:00,2026-04-26T01:55:46.523945+00:00,False,zero_volume_or,390,390,0,385,370,2023-09-19 15:59:00-04:00,2023-09-19 15:59:00-04:00,False,False,zero_volume_or_and_post_or,unknown,,0,20,,,,,tier1_pilot,False,False,zero_volume_or,,,,,,,,,,,,,,,,,,,,,,,,,,,,,,,False,zero_volume_or,,,,,,,,,,,,,,,,,,,,,,,,,,,,,,,False,zero_volume_or,,,,,,,,,,,,,,,,,,,,,,,,,,,,,,
2023-09-20,phase6_causal_or_retest_v1,d8df78957051c9de,25c269cde02debe4,7b30e3d97c41bd58,ed5db2d90d8371c44cbe212d6d16ad117537c9e185a6592a6ca108ece643d8ce,2026-04-24T15:59:00-04:00,2026-04-26T01:55:46.523945+00:00,False,zero_volume_or,390,390,0,383,368,2023-09-20 15:59:00-04:00,2023-09-20 15:59:00-04:00,False,False,zero_volume_or_and_post_or,unknown,,0,20,,,,,tier1_pilot,False,False,zero_volume_or,,,,,,,,,,,,,,,,,,,,,,,,,,,,,,,False,zero_volume_or,,,,,,,,,,,,,,,,,,,,,,,,,,,,,,,False,zero_volume_or,,,,,,,,,,,,,,,,,,,,,,,,,,,,,,
2023-09-21,phase6_causal_or_retest_v1,d8df78957051c9de,25c269cde02debe4,7b30e3d97c41bd58,ed5db2d90d8371c44cbe212d6d16ad117537c9e185a6592a6ca108ece643d8ce,2026-04-24T15:59:00-04:00,2026-04-26T01:55:46.523945+00:00,False,zero_volume_or,390,390,0,386,371,2023-09-21 15:59:00-04:00,2023-09-21 15:59:00-04:00,False,False,zero_volume_or_and_post_or,unknown,,0,20,,,,,tier1_pilot,False,False,zero_volume_or,,,,,,,,,,,,,,,,,,,,,,,,,,,,,,,False,zero_volume_or,,,,,,,,,,,,,,,,,,,,,,,,,,,,,,,False,zero_volume_or,,,,,,,,,,,,,,,,,,,,,,,,,,,,,,
2023-09-22,phase6_causal_or_retest_v1,d8df78957051c9de,25c269cde02debe4,7b30e3d97c41bd58,ed5db2d90d8371c44cbe212d6d16ad117537c9e185a6592a6ca108ece643d8ce,2026-04-24T15:59:00-04:00,2026-04-26T01:55:46.523945+00:00,False,zero_volume_or,390,390,0,381,368,2023-09-22 15:59:00-04:00,2023-09-22 15:59:00-04:00,False,False,zero_volume_or_and_post_or,unknown,,0,20,,,,,tier1_pilot,False,False,zero_volume_or,,,,,,,,,,,,,,,,,,,,,,,,,,,,,,,False,zero_volume_or,,,,,,,,,,,,,,,,,,,,,,,,,,,,,,,False,zero_volume_or,,,,,,,,,,,,,,,,,,,,,,,,,,,,,,
2023-09-25,phase6_causal_or_retest_v1,d8df78957051c9de,25c269cde02debe4,7b30e3d97c41bd58,ed5db2d90d8371c44cbe212d6d16ad117537c9e185a6592a6ca108ece643d8ce,2026-04-24T15:59:00-04:00,2026-04-26T01:55:46.523945+00:00,False,zero_volume_or,390,390,0,389,374,2023-09-25 15:59:00-04:00,2023-09-25 15:59:00-04:00,False,False,zero_volume_or_and_post_or,unknown,,0,20,,,,,tier1_pilot,False,False,zero_volume_or,,,,,,,,,,,,,,,,,,,,,,,,,,,,,,,False,zero_volume_or,,,,,,,,,,,,,,,,,,,,,,,,,,,,,,,False,zero_volume_or,,,,,,,,,,,,,,,,,,,,,,,,,,,,,,
2023-09-26,phase6_causal_or_retest_v1,d8df78957051c9de,25c269cde02debe4,7b30e3d97c41bd58,ed5db2d90d8371c44cbe212d6d16ad117537c9e185a6592a6ca108ece643d8ce,2026-04-24T15:59:00-04:00,2026-04-26T01:55:46.523945+00:00,False,zero_volume_or,390,390,0,382,367,2023-09-26 15:59:00-04:00,2023-09-26 15:59:00-04:00,False,False,zero_volume_or_and_post_or,unknown,,0,20,,,,,tier1_pilot,False,False,zero_volume_or,,,,,,,,,,,,,,,,,,,,,,,,,,,,,,,False,zero_volume_or,,,,,,,,,,,,,,,,,,,,,,,,,,,,,,,False,zero_volume_or,,,,,,,,,,,,,,,,,,,,,,,,,,,,,,
2023-09-27,phase6_causal_or_retest_v1,d8df78957051c9de,25c269cde02debe4,7b30e3d97c41bd58,ed5db2d90d8371c44cbe212d6d16ad117537c9e185a6592a6ca108ece643d8ce,2026-04-24T15:59:00-04:00,2026-04-26T01:55:46.523945+00:00,False,zero_volume_or,390,390,0,381,366,2023-09-27 15:59:00-04:00,2023-09-27 15:59:00-04:00,False,False,zero_volume_or_and_post_or,unknown,,0,20,,,,,tier1_pilot,False,False,zero_volume_or,,,,,,,,,,,,,,,,,,,,,,,,,,,,,,,False,zero_volume_or,,,,,,,,,,,,,,,,,,,,,,,,,,,,,,,False,zero_volume_or,,,,,,,,,,,,,,,,,,,,,,,,,,,,,,
2023-09-28,phase6_causal_or_retest_v1,d8df78957051c9de,25c269cde02debe4,7b30e3d97c41bd58,ed5db2d90d8371c44cbe212d6d16ad117537c9e185a6592a6ca108ece643d8ce,2026-04-24T15:59:00-04:00,2026-04-26T01:55:46.523945+00:00,False,late_start,301,390,89,296,296,2023-09-28 15:59:00-04:00,2023-09-28 15:59:00-04:00,False,False,zero_volume_post_or+missing_rth_minutes,unknown,,0,20,,,,,tier1_pilot,False,False,late_start,,,,,,,,,,,,,,,,,,,,,,,,,,,,,,,False,late_start,,,,,,,,,,,,,,,,,,,,,,,,,,,,,,,False,late_start,,,,,,,,,,,,,,,,,,,,,,,,,,,,,,
2023-09-29,phase6_causal_or_retest_v1,d8df78957051c9de,25c269cde02debe4,7b30e3d97c41bd58,ed5db2d90d8371c44cbe212d6d16ad117537c9e185a6592a6ca108ece643d8ce,2026-04-24T15:59:00-04:00,2026-04-26T01:55:46.523945+00:00,False,zero_volume_or,390,390,0,380,365,2023-09-29 15:59:00-04:00,2023-09-29 15:59:00-04:00,False,False,zero_volume_or_and_post_or,unknown,,0,20,,,,,tier1_pilot,False,False,zero_volume_or,,,,,,,,,,,,,,,,,,,,,,,,,,,,,,,False,zero_volume_or,,,,,,,,,,,,,,,,,,,,,,,,,,,,,,,False,zero_volume_or,,,,,,,,,,,,,,,,,,,,,,,,,,,,,,
2023-10-03,phase6_causal_or_retest_v1,d8df78957051c9de,25c269cde02debe4,7b30e3d97c41bd58,ed5db2d90d8371c44cbe212d6d16ad117537c9e185a6592a6ca108ece643d8ce,2026-04-24T15:59:00-04:00,2026-04-26T01:55:46.523945+00:00,False,late_start,347,390,43,340,340,2023-10-03 15:59:00-04:00,2023-10-03 15:59:00-04:00,False,False,zero_volume_post_or+missing_rth_minutes,unknown,,0,20,,,,,tier1_pilot,False,False,late_start,,,,,,,,,,,,,,,,,,,,,,,,,,,,,,,False,late_start,,,,,,,,,,,,,,,,,,,,,,,,,,,,,,,False,late_start,,,,,,,,,,,,,,,,,,,,,,,,,,,,,,
2023-10-04,phase6_causal_or_retest_v1,d8df78957051c9de,25c269cde02debe4,7b30e3d97c41bd58,ed5db2d90d8371c44cbe212d6d16ad117537c9e185a6592a6ca108ece643d8ce,2026-04-24T15:59:00-04:00,2026-04-26T01:55:46.523945+00:00,False,late_start,372,390,18,364,364,2023-10-04 15:59:00-04:00,2023-10-04 15:59:00-04:00,False,False,zero_volume_post_or+missing_rth_minutes,unknown,,0,20,,,,,tier1_pilot,False,False,late_start,,,,,,,,,,,,,,,,,,,,,,,,,,,,,,,False,late_start,,,,,,,,,,,,,,,,,,,,,,,,,,,,,,,False,late_start,,,,,,,,,,,,,,,,,,,,,,,,,,,,,,
2023-10-05,phase6_causal_or_retest_v1,d8df78957051c9de,25c269cde02debe4,7b30e3d97c41bd58,ed5db2d90d8371c44cbe212d6d16ad117537c9e185a6592a6ca108ece643d8ce,2026-04-24T15:59:00-04:00,2026-04-26T01:55:46.523945+00:00,False,late_start,368,390,22,361,361,2023-10-05 15:59:00-04:00,2023-10-05 15:59:00-04:00,False,False,zero_volume_post_or+missing_rth_minutes,unknown,,0,20,,,,,tier1_pilot,False,False,late_start,,,,,,,,,,,,,,,,,,,,,,,,,,,,,,,False,late_start,,,,,,,,,,,,,,,,,,,,,,,,,,,,,,,False,late_start,,,,,,,,,,,,,,,,,,,,,,,,,,,,,,
2023-10-06,phase6_causal_or_retest_v1,d8df78957051c9de,25c269cde02debe4,7b30e3d97c41bd58,ed5db2d90d8371c44cbe212d6d16ad117537c9e185a6592a6ca108ece643d8ce,2026-04-24T15:59:00-04:00,2026-04-26T01:55:46.523945+00:00,False,zero_volume_or,390,390,0,376,363,2023-10-06 15:59:00-04:00,2023-10-06 15:59:00-04:00,False,False,zero_volume_or_and_post_or,unknown,,0,20,,,,,tier1_pilot,False,False,zero_volume_or,,,,,,,,,,,,,,,,,,,,,,,,,,,,,,,False,zero_volume_or,,,,,,,,,,,,,,,,,,,,,,,,,,,,,,,False,zero_volume_or,,,,,,,,,,,,,,,,,,,,,,,,,,,,,,
2023-10-09,phase6_causal_or_retest_v1,d8df78957051c9de,25c269cde02debe4,7b30e3d97c41bd58,ed5db2d90d8371c44cbe212d6d16ad117537c9e185a6592a6ca108ece643d8ce,2026-04-24T15:59:00-04:00,2026-04-26T01:55:46.523945+00:00,False,late_start,221,390,169,211,211,2023-10-09 15:59:00-04:00,2023-10-09 15:59:00-04:00,False,False,zero_volume_post_or+missing_rth_minutes,unknown,,0,20,,,,,tier1_pilot,False,False,late_start,,,,,,,,,,,,,,,,,,,,,,,,,,,,,,,False,late_start,,,,,,,,,,,,,,,,,,,,,,,,,,,,,,,False,late_start,,,,,,,,,,,,,,,,,,,,,,,,,,,,,,
2023-10-10,phase6_causal_or_retest_v1,d8df78957051c9de,25c269cde02debe4,7b30e3d97c41bd58,ed5db2d90d8371c44cbe212d6d16ad117537c9e185a6592a6ca108ece643d8ce,2026-04-24T15:59:00-04:00,2026-04-26T01:55:46.523945+00:00,False,zero_volume_or,390,390,0,380,365,2023-10-10 15:59:00-04:00,2023-10-10 15:59:00-04:00,False,False,zero_volume_or_and_post_or,unknown,,0,20,,,,,tier1_pilot,False,False,zero_volume_or,,,,,,,,,,,,,,,,,,,,,,,,,,,,,,,False,zero_volume_or,,,,,,,,,,,,,,,,,,,,,,,,,,,,,,,False,zero_volume_or,,,,,,,,,,,,,,,,,,,,,,,,,,,,,,
2023-10-11,phase6_causal_or_retest_v1,d8df78957051c9de,25c269cde02debe4,7b30e3d97c41bd58,ed5db2d90d8371c44cbe212d6d16ad117537c9e185a6592a6ca108ece643d8ce,2026-04-24T15:59:00-04:00,2026-04-26T01:55:46.523945+00:00,False,zero_volume_or,390,390,0,382,369,2023-10-11 15:59:00-04:00,2023-10-11 15:59:00-04:00,False,False,zero_volume_or_and_post_or,unknown,,0,20,,,,,tier1_pilot,False,False,zero_volume_or,,,,,,,,,,,,,,,,,,,,,,,,,,,,,,,False,zero_volume_or,,,,,,,,,,,,,,,,,,,,,,,,,,,,,,,False,zero_volume_or,,,,,,,,,,,,,,,,,,,,,,,,,,,,,,
2023-10-12,phase6_causal_or_retest_v1,d8df78957051c9de,25c269cde02debe4,7b30e3d97c41bd58,ed5db2d90d8371c44cbe212d6d16ad117537c9e185a6592a6ca108ece643d8ce,2026-04-24T15:59:00-04:00,2026-04-26T01:55:46.523945+00:00,False,zero_volume_or,390,390,0,385,370,2023-10-12 15:59:00-04:00,2023-10-12 15:59:00-04:00,False,False,zero_volume_or_and_post_or,unknown,,0,20,,,,,tier1_pilot,False,False,zero_volume_or,,,,,,,,,,,,,,,,,,,,,,,,,,,,,,,False,zero_volume_or,,,,,,,,,,,,,,,,,,,,,,,,,,,,,,,False,zero_volume_or,,,,,,,,,,,,,,,,,,,,,,,,,,,,,,
2023-10-13,phase6_causal_or_retest_v1,d8df78957051c9de,25c269cde02debe4,7b30e3d97c41bd58,ed5db2d90d8371c44cbe212d6d16ad117537c9e185a6592a6ca108ece643d8ce,2026-04-24T15:59:00-04:00,2026-04-26T01:55:46.523945+00:00,False,late_start,353,390,37,337,337,2023-10-13 15:59:00-04:00,2023-10-13 15:59:00-04:00,False,False,zero_volume_post_or+missing_rth_minutes,unknown,,0,20,,,,,tier1_pilot,False,False,late_start,,,,,,,,,,,,,,,,,,,,,,,,,,,,,,,False,late_start,,,,,,,,,,,,,,,,,,,,,,,,,,,,,,,False,late_start,,,,,,,,,,,,,,,,,,,,,,,,,,,,,,
2023-10-16,phase6_causal_or_retest_v1,d8df78957051c9de,25c269cde02debe4,7b30e3d97c41bd58,ed5db2d90d8371c44cbe212d6d16ad117537c9e185a6592a6ca108ece643d8ce,2026-04-24T15:59:00-04:00,2026-04-26T01:55:46.523945+00:00,False,zero_volume_or,390,390,0,384,370,2023-10-16 15:59:00-04:00,2023-10-16 15:59:00-04:00,False,False,zero_volume_or_and_post_or,unknown,,0,20,,,,,tier1_pilot,False,False,zero_volume_or,,,,,,,,,,,,,,,,,,,,,,,,,,,,,,,False,zero_volume_or,,,,,,,,,,,,,,,,,,,,,,,,,,,,,,,False,zero_volume_or,,,,,,,,,,,,,,,,,,,,,,,,,,,,,,
2023-10-17,phase6_causal_or_retest_v1,d8df78957051c9de,25c269cde02debe4,7b30e3d97c41bd58,ed5db2d90d8371c44cbe212d6d16ad117537c9e185a6592a6ca108ece643d8ce,2026-04-24T15:59:00-04:00,2026-04-26T01:55:46.523945+00:00,False,zero_volume_or,390,390,0,361,349,2023-10-17 15:59:00-04:00,2023-10-17 15:59:00-04:00,False,False,zero_volume_or_and_post_or,unknown,,0,20,,,,,tier1_pilot,False,False,zero_volume_or,,,,,,,,,,,,,,,,,,,,,,,,,,,,,,,False,zero_volume_or,,,,,,,,,,,,,,,,,,,,,,,,,,,,,,,False,zero_volume_or,,,,,,,,,,,,,,,,,,,,,,,,,,,,,,
2023-10-18,phase6_causal_or_retest_v1,d8df78957051c9de,25c269cde02debe4,7b30e3d97c41bd58,ed5db2d90d8371c44cbe212d6d16ad117537c9e185a6592a6ca108ece643d8ce,2026-04-24T15:59:00-04:00,2026-04-26T01:55:46.523945+00:00,False,zero_volume_or,390,390,0,369,359,2023-10-18 15:59:00-04:00,2023-10-18 15:59:00-04:00,False,False,zero_volume_or_and_post_or,unknown,,0,20,,,,,tier1_pilot,False,False,zero_volume_or,,,,,,,,,,,,,,,,,,,,,,,,,,,,,,,False,zero_volume_or,,,,,,,,,,,,,,,,,,,,,,,,,,,,,,,False,zero_volume_or,,,,,,,,,,,,,,,,,,,,,,,,,,,,,,
2023-10-19,phase6_causal_or_retest_v1,d8df78957051c9de,25c269cde02debe4,7b30e3d97c41bd58,ed5db2d90d8371c44cbe212d6d16ad117537c9e185a6592a6ca108ece643d8ce,2026-04-24T15:59:00-04:00,2026-04-26T01:55:46.523945+00:00,False,zero_volume_or,390,390,0,386,371,2023-10-19 15:59:00-04:00,2023-10-19 15:59:00-04:00,False,False,zero_volume_or_and_post_or,unknown,,0,20,,,,,tier1_pilot,False,False,zero_volume_or,,,,,,,,,,,,,,,,,,,,,,,,,,,,,,,False,zero_volume_or,,,,,,,,,,,,,,,,,,,,,,,,,,,,,,,False,zero_volume_or,,,,,,,,,,,,,,,,,,,,,,,,,,,,,,
2023-10-20,phase6_causal_or_retest_v1,d8df78957051c9de,25c269cde02debe4,7b30e3d97c41bd58,ed5db2d90d8371c44cbe212d6d16ad117537c9e185a6592a6ca108ece643d8ce,2026-04-24T15:59:00-04:00,2026-04-26T01:55:46.523945+00:00,False,zero_volume_or,390,390,0,371,358,2023-10-20 15:59:00-04:00,2023-10-20 15:59:00-04:00,False,False,zero_volume_or_and_post_or,unknown,,0,20,,,,,tier1_pilot,False,False,zero_volume_or,,,,,,,,,,,,,,,,,,,,,,,,,,,,,,,False,zero_volume_or,,,,,,,,,,,,,,,,,,,,,,,,,,,,,,,False,zero_volume_or,,,,,,,,,,,,,,,,,,,,,,,,,,,,,,
2023-10-23,phase6_causal_or_retest_v1,d8df78957051c9de,25c269cde02debe4,7b30e3d97c41bd58,ed5db2d90d8371c44cbe212d6d16ad117537c9e185a6592a6ca108ece643d8ce,2026-04-24T15:59:00-04:00,2026-04-26T01:55:46.523945+00:00,False,zero_volume_or,390,390,0,381,368,2023-10-23 15:59:00-04:00,2023-10-23 15:59:00-04:00,False,False,zero_volume_or_and_post_or,unknown,,0,20,,,,,tier1_pilot,False,False,zero_volume_or,,,,,,,,,,,,,,,,,,,,,,,,,,,,,,,False,zero_volume_or,,,,,,,,,,,,,,,,,,,,,,,,,,,,,,,False,zero_volume_or,,,,,,,,,,,,,,,,,,,,,,,,,,,,,,
2023-10-24,phase6_causal_or_retest_v1,d8df78957051c9de,25c269cde02debe4,7b30e3d97c41bd58,ed5db2d90d8371c44cbe212d6d16ad117537c9e185a6592a6ca108ece643d8ce,2026-04-24T15:59:00-04:00,2026-04-26T01:55:46.523945+00:00,False,zero_volume_or,390,390,0,381,367,2023-10-24 15:59:00-04:00,2023-10-24 15:59:00-04:00,False,False,zero_volume_or_and_post_or,unknown,,0,20,,,,,tier1_pilot,False,False,zero_volume_or,,,,,,,,,,,,,,,,,,,,,,,,,,,,,,,False,zero_volume_or,,,,,,,,,,,,,,,,,,,,,,,,,,,,,,,False,zero_volume_or,,,,,,,,,,,,,,,,,,,,,,,,,,,,,,
2023-10-25,phase6_causal_or_retest_v1,d8df78957051c9de,25c269cde02debe4,7b30e3d97c41bd58,ed5db2d90d8371c44cbe212d6d16ad117537c9e185a6592a6ca108ece643d8ce,2026-04-24T15:59:00-04:00,2026-04-26T01:55:46.523945+00:00,False,zero_volume_or,390,390,0,362,351,2023-10-25 15:59:00-04:00,2023-10-25 15:59:00-04:00,False,False,zero_volume_or_and_post_or,unknown,,0,20,,,,,tier1_pilot,False,False,zero_volume_or,,,,,,,,,,,,,,,,,,,,,,,,,,,,,,,False,zero_volume_or,,,,,,,,,,,,,,,,,,,,,,,,,,,,,,,False,zero_volume_or,,,,,,,,,,,,,,,,,,,,,,,,,,,,,,
2023-10-26,phase6_causal_or_retest_v1,d8df78957051c9de,25c269cde02debe4,7b30e3d97c41bd58,ed5db2d90d8371c44cbe212d6d16ad117537c9e185a6592a6ca108ece643d8ce,2026-04-24T15:59:00-04:00,2026-04-26T01:55:46.523945+00:00,False,zero_volume_or,390,390,0,364,351,2023-10-26 15:59:00-04:00,2023-10-26 15:59:00-04:00,False,False,zero_volume_or_and_post_or,unknown,,0,20,,,,,tier1_pilot,False,False,zero_volume_or,,,,,,,,,,,,,,,,,,,,,,,,,,,,,,,False,zero_volume_or,,,,,,,,,,,,,,,,,,,,,,,,,,,,,,,False,zero_volume_or,,,,,,,,,,,,,,,,,,,,,,,,,,,,,,
2023-10-27,phase6_causal_or_retest_v1,d8df78957051c9de,25c269cde02debe4,7b30e3d97c41bd58,ed5db2d90d8371c44cbe212d6d16ad117537c9e185a6592a6ca108ece643d8ce,2026-04-24T15:59:00-04:00,2026-04-26T01:55:46.523945+00:00,False,zero_volume_or,390,390,0,375,361,2023-10-27 15:59:00-04:00,2023-10-27 15:59:00-04:00,False,False,zero_volume_or_and_post_or,unknown,,0,20,,,,,tier1_pilot,False,False,zero_volume_or,,,,,,,,,,,,,,,,,,,,,,,,,,,,,,,False,zero_volume_or,,,,,,,,,,,,,,,,,,,,,,,,,,,,,,,False,zero_volume_or,,,,,,,,,,,,,,,,,,,,,,,,,,,,,,
2023-10-30,phase6_causal_or_retest_v1,d8df78957051c9de,25c269cde02debe4,7b30e3d97c41bd58,ed5db2d90d8371c44cbe212d6d16ad117537c9e185a6592a6ca108ece643d8ce,2026-04-24T15:59:00-04:00,2026-04-26T01:55:46.523945+00:00,False,late_start,388,390,2,370,360,2023-10-30 15:59:00-04:00,2023-10-30 15:59:00-04:00,False,False,zero_volume_or_and_post_or+missing_rth_minutes,unknown,,0,20,,,,,tier1_pilot,False,False,late_start,,,,,,,,,,,,,,,,,,,,,,,,,,,,,,,False,late_start,,,,,,,,,,,,,,,,,,,,,,,,,,,,,,,False,late_start,,,,,,,,,,,,,,,,,,,,,,,,,,,,,,
2023-10-31,phase6_causal_or_retest_v1,d8df78957051c9de,25c269cde02debe4,7b30e3d97c41bd58,ed5db2d90d8371c44cbe212d6d16ad117537c9e185a6592a6ca108ece643d8ce,2026-04-24T15:59:00-04:00,2026-04-26T01:55:46.523945+00:00,False,zero_volume_or,390,390,0,373,358,2023-10-31 15:59:00-04:00,2023-10-31 15:59:00-04:00,False,False,zero_volume_or_and_post_or,unknown,,0,20,,,,,tier1_pilot,False,False,zero_volume_or,,,,,,,,,,,,,,,,,,,,,,,,,,,,,,,False,zero_volume_or,,,,,,,,,,,,,,,,,,,,,,,,,,,,,,,False,zero_volume_or,,,,,,,,,,,,,,,,,,,,,,,,,,,,,,
2023-11-01,phase6_causal_or_retest_v1,d8df78957051c9de,25c269cde02debe4,7b30e3d97c41bd58,ed5db2d90d8371c44cbe212d6d16ad117537c9e185a6592a6ca108ece643d8ce,2026-04-24T15:59:00-04:00,2026-04-26T01:55:46.523945+00:00,False,zero_volume_or,390,390,0,356,343,2023-11-01 15:59:00-04:00,2023-11-01 15:59:00-04:00,False,False,zero_volume_or_and_post_or,unknown,,0,20,,,,,tier1_pilot,False,False,zero_volume_or,,,,,,,,,,,,,,,,,,,,,,,,,,,,,,,False,zero_volume_or,,,,,,,,,,,,,,,,,,,,,,,,,,,,,,,False,zero_volume_or,,,,,,,,,,,,,,,,,,,,,,,,,,,,,,
2023-11-02,phase6_causal_or_retest_v1,d8df78957051c9de,25c269cde02debe4,7b30e3d97c41bd58,ed5db2d90d8371c44cbe212d6d16ad117537c9e185a6592a6ca108ece643d8ce,2026-04-24T15:59:00-04:00,2026-04-26T01:55:46.523945+00:00,False,zero_volume_or,390,390,0,362,351,2023-11-02 15:59:00-04:00,2023-11-02 15:59:00-04:00,False,False,zero_volume_or_and_post_or,unknown,,0,20,,,,,tier1_pilot,False,False,zero_volume_or,,,,,,,,,,,,,,,,,,,,,,,,,,,,,,,False,zero_volume_or,,,,,,,,,,,,,,,,,,,,,,,,,,,,,,,False,zero_volume_or,,,,,,,,,,,,,,,,,,,,,,,,,,,,,,
2023-11-03,phase6_causal_or_retest_v1,d8df78957051c9de,25c269cde02debe4,7b30e3d97c41bd58,ed5db2d90d8371c44cbe212d6d16ad117537c9e185a6592a6ca108ece643d8ce,2026-04-24T15:59:00-04:00,2026-04-26T01:55:46.523945+00:00,False,zero_volume_or,390,390,0,355,344,2023-11-03 15:59:00-04:00,2023-11-03 15:59:00-04:00,False,False,zero_volume_or_and_post_or,unknown,,0,20,,,,,tier1_pilot,False,False,zero_volume_or,,,,,,,,,,,,,,,,,,,,,,,,,,,,,,,False,zero_volume_or,,,,,,,,,,,,,,,,,,,,,,,,,,,,,,,False,zero_volume_or,,,,,,,,,,,,,,,,,,,,,,,,,,,,,,
2023-11-06,phase6_causal_or_retest_v1,d8df78957051c9de,25c269cde02debe4,7b30e3d97c41bd58,ed5db2d90d8371c44cbe212d6d16ad117537c9e185a6592a6ca108ece643d8ce,2026-04-24T15:59:00-04:00,2026-04-26T01:55:46.523945+00:00,False,zero_volume_or,390,390,0,383,369,2023-11-06 15:59:00-05:00,2023-11-06 15:59:00-05:00,False,False,zero_volume_or_and_post_or,unknown,,0,20,,,,,tier1_pilot,False,False,zero_volume_or,,,,,,,,,,,,,,,,,,,,,,,,,,,,,,,False,zero_volume_or,,,,,,,,,,,,,,,,,,,,,,,,,,,,,,,False,zero_volume_or,,,,,,,,,,,,,,,,,,,,,,,,,,,,,,
2023-11-07,phase6_causal_or_retest_v1,d8df78957051c9de,25c269cde02debe4,7b30e3d97c41bd58,ed5db2d90d8371c44cbe212d6d16ad117537c9e185a6592a6ca108ece643d8ce,2026-04-24T15:59:00-04:00,2026-04-26T01:55:46.523945+00:00,False,zero_volume_or,390,390,0,360,346,2023-11-07 15:59:00-05:00,2023-11-07 15:59:00-05:00,False,False,zero_volume_or_and_post_or,unknown,,0,20,,,,,tier1_pilot,False,False,zero_volume_or,,,,,,,,,,,,,,,,,,,,,,,,,,,,,,,False,zero_volume_or,,,,,,,,,,,,,,,,,,,,,,,,,,,,,,,False,zero_volume_or,,,,,,,,,,,,,,,,,,,,,,,,,,,,,,
2023-11-08,phase6_causal_or_retest_v1,d8df78957051c9de,25c269cde02debe4,7b30e3d97c41bd58,ed5db2d90d8371c44cbe212d6d16ad117537c9e185a6592a6ca108ece643d8ce,2026-04-24T15:59:00-04:00,2026-04-26T01:55:46.523945+00:00,False,zero_volume_or,390,390,0,375,361,2023-11-08 15:59:00-05:00,2023-11-08 15:59:00-05:00,False,False,zero_volume_or_and_post_or,unknown,,0,20,,,,,tier1_pilot,False,False,zero_volume_or,,,,,,,,,,,,,,,,,,,,,,,,,,,,,,,False,zero_volume_or,,,,,,,,,,,,,,,,,,,,,,,,,,,,,,,False,zero_volume_or,,,,,,,,,,,,,,,,,,,,,,,,,,,,,,
2023-11-09,phase6_causal_or_retest_v1,d8df78957051c9de,25c269cde02debe4,7b30e3d97c41bd58,ed5db2d90d8371c44cbe212d6d16ad117537c9e185a6592a6ca108ece643d8ce,2026-04-24T15:59:00-04:00,2026-04-26T01:55:46.523945+00:00,False,zero_volume_or,390,390,0,357,342,2023-11-09 15:59:00-05:00,2023-11-09 15:59:00-05:00,False,False,zero_volume_or_and_post_or,unknown,,0,20,,,,,tier1_pilot,False,False,zero_volume_or,,,,,,,,,,,,,,,,,,,,,,,,,,,,,,,False,zero_volume_or,,,,,,,,,,,,,,,,,,,,,,,,,,,,,,,False,zero_volume_or,,,,,,,,,,,,,,,,,,,,,,,,,,,,,,
2023-11-10,phase6_causal_or_retest_v1,d8df78957051c9de,25c269cde02debe4,7b30e3d97c41bd58,ed5db2d90d8371c44cbe212d6d16ad117537c9e185a6592a6ca108ece643d8ce,2026-04-24T15:59:00-04:00,2026-04-26T01:55:46.523945+00:00,False,zero_volume_or,390,390,0,343,329,2023-11-10 15:59:00-05:00,2023-11-10 15:59:00-05:00,False,False,zero_volume_or_and_post_or,unknown,,0,20,,,,,tier1_pilot,False,False,zero_volume_or,,,,,,,,,,,,,,,,,,,,,,,,,,,,,,,False,zero_volume_or,,,,,,,,,,,,,,,,,,,,,,,,,,,,,,,False,zero_volume_or,,,,,,,,,,,,,,,,,,,,,,,,,,,,,,
2023-11-13,phase6_causal_or_retest_v1,d8df78957051c9de,25c269cde02debe4,7b30e3d97c41bd58,ed5db2d90d8371c44cbe212d6d16ad117537c9e185a6592a6ca108ece643d8ce,2026-04-24T15:59:00-04:00,2026-04-26T01:55:46.523945+00:00,False,zero_volume_or,390,390,0,367,354,2023-11-13 15:59:00-05:00,2023-11-13 15:59:00-05:00,False,False,zero_volume_or_and_post_or,unknown,,0,20,,,,,tier1_pilot,False,False,zero_volume_or,,,,,,,,,,,,,,,,,,,,,,,,,,,,,,,False,zero_volume_or,,,,,,,,,,,,,,,,,,,,,,,,,,,,,,,False,zero_volume_or,,,,,,,,,,,,,,,,,,,,,,,,,,,,,,
2023-11-14,phase6_causal_or_retest_v1,d8df78957051c9de,25c269cde02debe4,7b30e3d97c41bd58,ed5db2d90d8371c44cbe212d6d16ad117537c9e185a6592a6ca108ece643d8ce,2026-04-24T15:59:00-04:00,2026-04-26T01:55:46.523945+00:00,False,zero_volume_or,390,390,0,348,336,2023-11-14 15:59:00-05:00,2023-11-14 15:59:00-05:00,False,False,zero_volume_or_and_post_or,unknown,,0,20,,,,,tier1_pilot,False,False,zero_volume_or,,,,,,,,,,,,,,,,,,,,,,,,,,,,,,,False,zero_volume_or,,,,,,,,,,,,,,,,,,,,,,,,,,,,,,,False,zero_volume_or,,,,,,,,,,,,,,,,,,,,,,,,,,,,,,
2023-11-15,phase6_causal_or_retest_v1,d8df78957051c9de,25c269cde02debe4,7b30e3d97c41bd58,ed5db2d90d8371c44cbe212d6d16ad117537c9e185a6592a6ca108ece643d8ce,2026-04-24T15:59:00-04:00,2026-04-26T01:55:46.523945+00:00,False,zero_volume_or,390,390,0,349,338,2023-11-15 15:59:00-05:00,2023-11-15 15:59:00-05:00,False,False,zero_volume_or_and_post_or,unknown,,0,20,,,,,tier1_pilot,False,False,zero_volume_or,,,,,,,,,,,,,,,,,,,,,,,,,,,,,,,False,zero_volume_or,,,,,,,,,,,,,,,,,,,,,,,,,,,,,,,False,zero_volume_or,,,,,,,,,,,,,,,,,,,,,,,,,,,,,,
2023-11-16,phase6_causal_or_retest_v1,d8df78957051c9de,25c269cde02debe4,7b30e3d97c41bd58,ed5db2d90d8371c44cbe212d6d16ad117537c9e185a6592a6ca108ece643d8ce,2026-04-24T15:59:00-04:00,2026-04-26T01:55:46.523945+00:00,False,zero_volume_or,390,390,0,347,333,2023-11-16 15:59:00-05:00,2023-11-16 15:59:00-05:00,False,False,zero_volume_or_and_post_or,unknown,,0,20,,,,,tier1_pilot,False,False,zero_volume_or,,,,,,,,,,,,,,,,,,,,,,,,,,,,,,,False,zero_volume_or,,,,,,,,,,,,,,,,,,,,,,,,,,,,,,,False,zero_volume_or,,,,,,,,,,,,,,,,,,,,,,,,,,,,,,
2023-11-17,phase6_causal_or_retest_v1,d8df78957051c9de,25c269cde02debe4,7b30e3d97c41bd58,ed5db2d90d8371c44cbe212d6d16ad117537c9e185a6592a6ca108ece643d8ce,2026-04-24T15:59:00-04:00,2026-04-26T01:55:46.523945+00:00,False,zero_volume_or,390,390,0,355,346,2023-11-17 15:59:00-05:00,2023-11-17 15:59:00-05:00,False,False,zero_volume_or_and_post_or,unknown,,0,20,,,,,tier1_pilot,False,False,zero_volume_or,,,,,,,,,,,,,,,,,,,,,,,,,,,,,,,False,zero_volume_or,,,,,,,,,,,,,,,,,,,,,,,,,,,,,,,False,zero_volume_or,,,,,,,,,,,,,,,,,,,,,,,,,,,,,,
2023-11-20,phase6_causal_or_retest_v1,d8df78957051c9de,25c269cde02debe4,7b30e3d97c41bd58,ed5db2d90d8371c44cbe212d6d16ad117537c9e185a6592a6ca108ece643d8ce,2026-04-24T15:59:00-04:00,2026-04-26T01:55:46.523945+00:00,False,zero_volume_or,390,390,0,337,328,2023-11-20 15:59:00-05:00,2023-11-20 15:59:00-05:00,False,False,zero_volume_or_and_post_or,unknown,,0,20,,,,,tier1_pilot,False,False,zero_volume_or,,,,,,,,,,,,,,,,,,,,,,,,,,,,,,,False,zero_volume_or,,,,,,,,,,,,,,,,,,,,,,,,,,,,,,,False,zero_volume_or,,,,,,,,,,,,,,,,,,,,,,,,,,,,,,
2023-11-21,phase6_causal_or_retest_v1,d8df78957051c9de,25c269cde02debe4,7b30e3d97c41bd58,ed5db2d90d8371c44cbe212d6d16ad117537c9e185a6592a6ca108ece643d8ce,2026-04-24T15:59:00-04:00,2026-04-26T01:55:46.523945+00:00,False,zero_volume_or,390,390,0,352,338,2023-11-21 15:59:00-05:00,2023-11-21 15:59:00-05:00,False,False,zero_volume_or_and_post_or,unknown,,0,20,,,,,tier1_pilot,False,False,zero_volume_or,,,,,,,,,,,,,,,,,,,,,,,,,,,,,,,False,zero_volume_or,,,,,,,,,,,,,,,,,,,,,,,,,,,,,,,False,zero_volume_or,,,,,,,,,,,,,,,,,,,,,,,,,,,,,,
2023-11-22,phase6_causal_or_retest_v1,d8df78957051c9de,25c269cde02debe4,7b30e3d97c41bd58,ed5db2d90d8371c44cbe212d6d16ad117537c9e185a6592a6ca108ece643d8ce,2026-04-24T15:59:00-04:00,2026-04-26T01:55:46.523945+00:00,False,zero_volume_or,390,390,0,341,330,2023-11-22 15:59:00-05:00,2023-11-22 15:59:00-05:00,False,False,zero_volume_or_and_post_or,unknown,,0,20,,,,,tier1_pilot,False,False,zero_volume_or,,,,,,,,,,,,,,,,,,,,,,,,,,,,,,,False,zero_volume_or,,,,,,,,,,,,,,,,,,,,,,,,,,,,,,,False,zero_volume_or,,,,,,,,,,,,,,,,,,,,,,,,,,,,,,
2023-11-24,phase6_causal_or_retest_v1,d8df78957051c9de,25c269cde02debe4,7b30e3d97c41bd58,ed5db2d90d8371c44cbe212d6d16ad117537c9e185a6592a6ca108ece643d8ce,2026-04-24T15:59:00-04:00,2026-04-26T01:55:46.523945+00:00,False,zero_volume_or,225,390,165,207,197,2023-11-24 13:14:00-05:00,2023-11-24 15:59:00-05:00,False,False,zero_volume_or_and_post_or+missing_rth_minutes,unknown,,0,20,,,,,tier1_pilot,False,False,zero_volume_or,,,,,,,,,,,,,,,,,,,,,,,,,,,,,,,False,zero_volume_or,,,,,,,,,,,,,,,,,,,,,,,,,,,,,,,False,zero_volume_or,,,,,,,,,,,,,,,,,,,,,,,,,,,,,,
2023-11-27,phase6_causal_or_retest_v1,d8df78957051c9de,25c269cde02debe4,7b30e3d97c41bd58,ed5db2d90d8371c44cbe212d6d16ad117537c9e185a6592a6ca108ece643d8ce,2026-04-24T15:59:00-04:00,2026-04-26T01:55:46.523945+00:00,False,zero_volume_or,390,390,0,338,325,2023-11-27 15:59:00-05:00,2023-11-27 15:59:00-05:00,False,False,zero_volume_or_and_post_or,unknown,,0,20,,,,,tier1_pilot,False,False,zero_volume_or,,,,,,,,,,,,,,,,,,,,,,,,,,,,,,,False,zero_volume_or,,,,,,,,,,,,,,,,,,,,,,,,,,,,,,,False,zero_volume_or,,,,,,,,,,,,,,,,,,,,,,,,,,,,,,
2023-11-28,phase6_causal_or_retest_v1,d8df78957051c9de,25c269cde02debe4,7b30e3d97c41bd58,ed5db2d90d8371c44cbe212d6d16ad117537c9e185a6592a6ca108ece643d8ce,2026-04-24T15:59:00-04:00,2026-04-26T01:55:46.523945+00:00,False,zero_volume_or,390,390,0,360,346,2023-11-28 15:59:00-05:00,2023-11-28 15:59:00-05:00,False,False,zero_volume_or_and_post_or,unknown,,0,20,,,,,tier1_pilot,False,False,zero_volume_or,,,,,,,,,,,,,,,,,,,,,,,,,,,,,,,False,zero_volume_or,,,,,,,,,,,,,,,,,,,,,,,,,,,,,,,False,zero_volume_or,,,,,,,,,,,,,,,,,,,,,,,,,,,,,,
2023-11-29,phase6_causal_or_retest_v1,d8df78957051c9de,25c269cde02debe4,7b30e3d97c41bd58,ed5db2d90d8371c44cbe212d6d16ad117537c9e185a6592a6ca108ece643d8ce,2026-04-24T15:59:00-04:00,2026-04-26T01:55:46.523945+00:00,False,zero_volume_or,390,390,0,327,317,2023-11-29 15:59:00-05:00,2023-11-29 15:59:00-05:00,False,False,zero_volume_or_and_post_or,unknown,,0,20,,,,,tier1_pilot,False,False,zero_volume_or,,,,,,,,,,,,,,,,,,,,,,,,,,,,,,,False,zero_volume_or,,,,,,,,,,,,,,,,,,,,,,,,,,,,,,,False,zero_volume_or,,,,,,,,,,,,,,,,,,,,,,,,,,,,,,
2023-11-30,phase6_causal_or_retest_v1,d8df78957051c9de,25c269cde02debe4,7b30e3d97c41bd58,ed5db2d90d8371c44cbe212d6d16ad117537c9e185a6592a6ca108ece643d8ce,2026-04-24T15:59:00-04:00,2026-04-26T01:55:46.523945+00:00,False,zero_volume_or,390,390,0,346,336,2023-11-30 15:59:00-05:00,2023-11-30 15:59:00-05:00,False,False,zero_volume_or_and_post_or,unknown,,0,20,,,,,tier1_pilot,False,False,zero_volume_or,,,,,,,,,,,,,,,,,,,,,,,,,,,,,,,False,zero_volume_or,,,,,,,,,,,,,,,,,,,,,,,,,,,,,,,False,zero_volume_or,,,,,,,,,,,,,,,,,,,,,,,,,,,,,,
2023-12-01,phase6_causal_or_retest_v1,d8df78957051c9de,25c269cde02debe4,7b30e3d97c41bd58,ed5db2d90d8371c44cbe212d6d16ad117537c9e185a6592a6ca108ece643d8ce,2026-04-24T15:59:00-04:00,2026-04-26T01:55:46.523945+00:00,False,zero_volume_or,390,390,0,335,326,2023-12-01 15:59:00-05:00,2023-12-01 15:59:00-05:00,False,False,zero_volume_or_and_post_or,unknown,,0,20,,,,,tier1_pilot,False,False,zero_volume_or,,,,,,,,,,,,,,,,,,,,,,,,,,,,,,,False,zero_volume_or,,,,,,,,,,,,,,,,,,,,,,,,,,,,,,,False,zero_volume_or,,,,,,,,,,,,,,,,,,,,,,,,,,,,,,
2023-12-04,phase6_causal_or_retest_v1,d8df78957051c9de,25c269cde02debe4,7b30e3d97c41bd58,ed5db2d90d8371c44cbe212d6d16ad117537c9e185a6592a6ca108ece643d8ce,2026-04-24T15:59:00-04:00,2026-04-26T01:55:46.523945+00:00,False,zero_volume_or,390,390,0,295,289,2023-12-04 15:59:00-05:00,2023-12-04 15:59:00-05:00,False,False,zero_volume_or_and_post_or,unknown,,0,20,,,,,tier1_pilot,False,False,zero_volume_or,,,,,,,,,,,,,,,,,,,,,,,,,,,,,,,False,zero_volume_or,,,,,,,,,,,,,,,,,,,,,,,,,,,,,,,False,zero_volume_or,,,,,,,,,,,,,,,,,,,,,,,,,,,,,,
2023-12-05,phase6_causal_or_retest_v1,d8df78957051c9de,25c269cde02debe4,7b30e3d97c41bd58,ed5db2d90d8371c44cbe212d6d16ad117537c9e185a6592a6ca108ece643d8ce,2026-04-24T15:59:00-04:00,2026-04-26T01:55:46.523945+00:00,False,zero_volume_or,390,390,0,329,321,2023-12-05 15:59:00-05:00,2023-12-05 15:59:00-05:00,False,False,zero_volume_or_and_post_or,unknown,,0,20,,,,,tier1_pilot,False,False,zero_volume_or,,,,,,,,,,,,,,,,,,,,,,,,,,,,,,,False,zero_volume_or,,,,,,,,,,,,,,,,,,,,,,,,,,,,,,,False,zero_volume_or,,,,,,,,,,,,,,,,,,,,,,,,,,,,,,
2023-12-06,phase6_causal_or_retest_v1,d8df78957051c9de,25c269cde02debe4,7b30e3d97c41bd58,ed5db2d90d8371c44cbe212d6d16ad117537c9e185a6592a6ca108ece643d8ce,2026-04-24T15:59:00-04:00,2026-04-26T01:55:46.523945+00:00,False,zero_volume_or,390,390,0,328,327,2023-12-06 15:59:00-05:00,2023-12-06 15:59:00-05:00,False,False,zero_volume_or_and_post_or,unknown,,0,20,,,,,tier1_pilot,False,False,zero_volume_or,,,,,,,,,,,,,,,,,,,,,,,,,,,,,,,False,zero_volume_or,,,,,,,,,,,,,,,,,,,,,,,,,,,,,,,False,zero_volume_or,,,,,,,,,,,,,,,,,,,,,,,,,,,,,,
2023-12-07,phase6_causal_or_retest_v1,d8df78957051c9de,25c269cde02debe4,7b30e3d97c41bd58,ed5db2d90d8371c44cbe212d6d16ad117537c9e185a6592a6ca108ece643d8ce,2026-04-24T15:59:00-04:00,2026-04-26T01:55:46.523945+00:00,False,zero_volume_or,390,390,0,282,277,2023-12-07 15:59:00-05:00,2023-12-07 15:59:00-05:00,False,False,zero_volume_or_and_post_or,unknown,,0,20,,,,,tier1_pilot,False,False,zero_volume_or,,,,,,,,,,,,,,,,,,,,,,,,,,,,,,,False,zero_volume_or,,,,,,,,,,,,,,,,,,,,,,,,,,,,,,,False,zero_volume_or,,,,,,,,,,,,,,,,,,,,,,,,,,,,,,
2023-12-08,phase6_causal_or_retest_v1,d8df78957051c9de,25c269cde02debe4,7b30e3d97c41bd58,ed5db2d90d8371c44cbe212d6d16ad117537c9e185a6592a6ca108ece643d8ce,2026-04-24T15:59:00-04:00,2026-04-26T01:55:46.523945+00:00,False,zero_volume_or,390,390,0,284,273,2023-12-08 15:59:00-05:00,2023-12-08 15:59:00-05:00,False,False,zero_volume_or_and_post_or,unknown,,0,20,,,,,tier1_pilot,False,False,zero_volume_or,,,,,,,,,,,,,,,,,,,,,,,,,,,,,,,False,zero_volume_or,,,,,,,,,,,,,,,,,,,,,,,,,,,,,,,False,zero_volume_or,,,,,,,,,,,,,,,,,,,,,,,,,,,,,,
2023-12-11,phase6_causal_or_retest_v1,d8df78957051c9de,25c269cde02debe4,7b30e3d97c41bd58,ed5db2d90d8371c44cbe212d6d16ad117537c9e185a6592a6ca108ece643d8ce,2026-04-24T15:59:00-04:00,2026-04-26T01:55:46.523945+00:00,False,zero_volume_or,390,390,0,282,277,2023-12-11 15:59:00-05:00,2023-12-11 15:59:00-05:00,False,False,zero_volume_or_and_post_or,unknown,,0,20,,,,,tier1_pilot,False,False,zero_volume_or,,,,,,,,,,,,,,,,,,,,,,,,,,,,,,,False,zero_volume_or,,,,,,,,,,,,,,,,,,,,,,,,,,,,,,,False,zero_volume_or,,,,,,,,,,,,,,,,,,,,,,,,,,,,,,
2023-12-12,phase6_causal_or_retest_v1,d8df78957051c9de,25c269cde02debe4,7b30e3d97c41bd58,ed5db2d90d8371c44cbe212d6d16ad117537c9e185a6592a6ca108ece643d8ce,2026-04-24T15:59:00-04:00,2026-04-26T01:55:46.523945+00:00,False,zero_volume_or,390,390,0,264,262,2023-12-12 15:59:00-05:00,2023-12-12 15:59:00-05:00,False,False,zero_volume_or_and_post_or,unknown,,0,20,,,,,tier1_pilot,False,False,zero_volume_or,,,,,,,,,,,,,,,,,,,,,,,,,,,,,,,False,zero_volume_or,,,,,,,,,,,,,,,,,,,,,,,,,,,,,,,False,zero_volume_or,,,,,,,,,,,,,,,,,,,,,,,,,,,,,,
2023-12-13,phase6_causal_or_retest_v1,d8df78957051c9de,25c269cde02debe4,7b30e3d97c41bd58,ed5db2d90d8371c44cbe212d6d16ad117537c9e185a6592a6ca108ece643d8ce,2026-04-24T15:59:00-04:00,2026-04-26T01:55:46.523945+00:00,False,zero_volume_or,390,390,0,182,180,2023-12-13 15:59:00-05:00,2023-12-13 15:59:00-05:00,False,False,zero_volume_or_and_post_or,unknown,,0,20,,,,,tier1_pilot,False,False,zero_volume_or,,,,,,,,,,,,,,,,,,,,,,,,,,,,,,,False,zero_volume_or,,,,,,,,,,,,,,,,,,,,,,,,,,,,,,,False,zero_volume_or,,,,,,,,,,,,,,,,,,,,,,,,,,,,,,
2023-12-14,phase6_causal_or_retest_v1,d8df78957051c9de,25c269cde02debe4,7b30e3d97c41bd58,ed5db2d90d8371c44cbe212d6d16ad117537c9e185a6592a6ca108ece643d8ce,2026-04-24T15:59:00-04:00,2026-04-26T01:55:46.523945+00:00,False,zero_volume_or,390,390,0,169,164,2023-12-14 15:59:00-05:00,2023-12-14 15:59:00-05:00,False,False,zero_volume_or_and_post_or,unknown,,0,20,,,,,tier1_pilot,False,False,zero_volume_or,,,,,,,,,,,,,,,,,,,,,,,,,,,,,,,False,zero_volume_or,,,,,,,,,,,,,,,,,,,,,,,,,,,,,,,False,zero_volume_or,,,,,,,,,,,,,,,,,,,,,,,,,,,,,,
2023-12-15,phase6_causal_or_retest_v1,d8df78957051c9de,25c269cde02debe4,7b30e3d97c41bd58,ed5db2d90d8371c44cbe212d6d16ad117537c9e185a6592a6ca108ece643d8ce,2026-04-24T15:59:00-04:00,2026-04-26T01:55:46.523945+00:00,False,zero_volume_or,390,390,0,171,169,2023-12-15 15:59:00-05:00,2023-12-15 15:59:00-05:00,False,False,zero_volume_or_and_post_or,unknown,,0,20,,,,,tier1_pilot,False,False,zero_volume_or,,,,,,,,,,,,,,,,,,,,,,,,,,,,,,,False,zero_volume_or,,,,,,,,,,,,,,,,,,,,,,,,,,,,,,,False,zero_volume_or,,,,,,,,,,,,,,,,,,,,,,,,,,,,,,
2023-12-18,phase6_causal_or_retest_v1,d8df78957051c9de,25c269cde02debe4,7b30e3d97c41bd58,ed5db2d90d8371c44cbe212d6d16ad117537c9e185a6592a6ca108ece643d8ce,2026-04-24T15:59:00-04:00,2026-04-26T01:55:46.523945+00:00,False,zero_volume_or,390,390,0,157,155,2023-12-18 15:59:00-05:00,2023-12-18 15:59:00-05:00,False,False,zero_volume_or_and_post_or,unknown,,0,20,,,,,tier1_pilot,False,False,zero_volume_or,,,,,,,,,,,,,,,,,,,,,,,,,,,,,,,False,zero_volume_or,,,,,,,,,,,,,,,,,,,,,,,,,,,,,,,False,zero_volume_or,,,,,,,,,,,,,,,,,,,,,,,,,,,,,,
2023-12-19,phase6_causal_or_retest_v1,d8df78957051c9de,25c269cde02debe4,7b30e3d97c41bd58,ed5db2d90d8371c44cbe212d6d16ad117537c9e185a6592a6ca108ece643d8ce,2026-04-24T15:59:00-04:00,2026-04-26T01:55:46.523945+00:00,True,clean,390,390,0,186,186,2023-12-19 15:59:00-05:00,2023-12-19 15:59:00-05:00,False,False,or_clean_but_post_or_zero_volume,normal,50.0,0,20,17206.5,17156.5,50.0,0.88,tier1_pilot,True,True,,2023-12-19 10:33:00-05:00,2023-12-19 10:38:00-05:00,2023-12-19 10:39:00-05:00,17201.0,17203.5,17163.5,17253.5,2023-12-19 15:55:00-05:00,17228.0,17225.5,time_exit,42.66,17213.75,17217.0,17209.25,17209.25,5.0,17190.108996539795,17201.0,17201.0,17189.0,17189.0,4.0,17190.148464163827,17220.0,17228.0,17220.0,17228.0,8.0,17200.827755466304,True,,2023-12-19 10:33:00-05:00,2023-12-19 10:38:00-05:00,2023-12-19 10:39:00-05:00,17201.0,17203.5,17163.5,17283.5,2023-12-19 15:55:00-05:00,17228.0,17225.5,time_exit,42.66,17213.75,17217.0,17209.25,17209.25,5.0,17190.108996539795,17201.0,17201.0,17189.0,17189.0,4.0,17190.148464163827,17220.0,17228.0,17220.0,17228.0,8.0,17200.827755466304,True,,2023-12-19 10:33:00-05:00,2023-12-19 10:38:00-05:00,2023-12-19 10:39:00-05:00,17201.0,17203.5,17163.5,17253.5,2023-12-19 15:55:00-05:00,17228.0,17225.5,time_exit,42.66,17213.75,17217.0,17209.25,17209.25,5.0,17190.108996539795,17201.0,17201.0,17189.0,17189.0,4.0,17190.148464163827,17220.0,17228.0,17220.0,17228.0,8.0,17200.827755466304
2023-12-20,phase6_causal_or_retest_v1,d8df78957051c9de,25c269cde02debe4,7b30e3d97c41bd58,ed5db2d90d8371c44cbe212d6d16ad117537c9e185a6592a6ca108ece643d8ce,2026-04-24T15:59:00-04:00,2026-04-26T01:55:46.523945+00:00,False,zero_volume_or,390,390,0,115,114,2023-12-20 15:59:00-05:00,2023-12-20 15:59:00-05:00,False,False,zero_volume_or_and_post_or,unknown,,1,20,,,,,tier1_pilot,False,False,zero_volume_or,,,,,,,,,,,,,,,,,,,,,,,,,,,,,,,False,zero_volume_or,,,,,,,,,,,,,,,,,,,,,,,,,,,,,,,False,zero_volume_or,,,,,,,,,,,,,,,,,,,,,,,,,,,,,,
2023-12-21,phase6_causal_or_retest_v1,d8df78957051c9de,25c269cde02debe4,7b30e3d97c41bd58,ed5db2d90d8371c44cbe212d6d16ad117537c9e185a6592a6ca108ece643d8ce,2026-04-24T15:59:00-04:00,2026-04-26T01:55:46.523945+00:00,False,zero_volume_or,390,390,0,110,109,2023-12-21 15:59:00-05:00,2023-12-21 15:59:00-05:00,False,False,zero_volume_or_and_post_or,unknown,,1,20,,,,,tier1_pilot,False,False,zero_volume_or,,,,,,,,,,,,,,,,,,,,,,,,,,,,,,,False,zero_volume_or,,,,,,,,,,,,,,,,,,,,,,,,,,,,,,,False,zero_volume_or,,,,,,,,,,,,,,,,,,,,,,,,,,,,,,
2023-12-22,phase6_causal_or_retest_v1,d8df78957051c9de,25c269cde02debe4,7b30e3d97c41bd58,ed5db2d90d8371c44cbe212d6d16ad117537c9e185a6592a6ca108ece643d8ce,2026-04-24T15:59:00-04:00,2026-04-26T01:55:46.523945+00:00,False,zero_volume_or,390,390,0,166,165,2023-12-22 15:59:00-05:00,2023-12-22 15:59:00-05:00,False,False,zero_volume_or_and_post_or,unknown,,1,20,,,,,tier1_pilot,False,False,zero_volume_or,,,,,,,,,,,,,,,,,,,,,,,,,,,,,,,False,zero_volume_or,,,,,,,,,,,,,,,,,,,,,,,,,,,,,,,False,zero_volume_or,,,,,,,,,,,,,,,,,,,,,,,,,,,,,,
2023-12-26,phase6_causal_or_retest_v1,d8df78957051c9de,25c269cde02debe4,7b30e3d97c41bd58,ed5db2d90d8371c44cbe212d6d16ad117537c9e185a6592a6ca108ece643d8ce,2026-04-24T15:59:00-04:00,2026-04-26T01:55:46.523945+00:00,False,zero_volume_or,390,390,0,244,241,2023-12-26 15:59:00-05:00,2023-12-26 15:59:00-05:00,False,False,zero_volume_or_and_post_or,unknown,,1,20,,,,,tier1_pilot,False,False,zero_volume_or,,,,,,,,,,,,,,,,,,,,,,,,,,,,,,,False,zero_volume_or,,,,,,,,,,,,,,,,,,,,,,,,,,,,,,,False,zero_volume_or,,,,,,,,,,,,,,,,,,,,,,,,,,,,,,
2023-12-27,phase6_causal_or_retest_v1,d8df78957051c9de,25c269cde02debe4,7b30e3d97c41bd58,ed5db2d90d8371c44cbe212d6d16ad117537c9e185a6592a6ca108ece643d8ce,2026-04-24T15:59:00-04:00,2026-04-26T01:55:46.523945+00:00,False,zero_volume_or,390,390,0,194,192,2023-12-27 15:59:00-05:00,2023-12-27 15:59:00-05:00,False,False,zero_volume_or_and_post_or,unknown,,1,20,,,,,tier1_pilot,False,False,zero_volume_or,,,,,,,,,,,,,,,,,,,,,,,,,,,,,,,False,zero_volume_or,,,,,,,,,,,,,,,,,,,,,,,,,,,,,,,False,zero_volume_or,,,,,,,,,,,,,,,,,,,,,,,,,,,,,,
2023-12-28,phase6_causal_or_retest_v1,d8df78957051c9de,25c269cde02debe4,7b30e3d97c41bd58,ed5db2d90d8371c44cbe212d6d16ad117537c9e185a6592a6ca108ece643d8ce,2026-04-24T15:59:00-04:00,2026-04-26T01:55:46.523945+00:00,False,zero_volume_or,390,390,0,217,216,2023-12-28 15:59:00-05:00,2023-12-28 15:59:00-05:00,False,False,zero_volume_or_and_post_or,unknown,,1,20,,,,,tier1_pilot,False,False,zero_volume_or,,,,,,,,,,,,,,,,,,,,,,,,,,,,,,,False,zero_volume_or,,,,,,,,,,,,,,,,,,,,,,,,,,,,,,,False,zero_volume_or,,,,,,,,,,,,,,,,,,,,,,,,,,,,,,
2023-12-29,phase6_causal_or_retest_v1,d8df78957051c9de,25c269cde02debe4,7b30e3d97c41bd58,ed5db2d90d8371c44cbe212d6d16ad117537c9e185a6592a6ca108ece643d8ce,2026-04-24T15:59:00-04:00,2026-04-26T01:55:46.523945+00:00,False,zero_volume_or,390,390,0,153,151,2023-12-29 15:59:00-05:00,2023-12-29 15:59:00-05:00,False,False,zero_volume_or_and_post_or,unknown,,1,20,,,,,tier1_pilot,False,False,zero_volume_or,,,,,,,,,,,,,,,,,,,,,,,,,,,,,,,False,zero_volume_or,,,,,,,,,,,,,,,,,,,,,,,,,,,,,,,False,zero_volume_or,,,,,,,,,,,,,,,,,,,,,,,,,,,,,,
2024-01-02,phase6_causal_or_retest_v1,d8df78957051c9de,25c269cde02debe4,7b30e3d97c41bd58,ed5db2d90d8371c44cbe212d6d16ad117537c9e185a6592a6ca108ece643d8ce,2026-04-24T15:59:00-04:00,2026-04-26T01:55:46.523945+00:00,True,clean,390,390,0,103,103,2024-01-02 15:59:00-05:00,2024-01-02 15:59:00-05:00,False,False,or_clean_but_post_or_zero_volume,normal,50.0,1,20,17076.75,16974.0,102.75,0.10218978102189781,tier1_pilot,False,False,no_upside_breakout,,,,,,,,,,,,,,,,,,,,,,,,,,,,,,,False,no_upside_breakout,,,,,,,,,,,,,,,,,,,,,,,,,,,,,,,False,no_upside_breakout,,,,,,,,,,,,,,,,,,,,,,,,,,,,,,
2024-01-03,phase6_causal_or_retest_v1,d8df78957051c9de,25c269cde02debe4,7b30e3d97c41bd58,ed5db2d90d8371c44cbe212d6d16ad117537c9e185a6592a6ca108ece643d8ce,2026-04-24T15:59:00-04:00,2026-04-26T01:55:46.523945+00:00,True,clean,390,390,0,130,130,2024-01-03 15:59:00-05:00,2024-01-03 15:59:00-05:00,False,False,or_clean_but_post_or_zero_volume,normal,50.0,2,20,16847.5,16791.5,56.0,0.9419642857142857,tier1_pilot,True,True,,2024-01-03 09:48:00-05:00,2024-01-03 10:05:00-05:00,2024-01-03 10:06:00-05:00,16852.75,16855.25,16815.25,16905.25,2024-01-03 10:09:00-05:00,16815.25,16812.75,stop,-86.34,16844.5,16850.75,16844.5,16850.75,7.0,16824.080540037245,16852.75,16852.75,16839.75,16839.75,29.0,16825.57945736434,16825.25,16825.25,16813.75,16813.75,11.0,16825.452960259532,True,,2024-01-03 09:48:00-05:00,2024-01-03 10:05:00-05:00,2024-01-03 10:06:00-05:00,16852.75,16855.25,16815.25,16935.25,2024-01-03 10:09:00-05:00,16815.25,16812.75,stop,-86.34,16844.5,16850.75,16844.5,16850.75,7.0,16824.080540037245,16852.75,16852.75,16839.75,16839.75,29.0,16825.57945736434,16825.25,16825.25,16813.75,16813.75,11.0,16825.452960259532,True,,2024-01-03 09:48:00-05:00,2024-01-03 10:05:00-05:00,2024-01-03 10:06:00-05:00,16852.75,16855.25,16815.25,16905.25,2024-01-03 10:09:00-05:00,16815.25,16812.75,stop,-86.34,16844.5,16850.75,16844.5,16850.75,7.0,16824.080540037245,16852.75,16852.75,16839.75,16839.75,29.0,16825.57945736434,16825.25,16825.25,16813.75,16813.75,11.0,16825.452960259532
2024-01-04,phase6_causal_or_retest_v1,d8df78957051c9de,25c269cde02debe4,7b30e3d97c41bd58,ed5db2d90d8371c44cbe212d6d16ad117537c9e185a6592a6ca108ece643d8ce,2026-04-24T15:59:00-04:00,2026-04-26T01:55:46.523945+00:00,True,clean,390,390,0,111,111,2024-01-04 15:59:00-05:00,2024-01-04 15:59:00-05:00,False,False,or_clean_but_post_or_zero_volume,normal,50.0,3,20,16701.0,16649.75,51.25,0.6146341463414634,tier1_pilot,False,False,no_retest_signal,2024-01-04 10:07:00-05:00,,,,,,,,,,,,,,,,,,,,,,,,,,,,,,False,no_retest_signal,2024-01-04 10:07:00-05:00,,,,,,,,,,,,,,,,,,,,,,,,,,,,,,False,no_retest_signal,2024-01-04 10:07:00-05:00,,,,,,,,,,,,,,,,,,,,,,,,,,,,,
2024-01-05,phase6_causal_or_retest_v1,d8df78957051c9de,25c269cde02debe4,7b30e3d97c41bd58,ed5db2d90d8371c44cbe212d6d16ad117537c9e185a6592a6ca108ece643d8ce,2026-04-24T15:59:00-04:00,2026-04-26T01:55:46.523945+00:00,False,zero_volume_or,390,390,0,111,109,2024-01-05 15:59:00-05:00,2024-01-05 15:59:00-05:00,False,False,zero_volume_or_and_post_or,unknown,,4,20,,,,,tier1_pilot,False,False,zero_volume_or,,,,,,,,,,,,,,,,,,,,,,,,,,,,,,,False,zero_volume_or,,,,,,,,,,,,,,,,,,,,,,,,,,,,,,,False,zero_volume_or,,,,,,,,,,,,,,,,,,,,,,,,,,,,,,
2024-01-08,phase6_causal_or_retest_v1,d8df78957051c9de,25c269cde02debe4,7b30e3d97c41bd58,ed5db2d90d8371c44cbe212d6d16ad117537c9e185a6592a6ca108ece643d8ce,2026-04-24T15:59:00-04:00,2026-04-26T01:55:46.523945+00:00,True,clean,390,390,0,109,109,2024-01-08 15:59:00-05:00,2024-01-08 15:59:00-05:00,False,False,or_clean_but_post_or_zero_volume,normal,50.0,4,20,16782.0,16713.75,68.25,1.0,tier1_pilot,False,False,no_retest_signal,2024-01-08 09:45:00-05:00,,,,,,,,,,,,,,,,,,,,,,,,,,,,,,False,no_retest_signal,2024-01-08 09:45:00-05:00,,,,,,,,,,,,,,,,,,,,,,,,,,,,,,False,no_retest_signal,2024-01-08 09:45:00-05:00,,,,,,,,,,,,,,,,,,,,,,,,,,,,,
2024-01-09,phase6_causal_or_retest_v1,d8df78957051c9de,25c269cde02debe4,7b30e3d97c41bd58,ed5db2d90d8371c44cbe212d6d16ad117537c9e185a6592a6ca108ece643d8ce,2026-04-24T15:59:00-04:00,2026-04-26T01:55:46.523945+00:00,False,zero_volume_or,390,390,0,109,106,2024-01-09 15:59:00-05:00,2024-01-09 15:59:00-05:00,False,False,zero_volume_or_and_post_or,unknown,,5,20,,,,,tier1_pilot,False,False,zero_volume_or,,,,,,,,,,,,,,,,,,,,,,,,,,,,,,,False,zero_volume_or,,,,,,,,,,,,,,,,,,,,,,,,,,,,,,,False,zero_volume_or,,,,,,,,,,,,,,,,,,,,,,,,,,,,,,
2024-01-10,phase6_causal_or_retest_v1,d8df78957051c9de,25c269cde02debe4,7b30e3d97c41bd58,ed5db2d90d8371c44cbe212d6d16ad117537c9e185a6592a6ca108ece643d8ce,2026-04-24T15:59:00-04:00,2026-04-26T01:55:46.523945+00:00,False,zero_volume_or,390,390,0,90,88,2024-01-10 15:59:00-05:00,2024-01-10 15:59:00-05:00,False,False,zero_volume_or_and_post_or,unknown,,5,20,,,,,tier1_pilot,False,False,zero_volume_or,,,,,,,,,,,,,,,,,,,,,,,,,,,,,,,False,zero_volume_or,,,,,,,,,,,,,,,,,,,,,,,,,,,,,,,False,zero_volume_or,,,,,,,,,,,,,,,,,,,,,,,,,,,,,,
2024-01-11,phase6_causal_or_retest_v1,d8df78957051c9de,25c269cde02debe4,7b30e3d97c41bd58,ed5db2d90d8371c44cbe212d6d16ad117537c9e185a6592a6ca108ece643d8ce,2026-04-24T15:59:00-04:00,2026-04-26T01:55:46.523945+00:00,True,clean,390,390,0,77,77,2024-01-11 15:59:00-05:00,2024-01-11 15:59:00-05:00,False,False,or_clean_but_post_or_zero_volume,normal,60.0,5,20,17254.0,17188.25,65.75,0.1520912547528517,tier1_pilot,False,False,no_upside_breakout,,,,,,,,,,,,,,,,,,,,,,,,,,,,,,,False,no_upside_breakout,,,,,,,,,,,,,,,,,,,,,,,,,,,,,,,False,no_upside_breakout,,,,,,,,,,,,,,,,,,,,,,,,,,,,,,
2024-01-12,phase6_causal_or_retest_v1,d8df78957051c9de,25c269cde02debe4,7b30e3d97c41bd58,ed5db2d90d8371c44cbe212d6d16ad117537c9e185a6592a6ca108ece643d8ce,2026-04-24T15:59:00-04:00,2026-04-26T01:55:46.523945+00:00,True,clean,390,390,0,115,115,2024-01-12 15:59:00-05:00,2024-01-12 15:59:00-05:00,False,False,or_clean_but_post_or_zero_volume,normal,50.0,6,20,17245.75,17187.75,58.0,1.0,tier1_pilot,False,False,no_retest_signal,2024-01-12 09:50:00-05:00,,,,,,,,,,,,,,,,,,,,,,,,,,,,,,False,no_retest_signal,2024-01-12 09:50:00-05:00,,,,,,,,,,,,,,,,,,,,,,,,,,,,,,False,no_retest_signal,2024-01-12 09:50:00-05:00,,,,,,,,,,,,,,,,,,,,,,,,,,,,,
2024-01-16,phase6_causal_or_retest_v1,d8df78957051c9de,25c269cde02debe4,7b30e3d97c41bd58,ed5db2d90d8371c44cbe212d6d16ad117537c9e185a6592a6ca108ece643d8ce,2026-04-24T15:59:00-04:00,2026-04-26T01:55:46.523945+00:00,False,zero_volume_or,390,390,0,92,91,2024-01-16 15:59:00-05:00,2024-01-16 15:59:00-05:00,False,False,zero_volume_or_and_post_or,unknown,,7,20,,,,,tier1_pilot,False,False,zero_volume_or,,,,,,,,,,,,,,,,,,,,,,,,,,,,,,,False,zero_volume_or,,,,,,,,,,,,,,,,,,,,,,,,,,,,,,,False,zero_volume_or,,,,,,,,,,,,,,,,,,,,,,,,,,,,,,
2024-01-17,phase6_causal_or_retest_v1,d8df78957051c9de,25c269cde02debe4,7b30e3d97c41bd58,ed5db2d90d8371c44cbe212d6d16ad117537c9e185a6592a6ca108ece643d8ce,2026-04-24T15:59:00-04:00,2026-04-26T01:55:46.523945+00:00,True,clean,390,390,0,83,83,2024-01-17 15:59:00-05:00,2024-01-17 15:59:00-05:00,False,False,or_clean_but_post_or_zero_volume,wide,100.0,7,20,17052.0,16943.0,109.0,0.0389908256880734,tier1_pilot,False,False,or_class_wide,,,,,,,,,,,,,,,,,,,,,,,,,,,,,,,False,or_class_wide,,,,,,,,,,,,,,,,,,,,,,,,,,,,,,,False,or_class_wide,,,,,,,,,,,,,,,,,,,,,,,,,,,,,,
2024-01-18,phase6_causal_or_retest_v1,d8df78957051c9de,25c269cde02debe4,7b30e3d97c41bd58,ed5db2d90d8371c44cbe212d6d16ad117537c9e185a6592a6ca108ece643d8ce,2026-04-24T15:59:00-04:00,2026-04-26T01:55:46.523945+00:00,True,clean,390,390,0,57,57,2024-01-18 15:59:00-05:00,2024-01-18 15:59:00-05:00,False,False,or_clean_but_post_or_zero_volume,tight,25.0,8,20,17268.75,17214.75,54.0,0.625,tier1_pilot,False,False,or_class_tight,,,,,,,,,,,,,,,,,,,,,,,,,,,,,,,False,signal_filtered,2024-01-18 10:37:00-05:00,,,,,,,,,,,,,,,,,,,,,,,,,,,,,,False,or_class_tight,,,,,,,,,,,,,,,,,,,,,,,,,,,,,,
2024-01-19,phase6_causal_or_retest_v1,d8df78957051c9de,25c269cde02debe4,7b30e3d97c41bd58,ed5db2d90d8371c44cbe212d6d16ad117537c9e185a6592a6ca108ece643d8ce,2026-04-24T15:59:00-04:00,2026-04-26T01:55:46.523945+00:00,True,clean,390,390,0,57,57,2024-01-19 15:59:00-05:00,2024-01-19 15:59:00-05:00,False,False,or_clean_but_post_or_zero_volume,tight,0.0,9,20,17421.75,17381.5,40.25,0.6335403726708074,tier1_pilot,False,False,or_class_tight,,,,,,,,,,,,,,,,,,,,,,,,,,,,,,,True,,2024-01-19 09:46:00-05:00,2024-01-19 10:03:00-05:00,2024-01-19 10:04:00-05:00,17435.75,17438.25,17398.25,17518.25,2024-01-19 10:08:00-05:00,17398.25,17395.75,stop,-86.34,17415.75,17436.0,17414.0,17436.0,29.0,17411.667149758454,17435.75,17440.25,17435.75,17440.25,9.0,17412.35569679849,17396.0,17396.0,17384.0,17391.5,9.0,17411.872280243686,False,or_class_tight,,,,,,,,,,,,,,,,,,,,,,,,,,,,,,
2024-01-22,phase6_causal_or_retest_v1,d8df78957051c9de,25c269cde02debe4,7b30e3d97c41bd58,ed5db2d90d8371c44cbe212d6d16ad117537c9e185a6592a6ca108ece643d8ce,2026-04-24T15:59:00-04:00,2026-04-26T01:55:46.523945+00:00,True,clean,390,390,0,99,99,2024-01-22 15:59:00-05:00,2024-01-22 15:59:00-05:00,False,False,or_clean_but_post_or_zero_volume,wide,80.0,10,20,17804.75,17715.0,89.75,0.116991643454039,tier1_pilot,False,False,or_class_wide,,,,,,,,,,,,,,,,,,,,,,,,,,,,,,,False,or_class_wide,,,,,,,,,,,,,,,,,,,,,,,,,,,,,,,False,or_class_wide,,,,,,,,,,,,,,,,,,,,,,,,,,,,,,
2024-01-23,phase6_causal_or_retest_v1,d8df78957051c9de,25c269cde02debe4,7b30e3d97c41bd58,ed5db2d90d8371c44cbe212d6d16ad117537c9e185a6592a6ca108ece643d8ce,2026-04-24T15:59:00-04:00,2026-04-26T01:55:46.523945+00:00,False,zero_volume_or,390,390,0,104,103,2024-01-23 15:59:00-05:00,2024-01-23 15:59:00-05:00,False,False,zero_volume_or_and_post_or,unknown,,11,20,,,,,tier1_pilot,False,False,zero_volume_or,,,,,,,,,,,,,,,,,,,,,,,,,,,,,,,False,zero_volume_or,,,,,,,,,,,,,,,,,,,,,,,,,,,,,,,False,zero_volume_or,,,,,,,,,,,,,,,,,,,,,,,,,,,,,,
2024-01-24,phase6_causal_or_retest_v1,d8df78957051c9de,25c269cde02debe4,7b30e3d97c41bd58,ed5db2d90d8371c44cbe212d6d16ad117537c9e185a6592a6ca108ece643d8ce,2026-04-24T15:59:00-04:00,2026-04-26T01:55:46.523945+00:00,False,zero_volume_or,390,390,0,57,56,2024-01-24 15:59:00-05:00,2024-01-24 15:59:00-05:00,False,False,zero_volume_or_and_post_or,unknown,,11,20,,,,,tier1_pilot,False,False,zero_volume_or,,,,,,,,,,,,,,,,,,,,,,,,,,,,,,,False,zero_volume_or,,,,,,,,,,,,,,,,,,,,,,,,,,,,,,,False,zero_volume_or,,,,,,,,,,,,,,,,,,,,,,,,,,,,,,
2024-01-25,phase6_causal_or_retest_v1,d8df78957051c9de,25c269cde02debe4,7b30e3d97c41bd58,ed5db2d90d8371c44cbe212d6d16ad117537c9e185a6592a6ca108ece643d8ce,2026-04-24T15:59:00-04:00,2026-04-26T01:55:46.523945+00:00,False,zero_volume_or,390,390,0,65,64,2024-01-25 15:59:00-05:00,2024-01-25 15:59:00-05:00,False,False,zero_volume_or_and_post_or,unknown,,11,20,,,,,tier1_pilot,False,False,zero_volume_or,,,,,,,,,,,,,,,,,,,,,,,,,,,,,,,False,zero_volume_or,,,,,,,,,,,,,,,,,,,,,,,,,,,,,,,False,zero_volume_or,,,,,,,,,,,,,,,,,,,,,,,,,,,,,,
2024-01-26,phase6_causal_or_retest_v1,d8df78957051c9de,25c269cde02debe4,7b30e3d97c41bd58,ed5db2d90d8371c44cbe212d6d16ad117537c9e185a6592a6ca108ece643d8ce,2026-04-24T15:59:00-04:00,2026-04-26T01:55:46.523945+00:00,False,zero_volume_or,390,390,0,82,80,2024-01-26 15:59:00-05:00,2024-01-26 15:59:00-05:00,False,False,zero_volume_or_and_post_or,unknown,,11,20,,,,,tier1_pilot,False,False,zero_volume_or,,,,,,,,,,,,,,,,,,,,,,,,,,,,,,,False,zero_volume_or,,,,,,,,,,,,,,,,,,,,,,,,,,,,,,,False,zero_volume_or,,,,,,,,,,,,,,,,,,,,,,,,,,,,,,
2024-01-29,phase6_causal_or_retest_v1,d8df78957051c9de,25c269cde02debe4,7b30e3d97c41bd58,ed5db2d90d8371c44cbe212d6d16ad117537c9e185a6592a6ca108ece643d8ce,2026-04-24T15:59:00-04:00,2026-04-26T01:55:46.523945+00:00,False,zero_volume_or,390,390,0,142,141,2024-01-29 15:59:00-05:00,2024-01-29 15:59:00-05:00,False,False,zero_volume_or_and_post_or,unknown,,11,20,,,,,tier1_pilot,False,False,zero_volume_or,,,,,,,,,,,,,,,,,,,,,,,,,,,,,,,False,zero_volume_or,,,,,,,,,,,,,,,,,,,,,,,,,,,,,,,False,zero_volume_or,,,,,,,,,,,,,,,,,,,,,,,,,,,,,,
2024-01-30,phase6_causal_or_retest_v1,d8df78957051c9de,25c269cde02debe4,7b30e3d97c41bd58,ed5db2d90d8371c44cbe212d6d16ad117537c9e185a6592a6ca108ece643d8ce,2026-04-24T15:59:00-04:00,2026-04-26T01:55:46.523945+00:00,False,zero_volume_or,390,390,0,150,147,2024-01-30 15:59:00-05:00,2024-01-30 15:59:00-05:00,False,False,zero_volume_or_and_post_or,unknown,,11,20,,,,,tier1_pilot,False,False,zero_volume_or,,,,,,,,,,,,,,,,,,,,,,,,,,,,,,,False,zero_volume_or,,,,,,,,,,,,,,,,,,,,,,,,,,,,,,,False,zero_volume_or,,,,,,,,,,,,,,,,,,,,,,,,,,,,,,
2024-01-31,phase6_causal_or_retest_v1,d8df78957051c9de,25c269cde02debe4,7b30e3d97c41bd58,ed5db2d90d8371c44cbe212d6d16ad117537c9e185a6592a6ca108ece643d8ce,2026-04-24T15:59:00-04:00,2026-04-26T01:55:46.523945+00:00,True,clean,390,390,0,84,84,2024-01-31 15:59:00-05:00,2024-01-31 15:59:00-05:00,False,False,or_clean_but_post_or_zero_volume,normal,63.63636363636363,11,20,17646.25,17579.5,66.75,0.0,tier1_pilot,False,False,no_retest_signal,2024-01-31 14:40:00-05:00,,,,,,,,,,,,,,,,,,,,,,,,,,,,,,False,no_retest_signal,2024-01-31 14:40:00-05:00,,,,,,,,,,,,,,,,,,,,,,,,,,,,,,False,no_retest_signal,2024-01-31 14:40:00-05:00,,,,,,,,,,,,,,,,,,,,,,,,,,,,,
2024-02-01,phase6_causal_or_retest_v1,d8df78957051c9de,25c269cde02debe4,7b30e3d97c41bd58,ed5db2d90d8371c44cbe212d6d16ad117537c9e185a6592a6ca108ece643d8ce,2026-04-24T15:59:00-04:00,2026-04-26T01:55:46.523945+00:00,False,zero_volume_or,390,390,0,89,88,2024-02-01 15:59:00-05:00,2024-02-01 15:59:00-05:00,False,False,zero_volume_or_and_post_or,unknown,,12,20,,,,,tier1_pilot,False,False,zero_volume_or,,,,,,,,,,,,,,,,,,,,,,,,,,,,,,,False,zero_volume_or,,,,,,,,,,,,,,,,,,,,,,,,,,,,,,,False,zero_volume_or,,,,,,,,,,,,,,,,,,,,,,,,,,,,,,
2024-02-02,phase6_causal_or_retest_v1,d8df78957051c9de,25c269cde02debe4,7b30e3d97c41bd58,ed5db2d90d8371c44cbe212d6d16ad117537c9e185a6592a6ca108ece643d8ce,2026-04-24T15:59:00-04:00,2026-04-26T01:55:46.523945+00:00,True,clean,390,390,0,57,57,2024-02-02 15:59:00-05:00,2024-02-02 15:59:00-05:00,False,False,or_clean_but_post_or_zero_volume,wide,91.66666666666666,12,20,17802.0,17693.25,108.75,1.0,tier1_pilot,False,False,or_class_wide,,,,,,,,,,,,,,,,,,,,,,,,,,,,,,,False,or_class_wide,,,,,,,,,,,,,,,,,,,,,,,,,,,,,,,False,or_class_wide,,,,,,,,,,,,,,,,,,,,,,,,,,,,,,
2024-02-05,phase6_causal_or_retest_v1,d8df78957051c9de,25c269cde02debe4,7b30e3d97c41bd58,ed5db2d90d8371c44cbe212d6d16ad117537c9e185a6592a6ca108ece643d8ce,2026-04-24T15:59:00-04:00,2026-04-26T01:55:46.523945+00:00,False,zero_volume_or,390,390,0,89,88,2024-02-05 15:59:00-05:00,2024-02-05 15:59:00-05:00,False,False,zero_volume_or_and_post_or,unknown,,13,20,,,,,tier1_pilot,False,False,zero_volume_or,,,,,,,,,,,,,,,,,,,,,,,,,,,,,,,False,zero_volume_or,,,,,,,,,,,,,,,,,,,,,,,,,,,,,,,False,zero_volume_or,,,,,,,,,,,,,,,,,,,,,,,,,,,,,,
2024-02-06,phase6_causal_or_retest_v1,d8df78957051c9de,25c269cde02debe4,7b30e3d97c41bd58,ed5db2d90d8371c44cbe212d6d16ad117537c9e185a6592a6ca108ece643d8ce,2026-04-24T15:59:00-04:00,2026-04-26T01:55:46.523945+00:00,True,clean,390,390,0,90,90,2024-02-06 15:59:00-05:00,2024-02-06 15:59:00-05:00,False,False,or_clean_but_post_or_zero_volume,normal,46.15384615384615,13,20,17995.0,17932.75,62.25,0.42168674698795183,tier1_pilot,False,False,no_upside_breakout,,,,,,,,,,,,,,,,,,,,,,,,,,,,,,,False,no_upside_breakout,,,,,,,,,,,,,,,,,,,,,,,,,,,,,,,False,no_upside_breakout,,,,,,,,,,,,,,,,,,,,,,,,,,,,,,
2024-02-07,phase6_causal_or_retest_v1,d8df78957051c9de,25c269cde02debe4,7b30e3d97c41bd58,ed5db2d90d8371c44cbe212d6d16ad117537c9e185a6592a6ca108ece643d8ce,2026-04-24T15:59:00-04:00,2026-04-26T01:55:46.523945+00:00,True,clean,390,390,0,76,76,2024-02-07 15:59:00-05:00,2024-02-07 15:59:00-05:00,False,False,or_clean_but_post_or_zero_volume,tight,7.142857142857142,14,20,17998.0,17950.75,47.25,0.23809523809523808,tier1_pilot,False,False,or_class_tight,,,,,,,,,,,,,,,,,,,,,,,,,,,,,,,True,,2024-02-07 10:11:00-05:00,2024-02-07 10:12:00-05:00,2024-02-07 10:13:00-05:00,18005.0,18007.5,17967.5,18087.5,2024-02-07 10:28:00-05:00,18087.5,18085.0,target,153.66,18000.75,18000.75,18000.75,18000.75,1.0,17973.905782975955,18005.0,18033.0,18005.0,18033.0,88.0,17981.191902384908,18079.25,18089.0,18079.25,18084.75,31.0,18001.4058660325,False,or_class_tight,,,,,,,,,,,,,,,,,,,,,,,,,,,,,,
2024-02-08,phase6_causal_or_retest_v1,d8df78957051c9de,25c269cde02debe4,7b30e3d97c41bd58,ed5db2d90d8371c44cbe212d6d16ad117537c9e185a6592a6ca108ece643d8ce,2026-04-24T15:59:00-04:00,2026-04-26T01:55:46.523945+00:00,False,zero_volume_or,390,390,0,85,83,2024-02-08 15:59:00-05:00,2024-02-08 15:59:00-05:00,False,False,zero_volume_or_and_post_or,unknown,,15,20,,,,,tier1_pilot,False,False,zero_volume_or,,,,,,,,,,,,,,,,,,,,,,,,,,,,,,,False,zero_volume_or,,,,,,,,,,,,,,,,,,,,,,,,,,,,,,,False,zero_volume_or,,,,,,,,,,,,,,,,,,,,,,,,,,,,,,
2024-02-09,phase6_causal_or_retest_v1,d8df78957051c9de,25c269cde02debe4,7b30e3d97c41bd58,ed5db2d90d8371c44cbe212d6d16ad117537c9e185a6592a6ca108ece643d8ce,2026-04-24T15:59:00-04:00,2026-04-26T01:55:46.523945+00:00,False,zero_volume_or,390,390,0,70,69,2024-02-09 15:59:00-05:00,2024-02-09 15:59:00-05:00,False,False,zero_volume_or_and_post_or,unknown,,15,20,,,,,tier1_pilot,False,False,zero_volume_or,,,,,,,,,,,,,,,,,,,,,,,,,,,,,,,False,zero_volume_or,,,,,,,,,,,,,,,,,,,,,,,,,,,,,,,False,zero_volume_or,,,,,,,,,,,,,,,,,,,,,,,,,,,,,,
2024-02-12,phase6_causal_or_retest_v1,d8df78957051c9de,25c269cde02debe4,7b30e3d97c41bd58,ed5db2d90d8371c44cbe212d6d16ad117537c9e185a6592a6ca108ece643d8ce,2026-04-24T15:59:00-04:00,2026-04-26T01:55:46.523945+00:00,True,clean,390,390,0,85,85,2024-02-12 15:59:00-05:00,2024-02-12 15:59:00-05:00,False,False,or_clean_but_post_or_zero_volume,tight,6.666666666666667,15,20,18281.25,18237.75,43.5,0.8103448275862069,tier1_pilot,False,False,or_class_tight,,,,,,,,,,,,,,,,,,,,,,,,,,,,,,,True,,2024-02-12 10:34:00-05:00,2024-02-12 10:36:00-05:00,2024-02-12 10:37:00-05:00,18282.75,18285.25,18245.25,18365.25,2024-02-12 13:39:00-05:00,18245.25,18242.75,stop,-86.34,18274.75,18283.25,18274.75,18283.25,3.0,18262.721726190473,18282.75,18282.75,18281.25,18282.5,3.0,18262.92785630153,18249.75,18249.75,18233.0,18242.75,39.0,18304.072655524604,False,or_class_tight,,,,,,,,,,,,,,,,,,,,,,,,,,,,,,
2024-02-13,phase6_causal_or_retest_v1,d8df78957051c9de,25c269cde02debe4,7b30e3d97c41bd58,ed5db2d90d8371c44cbe212d6d16ad117537c9e185a6592a6ca108ece643d8ce,2026-04-24T15:59:00-04:00,2026-04-26T01:55:46.523945+00:00,True,clean,390,390,0,45,45,2024-02-13 15:59:00-05:00,2024-02-13 15:59:00-05:00,False,False,or_clean_but_post_or_zero_volume,normal,75.0,16,20,17898.0,17822.0,76.0,0.6973684210526315,tier1_pilot,True,True,,2024-02-13 09:54:00-05:00,2024-02-13 10:01:00-05:00,2024-02-13 10:02:00-05:00,17900.5,17903.0,17863.0,17953.0,2024-02-13 10:26:00-05:00,17953.0,17950.5,target,93.66,17900.25,17911.0,17900.25,17911.0,3.0,17879.980476190478,17900.5,17901.5,17893.25,17897.75,25.0,17881.148444444447,17950.0,17953.5,17945.0,17952.75,10.0,17890.420454545456,True,,2024-02-13 09:54:00-05:00,2024-02-13 10:01:00-05:00,2024-02-13 10:02:00-05:00,17900.5,17903.0,17863.0,17983.0,2024-02-13 10:30:00-05:00,17983.0,17980.5,target,153.66,17900.25,17911.0,17900.25,17911.0,3.0,17879.980476190478,17900.5,17901.5,17893.25,17897.75,25.0,17881.148444444447,17978.0,17985.0,17972.25,17983.0,14.0,17897.244700582934,True,,2024-02-13 09:54:00-05:00,2024-02-13 10:01:00-05:00,2024-02-13 10:02:00-05:00,17900.5,17903.0,17863.0,17953.0,2024-02-13 10:26:00-05:00,17953.0,17950.5,target,93.66,17900.25,17911.0,17900.25,17911.0,3.0,17879.980476190478,17900.5,17901.5,17893.25,17897.75,25.0,17881.148444444447,17950.0,17953.5,17945.0,17952.75,10.0,17890.420454545456
2024-02-14,phase6_causal_or_retest_v1,d8df78957051c9de,25c269cde02debe4,7b30e3d97c41bd58,ed5db2d90d8371c44cbe212d6d16ad117537c9e185a6592a6ca108ece643d8ce,2026-04-24T15:59:00-04:00,2026-04-26T01:55:46.523945+00:00,True,clean,390,390,0,78,78,2024-02-14 15:59:00-05:00,2024-02-14 15:59:00-05:00,False,False,or_clean_but_post_or_zero_volume,normal,70.58823529411765,17,20,18053.5,17980.0,73.5,0.24489795918367346,tier1_pilot,False,False,no_retest_signal,2024-02-14 10:19:00-05:00,,,,,,,,,,,,,,,,,,,,,,,,,,,,,,False,no_retest_signal,2024-02-14 10:19:00-05:00,,,,,,,,,,,,,,,,,,,,,,,,,,,,,,False,no_retest_signal,2024-02-14 10:19:00-05:00,,,,,,,,,,,,,,,,,,,,,,,,,,,,,
2024-02-15,phase6_causal_or_retest_v1,d8df78957051c9de,25c269cde02debe4,7b30e3d97c41bd58,ed5db2d90d8371c44cbe212d6d16ad117537c9e185a6592a6ca108ece643d8ce,2026-04-24T15:59:00-04:00,2026-04-26T01:55:46.523945+00:00,True,clean,390,390,0,95,95,2024-02-15 15:59:00-05:00,2024-02-15 15:59:00-05:00,False,False,or_clean_but_post_or_zero_volume,normal,50.0,18,20,18138.5,18075.0,63.5,0.0,tier1_pilot,False,False,no_retest_signal,2024-02-15 13:18:00-05:00,,,,,,,,,,,,,,,,,,,,,,,,,,,,,,False,no_retest_signal,2024-02-15 13:18:00-05:00,,,,,,,,,,,,,,,,,,,,,,,,,,,,,,False,no_retest_signal,2024-02-15 13:18:00-05:00,,,,,,,,,,,,,,,,,,,,,,,,,,,,,
2024-02-16,phase6_causal_or_retest_v1,d8df78957051c9de,25c269cde02debe4,7b30e3d97c41bd58,ed5db2d90d8371c44cbe212d6d16ad117537c9e185a6592a6ca108ece643d8ce,2026-04-24T15:59:00-04:00,2026-04-26T01:55:46.523945+00:00,True,clean,390,390,0,36,36,2024-02-16 15:59:00-05:00,2024-02-16 15:59:00-05:00,False,False,or_clean_but_post_or_zero_volume,tight,10.526315789473683,19,20,18158.5,18115.0,43.5,0.0,tier1_pilot,False,False,or_class_tight,,,,,,,,,,,,,,,,,,,,,,,,,,,,,,,False,no_upside_breakout,,,,,,,,,,,,,,,,,,,,,,,,,,,,,,,False,or_class_tight,,,,,,,,,,,,,,,,,,,,,,,,,,,,,,
2024-02-20,phase6_causal_or_retest_v1,d8df78957051c9de,25c269cde02debe4,7b30e3d97c41bd58,ed5db2d90d8371c44cbe212d6d16ad117537c9e185a6592a6ca108ece643d8ce,2026-04-24T15:59:00-04:00,2026-04-26T01:55:46.523945+00:00,True,clean,390,390,0,40,40,2024-02-20 15:59:00-05:00,2024-02-20 15:59:00-05:00,False,False,or_clean_but_post_or_zero_volume,wide,100.0,20,20,17957.5,17795.25,162.25,0.12172573189522343,tier1_pilot,False,False,or_class_wide,,,,,,,,,,,,,,,,,,,,,,,,,,,,,,,False,or_class_wide,,,,,,,,,,,,,,,,,,,,,,,,,,,,,,,False,or_class_wide,,,,,,,,,,,,,,,,,,,,,,,,,,,,,,
2024-02-21,phase6_causal_or_retest_v1,d8df78957051c9de,25c269cde02debe4,7b30e3d97c41bd58,ed5db2d90d8371c44cbe212d6d16ad117537c9e185a6592a6ca108ece643d8ce,2026-04-24T15:59:00-04:00,2026-04-26T01:55:46.523945+00:00,True,clean,390,390,0,48,48,2024-02-21 15:59:00-05:00,2024-02-21 15:59:00-05:00,False,False,or_clean_but_post_or_zero_volume,normal,35.0,20,20,17741.5,17684.25,57.25,0.27510917030567683,tier1_pilot,False,True,,2024-02-21 10:04:00-05:00,2024-02-21 10:16:00-05:00,2024-02-21 10:17:00-05:00,17741.0,17743.5,17703.5,17793.5,2024-02-21 10:30:00-05:00,17703.5,17701.0,stop,-86.34,17743.5,17745.0,17742.75,17745.0,4.0,17714.159903381642,17741.0,17744.75,17741.0,17744.75,2.0,17714.244701348747,17703.25,17708.0,17689.5,17689.5,27.0,17714.182478632476,True,,2024-02-21 10:04:00-05:00,2024-02-21 10:16:00-05:00,2024-02-21 10:17:00-05:00,17741.0,17743.5,17703.5,17823.5,2024-02-21 10:30:00-05:00,17703.5,17701.0,stop,-86.34,17743.5,17745.0,17742.75,17745.0,4.0,17714.159903381642,17741.0,17744.75,17741.0,17744.75,2.0,17714.244701348747,17703.25,17708.0,17689.5,17689.5,27.0,17714.182478632476,False,signal_filtered,2024-02-21 10:04:00-05:00,,,,,,,,,,,,,,,,,,,,,,,,,,,,,
2024-02-22,phase6_causal_or_retest_v1,d8df78957051c9de,25c269cde02debe4,7b30e3d97c41bd58,ed5db2d90d8371c44cbe212d6d16ad117537c9e185a6592a6ca108ece643d8ce,2026-04-24T15:59:00-04:00,2026-04-26T01:55:46.523945+00:00,True,clean,390,390,0,16,16,2024-02-22 15:59:00-05:00,2024-02-22 15:59:00-05:00,False,False,or_clean_but_post_or_zero_volume,normal,30.0,20,20,18155.0,18101.0,54.0,0.5972222222222222,tier1_pilot,False,True,,2024-02-22 09:45:00-05:00,2024-02-22 10:00:00-05:00,2024-02-22 10:01:00-05:00,18157.25,18159.75,18119.75,18209.75,2024-02-22 10:35:00-05:00,18209.75,18207.25,target,93.66,18158.75,18180.0,18148.0,18158.5,41.0,18150.690416247056,18157.25,18173.0,18157.25,18171.25,26.0,18151.110811252856,18205.25,18210.75,18193.25,18195.5,40.0,18159.593337804603,False,signal_filtered,2024-02-22 09:45:00-05:00,,,,,,,,,,,,,,,,,,,,,,,,,,,,,,False,signal_filtered,2024-02-22 09:45:00-05:00,,,,,,,,,,,,,,,,,,,,,,,,,,,,,
2024-02-23,phase6_causal_or_retest_v1,d8df78957051c9de,25c269cde02debe4,7b30e3d97c41bd58,ed5db2d90d8371c44cbe212d6d16ad117537c9e185a6592a6ca108ece643d8ce,2026-04-24T15:59:00-04:00,2026-04-26T01:55:46.523945+00:00,True,clean,390,390,0,50,50,2024-02-23 15:59:00-05:00,2024-02-23 15:59:00-05:00,False,False,or_clean_but_post_or_zero_volume,tight,15.0,20,20,18383.25,18338.5,44.75,0.8770949720670391,tier1_pilot,False,False,or_class_tight,,,,,,,,,,,,,,,,,,,,,,,,,,,,,,,False,no_upside_breakout,,,,,,,,,,,,,,,,,,,,,,,,,,,,,,,False,or_class_tight,,,,,,,,,,,,,,,,,,,,,,,,,,,,,,
2024-02-26,phase6_causal_or_retest_v1,d8df78957051c9de,25c269cde02debe4,7b30e3d97c41bd58,ed5db2d90d8371c44cbe212d6d16ad117537c9e185a6592a6ca108ece643d8ce,2026-04-24T15:59:00-04:00,2026-04-26T01:55:46.523945+00:00,True,clean,390,390,0,97,97,2024-02-26 15:59:00-05:00,2024-02-26 15:59:00-05:00,False,False,or_clean_but_post_or_zero_volume,normal,35.0,20,20,18290.0,18234.0,56.0,0.0,tier1_pilot,False,False,no_retest_signal,2024-02-26 11:52:00-05:00,,,,,,,,,,,,,,,,,,,,,,,,,,,,,,False,no_retest_signal,2024-02-26 11:52:00-05:00,,,,,,,,,,,,,,,,,,,,,,,,,,,,,,False,no_retest_signal,2024-02-26 11:52:00-05:00,,,,,,,,,,,,,,,,,,,,,,,,,,,,,
2024-02-27,phase6_causal_or_retest_v1,d8df78957051c9de,25c269cde02debe4,7b30e3d97c41bd58,ed5db2d90d8371c44cbe212d6d16ad117537c9e185a6592a6ca108ece643d8ce,2026-04-24T15:59:00-04:00,2026-04-26T01:55:46.523945+00:00,True,clean,390,390,0,54,54,2024-02-27 15:59:00-05:00,2024-02-27 15:59:00-05:00,False,False,or_clean_but_post_or_zero_volume,wide,80.0,20,20,18263.5,18180.0,83.5,0.2125748502994012,tier1_pilot,False,False,or_class_wide,,,,,,,,,,,,,,,,,,,,,,,,,,,,,,,False,or_class_wide,,,,,,,,,,,,,,,,,,,,,,,,,,,,,,,False,or_class_wide,,,,,,,,,,,,,,,,,,,,,,,,,,,,,,
2024-02-28,phase6_causal_or_retest_v1,d8df78957051c9de,25c269cde02debe4,7b30e3d97c41bd58,ed5db2d90d8371c44cbe212d6d16ad117537c9e185a6592a6ca108ece643d8ce,2026-04-24T15:59:00-04:00,2026-04-26T01:55:46.523945+00:00,True,clean,390,390,0,0,0,2024-02-28 15:59:00-05:00,2024-02-28 15:59:00-05:00,False,True,clean,tight,15.0,20,20,18184.75,18141.0,43.75,0.46285714285714286,tier1_pilot,False,False,or_class_tight,,,,,,,,,,,,,,,,,,,,,,,,,,,,,,,False,no_retest_signal,2024-02-28 11:00:00-05:00,,,,,,,,,,,,,,,,,,,,,,,,,,,,,,False,or_class_tight,,,,,,,,,,,,,,,,,,,,,,,,,,,,,,
2024-02-29,phase6_causal_or_retest_v1,d8df78957051c9de,25c269cde02debe4,7b30e3d97c41bd58,ed5db2d90d8371c44cbe212d6d16ad117537c9e185a6592a6ca108ece643d8ce,2026-04-24T15:59:00-04:00,2026-04-26T01:55:46.523945+00:00,True,clean,390,390,0,0,0,2024-02-29 15:59:00-05:00,2024-02-29 15:59:00-05:00,False,True,clean,tight,5.0,20,20,18313.0,18270.0,43.0,0.28488372093023256,tier1_pilot,False,False,or_class_tight,,,,,,,,,,,,,,,,,,,,,,,,,,,,,,,False,no_retest_signal,2024-02-29 15:48:00-05:00,,,,,,,,,,,,,,,,,,,,,,,,,,,,,,False,or_class_tight,,,,,,,,,,,,,,,,,,,,,,,,,,,,,,
2024-03-01,phase6_causal_or_retest_v1,d8df78957051c9de,25c269cde02debe4,7b30e3d97c41bd58,ed5db2d90d8371c44cbe212d6d16ad117537c9e185a6592a6ca108ece643d8ce,2026-04-24T15:59:00-04:00,2026-04-26T01:55:46.523945+00:00,True,clean,390,390,0,0,0,2024-03-01 15:59:00-05:00,2024-03-01 15:59:00-05:00,False,True,clean,normal,30.0,20,20,18386.75,18341.5,45.25,0.7237569060773481,tier1_pilot,True,True,,2024-03-01 10:00:00-05:00,2024-03-01 10:05:00-05:00,2024-03-01 10:06:00-05:00,18393.25,18395.75,18355.75,18445.75,2024-03-01 10:56:00-05:00,18445.75,18443.25,target,93.66,18370.0,18395.5,18369.5,18391.25,135.0,18372.222401129944,18393.25,18393.25,18383.25,18386.25,87.0,18372.662441005377,18439.0,18447.0,18434.5,18435.0,168.0,18398.119980648284,True,,2024-03-01 10:00:00-05:00,2024-03-01 10:05:00-05:00,2024-03-01 10:06:00-05:00,18393.25,18395.75,18355.75,18475.75,2024-03-01 11:08:00-05:00,18475.75,18473.25,target,153.66,18370.0,18395.5,18369.5,18391.25,135.0,18372.222401129944,18393.25,18393.25,18383.25,18386.25,87.0,18372.662441005377,18473.0,18478.0,18472.5,18472.5,68.0,18403.91334108227,True,,2024-03-01 10:00:00-05:00,2024-03-01 10:05:00-05:00,2024-03-01 10:06:00-05:00,18393.25,18395.75,18355.75,18445.75,2024-03-01 10:56:00-05:00,18445.75,18443.25,target,93.66,18370.0,18395.5,18369.5,18391.25,135.0,18372.222401129944,18393.25,18393.25,18383.25,18386.25,87.0,18372.662441005377,18439.0,18447.0,18434.5,18435.0,168.0,18398.119980648284
2024-03-04,phase6_causal_or_retest_v1,d8df78957051c9de,25c269cde02debe4,7b30e3d97c41bd58,ed5db2d90d8371c44cbe212d6d16ad117537c9e185a6592a6ca108ece643d8ce,2026-04-24T15:59:00-04:00,2026-04-26T01:55:46.523945+00:00,True,clean,390,390,0,0,0,2024-03-04 15:59:00-05:00,2024-03-04 15:59:00-05:00,False,True,clean,normal,30.0,20,20,18580.0,18535.0,45.0,0.39444444444444443,tier1_pilot,False,False,no_retest_signal,2024-03-04 14:39:00-05:00,,,,,,,,,,,,,,,,,,,,,,,,,,,,,,False,no_retest_signal,2024-03-04 14:39:00-05:00,,,,,,,,,,,,,,,,,,,,,,,,,,,,,,False,no_retest_signal,2024-03-04 14:39:00-05:00,,,,,,,,,,,,,,,,,,,,,,,,,,,,,
2024-03-05,phase6_causal_or_retest_v1,d8df78957051c9de,25c269cde02debe4,7b30e3d97c41bd58,ed5db2d90d8371c44cbe212d6d16ad117537c9e185a6592a6ca108ece643d8ce,2026-04-24T15:59:00-04:00,2026-04-26T01:55:46.523945+00:00,True,clean,390,390,0,0,0,2024-03-05 15:59:00-05:00,2024-03-05 15:59:00-05:00,False,True,clean,wide,80.0,20,20,18381.25,18301.5,79.75,0.14106583072100312,tier1_pilot,False,False,or_class_wide,,,,,,,,,,,,,,,,,,,,,,,,,,,,,,,False,or_class_wide,,,,,,,,,,,,,,,,,,,,,,,,,,,,,,,False,or_class_wide,,,,,,,,,,,,,,,,,,,,,,,,,,,,,,
2024-03-06,phase6_causal_or_retest_v1,d8df78957051c9de,25c269cde02debe4,7b30e3d97c41bd58,ed5db2d90d8371c44cbe212d6d16ad117537c9e185a6592a6ca108ece643d8ce,2026-04-24T15:59:00-04:00,2026-04-26T01:55:46.523945+00:00,True,clean,390,390,0,0,0,2024-03-06 15:59:00-05:00,2024-03-06 15:59:00-05:00,False,True,clean,normal,45.0,20,20,18368.25,18313.0,55.25,0.5746606334841629,tier1_pilot,False,False,no_retest_signal,2024-03-06 11:56:00-05:00,,,,,,,,,,,,,,,,,,,,,,,,,,,,,,False,no_retest_signal,2024-03-06 11:56:00-05:00,,,,,,,,,,,,,,,,,,,,,,,,,,,,,,False,no_retest_signal,2024-03-06 11:56:00-05:00,,,,,,,,,,,,,,,,,,,,,,,,,,,,,
2024-03-07,phase6_causal_or_retest_v1,d8df78957051c9de,25c269cde02debe4,7b30e3d97c41bd58,ed5db2d90d8371c44cbe212d6d16ad117537c9e185a6592a6ca108ece643d8ce,2026-04-24T15:59:00-04:00,2026-04-26T01:55:46.523945+00:00,True,clean,390,390,0,0,0,2024-03-07 15:59:00-05:00,2024-03-07 15:59:00-05:00,False,True,clean,normal,65.0,20,20,18470.5,18408.25,62.25,0.012048192771084338,tier1_pilot,False,True,,2024-03-07 10:15:00-05:00,2024-03-07 10:20:00-05:00,2024-03-07 10:21:00-05:00,18474.0,18476.5,18436.5,18526.5,2024-03-07 10:48:00-05:00,18526.5,18524.0,target,93.66,18463.75,18477.0,18463.75,18473.75,127.0,18434.17389914282,18474.0,18475.0,18470.25,18474.0,88.0,18434.525731264563,18514.75,18529.5,18514.75,18518.25,293.0,18450.897740112996,True,,2024-03-07 10:15:00-05:00,2024-03-07 10:20:00-05:00,2024-03-07 10:21:00-05:00,18474.0,18476.5,18436.5,18556.5,2024-03-07 12:00:00-05:00,18556.5,18554.0,target,153.66,18463.75,18477.0,18463.75,18473.75,127.0,18434.17389914282,18474.0,18475.0,18470.25,18474.0,88.0,18434.525731264563,18551.0,18556.75,18550.5,18551.75,155.0,18475.052318295748,False,signal_filtered,2024-03-07 10:15:00-05:00,,,,,,,,,,,,,,,,,,,,,,,,,,,,,
2024-03-08,phase6_causal_or_retest_v1,d8df78957051c9de,25c269cde02debe4,7b30e3d97c41bd58,ed5db2d90d8371c44cbe212d6d16ad117537c9e185a6592a6ca108ece643d8ce,2026-04-24T15:59:00-04:00,2026-04-26T01:55:46.523945+00:00,True,clean,390,390,0,0,0,2024-03-08 15:59:00-05:00,2024-03-08 15:59:00-05:00,False,True,clean,normal,75.0,20,20,18605.75,18541.0,64.75,0.3204633204633205,tier1_pilot,False,False,no_retest_signal,2024-03-08 09:48:00-05:00,,,,,,,,,,,,,,,,,,,,,,,,,,,,,,False,no_retest_signal,2024-03-08 09:48:00-05:00,,,,,,,,,,,,,,,,,,,,,,,,,,,,,,False,no_retest_signal,2024-03-08 09:48:00-05:00,,,,,,,,,,,,,,,,,,,,,,,,,,,,,
2024-03-11,phase6_causal_or_retest_v1,d8df78957051c9de,25c269cde02debe4,7b30e3d97c41bd58,ed5db2d90d8371c44cbe212d6d16ad117537c9e185a6592a6ca108ece643d8ce,2026-04-24T15:59:00-04:00,2026-04-26T01:55:46.523945+00:00,True,clean,390,390,0,0,0,2024-03-11 15:59:00-04:00,2024-03-11 15:59:00-04:00,False,True,clean,wide,95.0,20,20,18247.5,18154.5,93.0,0.793010752688172,tier1_pilot,False,False,or_class_wide,,,,,,,,,,,,,,,,,,,,,,,,,,,,,,,False,or_class_wide,,,,,,,,,,,,,,,,,,,,,,,,,,,,,,,False,or_class_wide,,,,,,,,,,,,,,,,,,,,,,,,,,,,,,
2024-03-12,phase6_causal_or_retest_v1,d8df78957051c9de,25c269cde02debe4,7b30e3d97c41bd58,ed5db2d90d8371c44cbe212d6d16ad117537c9e185a6592a6ca108ece643d8ce,2026-04-24T15:59:00-04:00,2026-04-26T01:55:46.523945+00:00,True,clean,390,390,0,0,0,2024-03-12 15:59:00-04:00,2024-03-12 15:59:00-04:00,False,True,clean,wide,95.0,20,20,18339.0,18201.25,137.75,0.007259528130671506,tier1_pilot,False,False,or_class_wide,,,,,,,,,,,,,,,,,,,,,,,,,,,,,,,False,or_class_wide,,,,,,,,,,,,,,,,,,,,,,,,,,,,,,,False,or_class_wide,,,,,,,,,,,,,,,,,,,,,,,,,,,,,,
2024-03-13,phase6_causal_or_retest_v1,d8df78957051c9de,25c269cde02debe4,7b30e3d97c41bd58,ed5db2d90d8371c44cbe212d6d16ad117537c9e185a6592a6ca108ece643d8ce,2026-04-24T15:59:00-04:00,2026-04-26T01:55:46.523945+00:00,True,clean,390,390,0,0,0,2024-03-13 15:59:00-04:00,2024-03-13 15:59:00-04:00,False,True,clean,normal,55.00000000000001,20,20,18429.5,18366.5,63.0,0.05555555555555555,tier1_pilot,False,False,no_upside_breakout,,,,,,,,,,,,,,,,,,,,,,,,,,,,,,,False,no_upside_breakout,,,,,,,,,,,,,,,,,,,,,,,,,,,,,,,False,no_upside_breakout,,,,,,,,,,,,,,,,,,,,,,,,,,,,,,
2024-03-14,phase6_causal_or_retest_v1,d8df78957051c9de,25c269cde02debe4,7b30e3d97c41bd58,ed5db2d90d8371c44cbe212d6d16ad117537c9e185a6592a6ca108ece643d8ce,2026-04-24T15:59:00-04:00,2026-04-26T01:55:46.523945+00:00,True,clean,390,390,0,0,0,2024-03-14 15:59:00-04:00,2024-03-14 15:59:00-04:00,False,True,clean,normal,55.00000000000001,20,20,18398.0,18335.75,62.25,0.44176706827309237,tier1_pilot,False,False,no_upside_breakout,,,,,,,,,,,,,,,,,,,,,,,,,,,,,,,False,no_upside_breakout,,,,,,,,,,,,,,,,,,,,,,,,,,,,,,,False,no_upside_breakout,,,,,,,,,,,,,,,,,,,,,,,,,,,,,,
2024-03-15,phase6_causal_or_retest_v1,d8df78957051c9de,25c269cde02debe4,7b30e3d97c41bd58,ed5db2d90d8371c44cbe212d6d16ad117537c9e185a6592a6ca108ece643d8ce,2026-04-24T15:59:00-04:00,2026-04-26T01:55:46.523945+00:00,True,clean,390,390,0,0,0,2024-03-15 15:59:00-04:00,2024-03-15 15:59:00-04:00,False,True,clean,wide,90.0,20,20,18174.75,18081.25,93.5,0.016042780748663103,tier1_pilot,False,False,or_class_wide,,,,,,,,,,,,,,,,,,,,,,,,,,,,,,,False,or_class_wide,,,,,,,,,,,,,,,,,,,,,,,,,,,,,,,False,or_class_wide,,,,,,,,,,,,,,,,,,,,,,,,,,,,,,
2024-03-18,phase6_causal_or_retest_v1,d8df78957051c9de,25c269cde02debe4,7b30e3d97c41bd58,ed5db2d90d8371c44cbe212d6d16ad117537c9e185a6592a6ca108ece643d8ce,2026-04-24T15:59:00-04:00,2026-04-26T01:55:46.523945+00:00,True,clean,390,390,0,0,0,2024-03-18 15:59:00-04:00,2024-03-18 15:59:00-04:00,False,True,clean,normal,70.0,20,20,18346.75,18277.5,69.25,0.7689530685920578,tier1_pilot,False,True,,2024-03-18 09:46:00-04:00,2024-03-18 10:12:00-04:00,2024-03-18 10:13:00-04:00,18354.5,18357.0,18317.0,18407.0,2024-03-18 11:12:00-04:00,18317.0,18314.5,stop,-86.34,18346.75,18357.5,18344.0,18354.75,5546.0,18319.94586897816,18354.5,18355.0,18343.0,18347.75,3995.0,18320.339376043332,18335.5,18339.25,18316.75,18317.5,5729.0,18334.10942847294,True,,2024-03-18 09:46:00-04:00,2024-03-18 10:18:00-04:00,2024-03-18 10:19:00-04:00,18347.75,18350.25,18310.25,18430.25,2024-03-18 11:15:00-04:00,18310.25,18307.75,stop,-86.34,18340.25,18348.25,18337.75,18347.75,2135.0,18321.471939055762,18347.75,18352.0,18340.0,18340.75,3277.0,18321.712933546853,18321.5,18322.25,18307.5,18312.5,5363.0,18333.657423158947,False,signal_filtered,2024-03-18 09:46:00-04:00,,,,,,,,,,,,,,,,,,,,,,,,,,,,,
2024-03-19,phase6_causal_or_retest_v1,d8df78957051c9de,25c269cde02debe4,7b30e3d97c41bd58,ed5db2d90d8371c44cbe212d6d16ad117537c9e185a6592a6ca108ece643d8ce,2026-04-24T15:59:00-04:00,2026-04-26T01:55:46.523945+00:00,True,clean,390,390,0,0,0,2024-03-19 15:59:00-04:00,2024-03-19 15:59:00-04:00,False,True,clean,wide,90.0,20,20,18152.75,18053.25,99.5,0.1306532663316583,tier1_pilot,False,False,or_class_wide,,,,,,,,,,,,,,,,,,,,,,,,,,,,,,,False,or_class_wide,,,,,,,,,,,,,,,,,,,,,,,,,,,,,,,False,or_class_wide,,,,,,,,,,,,,,,,,,,,,,,,,,,,,,
2024-03-20,phase6_causal_or_retest_v1,d8df78957051c9de,25c269cde02debe4,7b30e3d97c41bd58,ed5db2d90d8371c44cbe212d6d16ad117537c9e185a6592a6ca108ece643d8ce,2026-04-24T15:59:00-04:00,2026-04-26T01:55:46.523945+00:00,True,clean,390,390,0,0,0,2024-03-20 15:59:00-04:00,2024-03-20 15:59:00-04:00,False,True,clean,wide,80.0,20,20,18334.75,18249.0,85.75,0.06705539358600583,tier1_pilot,False,False,or_class_wide,,,,,,,,,,,,,,,,,,,,,,,,,,,,,,,False,or_class_wide,,,,,,,,,,,,,,,,,,,,,,,,,,,,,,,False,or_class_wide,,,,,,,,,,,,,,,,,,,,,,,,,,,,,,
2024-03-21,phase6_causal_or_retest_v1,d8df78957051c9de,25c269cde02debe4,7b30e3d97c41bd58,ed5db2d90d8371c44cbe212d6d16ad117537c9e185a6592a6ca108ece643d8ce,2026-04-24T15:59:00-04:00,2026-04-26T01:55:46.523945+00:00,True,clean,390,390,0,0,0,2024-03-21 15:59:00-04:00,2024-03-21 15:59:00-04:00,False,True,clean,tight,25.0,20,20,18708.5,18655.0,53.5,0.2803738317757009,tier1_pilot,False,False,or_class_tight,,,,,,,,,,,,,,,,,,,,,,,,,,,,,,,False,no_upside_breakout,,,,,,,,,,,,,,,,,,,,,,,,,,,,,,,False,or_class_tight,,,,,,,,,,,,,,,,,,,,,,,,,,,,,,
2024-03-22,phase6_causal_or_retest_v1,d8df78957051c9de,25c269cde02debe4,7b30e3d97c41bd58,ed5db2d90d8371c44cbe212d6d16ad117537c9e185a6592a6ca108ece643d8ce,2026-04-24T15:59:00-04:00,2026-04-26T01:55:46.523945+00:00,True,clean,390,390,0,0,0,2024-03-22 15:59:00-04:00,2024-03-22 15:59:00-04:00,False,True,clean,tight,0.0,20,20,18547.5,18505.25,42.25,0.07100591715976332,tier1_pilot,False,False,or_class_tight,,,,,,,,,,,,,,,,,,,,,,,,,,,,,,,True,,2024-03-22 10:03:00-04:00,2024-03-22 10:04:00-04:00,2024-03-22 10:05:00-04:00,18557.5,18560.0,18520.0,18640.0,2024-03-22 10:15:00-04:00,18520.0,18517.5,stop,-86.34,18549.25,18558.5,18549.25,18557.75,5757.0,18528.35817805383,18557.5,18563.25,18552.0,18560.25,5895.0,18529.41569457174,18527.75,18533.75,18516.5,18529.25,7705.0,18531.89841029997,False,or_class_tight,,,,,,,,,,,,,,,,,,,,,,,,,,,,,,
2024-03-25,phase6_causal_or_retest_v1,d8df78957051c9de,25c269cde02debe4,7b30e3d97c41bd58,ed5db2d90d8371c44cbe212d6d16ad117537c9e185a6592a6ca108ece643d8ce,2026-04-24T15:59:00-04:00,2026-04-26T01:55:46.523945+00:00,True,clean,390,390,0,0,0,2024-03-25 15:59:00-04:00,2024-03-25 15:59:00-04:00,False,True,clean,normal,60.0,20,20,18480.5,18415.0,65.5,0.12595419847328243,tier1_pilot,False,True,,2024-03-25 09:53:00-04:00,2024-03-25 10:08:00-04:00,2024-03-25 10:09:00-04:00,18495.0,18497.5,18457.5,18547.5,2024-03-25 11:41:00-04:00,18547.5,18545.0,target,93.66,18480.75,18497.25,18478.25,18495.0,9230.0,18460.389042294602,18495.0,18500.75,18492.0,18496.75,4930.0,18461.234254379717,18539.75,18547.75,18537.5,18539.25,4093.0,18493.416172009336,False,signal_filtered,2024-03-25 09:53:00-04:00,,,,,,,,,,,,,,,,,,,,,,,,,,,,,,False,signal_filtered,2024-03-25 09:53:00-04:00,,,,,,,,,,,,,,,,,,,,,,,,,,,,,
2024-03-26,phase6_causal_or_retest_v1,d8df78957051c9de,25c269cde02debe4,7b30e3d97c41bd58,ed5db2d90d8371c44cbe212d6d16ad117537c9e185a6592a6ca108ece643d8ce,2026-04-24T15:59:00-04:00,2026-04-26T01:55:46.523945+00:00,True,clean,390,390,0,0,0,2024-03-26 15:59:00-04:00,2024-03-26 15:59:00-04:00,False,True,clean,tight,15.0,20,20,18594.75,18550.0,44.75,0.7932960893854749,tier1_pilot,False,False,or_class_tight,,,,,,,,,,,,,,,,,,,,,,,,,,,,,,,False,signal_filtered,2024-03-26 10:00:00-04:00,,,,,,,,,,,,,,,,,,,,,,,,,,,,,,False,or_class_tight,,,,,,,,,,,,,,,,,,,,,,,,,,,,,,
2024-03-27,phase6_causal_or_retest_v1,d8df78957051c9de,25c269cde02debe4,7b30e3d97c41bd58,ed5db2d90d8371c44cbe212d6d16ad117537c9e185a6592a6ca108ece643d8ce,2026-04-24T15:59:00-04:00,2026-04-26T01:55:46.523945+00:00,True,clean,390,390,0,0,0,2024-03-27 15:59:00-04:00,2024-03-27 15:59:00-04:00,False,True,clean,wide,80.0,20,20,18572.0,18485.0,87.0,0.08620689655172414,tier1_pilot,False,False,or_class_wide,,,,,,,,,,,,,,,,,,,,,,,,,,,,,,,False,or_class_wide,,,,,,,,,,,,,,,,,,,,,,,,,,,,,,,False,or_class_wide,,,,,,,,,,,,,,,,,,,,,,,,,,,,,,
2024-03-28,phase6_causal_or_retest_v1,d8df78957051c9de,25c269cde02debe4,7b30e3d97c41bd58,ed5db2d90d8371c44cbe212d6d16ad117537c9e185a6592a6ca108ece643d8ce,2026-04-24T15:59:00-04:00,2026-04-26T01:55:46.523945+00:00,True,clean,390,390,0,0,0,2024-03-28 15:59:00-04:00,2024-03-28 15:59:00-04:00,False,True,clean,tight,25.0,20,20,18509.5,18457.0,52.5,0.919047619047619,tier1_pilot,False,False,or_class_tight,,,,,,,,,,,,,,,,,,,,,,,,,,,,,,,True,,2024-03-28 09:45:00-04:00,2024-03-28 10:00:00-04:00,2024-03-28 10:01:00-04:00,18525.0,18527.5,18487.5,18607.5,2024-03-28 10:13:00-04:00,18487.5,18485.0,stop,-86.34,18515.75,18528.25,18512.25,18525.0,4759.0,18500.353984577345,18525.0,18536.5,18522.5,18523.75,5447.0,18501.35842893455,18490.5,18491.0,18480.0,18489.25,6197.0,18503.30694197691,False,or_class_tight,,,,,,,,,,,,,,,,,,,,,,,,,,,,,,
2024-04-01,phase6_causal_or_retest_v1,d8df78957051c9de,25c269cde02debe4,7b30e3d97c41bd58,ed5db2d90d8371c44cbe212d6d16ad117537c9e185a6592a6ca108ece643d8ce,2026-04-24T15:59:00-04:00,2026-04-26T01:55:46.523945+00:00,True,clean,390,390,0,0,0,2024-04-01 15:59:00-04:00,2024-04-01 15:59:00-04:00,False,True,clean,wide,95.0,20,20,18605.5,18482.25,123.25,0.8559837728194726,tier1_pilot,False,False,or_class_wide,,,,,,,,,,,,,,,,,,,,,,,,,,,,,,,False,or_class_wide,,,,,,,,,,,,,,,,,,,,,,,,,,,,,,,False,or_class_wide,,,,,,,,,,,,,,,,,,,,,,,,,,,,,,
2024-04-02,phase6_causal_or_retest_v1,d8df78957051c9de,25c269cde02debe4,7b30e3d97c41bd58,ed5db2d90d8371c44cbe212d6d16ad117537c9e185a6592a6ca108ece643d8ce,2026-04-24T15:59:00-04:00,2026-04-26T01:55:46.523945+00:00,True,clean,390,390,0,0,0,2024-04-02 15:59:00-04:00,2024-04-02 15:59:00-04:00,False,True,clean,normal,55.00000000000001,20,20,18292.25,18223.5,68.75,0.24727272727272728,tier1_pilot,False,False,no_retest_signal,2024-04-02 13:02:00-04:00,,,,,,,,,,,,,,,,,,,,,,,,,,,,,,False,no_retest_signal,2024-04-02 13:02:00-04:00,,,,,,,,,,,,,,,,,,,,,,,,,,,,,,False,no_retest_signal,2024-04-02 13:02:00-04:00,,,,,,,,,,,,,,,,,,,,,,,,,,,,,
2024-04-03,phase6_causal_or_retest_v1,d8df78957051c9de,25c269cde02debe4,7b30e3d97c41bd58,ed5db2d90d8371c44cbe212d6d16ad117537c9e185a6592a6ca108ece643d8ce,2026-04-24T15:59:00-04:00,2026-04-26T01:55:46.523945+00:00,True,clean,390,390,0,0,0,2024-04-03 15:59:00-04:00,2024-04-03 15:59:00-04:00,False,True,clean,tight,5.0,20,20,18283.5,18239.0,44.5,0.37640449438202245,tier1_pilot,False,False,or_class_tight,,,,,,,,,,,,,,,,,,,,,,,,,,,,,,,False,no_retest_signal,2024-04-03 10:00:00-04:00,,,,,,,,,,,,,,,,,,,,,,,,,,,,,,False,or_class_tight,,,,,,,,,,,,,,,,,,,,,,,,,,,,,,
2024-04-04,phase6_causal_or_retest_v1,d8df78957051c9de,25c269cde02debe4,7b30e3d97c41bd58,ed5db2d90d8371c44cbe212d6d16ad117537c9e185a6592a6ca108ece643d8ce,2026-04-24T15:59:00-04:00,2026-04-26T01:55:46.523945+00:00,True,clean,390,390,0,0,0,2024-04-04 15:59:00-04:00,2024-04-04 15:59:00-04:00,False,True,clean,tight,0.0,20,20,18568.25,18528.0,40.25,0.2422360248447205,tier1_pilot,False,False,or_class_tight,,,,,,,,,,,,,,,,,,,,,,,,,,,,,,,False,no_upside_breakout,,,,,,,,,,,,,,,,,,,,,,,,,,,,,,,False,or_class_tight,,,,,,,,,,,,,,,,,,,,,,,,,,,,,,
2024-04-05,phase6_causal_or_retest_v1,d8df78957051c9de,25c269cde02debe4,7b30e3d97c41bd58,ed5db2d90d8371c44cbe212d6d16ad117537c9e185a6592a6ca108ece643d8ce,2026-04-24T15:59:00-04:00,2026-04-26T01:55:46.523945+00:00,True,clean,390,390,0,0,0,2024-04-05 15:59:00-04:00,2024-04-05 15:59:00-04:00,False,True,clean,normal,65.0,20,20,18182.25,18102.5,79.75,0.8432601880877743,tier1_pilot,True,True,,2024-04-05 09:47:00-04:00,2024-04-05 10:09:00-04:00,2024-04-05 10:10:00-04:00,18210.25,18212.75,18172.75,18262.75,2024-04-05 10:49:00-04:00,18262.75,18260.25,target,93.66,18189.0,18213.0,18183.25,18210.25,6254.0,18175.4653035984,18210.25,18212.0,18199.0,18202.0,3877.0,18175.89680094893,18244.75,18269.5,18242.0,18268.0,7813.0,18194.050302168565,True,,2024-04-05 09:47:00-04:00,2024-04-05 10:09:00-04:00,2024-04-05 10:10:00-04:00,18210.25,18212.75,18172.75,18292.75,2024-04-05 10:56:00-04:00,18292.75,18290.25,target,153.66,18189.0,18213.0,18183.25,18210.25,6254.0,18175.4653035984,18210.25,18212.0,18199.0,18202.0,3877.0,18175.89680094893,18288.5,18297.75,18284.25,18295.75,4159.0,18200.126947315286,True,,2024-04-05 09:47:00-04:00,2024-04-05 10:09:00-04:00,2024-04-05 10:10:00-04:00,18210.25,18212.75,18172.75,18262.75,2024-04-05 10:49:00-04:00,18262.75,18260.25,target,93.66,18189.0,18213.0,18183.25,18210.25,6254.0,18175.4653035984,18210.25,18212.0,18199.0,18202.0,3877.0,18175.89680094893,18244.75,18269.5,18242.0,18268.0,7813.0,18194.050302168565
2024-04-08,phase6_causal_or_retest_v1,d8df78957051c9de,25c269cde02debe4,7b30e3d97c41bd58,ed5db2d90d8371c44cbe212d6d16ad117537c9e185a6592a6ca108ece643d8ce,2026-04-24T15:59:00-04:00,2026-04-26T01:55:46.523945+00:00,True,clean,390,390,0,0,0,2024-04-08 15:59:00-04:00,2024-04-08 15:59:00-04:00,False,True,clean,wide,85.0,20,20,18337.0,18237.75,99.25,0.4256926952141058,tier1_pilot,False,False,or_class_wide,,,,,,,,,,,,,,,,,,,,,,,,,,,,,,,False,or_class_wide,,,,,,,,,,,,,,,,,,,,,,,,,,,,,,,False,or_class_wide,,,,,,,,,,,,,,,,,,,,,,,,,,,,,,
2024-04-09,phase6_causal_or_retest_v1,d8df78957051c9de,25c269cde02debe4,7b30e3d97c41bd58,ed5db2d90d8371c44cbe212d6d16ad117537c9e185a6592a6ca108ece643d8ce,2026-04-24T15:59:00-04:00,2026-04-26T01:55:46.523945+00:00,True,clean,390,390,0,0,0,2024-04-09 15:59:00-04:00,2024-04-09 15:59:00-04:00,False,True,clean,normal,35.0,20,20,18405.0,18342.75,62.25,0.5943775100401606,tier1_pilot,False,False,no_upside_breakout,,,,,,,,,,,,,,,,,,,,,,,,,,,,,,,False,no_upside_breakout,,,,,,,,,,,,,,,,,,,,,,,,,,,,,,,False,no_upside_breakout,,,,,,,,,,,,,,,,,,,,,,,,,,,,,,
2024-04-10,phase6_causal_or_retest_v1,d8df78957051c9de,25c269cde02debe4,7b30e3d97c41bd58,ed5db2d90d8371c44cbe212d6d16ad117537c9e185a6592a6ca108ece643d8ce,2026-04-24T15:59:00-04:00,2026-04-26T01:55:46.523945+00:00,True,clean,390,390,0,0,0,2024-04-10 15:59:00-04:00,2024-04-10 15:59:00-04:00,False,True,clean,normal,60.0,20,20,18196.25,18119.0,77.25,0.9223300970873787,tier1_pilot,True,True,,2024-04-10 09:56:00-04:00,2024-04-10 10:33:00-04:00,2024-04-10 10:34:00-04:00,18208.25,18210.75,18170.75,18260.75,2024-04-10 10:51:00-04:00,18170.75,18168.25,stop,-86.34,18195.75,18210.25,18190.75,18208.5,7153.0,18166.16125289384,18208.25,18216.0,18191.75,18194.5,6153.0,18166.693957537056,18185.5,18190.25,18164.0,18168.5,5109.0,18171.41091269498,True,,2024-04-10 09:56:00-04:00,2024-04-10 10:33:00-04:00,2024-04-10 10:34:00-04:00,18208.25,18210.75,18170.75,18290.75,2024-04-10 10:51:00-04:00,18170.75,18168.25,stop,-86.34,18195.75,18210.25,18190.75,18208.5,7153.0,18166.16125289384,18208.25,18216.0,18191.75,18194.5,6153.0,18166.693957537056,18185.5,18190.25,18164.0,18168.5,5109.0,18171.41091269498,True,,2024-04-10 09:56:00-04:00,2024-04-10 10:33:00-04:00,2024-04-10 10:34:00-04:00,18208.25,18210.75,18170.75,18260.75,2024-04-10 10:51:00-04:00,18170.75,18168.25,stop,-86.34,18195.75,18210.25,18190.75,18208.5,7153.0,18166.16125289384,18208.25,18216.0,18191.75,18194.5,6153.0,18166.693957537056,18185.5,18190.25,18164.0,18168.5,5109.0,18171.41091269498
2024-04-11,phase6_causal_or_retest_v1,d8df78957051c9de,25c269cde02debe4,7b30e3d97c41bd58,ed5db2d90d8371c44cbe212d6d16ad117537c9e185a6592a6ca108ece643d8ce,2026-04-24T15:59:00-04:00,2026-04-26T01:55:46.523945+00:00,True,clean,390,390,0,0,0,2024-04-11 15:59:00-04:00,2024-04-11 15:59:00-04:00,False,True,clean,tight,20.0,20,20,18274.25,18222.5,51.75,0.2753623188405797,tier1_pilot,False,False,or_class_tight,,,,,,,,,,,,,,,,,,,,,,,,,,,,,,,False,no_retest_signal,2024-04-11 11:41:00-04:00,,,,,,,,,,,,,,,,,,,,,,,,,,,,,,False,or_class_tight,,,,,,,,,,,,,,,,,,,,,,,,,,,,,,
2024-04-12,phase6_causal_or_retest_v1,d8df78957051c9de,25c269cde02debe4,7b30e3d97c41bd58,ed5db2d90d8371c44cbe212d6d16ad117537c9e185a6592a6ca108ece643d8ce,2026-04-24T15:59:00-04:00,2026-04-26T01:55:46.523945+00:00,True,clean,390,390,0,0,0,2024-04-12 15:59:00-04:00,2024-04-12 15:59:00-04:00,False,True,clean,tight,20.0,20,20,18327.0,18280.75,46.25,0.7621621621621621,tier1_pilot,False,False,or_class_tight,,,,,,,,,,,,,,,,,,,,,,,,,,,,,,,False,no_retest_signal,2024-04-12 09:46:00-04:00,,,,,,,,,,,,,,,,,,,,,,,,,,,,,,False,or_class_tight,,,,,,,,,,,,,,,,,,,,,,,,,,,,,,
2024-04-15,phase6_causal_or_retest_v1,d8df78957051c9de,25c269cde02debe4,7b30e3d97c41bd58,ed5db2d90d8371c44cbe212d6d16ad117537c9e185a6592a6ca108ece643d8ce,2026-04-24T15:59:00-04:00,2026-04-26T01:55:46.523945+00:00,True,clean,390,390,0,0,0,2024-04-15 15:59:00-04:00,2024-04-15 15:59:00-04:00,False,True,clean,normal,65.0,20,20,18339.0,18261.0,78.0,0.6025641025641025,tier1_pilot,False,False,no_upside_breakout,,,,,,,,,,,,,,,,,,,,,,,,,,,,,,,False,no_upside_breakout,,,,,,,,,,,,,,,,,,,,,,,,,,,,,,,False,no_upside_breakout,,,,,,,,,,,,,,,,,,,,,,,,,,,,,,
2024-04-16,phase6_causal_or_retest_v1,d8df78957051c9de,25c269cde02debe4,7b30e3d97c41bd58,ed5db2d90d8371c44cbe212d6d16ad117537c9e185a6592a6ca108ece643d8ce,2026-04-24T15:59:00-04:00,2026-04-26T01:55:46.523945+00:00,True,clean,390,390,0,0,0,2024-04-16 15:59:00-04:00,2024-04-16 15:59:00-04:00,False,True,clean,normal,35.0,20,20,17888.0,17835.0,53.0,0.32075471698113206,tier1_pilot,False,True,,2024-04-16 09:57:00-04:00,2024-04-16 10:02:00-04:00,2024-04-16 10:03:00-04:00,17898.25,17900.75,17860.75,17950.75,2024-04-16 10:29:00-04:00,17860.75,17858.25,stop,-86.34,17892.5,17904.75,17889.75,17898.0,3291.0,17865.90559387981,17898.25,17899.0,17879.0,17881.5,5062.0,17866.429402341128,17872.0,17882.5,17857.75,17859.0,5550.0,17876.624728813393,True,,2024-04-16 09:57:00-04:00,2024-04-16 10:02:00-04:00,2024-04-16 10:03:00-04:00,17898.25,17900.75,17860.75,17980.75,2024-04-16 10:29:00-04:00,17860.75,17858.25,stop,-86.34,17892.5,17904.75,17889.75,17898.0,3291.0,17865.90559387981,17898.25,17899.0,17879.0,17881.5,5062.0,17866.429402341128,17872.0,17882.5,17857.75,17859.0,5550.0,17876.624728813393,False,signal_filtered,2024-04-16 09:57:00-04:00,,,,,,,,,,,,,,,,,,,,,,,,,,,,,
2024-04-17,phase6_causal_or_retest_v1,d8df78957051c9de,25c269cde02debe4,7b30e3d97c41bd58,ed5db2d90d8371c44cbe212d6d16ad117537c9e185a6592a6ca108ece643d8ce,2026-04-24T15:59:00-04:00,2026-04-26T01:55:46.523945+00:00,True,clean,390,390,0,0,0,2024-04-17 15:59:00-04:00,2024-04-17 15:59:00-04:00,False,True,clean,tight,25.0,20,20,17959.5,17912.75,46.75,0.4385026737967914,tier1_pilot,False,False,or_class_tight,,,,,,,,,,,,,,,,,,,,,,,,,,,,,,,False,no_upside_breakout,,,,,,,,,,,,,,,,,,,,,,,,,,,,,,,False,or_class_tight,,,,,,,,,,,,,,,,,,,,,,,,,,,,,,
2024-04-18,phase6_causal_or_retest_v1,d8df78957051c9de,25c269cde02debe4,7b30e3d97c41bd58,ed5db2d90d8371c44cbe212d6d16ad117537c9e185a6592a6ca108ece643d8ce,2026-04-24T15:59:00-04:00,2026-04-26T01:55:46.523945+00:00,True,clean,390,390,0,0,0,2024-04-18 15:59:00-04:00,2024-04-18 15:59:00-04:00,False,True,clean,wide,100.0,20,20,17678.75,17551.0,127.75,0.3424657534246575,tier1_pilot,False,False,or_class_wide,,,,,,,,,,,,,,,,,,,,,,,,,,,,,,,False,or_class_wide,,,,,,,,,,,,,,,,,,,,,,,,,,,,,,,False,or_class_wide,,,,,,,,,,,,,,,,,,,,,,,,,,,,,,
2024-04-19,phase6_causal_or_retest_v1,d8df78957051c9de,25c269cde02debe4,7b30e3d97c41bd58,ed5db2d90d8371c44cbe212d6d16ad117537c9e185a6592a6ca108ece643d8ce,2026-04-24T15:59:00-04:00,2026-04-26T01:55:46.523945+00:00,True,clean,390,390,0,0,0,2024-04-19 15:59:00-04:00,2024-04-19 15:59:00-04:00,False,True,clean,normal,65.0,20,20,17501.5,17432.75,68.75,0.8254545454545454,tier1_pilot,False,False,no_retest_signal,2024-04-19 09:46:00-04:00,,,,,,,,,,,,,,,,,,,,,,,,,,,,,,False,no_retest_signal,2024-04-19 09:46:00-04:00,,,,,,,,,,,,,,,,,,,,,,,,,,,,,,False,no_retest_signal,2024-04-19 09:46:00-04:00,,,,,,,,,,,,,,,,,,,,,,,,,,,,,
2024-04-22,phase6_causal_or_retest_v1,d8df78957051c9de,25c269cde02debe4,7b30e3d97c41bd58,ed5db2d90d8371c44cbe212d6d16ad117537c9e185a6592a6ca108ece643d8ce,2026-04-24T15:59:00-04:00,2026-04-26T01:55:46.523945+00:00,True,clean,390,390,0,0,0,2024-04-22 15:59:00-04:00,2024-04-22 15:59:00-04:00,False,True,clean,tight,10.0,20,20,17307.5,17264.0,43.5,0.603448275862069,tier1_pilot,False,False,or_class_tight,,,,,,,,,,,,,,,,,,,,,,,,,,,,,,,True,,2024-04-22 09:48:00-04:00,2024-04-22 10:01:00-04:00,2024-04-22 10:02:00-04:00,17308.0,17310.5,17270.5,17390.5,2024-04-22 10:09:00-04:00,17270.5,17268.0,stop,-86.34,17296.5,17312.75,17296.5,17307.75,6003.0,17294.95327013775,17308.0,17314.0,17292.0,17295.25,4770.0,17295.090267190953,17286.75,17293.0,17263.0,17272.25,7058.0,17293.70725391547,False,or_class_tight,,,,,,,,,,,,,,,,,,,,,,,,,,,,,,
2024-04-23,phase6_causal_or_retest_v1,d8df78957051c9de,25c269cde02debe4,7b30e3d97c41bd58,ed5db2d90d8371c44cbe212d6d16ad117537c9e185a6592a6ca108ece643d8ce,2026-04-24T15:59:00-04:00,2026-04-26T01:55:46.523945+00:00,True,clean,390,390,0,0,0,2024-04-23 15:59:00-04:00,2024-04-23 15:59:00-04:00,False,True,clean,normal,50.0,20,20,17478.0,17413.5,64.5,0.5116279069767442,tier1_pilot,False,False,no_retest_signal,2024-04-23 09:45:00-04:00,,,,,,,,,,,,,,,,,,,,,,,,,,,,,,False,no_retest_signal,2024-04-23 09:45:00-04:00,,,,,,,,,,,,,,,,,,,,,,,,,,,,,,False,no_retest_signal,2024-04-23 09:45:00-04:00,,,,,,,,,,,,,,,,,,,,,,,,,,,,,
2024-04-24,phase6_causal_or_retest_v1,d8df78957051c9de,25c269cde02debe4,7b30e3d97c41bd58,ed5db2d90d8371c44cbe212d6d16ad117537c9e185a6592a6ca108ece643d8ce,2026-04-24T15:59:00-04:00,2026-04-26T01:55:46.523945+00:00,True,clean,390,390,0,0,0,2024-04-24 15:59:00-04:00,2024-04-24 15:59:00-04:00,False,True,clean,normal,65.0,20,20,17787.0,17713.0,74.0,0.7702702702702703,tier1_pilot,False,False,no_retest_signal,2024-04-24 09:50:00-04:00,,,,,,,,,,,,,,,,,,,,,,,,,,,,,,False,no_retest_signal,2024-04-24 09:50:00-04:00,,,,,,,,,,,,,,,,,,,,,,,,,,,,,,False,no_retest_signal,2024-04-24 09:50:00-04:00,,,,,,,,,,,,,,,,,,,,,,,,,,,,,
2024-04-25,phase6_causal_or_retest_v1,d8df78957051c9de,25c269cde02debe4,7b30e3d97c41bd58,ed5db2d90d8371c44cbe212d6d16ad117537c9e185a6592a6ca108ece643d8ce,2026-04-24T15:59:00-04:00,2026-04-26T01:55:46.523945+00:00,True,clean,390,390,0,0,0,2024-04-25 15:59:00-04:00,2024-04-25 15:59:00-04:00,False,True,clean,normal,50.0,20,20,17375.75,17308.0,67.75,0.933579335793358,tier1_pilot,True,True,,2024-04-25 09:46:00-04:00,2024-04-25 10:10:00-04:00,2024-04-25 10:11:00-04:00,17384.5,17387.0,17347.0,17437.0,2024-04-25 10:18:00-04:00,17437.0,17434.5,target,93.66,17375.25,17387.0,17370.75,17384.5,4818.0,17348.520717266772,17384.5,17408.5,17384.0,17400.0,10672.0,17350.177716085393,17420.75,17444.0,17420.5,17434.25,9747.0,17358.282953355392,True,,2024-04-25 09:46:00-04:00,2024-04-25 10:43:00-04:00,2024-04-25 10:44:00-04:00,17390.5,17393.0,17353.0,17473.0,2024-04-25 10:52:00-04:00,17353.0,17350.5,stop,-86.34,17366.75,17394.5,17366.75,17391.0,6758.0,17371.254729554246,17390.5,17397.75,17388.0,17393.0,3829.0,17371.425249701042,17371.5,17372.25,17345.5,17346.75,6225.0,17371.456277372166,True,,2024-04-25 09:46:00-04:00,2024-04-25 10:10:00-04:00,2024-04-25 10:11:00-04:00,17384.5,17387.0,17347.0,17437.0,2024-04-25 10:18:00-04:00,17437.0,17434.5,target,93.66,17375.25,17387.0,17370.75,17384.5,4818.0,17348.520717266772,17384.5,17408.5,17384.0,17400.0,10672.0,17350.177716085393,17420.75,17444.0,17420.5,17434.25,9747.0,17358.282953355392
2024-04-26,phase6_causal_or_retest_v1,d8df78957051c9de,25c269cde02debe4,7b30e3d97c41bd58,ed5db2d90d8371c44cbe212d6d16ad117537c9e185a6592a6ca108ece643d8ce,2026-04-24T15:59:00-04:00,2026-04-26T01:55:46.523945+00:00,True,clean,390,390,0,0,0,2024-04-26 15:59:00-04:00,2024-04-26 15:59:00-04:00,False,True,clean,wide,85.0,20,20,17764.5,17668.25,96.25,0.6857142857142857,tier1_pilot,False,False,or_class_wide,,,,,,,,,,,,,,,,,,,,,,,,,,,,,,,False,or_class_wide,,,,,,,,,,,,,,,,,,,,,,,,,,,,,,,False,or_class_wide,,,,,,,,,,,,,,,,,,,,,,,,,,,,,,
2024-04-29,phase6_causal_or_retest_v1,d8df78957051c9de,25c269cde02debe4,7b30e3d97c41bd58,ed5db2d90d8371c44cbe212d6d16ad117537c9e185a6592a6ca108ece643d8ce,2026-04-24T15:59:00-04:00,2026-04-26T01:55:46.523945+00:00,True,clean,390,390,0,0,0,2024-04-29 15:59:00-04:00,2024-04-29 15:59:00-04:00,False,True,clean,wide,90.0,20,20,17949.0,17831.75,117.25,0.11940298507462686,tier1_pilot,False,False,or_class_wide,,,,,,,,,,,,,,,,,,,,,,,,,,,,,,,False,or_class_wide,,,,,,,,,,,,,,,,,,,,,,,,,,,,,,,False,or_class_wide,,,,,,,,,,,,,,,,,,,,,,,,,,,,,,
2024-04-30,phase6_causal_or_retest_v1,d8df78957051c9de,25c269cde02debe4,7b30e3d97c41bd58,ed5db2d90d8371c44cbe212d6d16ad117537c9e185a6592a6ca108ece643d8ce,2026-04-24T15:59:00-04:00,2026-04-26T01:55:46.523945+00:00,True,clean,390,390,0,0,0,2024-04-30 15:59:00-04:00,2024-04-30 15:59:00-04:00,False,True,clean,normal,40.0,20,20,17886.5,17824.0,62.5,0.94,tier1_pilot,False,False,no_upside_breakout,,,,,,,,,,,,,,,,,,,,,,,,,,,,,,,False,no_upside_breakout,,,,,,,,,,,,,,,,,,,,,,,,,,,,,,,False,no_upside_breakout,,,,,,,,,,,,,,,,,,,,,,,,,,,,,,
2024-05-01,phase6_causal_or_retest_v1,d8df78957051c9de,25c269cde02debe4,7b30e3d97c41bd58,ed5db2d90d8371c44cbe212d6d16ad117537c9e185a6592a6ca108ece643d8ce,2026-04-24T15:59:00-04:00,2026-04-26T01:55:46.523945+00:00,True,clean,390,390,0,0,0,2024-05-01 15:59:00-04:00,2024-05-01 15:59:00-04:00,False,True,clean,tight,25.0,20,20,17517.5,17468.25,49.25,0.39086294416243655,tier1_pilot,False,False,or_class_tight,,,,,,,,,,,,,,,,,,,,,,,,,,,,,,,False,no_retest_signal,2024-05-01 14:26:00-04:00,,,,,,,,,,,,,,,,,,,,,,,,,,,,,,False,or_class_tight,,,,,,,,,,,,,,,,,,,,,,,,,,,,,,
2024-05-02,phase6_causal_or_retest_v1,d8df78957051c9de,25c269cde02debe4,7b30e3d97c41bd58,ed5db2d90d8371c44cbe212d6d16ad117537c9e185a6592a6ca108ece643d8ce,2026-04-24T15:59:00-04:00,2026-04-26T01:55:46.523945+00:00,True,clean,390,390,0,0,0,2024-05-02 15:59:00-04:00,2024-05-02 15:59:00-04:00,False,True,clean,wide,80.0,20,20,17602.5,17515.25,87.25,0.29512893982808025,tier1_pilot,False,False,or_class_wide,,,,,,,,,,,,,,,,,,,,,,,,,,,,,,,False,or_class_wide,,,,,,,,,,,,,,,,,,,,,,,,,,,,,,,False,or_class_wide,,,,,,,,,,,,,,,,,,,,,,,,,,,,,,
2024-05-03,phase6_causal_or_retest_v1,d8df78957051c9de,25c269cde02debe4,7b30e3d97c41bd58,ed5db2d90d8371c44cbe212d6d16ad117537c9e185a6592a6ca108ece643d8ce,2026-04-24T15:59:00-04:00,2026-04-26T01:55:46.523945+00:00,True,clean,390,390,0,0,0,2024-05-03 15:59:00-04:00,2024-05-03 15:59:00-04:00,False,True,clean,normal,30.0,20,20,17977.75,17919.25,58.5,0.8803418803418803,tier1_pilot,False,True,,2024-05-03 09:45:00-04:00,2024-05-03 10:44:00-04:00,2024-05-03 10:45:00-04:00,17983.0,17985.5,17945.5,18035.5,2024-05-03 10:52:00-04:00,17945.5,17943.0,stop,-86.34,17966.5,17986.5,17963.5,17982.25,5826.0,17953.981880508203,17983.0,17987.0,17971.25,17977.25,4034.0,17954.247400223718,17950.0,17951.25,17937.75,17940.0,4047.0,17954.91918123458,True,,2024-05-03 09:45:00-04:00,2024-05-03 10:44:00-04:00,2024-05-03 10:45:00-04:00,17983.0,17985.5,17945.5,18065.5,2024-05-03 10:52:00-04:00,17945.5,17943.0,stop,-86.34,17966.5,17986.5,17963.5,17982.25,5826.0,17953.981880508203,17983.0,17987.0,17971.25,17977.25,4034.0,17954.247400223718,17950.0,17951.25,17937.75,17940.0,4047.0,17954.91918123458,False,signal_filtered,2024-05-03 09:45:00-04:00,,,,,,,,,,,,,,,,,,,,,,,,,,,,,
2024-05-06,phase6_causal_or_retest_v1,d8df78957051c9de,25c269cde02debe4,7b30e3d97c41bd58,ed5db2d90d8371c44cbe212d6d16ad117537c9e185a6592a6ca108ece643d8ce,2026-04-24T15:59:00-04:00,2026-04-26T01:55:46.523945+00:00,True,clean,390,390,0,0,0,2024-05-06 15:59:00-04:00,2024-05-06 15:59:00-04:00,False,True,clean,normal,35.0,20,20,18101.0,18042.5,58.5,0.7350427350427351,tier1_pilot,True,True,,2024-05-06 09:51:00-04:00,2024-05-06 10:05:00-04:00,2024-05-06 10:06:00-04:00,18104.0,18106.5,18066.5,18156.5,2024-05-06 15:46:00-04:00,18156.5,18154.0,target,93.66,18098.25,18106.0,18096.0,18104.0,2392.0,18084.5348384377,18104.0,18116.75,18102.75,18112.75,5123.0,18085.421876823224,18150.0,18157.0,18146.0,18155.25,1962.0,18104.366366862716,True,,2024-05-06 09:51:00-04:00,2024-05-06 10:37:00-04:00,2024-05-06 10:38:00-04:00,18101.0,18103.5,18063.5,18183.5,2024-05-06 15:55:00-04:00,18183.5,18181.0,target,153.66,18092.75,18101.5,18092.0,18101.5,1927.0,18088.86703960635,18101.0,18105.5,18099.0,18102.25,2721.0,18089.02434744919,18176.5,18189.75,18172.5,18186.5,5640.0,18106.51164832312,True,,2024-05-06 09:51:00-04:00,2024-05-06 10:05:00-04:00,2024-05-06 10:06:00-04:00,18104.0,18106.5,18066.5,18156.5,2024-05-06 15:46:00-04:00,18156.5,18154.0,target,93.66,18098.25,18106.0,18096.0,18104.0,2392.0,18084.5348384377,18104.0,18116.75,18102.75,18112.75,5123.0,18085.421876823224,18150.0,18157.0,18146.0,18155.25,1962.0,18104.366366862716
2024-05-07,phase6_causal_or_retest_v1,d8df78957051c9de,25c269cde02debe4,7b30e3d97c41bd58,ed5db2d90d8371c44cbe212d6d16ad117537c9e185a6592a6ca108ece643d8ce,2026-04-24T15:59:00-04:00,2026-04-26T01:55:46.523945+00:00,True,clean,390,390,0,0,0,2024-05-07 15:59:00-04:00,2024-05-07 15:59:00-04:00,False,True,clean,tight,0.0,20,20,18236.25,18197.25,39.0,0.5769230769230769,tier1_pilot,False,False,or_class_tight,,,,,,,,,,,,,,,,,,,,,,,,,,,,,,,True,,2024-05-07 10:55:00-04:00,2024-05-07 10:56:00-04:00,2024-05-07 10:57:00-04:00,18244.25,18246.75,18206.75,18326.75,2024-05-07 13:49:00-04:00,18206.75,18204.25,stop,-86.34,18237.0,18245.75,18237.0,18244.25,4276.0,18209.087198230827,18244.25,18251.25,18244.25,18247.0,4622.0,18209.705137954952,18224.75,18226.5,18198.0,18201.5,8637.0,18227.797405985075,False,or_class_tight,,,,,,,,,,,,,,,,,,,,,,,,,,,,,,
2024-05-08,phase6_causal_or_retest_v1,d8df78957051c9de,25c269cde02debe4,7b30e3d97c41bd58,ed5db2d90d8371c44cbe212d6d16ad117537c9e185a6592a6ca108ece643d8ce,2026-04-24T15:59:00-04:00,2026-04-26T01:55:46.523945+00:00,True,clean,390,390,0,0,0,2024-05-08 15:59:00-04:00,2024-05-08 15:59:00-04:00,False,True,clean,tight,20.0,20,20,18126.5,18079.0,47.5,0.9473684210526315,tier1_pilot,False,False,or_class_tight,,,,,,,,,,,,,,,,,,,,,,,,,,,,,,,False,no_retest_signal,2024-05-08 09:45:00-04:00,,,,,,,,,,,,,,,,,,,,,,,,,,,,,,False,or_class_tight,,,,,,,,,,,,,,,,,,,,,,,,,,,,,,
2024-05-09,phase6_causal_or_retest_v1,d8df78957051c9de,25c269cde02debe4,7b30e3d97c41bd58,ed5db2d90d8371c44cbe212d6d16ad117537c9e185a6592a6ca108ece643d8ce,2026-04-24T15:59:00-04:00,2026-04-26T01:55:46.523945+00:00,True,clean,390,390,0,0,0,2024-05-09 15:59:00-04:00,2024-05-09 15:59:00-04:00,False,True,clean,wide,80.0,20,20,18204.0,18122.75,81.25,0.1076923076923077,tier1_pilot,False,False,or_class_wide,,,,,,,,,,,,,,,,,,,,,,,,,,,,,,,False,or_class_wide,,,,,,,,,,,,,,,,,,,,,,,,,,,,,,,False,or_class_wide,,,,,,,,,,,,,,,,,,,,,,,,,,,,,,
2024-05-10,phase6_causal_or_retest_v1,d8df78957051c9de,25c269cde02debe4,7b30e3d97c41bd58,ed5db2d90d8371c44cbe212d6d16ad117537c9e185a6592a6ca108ece643d8ce,2026-04-24T15:59:00-04:00,2026-04-26T01:55:46.523945+00:00,True,clean,390,390,0,0,0,2024-05-10 15:59:00-04:00,2024-05-10 15:59:00-04:00,False,True,clean,normal,70.0,20,20,18331.5,18256.5,75.0,0.8466666666666667,tier1_pilot,False,False,no_retest_signal,2024-05-10 09:48:00-04:00,,,,,,,,,,,,,,,,,,,,,,,,,,,,,,False,no_retest_signal,2024-05-10 09:48:00-04:00,,,,,,,,,,,,,,,,,,,,,,,,,,,,,,False,no_retest_signal,2024-05-10 09:48:00-04:00,,,,,,,,,,,,,,,,,,,,,,,,,,,,,
2024-05-13,phase6_causal_or_retest_v1,d8df78957051c9de,25c269cde02debe4,7b30e3d97c41bd58,ed5db2d90d8371c44cbe212d6d16ad117537c9e185a6592a6ca108ece643d8ce,2026-04-24T15:59:00-04:00,2026-04-26T01:55:46.523945+00:00,True,clean,390,390,0,0,0,2024-05-13 15:59:00-04:00,2024-05-13 15:59:00-04:00,False,True,clean,normal,60.0,20,20,18336.75,18266.25,70.5,0.10283687943262411,tier1_pilot,False,False,no_upside_breakout,,,,,,,,,,,,,,,,,,,,,,,,,,,,,,,False,no_upside_breakout,,,,,,,,,,,,,,,,,,,,,,,,,,,,,,,False,no_upside_breakout,,,,,,,,,,,,,,,,,,,,,,,,,,,,,,
2024-05-14,phase6_causal_or_retest_v1,d8df78957051c9de,25c269cde02debe4,7b30e3d97c41bd58,ed5db2d90d8371c44cbe212d6d16ad117537c9e185a6592a6ca108ece643d8ce,2026-04-24T15:59:00-04:00,2026-04-26T01:55:46.523945+00:00,True,clean,390,390,0,0,0,2024-05-14 15:59:00-04:00,2024-05-14 15:59:00-04:00,False,True,clean,tight,25.0,20,20,18318.0,18265.25,52.75,0.8815165876777251,tier1_pilot,False,False,or_class_tight,,,,,,,,,,,,,,,,,,,,,,,,,,,,,,,False,signal_filtered,2024-05-14 09:45:00-04:00,,,,,,,,,,,,,,,,,,,,,,,,,,,,,,False,or_class_tight,,,,,,,,,,,,,,,,,,,,,,,,,,,,,,
2024-05-15,phase6_causal_or_retest_v1,d8df78957051c9de,25c269cde02debe4,7b30e3d97c41bd58,ed5db2d90d8371c44cbe212d6d16ad117537c9e185a6592a6ca108ece643d8ce,2026-04-24T15:59:00-04:00,2026-04-26T01:55:46.523945+00:00,True,clean,390,390,0,0,0,2024-05-15 15:59:00-04:00,2024-05-15 15:59:00-04:00,False,True,clean,tight,5.0,20,20,18531.75,18491.25,40.5,0.2345679012345679,tier1_pilot,False,False,or_class_tight,,,,,,,,,,,,,,,,,,,,,,,,,,,,,,,True,,2024-05-15 10:20:00-04:00,2024-05-15 10:31:00-04:00,2024-05-15 10:32:00-04:00,18535.75,18538.25,18498.25,18618.25,2024-05-15 12:33:00-04:00,18618.25,18615.75,target,153.66,18535.5,18538.5,18532.25,18535.5,3085.0,18503.75107928794,18535.75,18540.75,18532.5,18540.75,2200.0,18503.991232613433,18615.0,18619.75,18613.5,18618.0,1819.0,18537.65132968141,False,or_class_tight,,,,,,,,,,,,,,,,,,,,,,,,,,,,,,
2024-05-16,phase6_causal_or_retest_v1,d8df78957051c9de,25c269cde02debe4,7b30e3d97c41bd58,ed5db2d90d8371c44cbe212d6d16ad117537c9e185a6592a6ca108ece643d8ce,2026-04-24T15:59:00-04:00,2026-04-26T01:55:46.523945+00:00,True,clean,390,390,0,0,0,2024-05-16 15:59:00-04:00,2024-05-16 15:59:00-04:00,False,True,clean,tight,0.0,20,20,18700.0,18672.0,28.0,0.6696428571428571,tier1_pilot,False,False,or_class_tight,,,,,,,,,,,,,,,,,,,,,,,,,,,,,,,True,,2024-05-16 09:47:00-04:00,2024-05-16 10:12:00-04:00,2024-05-16 10:13:00-04:00,18700.5,18703.0,18663.0,18783.0,2024-05-16 14:15:00-04:00,18663.0,18660.5,stop,-86.34,18694.25,18701.75,18690.5,18700.5,2881.0,18694.224861252012,18700.5,18705.0,18694.5,18702.75,4747.0,18694.404616201537,18666.5,18671.25,18662.25,18667.0,4135.0,18712.19752819108,False,or_class_tight,,,,,,,,,,,,,,,,,,,,,,,,,,,,,,
2024-05-17,phase6_causal_or_retest_v1,d8df78957051c9de,25c269cde02debe4,7b30e3d97c41bd58,ed5db2d90d8371c44cbe212d6d16ad117537c9e185a6592a6ca108ece643d8ce,2026-04-24T15:59:00-04:00,2026-04-26T01:55:46.523945+00:00,True,clean,390,390,0,0,0,2024-05-17 15:59:00-04:00,2024-05-17 15:59:00-04:00,False,True,clean,tight,5.0,20,20,18667.5,18638.25,29.25,0.23076923076923078,tier1_pilot,False,False,or_class_tight,,,,,,,,,,,,,,,,,,,,,,,,,,,,,,,True,,2024-05-17 10:33:00-04:00,2024-05-17 10:34:00-04:00,2024-05-17 10:35:00-04:00,18675.0,18677.5,18637.5,18757.5,2024-05-17 11:04:00-04:00,18637.5,18635.0,stop,-86.34,18670.25,18676.0,18670.0,18675.25,2685.0,18645.799296851448,18675.0,18675.75,18671.75,18671.75,2384.0,18646.076611000743,18643.5,18643.75,18628.25,18633.75,5561.0,18649.223785487673,False,or_class_tight,,,,,,,,,,,,,,,,,,,,,,,,,,,,,,
2024-05-20,phase6_causal_or_retest_v1,d8df78957051c9de,25c269cde02debe4,7b30e3d97c41bd58,ed5db2d90d8371c44cbe212d6d16ad117537c9e185a6592a6ca108ece643d8ce,2026-04-24T15:59:00-04:00,2026-04-26T01:55:46.523945+00:00,True,clean,390,390,0,0,0,2024-05-20 15:59:00-04:00,2024-05-20 15:59:00-04:00,False,True,clean,wide,80.0,20,20,18710.75,18635.25,75.5,0.9403973509933775,tier1_pilot,False,False,or_class_wide,,,,,,,,,,,,,,,,,,,,,,,,,,,,,,,False,or_class_wide,,,,,,,,,,,,,,,,,,,,,,,,,,,,,,,False,or_class_wide,,,,,,,,,,,,,,,,,,,,,,,,,,,,,,
2024-05-21,phase6_causal_or_retest_v1,d8df78957051c9de,25c269cde02debe4,7b30e3d97c41bd58,ed5db2d90d8371c44cbe212d6d16ad117537c9e185a6592a6ca108ece643d8ce,2026-04-24T15:59:00-04:00,2026-04-26T01:55:46.523945+00:00,True,clean,390,390,0,0,0,2024-05-21 15:59:00-04:00,2024-05-21 15:59:00-04:00,False,True,clean,tight,10.0,20,20,18714.0,18678.0,36.0,0.7083333333333334,tier1_pilot,False,False,or_class_tight,,,,,,,,,,,,,,,,,,,,,,,,,,,,,,,True,,2024-05-21 09:53:00-04:00,2024-05-21 10:15:00-04:00,2024-05-21 10:16:00-04:00,18718.75,18721.25,18681.25,18801.25,2024-05-21 15:55:00-04:00,18801.25,18798.75,target,153.66,18714.25,18720.5,18710.5,18718.75,2599.0,18704.2664061144,18718.75,18723.25,18717.75,18720.25,2517.0,18704.508834837194,18799.5,18803.75,18794.5,18802.0,2633.0,18742.509692098298,False,or_class_tight,,,,,,,,,,,,,,,,,,,,,,,,,,,,,,
2024-05-22,phase6_causal_or_retest_v1,d8df78957051c9de,25c269cde02debe4,7b30e3d97c41bd58,ed5db2d90d8371c44cbe212d6d16ad117537c9e185a6592a6ca108ece643d8ce,2026-04-24T15:59:00-04:00,2026-04-26T01:55:46.523945+00:00,True,clean,390,390,0,0,0,2024-05-22 15:59:00-04:00,2024-05-22 15:59:00-04:00,False,True,clean,tight,15.0,20,20,18826.5,18789.0,37.5,0.64,tier1_pilot,False,False,or_class_tight,,,,,,,,,,,,,,,,,,,,,,,,,,,,,,,True,,2024-05-22 09:52:00-04:00,2024-05-22 10:15:00-04:00,2024-05-22 10:16:00-04:00,18827.5,18830.0,18790.0,18910.0,2024-05-22 13:37:00-04:00,18790.0,18787.5,stop,-86.34,18824.75,18829.0,18823.5,18827.5,3277.0,18814.95629267634,18827.5,18830.0,18822.5,18822.5,2169.0,18815.098982895797,18792.75,18793.0,18767.25,18775.75,8802.0,18815.92270119394,False,or_class_tight,,,,,,,,,,,,,,,,,,,,,,,,,,,,,,
2024-05-23,phase6_causal_or_retest_v1,d8df78957051c9de,25c269cde02debe4,7b30e3d97c41bd58,ed5db2d90d8371c44cbe212d6d16ad117537c9e185a6592a6ca108ece643d8ce,2026-04-24T15:59:00-04:00,2026-04-26T01:55:46.523945+00:00,True,clean,390,390,0,0,0,2024-05-23 15:59:00-04:00,2024-05-23 15:59:00-04:00,False,True,clean,normal,70.0,20,20,18982.5,18911.5,71.0,0.19718309859154928,tier1_pilot,False,False,no_upside_breakout,,,,,,,,,,,,,,,,,,,,,,,,,,,,,,,False,no_upside_breakout,,,,,,,,,,,,,,,,,,,,,,,,,,,,,,,False,no_upside_breakout,,,,,,,,,,,,,,,,,,,,,,,,,,,,,,
2024-05-24,phase6_causal_or_retest_v1,d8df78957051c9de,25c269cde02debe4,7b30e3d97c41bd58,ed5db2d90d8371c44cbe212d6d16ad117537c9e185a6592a6ca108ece643d8ce,2026-04-24T15:59:00-04:00,2026-04-26T01:55:46.523945+00:00,True,clean,390,390,0,0,0,2024-05-24 15:59:00-04:00,2024-05-24 15:59:00-04:00,False,True,clean,normal,30.0,20,20,18777.25,18733.25,44.0,0.8409090909090909,tier1_pilot,True,True,,2024-05-24 09:45:00-04:00,2024-05-24 10:00:00-04:00,2024-05-24 10:01:00-04:00,18793.0,18795.5,18755.5,18845.5,2024-05-24 10:50:00-04:00,18845.5,18843.0,target,93.66,18750.25,18796.75,18750.25,18792.5,13010.0,18757.776200203938,18793.0,18798.0,18782.75,18785.25,6893.0,18759.176719724626,18842.5,18846.0,18837.5,18838.25,3045.0,18786.009840333874,True,,2024-05-24 09:45:00-04:00,2024-05-24 10:00:00-04:00,2024-05-24 10:01:00-04:00,18793.0,18795.5,18755.5,18875.5,2024-05-24 11:03:00-04:00,18875.5,18873.0,target,153.66,18750.25,18796.75,18750.25,18792.5,13010.0,18757.776200203938,18793.0,18798.0,18782.75,18785.25,6893.0,18759.176719724626,18871.25,18879.75,18868.25,18878.75,3415.0,18793.737472895893,True,,2024-05-24 09:45:00-04:00,2024-05-24 10:00:00-04:00,2024-05-24 10:01:00-04:00,18793.0,18795.5,18755.5,18845.5,2024-05-24 10:50:00-04:00,18845.5,18843.0,target,93.66,18750.25,18796.75,18750.25,18792.5,13010.0,18757.776200203938,18793.0,18798.0,18782.75,18785.25,6893.0,18759.176719724626,18842.5,18846.0,18837.5,18838.25,3045.0,18786.009840333874
2024-05-28,phase6_causal_or_retest_v1,d8df78957051c9de,25c269cde02debe4,7b30e3d97c41bd58,ed5db2d90d8371c44cbe212d6d16ad117537c9e185a6592a6ca108ece643d8ce,2026-04-24T15:59:00-04:00,2026-04-26T01:55:46.523945+00:00,True,clean,390,390,0,0,0,2024-05-28 15:59:00-04:00,2024-05-28 15:59:00-04:00,False,True,clean,normal,65.0,20,20,18937.0,18869.5,67.5,0.040740740740740744,tier1_pilot,False,False,no_retest_signal,2024-05-28 12:45:00-04:00,,,,,,,,,,,,,,,,,,,,,,,,,,,,,,False,no_retest_signal,2024-05-28 12:45:00-04:00,,,,,,,,,,,,,,,,,,,,,,,,,,,,,,False,no_retest_signal,2024-05-28 12:45:00-04:00,,,,,,,,,,,,,,,,,,,,,,,,,,,,,
2024-05-29,phase6_causal_or_retest_v1,d8df78957051c9de,25c269cde02debe4,7b30e3d97c41bd58,ed5db2d90d8371c44cbe212d6d16ad117537c9e185a6592a6ca108ece643d8ce,2026-04-24T15:59:00-04:00,2026-04-26T01:55:46.523945+00:00,True,clean,390,390,0,0,0,2024-05-29 15:59:00-04:00,2024-05-29 15:59:00-04:00,False,True,clean,normal,50.0,20,20,18817.75,18761.0,56.75,0.4713656387665198,tier1_pilot,True,True,,2024-05-29 09:50:00-04:00,2024-05-29 10:10:00-04:00,2024-05-29 10:11:00-04:00,18825.5,18828.0,18788.0,18878.0,2024-05-29 10:36:00-04:00,18878.0,18875.5,target,93.66,18816.75,18829.0,18815.75,18825.25,3544.0,18811.535306773872,18825.5,18835.5,18825.25,18831.75,3238.0,18811.857354962296,18866.5,18878.5,18861.75,18867.25,5478.0,18823.789500282466,True,,2024-05-29 09:50:00-04:00,2024-05-29 10:10:00-04:00,2024-05-29 10:11:00-04:00,18825.5,18828.0,18788.0,18908.0,2024-05-29 15:54:00-04:00,18788.0,18785.5,stop,-86.34,18816.75,18829.0,18815.75,18825.25,3544.0,18811.535306773872,18825.5,18835.5,18825.25,18831.75,3238.0,18811.857354962296,18796.25,18799.5,18786.5,18792.0,4891.0,18837.20176012109,True,,2024-05-29 09:50:00-04:00,2024-05-29 10:10:00-04:00,2024-05-29 10:11:00-04:00,18825.5,18828.0,18788.0,18878.0,2024-05-29 10:36:00-04:00,18878.0,18875.5,target,93.66,18816.75,18829.0,18815.75,18825.25,3544.0,18811.535306773872,18825.5,18835.5,18825.25,18831.75,3238.0,18811.857354962296,18866.5,18878.5,18861.75,18867.25,5478.0,18823.789500282466
2024-05-30,phase6_causal_or_retest_v1,d8df78957051c9de,25c269cde02debe4,7b30e3d97c41bd58,ed5db2d90d8371c44cbe212d6d16ad117537c9e185a6592a6ca108ece643d8ce,2026-04-24T15:59:00-04:00,2026-04-26T01:55:46.523945+00:00,True,clean,390,390,0,0,0,2024-05-30 15:59:00-04:00,2024-05-30 15:59:00-04:00,False,True,clean,wide,80.0,20,20,18769.25,18696.5,72.75,0.5292096219931272,tier1_pilot,False,False,or_class_wide,,,,,,,,,,,,,,,,,,,,,,,,,,,,,,,False,or_class_wide,,,,,,,,,,,,,,,,,,,,,,,,,,,,,,,False,or_class_wide,,,,,,,,,,,,,,,,,,,,,,,,,,,,,,
2024-05-31,phase6_causal_or_retest_v1,d8df78957051c9de,25c269cde02debe4,7b30e3d97c41bd58,ed5db2d90d8371c44cbe212d6d16ad117537c9e185a6592a6ca108ece643d8ce,2026-04-24T15:59:00-04:00,2026-04-26T01:55:46.523945+00:00,True,clean,390,390,0,0,0,2024-05-31 15:59:00-04:00,2024-05-31 15:59:00-04:00,False,True,clean,normal,45.0,20,20,18630.75,18575.0,55.75,0.7713004484304933,tier1_pilot,False,False,no_upside_breakout,,,,,,,,,,,,,,,,,,,,,,,,,,,,,,,False,no_upside_breakout,,,,,,,,,,,,,,,,,,,,,,,,,,,,,,,False,no_upside_breakout,,,,,,,,,,,,,,,,,,,,,,,,,,,,,,
2024-06-03,phase6_causal_or_retest_v1,d8df78957051c9de,25c269cde02debe4,7b30e3d97c41bd58,ed5db2d90d8371c44cbe212d6d16ad117537c9e185a6592a6ca108ece643d8ce,2026-04-24T15:59:00-04:00,2026-04-26T01:55:46.523945+00:00,True,clean,390,390,0,0,0,2024-06-03 15:59:00-04:00,2024-06-03 15:59:00-04:00,False,True,clean,normal,40.0,20,20,18749.75,18698.25,51.5,0.5970873786407767,tier1_pilot,False,False,no_upside_breakout,,,,,,,,,,,,,,,,,,,,,,,,,,,,,,,False,no_upside_breakout,,,,,,,,,,,,,,,,,,,,,,,,,,,,,,,False,no_upside_breakout,,,,,,,,,,,,,,,,,,,,,,,,,,,,,,
2024-06-04,phase6_causal_or_retest_v1,d8df78957051c9de,25c269cde02debe4,7b30e3d97c41bd58,ed5db2d90d8371c44cbe212d6d16ad117537c9e185a6592a6ca108ece643d8ce,2026-04-24T15:59:00-04:00,2026-04-26T01:55:46.523945+00:00,True,clean,390,390,0,0,0,2024-06-04 15:59:00-04:00,2024-06-04 15:59:00-04:00,False,True,clean,normal,70.0,20,20,18650.75,18581.5,69.25,0.48736462093862815,tier1_pilot,False,False,no_retest_signal,2024-06-04 10:01:00-04:00,,,,,,,,,,,,,,,,,,,,,,,,,,,,,,False,no_retest_signal,2024-06-04 10:01:00-04:00,,,,,,,,,,,,,,,,,,,,,,,,,,,,,,False,no_retest_signal,2024-06-04 10:01:00-04:00,,,,,,,,,,,,,,,,,,,,,,,,,,,,,
2024-06-05,phase6_causal_or_retest_v1,d8df78957051c9de,25c269cde02debe4,7b30e3d97c41bd58,ed5db2d90d8371c44cbe212d6d16ad117537c9e185a6592a6ca108ece643d8ce,2026-04-24T15:59:00-04:00,2026-04-26T01:55:46.523945+00:00,True,clean,390,390,0,0,0,2024-06-05 15:59:00-04:00,2024-06-05 15:59:00-04:00,False,True,clean,tight,25.0,20,20,18852.5,18813.5,39.0,0.5512820512820513,tier1_pilot,False,False,or_class_tight,,,,,,,,,,,,,,,,,,,,,,,,,,,,,,,True,,2024-06-05 09:52:00-04:00,2024-06-05 10:23:00-04:00,2024-06-05 10:24:00-04:00,18868.0,18870.5,18830.5,18950.5,2024-06-05 11:12:00-04:00,18950.5,18948.0,target,153.66,18852.75,18868.5,18851.25,18868.5,6185.0,18837.87369124166,18868.0,18882.25,18868.0,18875.75,10250.0,18839.568278746523,18948.5,18951.0,18946.25,18947.5,2673.0,18871.366673366334,False,or_class_tight,,,,,,,,,,,,,,,,,,,,,,,,,,,,,,
2024-06-06,phase6_causal_or_retest_v1,d8df78957051c9de,25c269cde02debe4,7b30e3d97c41bd58,ed5db2d90d8371c44cbe212d6d16ad117537c9e185a6592a6ca108ece643d8ce,2026-04-24T15:59:00-04:00,2026-04-26T01:55:46.523945+00:00,True,clean,390,390,0,0,0,2024-06-06 15:59:00-04:00,2024-06-06 15:59:00-04:00,False,True,clean,tight,10.0,20,20,19115.75,19085.25,30.5,0.5245901639344263,tier1_pilot,False,False,or_class_tight,,,,,,,,,,,,,,,,,,,,,,,,,,,,,,,False,no_upside_breakout,,,,,,,,,,,,,,,,,,,,,,,,,,,,,,,False,or_class_tight,,,,,,,,,,,,,,,,,,,,,,,,,,,,,,
2024-06-07,phase6_causal_or_retest_v1,d8df78957051c9de,25c269cde02debe4,7b30e3d97c41bd58,ed5db2d90d8371c44cbe212d6d16ad117537c9e185a6592a6ca108ece643d8ce,2026-04-24T15:59:00-04:00,2026-04-26T01:55:46.523945+00:00,True,clean,390,390,0,0,0,2024-06-07 15:59:00-04:00,2024-06-07 15:59:00-04:00,False,True,clean,normal,40.0,20,20,19040.75,18992.25,48.5,0.6443298969072165,tier1_pilot,True,True,,2024-06-07 09:51:00-04:00,2024-06-07 10:13:00-04:00,2024-06-07 10:14:00-04:00,19041.5,19044.0,19004.0,19094.0,2024-06-07 10:44:00-04:00,19094.0,19091.5,target,93.66,19033.75,19041.5,19032.5,19041.5,1958.0,19027.072851912177,19041.5,19041.75,19034.75,19037.25,1230.0,19027.155136834186,19089.0,19094.75,19088.0,19093.25,2555.0,19037.330634901013,True,,2024-06-07 09:51:00-04:00,2024-06-07 10:17:00-04:00,2024-06-07 10:18:00-04:00,19051.25,19053.75,19013.75,19133.75,2024-06-07 12:55:00-04:00,19133.75,19131.25,target,153.66,19043.25,19054.0,19041.75,19051.5,4719.0,19028.04238530221,19051.25,19053.25,19047.0,19048.75,1886.0,19028.2753360979,19123.5,19140.0,19122.75,19138.75,4982.0,19059.07436003683,True,,2024-06-07 09:51:00-04:00,2024-06-07 10:13:00-04:00,2024-06-07 10:14:00-04:00,19041.5,19044.0,19004.0,19094.0,2024-06-07 10:44:00-04:00,19094.0,19091.5,target,93.66,19033.75,19041.5,19032.5,19041.5,1958.0,19027.072851912177,19041.5,19041.75,19034.75,19037.25,1230.0,19027.155136834186,19089.0,19094.75,19088.0,19093.25,2555.0,19037.330634901013
2024-06-10,phase6_causal_or_retest_v1,d8df78957051c9de,25c269cde02debe4,7b30e3d97c41bd58,ed5db2d90d8371c44cbe212d6d16ad117537c9e185a6592a6ca108ece643d8ce,2026-04-24T15:59:00-04:00,2026-04-26T01:55:46.523945+00:00,True,clean,390,390,0,0,0,2024-06-10 15:59:00-04:00,2024-06-10 15:59:00-04:00,False,True,clean,normal,40.0,20,20,19023.5,18977.5,46.0,0.4673913043478261,tier1_pilot,True,True,,2024-06-10 10:22:00-04:00,2024-06-10 10:25:00-04:00,2024-06-10 10:26:00-04:00,19024.5,19027.0,18987.0,19077.0,2024-06-10 11:08:00-04:00,19077.0,19074.5,target,93.66,19018.5,19025.5,19017.5,19024.5,2095.0,19003.646223104362,19024.5,19030.75,19024.5,19028.0,2888.0,19003.984673048813,19071.25,19080.75,19071.25,19079.75,3889.0,19018.389685813545,True,,2024-06-10 10:22:00-04:00,2024-06-10 10:25:00-04:00,2024-06-10 10:26:00-04:00,19024.5,19027.0,18987.0,19107.0,2024-06-10 11:53:00-04:00,19107.0,19104.5,target,153.66,19018.5,19025.5,19017.5,19024.5,2095.0,19003.646223104362,19024.5,19030.75,19024.5,19028.0,2888.0,19003.984673048813,19104.75,19108.0,19101.75,19105.5,2086.0,19031.782411357235,True,,2024-06-10 10:22:00-04:00,2024-06-10 10:25:00-04:00,2024-06-10 10:26:00-04:00,19024.5,19027.0,18987.0,19077.0,2024-06-10 11:08:00-04:00,19077.0,19074.5,target,93.66,19018.5,19025.5,19017.5,19024.5,2095.0,19003.646223104362,19024.5,19030.75,19024.5,19028.0,2888.0,19003.984673048813,19071.25,19080.75,19071.25,19079.75,3889.0,19018.389685813545
2024-06-11,phase6_causal_or_retest_v1,d8df78957051c9de,25c269cde02debe4,7b30e3d97c41bd58,ed5db2d90d8371c44cbe212d6d16ad117537c9e185a6592a6ca108ece643d8ce,2026-04-24T15:59:00-04:00,2026-04-26T01:55:46.523945+00:00,True,clean,390,390,0,0,0,2024-06-11 15:59:00-04:00,2024-06-11 15:59:00-04:00,False,True,clean,normal,35.0,20,20,19087.5,19046.0,41.5,0.24096385542168675,tier1_pilot,False,True,,2024-06-11 10:31:00-04:00,2024-06-11 10:35:00-04:00,2024-06-11 10:36:00-04:00,19088.75,19091.25,19051.25,19141.25,2024-06-11 13:16:00-04:00,19141.25,19138.75,target,93.66,19081.5,19089.25,19079.5,19088.75,2418.0,19051.97536091396,19088.75,19092.0,19084.5,19087.0,2042.0,19052.245264889723,19139.5,19141.75,19131.0,19132.5,2031.0,19080.40761052716,True,,2024-06-11 10:31:00-04:00,2024-06-11 10:35:00-04:00,2024-06-11 10:36:00-04:00,19088.75,19091.25,19051.25,19171.25,2024-06-11 14:04:00-04:00,19171.25,19168.75,target,153.66,19081.5,19089.25,19079.5,19088.75,2418.0,19051.97536091396,19088.75,19092.0,19084.5,19087.0,2042.0,19052.245264889723,19169.75,19178.25,19167.5,19176.5,3921.0,19087.14905282927,False,signal_filtered,2024-06-11 10:31:00-04:00,,,,,,,,,,,,,,,,,,,,,,,,,,,,,
2024-06-12,phase6_causal_or_retest_v1,d8df78957051c9de,25c269cde02debe4,7b30e3d97c41bd58,ed5db2d90d8371c44cbe212d6d16ad117537c9e185a6592a6ca108ece643d8ce,2026-04-24T15:59:00-04:00,2026-04-26T01:55:46.523945+00:00,True,clean,390,390,0,0,0,2024-06-12 15:59:00-04:00,2024-06-12 15:59:00-04:00,False,True,clean,wide,100.0,20,20,19481.75,19374.5,107.25,0.993006993006993,tier1_pilot,False,False,or_class_wide,,,,,,,,,,,,,,,,,,,,,,,,,,,,,,,False,or_class_wide,,,,,,,,,,,,,,,,,,,,,,,,,,,,,,,False,or_class_wide,,,,,,,,,,,,,,,,,,,,,,,,,,,,,,
2024-06-13,phase6_causal_or_retest_v1,d8df78957051c9de,25c269cde02debe4,7b30e3d97c41bd58,ed5db2d90d8371c44cbe212d6d16ad117537c9e185a6592a6ca108ece643d8ce,2026-04-24T15:59:00-04:00,2026-04-26T01:55:46.523945+00:00,True,clean,390,390,0,0,0,2024-06-13 15:59:00-04:00,2024-06-13 15:59:00-04:00,False,True,clean,normal,45.0,20,20,19663.75,19618.25,45.5,0.5054945054945055,tier1_pilot,False,False,no_upside_breakout,,,,,,,,,,,,,,,,,,,,,,,,,,,,,,,False,no_upside_breakout,,,,,,,,,,,,,,,,,,,,,,,,,,,,,,,False,no_upside_breakout,,,,,,,,,,,,,,,,,,,,,,,,,,,,,,
2024-06-14,phase6_causal_or_retest_v1,d8df78957051c9de,25c269cde02debe4,7b30e3d97c41bd58,ed5db2d90d8371c44cbe212d6d16ad117537c9e185a6592a6ca108ece643d8ce,2026-04-24T15:59:00-04:00,2026-04-26T01:55:46.523945+00:00,True,clean,390,390,0,0,0,2024-06-14 15:59:00-04:00,2024-06-14 15:59:00-04:00,False,True,clean,normal,50.0,20,20,19603.5,19557.0,46.5,0.8709677419354839,tier1_pilot,True,True,,2024-06-14 09:45:00-04:00,2024-06-14 10:07:00-04:00,2024-06-14 10:08:00-04:00,19628.5,19631.0,19591.0,19681.0,2024-06-14 10:12:00-04:00,19591.0,19588.5,stop,-86.34,19610.75,19631.0,19608.25,19628.5,6864.0,19604.413468872277,19628.5,19629.5,19611.75,19612.5,3646.0,19604.72522780666,19606.0,19606.5,19588.5,19596.0,7134.0,19604.553545902047,True,,2024-06-14 09:45:00-04:00,2024-06-14 10:07:00-04:00,2024-06-14 10:08:00-04:00,19628.5,19631.0,19591.0,19711.0,2024-06-14 10:12:00-04:00,19591.0,19588.5,stop,-86.34,19610.75,19631.0,19608.25,19628.5,6864.0,19604.413468872277,19628.5,19629.5,19611.75,19612.5,3646.0,19604.72522780666,19606.0,19606.5,19588.5,19596.0,7134.0,19604.553545902047,True,,2024-06-14 09:45:00-04:00,2024-06-14 10:07:00-04:00,2024-06-14 10:08:00-04:00,19628.5,19631.0,19591.0,19681.0,2024-06-14 10:12:00-04:00,19591.0,19588.5,stop,-86.34,19610.75,19631.0,19608.25,19628.5,6864.0,19604.413468872277,19628.5,19629.5,19611.75,19612.5,3646.0,19604.72522780666,19606.0,19606.5,19588.5,19596.0,7134.0,19604.553545902047
2024-06-17,phase6_causal_or_retest_v1,d8df78957051c9de,25c269cde02debe4,7b30e3d97c41bd58,ed5db2d90d8371c44cbe212d6d16ad117537c9e185a6592a6ca108ece643d8ce,2026-04-24T15:59:00-04:00,2026-04-26T01:55:46.523945+00:00,True,clean,390,390,0,0,0,2024-06-17 15:59:00-04:00,2024-06-17 15:59:00-04:00,False,True,clean,normal,40.0,20,20,19709.75,19664.0,45.75,0.33879781420765026,tier1_pilot,False,True,,2024-06-17 10:10:00-04:00,2024-06-17 10:16:00-04:00,2024-06-17 10:17:00-04:00,19718.5,19721.0,19681.0,19771.0,2024-06-17 10:26:00-04:00,19681.0,19678.5,stop,-86.34,19710.25,19719.5,19707.5,19718.75,1377.0,19681.802547983818,19718.5,19720.25,19708.25,19710.25,1610.0,19682.418653990426,19692.25,19694.25,19678.75,19683.5,2623.0,19684.471967163758,True,,2024-06-17 10:10:00-04:00,2024-06-17 10:16:00-04:00,2024-06-17 10:17:00-04:00,19718.5,19721.0,19681.0,19801.0,2024-06-17 10:26:00-04:00,19681.0,19678.5,stop,-86.34,19710.25,19719.5,19707.5,19718.75,1377.0,19681.802547983818,19718.5,19720.25,19708.25,19710.25,1610.0,19682.418653990426,19692.25,19694.25,19678.75,19683.5,2623.0,19684.471967163758,False,signal_filtered,2024-06-17 10:10:00-04:00,,,,,,,,,,,,,,,,,,,,,,,,,,,,,
2024-06-18,phase6_causal_or_retest_v1,d8df78957051c9de,25c269cde02debe4,7b30e3d97c41bd58,ed5db2d90d8371c44cbe212d6d16ad117537c9e185a6592a6ca108ece643d8ce,2026-04-24T15:59:00-04:00,2026-04-26T01:55:46.523945+00:00,True,clean,390,390,0,0,0,2024-06-18 15:59:00-04:00,2024-06-18 15:59:00-04:00,False,True,clean,tight,15.0,20,20,19943.75,19905.75,38.0,0.27631578947368424,tier1_pilot,False,False,or_class_tight,,,,,,,,,,,,,,,,,,,,,,,,,,,,,,,False,no_retest_signal,2024-06-18 13:47:00-04:00,,,,,,,,,,,,,,,,,,,,,,,,,,,,,,False,or_class_tight,,,,,,,,,,,,,,,,,,,,,,,,,,,,,,
2024-06-20,phase6_causal_or_retest_v1,d8df78957051c9de,25c269cde02debe4,7b30e3d97c41bd58,ed5db2d90d8371c44cbe212d6d16ad117537c9e185a6592a6ca108ece643d8ce,2026-04-24T15:59:00-04:00,2026-04-26T01:55:46.523945+00:00,True,clean,390,390,0,0,0,2024-06-20 15:59:00-04:00,2024-06-20 15:59:00-04:00,False,True,clean,normal,75.0,20,20,19987.25,19925.25,62.0,0.9516129032258065,tier1_pilot,False,False,no_upside_breakout,,,,,,,,,,,,,,,,,,,,,,,,,,,,,,,False,no_upside_breakout,,,,,,,,,,,,,,,,,,,,,,,,,,,,,,,False,no_upside_breakout,,,,,,,,,,,,,,,,,,,,,,,,,,,,,,
2024-06-21,phase6_causal_or_retest_v1,d8df78957051c9de,25c269cde02debe4,7b30e3d97c41bd58,ed5db2d90d8371c44cbe212d6d16ad117537c9e185a6592a6ca108ece643d8ce,2026-04-24T15:59:00-04:00,2026-04-26T01:55:46.523945+00:00,False,zero_volume_or,390,390,0,390,375,2024-06-21 15:59:00-04:00,2024-06-21 15:59:00-04:00,False,False,zero_volume_or_and_post_or,unknown,,20,20,,,,,tier1_pilot,False,False,zero_volume_or,,,,,,,,,,,,,,,,,,,,,,,,,,,,,,,False,zero_volume_or,,,,,,,,,,,,,,,,,,,,,,,,,,,,,,,False,zero_volume_or,,,,,,,,,,,,,,,,,,,,,,,,,,,,,,
2024-06-24,phase6_causal_or_retest_v1,d8df78957051c9de,25c269cde02debe4,7b30e3d97c41bd58,ed5db2d90d8371c44cbe212d6d16ad117537c9e185a6592a6ca108ece643d8ce,2026-04-24T15:59:00-04:00,2026-04-26T01:55:46.523945+00:00,True,clean,390,390,0,0,0,2024-06-24 15:59:00-04:00,2024-06-24 15:59:00-04:00,False,True,clean,wide,95.0,20,20,19965.25,19886.75,78.5,0.2197452229299363,tier1_pilot,False,False,or_class_wide,,,,,,,,,,,,,,,,,,,,,,,,,,,,,,,False,or_class_wide,,,,,,,,,,,,,,,,,,,,,,,,,,,,,,,False,or_class_wide,,,,,,,,,,,,,,,,,,,,,,,,,,,,,,
2024-06-25,phase6_causal_or_retest_v1,d8df78957051c9de,25c269cde02debe4,7b30e3d97c41bd58,ed5db2d90d8371c44cbe212d6d16ad117537c9e185a6592a6ca108ece643d8ce,2026-04-24T15:59:00-04:00,2026-04-26T01:55:46.523945+00:00,True,clean,390,390,0,0,0,2024-06-25 15:59:00-04:00,2024-06-25 15:59:00-04:00,False,True,clean,normal,50.0,20,20,19841.5,19792.25,49.25,0.6598984771573604,tier1_pilot,True,True,,2024-06-25 09:47:00-04:00,2024-06-25 10:00:00-04:00,2024-06-25 10:01:00-04:00,19849.25,19851.75,19811.75,19901.75,2024-06-25 10:33:00-04:00,19901.75,19899.25,target,93.66,19832.25,19855.0,19828.25,19849.5,6462.0,19825.61079821036,19849.25,19865.0,19838.0,19839.5,9214.0,19826.865437970053,19897.0,19901.75,19884.75,19887.25,4040.0,19849.59811184162,True,,2024-06-25 09:47:00-04:00,2024-06-25 10:00:00-04:00,2024-06-25 10:01:00-04:00,19849.25,19851.75,19811.75,19931.75,2024-06-25 11:16:00-04:00,19931.75,19929.25,target,153.66,19832.25,19855.0,19828.25,19849.5,6462.0,19825.61079821036,19849.25,19865.0,19838.0,19839.5,9214.0,19826.865437970053,19923.5,19934.5,19921.75,19933.25,4345.0,19860.573880494518,True,,2024-06-25 09:47:00-04:00,2024-06-25 10:00:00-04:00,2024-06-25 10:01:00-04:00,19849.25,19851.75,19811.75,19901.75,2024-06-25 10:33:00-04:00,19901.75,19899.25,target,93.66,19832.25,19855.0,19828.25,19849.5,6462.0,19825.61079821036,19849.25,19865.0,19838.0,19839.5,9214.0,19826.865437970053,19897.0,19901.75,19884.75,19887.25,4040.0,19849.59811184162
2024-06-26,phase6_causal_or_retest_v1,d8df78957051c9de,25c269cde02debe4,7b30e3d97c41bd58,ed5db2d90d8371c44cbe212d6d16ad117537c9e185a6592a6ca108ece643d8ce,2026-04-24T15:59:00-04:00,2026-04-26T01:55:46.523945+00:00,True,clean,390,390,0,0,0,2024-06-26 15:59:00-04:00,2024-06-26 15:59:00-04:00,False,True,clean,tight,5.0,20,20,19954.5,19918.5,36.0,0.7986111111111112,tier1_pilot,False,False,or_class_tight,,,,,,,,,,,,,,,,,,,,,,,,,,,,,,,True,,2024-06-26 09:45:00-04:00,2024-06-26 10:30:00-04:00,2024-06-26 10:31:00-04:00,19975.75,19978.25,19938.25,20058.25,2024-06-26 11:10:00-04:00,19938.25,19935.75,stop,-86.34,19959.25,19977.5,19958.75,19976.0,6658.0,19972.457659933607,19975.75,19987.25,19975.75,19978.5,5426.0,19972.618431475126,19946.0,19952.25,19930.25,19937.0,7126.0,19974.57985939009,False,or_class_tight,,,,,,,,,,,,,,,,,,,,,,,,,,,,,,
2024-06-27,phase6_causal_or_retest_v1,d8df78957051c9de,25c269cde02debe4,7b30e3d97c41bd58,ed5db2d90d8371c44cbe212d6d16ad117537c9e185a6592a6ca108ece643d8ce,2026-04-24T15:59:00-04:00,2026-04-26T01:55:46.523945+00:00,True,clean,390,390,0,0,0,2024-06-27 15:59:00-04:00,2024-06-27 15:59:00-04:00,False,True,clean,wide,100.0,20,20,20101.25,19989.75,111.5,0.7623318385650224,tier1_pilot,False,False,or_class_wide,,,,,,,,,,,,,,,,,,,,,,,,,,,,,,,False,or_class_wide,,,,,,,,,,,,,,,,,,,,,,,,,,,,,,,False,or_class_wide,,,,,,,,,,,,,,,,,,,,,,,,,,,,,,
2024-06-28,phase6_causal_or_retest_v1,d8df78957051c9de,25c269cde02debe4,7b30e3d97c41bd58,ed5db2d90d8371c44cbe212d6d16ad117537c9e185a6592a6ca108ece643d8ce,2026-04-24T15:59:00-04:00,2026-04-26T01:55:46.523945+00:00,True,clean,390,390,0,0,0,2024-06-28 15:59:00-04:00,2024-06-28 15:59:00-04:00,False,True,clean,normal,75.0,20,20,20105.5,20039.0,66.5,0.9586466165413534,tier1_pilot,False,False,no_retest_signal,2024-06-28 09:45:00-04:00,,,,,,,,,,,,,,,,,,,,,,,,,,,,,,False,no_retest_signal,2024-06-28 09:45:00-04:00,,,,,,,,,,,,,,,,,,,,,,,,,,,,,,False,no_retest_signal,2024-06-28 09:45:00-04:00,,,,,,,,,,,,,,,,,,,,,,,,,,,,,
2024-07-01,phase6_causal_or_retest_v1,d8df78957051c9de,25c269cde02debe4,7b30e3d97c41bd58,ed5db2d90d8371c44cbe212d6d16ad117537c9e185a6592a6ca108ece643d8ce,2026-04-24T15:59:00-04:00,2026-04-26T01:55:46.523945+00:00,True,clean,390,390,0,0,0,2024-07-01 15:59:00-04:00,2024-07-01 15:59:00-04:00,False,True,clean,wide,85.0,20,20,19985.75,19912.75,73.0,0.08904109589041095,tier1_pilot,False,False,or_class_wide,,,,,,,,,,,,,,,,,,,,,,,,,,,,,,,False,or_class_wide,,,,,,,,,,,,,,,,,,,,,,,,,,,,,,,False,or_class_wide,,,,,,,,,,,,,,,,,,,,,,,,,,,,,,
2024-07-02,phase6_causal_or_retest_v1,d8df78957051c9de,25c269cde02debe4,7b30e3d97c41bd58,ed5db2d90d8371c44cbe212d6d16ad117537c9e185a6592a6ca108ece643d8ce,2026-04-24T15:59:00-04:00,2026-04-26T01:55:46.523945+00:00,True,clean,390,390,0,0,0,2024-07-02 15:59:00-04:00,2024-07-02 15:59:00-04:00,False,True,clean,wide,90.0,20,20,20083.0,19976.5,106.5,0.8826291079812206,tier1_pilot,False,False,or_class_wide,,,,,,,,,,,,,,,,,,,,,,,,,,,,,,,False,or_class_wide,,,,,,,,,,,,,,,,,,,,,,,,,,,,,,,False,or_class_wide,,,,,,,,,,,,,,,,,,,,,,,,,,,,,,
2024-07-03,phase6_causal_or_retest_v1,d8df78957051c9de,25c269cde02debe4,7b30e3d97c41bd58,ed5db2d90d8371c44cbe212d6d16ad117537c9e185a6592a6ca108ece643d8ce,2026-04-24T15:59:00-04:00,2026-04-26T01:55:46.523945+00:00,True,clean,225,390,165,0,0,2024-07-03 13:14:00-04:00,2024-07-03 15:59:00-04:00,True,False,short_session,normal,60.0,20,20,20267.5,20216.0,51.5,0.8203883495145631,tier1_pilot,True,True,,2024-07-03 09:49:00-04:00,2024-07-03 10:05:00-04:00,2024-07-03 10:06:00-04:00,20271.75,20274.25,20234.25,20324.25,2024-07-03 11:06:00-04:00,20324.25,20321.75,target,93.66,20267.0,20274.0,20263.0,20271.25,3888.0,20257.667089251514,20271.75,20286.0,20269.5,20279.25,5693.0,20258.34397173363,20312.75,20326.0,20312.0,20322.5,5799.0,20273.329611327234,True,,2024-07-03 09:49:00-04:00,2024-07-03 10:05:00-04:00,2024-07-03 10:06:00-04:00,20271.75,20274.25,20234.25,20354.25,2024-07-03 11:21:00-04:00,20354.25,20351.75,target,153.66,20267.0,20274.0,20263.0,20271.25,3888.0,20257.667089251514,20271.75,20286.0,20269.5,20279.25,5693.0,20258.34397173363,20344.25,20355.5,20343.0,20353.25,2841.0,20279.28839301091,True,,2024-07-03 09:49:00-04:00,2024-07-03 10:05:00-04:00,2024-07-03 10:06:00-04:00,20271.75,20274.25,20234.25,20324.25,2024-07-03 11:06:00-04:00,20324.25,20321.75,target,93.66,20267.0,20274.0,20263.0,20271.25,3888.0,20257.667089251514,20271.75,20286.0,20269.5,20279.25,5693.0,20258.34397173363,20312.75,20326.0,20312.0,20322.5,5799.0,20273.329611327234
2024-07-05,phase6_causal_or_retest_v1,d8df78957051c9de,25c269cde02debe4,7b30e3d97c41bd58,ed5db2d90d8371c44cbe212d6d16ad117537c9e185a6592a6ca108ece643d8ce,2026-04-24T15:59:00-04:00,2026-04-26T01:55:46.523945+00:00,True,clean,390,390,0,0,0,2024-07-05 15:59:00-04:00,2024-07-05 15:59:00-04:00,False,True,clean,normal,60.0,20,20,20494.75,20440.0,54.75,0.5662100456621004,tier1_pilot,True,True,,2024-07-05 09:55:00-04:00,2024-07-05 10:15:00-04:00,2024-07-05 10:16:00-04:00,20495.25,20497.75,20457.75,20547.75,2024-07-05 10:49:00-04:00,20547.75,20545.25,target,93.66,20492.25,20500.0,20488.0,20495.5,4930.0,20483.146588734886,20495.25,20499.25,20484.5,20498.75,3972.0,20483.30975603543,20546.25,20552.0,20539.75,20542.5,6286.0,20493.57172083236,True,,2024-07-05 09:55:00-04:00,2024-07-05 10:15:00-04:00,2024-07-05 10:16:00-04:00,20495.25,20497.75,20457.75,20577.75,2024-07-05 11:36:00-04:00,20577.75,20575.25,target,153.66,20492.25,20500.0,20488.0,20495.5,4930.0,20483.146588734886,20495.25,20499.25,20484.5,20498.75,3972.0,20483.30975603543,20572.0,20578.0,20570.5,20576.5,1414.0,20505.976182071998,True,,2024-07-05 09:55:00-04:00,2024-07-05 10:15:00-04:00,2024-07-05 10:16:00-04:00,20495.25,20497.75,20457.75,20547.75,2024-07-05 10:49:00-04:00,20547.75,20545.25,target,93.66,20492.25,20500.0,20488.0,20495.5,4930.0,20483.146588734886,20495.25,20499.25,20484.5,20498.75,3972.0,20483.30975603543,20546.25,20552.0,20539.75,20542.5,6286.0,20493.57172083236
2024-07-08,phase6_causal_or_retest_v1,d8df78957051c9de,25c269cde02debe4,7b30e3d97c41bd58,ed5db2d90d8371c44cbe212d6d16ad117537c9e185a6592a6ca108ece643d8ce,2026-04-24T15:59:00-04:00,2026-04-26T01:55:46.523945+00:00,True,clean,390,390,0,0,0,2024-07-08 15:59:00-04:00,2024-07-08 15:59:00-04:00,False,True,clean,tight,25.0,20,20,20645.0,20600.75,44.25,0.4971751412429379,tier1_pilot,False,False,or_class_tight,,,,,,,,,,,,,,,,,,,,,,,,,,,,,,,False,no_retest_signal,2024-07-08 09:50:00-04:00,,,,,,,,,,,,,,,,,,,,,,,,,,,,,,False,or_class_tight,,,,,,,,,,,,,,,,,,,,,,,,,,,,,,
2024-07-09,phase6_causal_or_retest_v1,d8df78957051c9de,25c269cde02debe4,7b30e3d97c41bd58,ed5db2d90d8371c44cbe212d6d16ad117537c9e185a6592a6ca108ece643d8ce,2026-04-24T15:59:00-04:00,2026-04-26T01:55:46.523945+00:00,True,clean,390,390,0,0,0,2024-07-09 15:59:00-04:00,2024-07-09 15:59:00-04:00,False,True,clean,tight,25.0,20,20,20764.5,20719.25,45.25,0.5414364640883977,tier1_pilot,False,False,or_class_tight,,,,,,,,,,,,,,,,,,,,,,,,,,,,,,,False,no_upside_breakout,,,,,,,,,,,,,,,,,,,,,,,,,,,,,,,False,or_class_tight,,,,,,,,,,,,,,,,,,,,,,,,,,,,,,
2024-07-10,phase6_causal_or_retest_v1,d8df78957051c9de,25c269cde02debe4,7b30e3d97c41bd58,ed5db2d90d8371c44cbe212d6d16ad117537c9e185a6592a6ca108ece643d8ce,2026-04-24T15:59:00-04:00,2026-04-26T01:55:46.523945+00:00,True,clean,390,390,0,0,0,2024-07-10 15:59:00-04:00,2024-07-10 15:59:00-04:00,False,True,clean,normal,45.0,20,20,20768.25,20721.5,46.75,0.7112299465240641,tier1_pilot,True,True,,2024-07-10 09:49:00-04:00,2024-07-10 10:04:00-04:00,2024-07-10 10:05:00-04:00,20775.75,20778.25,20738.25,20828.25,2024-07-10 10:36:00-04:00,20738.25,20735.75,stop,-86.34,20767.0,20776.25,20762.0,20775.5,3266.0,20752.877434314334,20775.75,20780.75,20772.0,20779.0,6600.0,20753.791312062778,20748.0,20754.25,20737.0,20749.25,6659.0,20760.687481941386,True,,2024-07-10 09:49:00-04:00,2024-07-10 10:19:00-04:00,2024-07-10 10:20:00-04:00,20773.25,20775.75,20735.75,20855.75,2024-07-10 10:43:00-04:00,20735.75,20733.25,stop,-86.34,20767.5,20776.25,20767.0,20773.25,4830.0,20760.79434936617,20773.25,20774.75,20758.75,20761.0,4023.0,20760.861831549595,20746.0,20749.0,20732.5,20749.0,6093.0,20759.898383238607,True,,2024-07-10 09:49:00-04:00,2024-07-10 10:04:00-04:00,2024-07-10 10:05:00-04:00,20775.75,20778.25,20738.25,20828.25,2024-07-10 10:36:00-04:00,20738.25,20735.75,stop,-86.34,20767.0,20776.25,20762.0,20775.5,3266.0,20752.877434314334,20775.75,20780.75,20772.0,20779.0,6600.0,20753.791312062778,20748.0,20754.25,20737.0,20749.25,6659.0,20760.687481941386
2024-07-11,phase6_causal_or_retest_v1,d8df78957051c9de,25c269cde02debe4,7b30e3d97c41bd58,ed5db2d90d8371c44cbe212d6d16ad117537c9e185a6592a6ca108ece643d8ce,2026-04-24T15:59:00-04:00,2026-04-26T01:55:46.523945+00:00,True,clean,390,390,0,0,0,2024-07-11 15:59:00-04:00,2024-07-11 15:59:00-04:00,False,True,clean,normal,55.00000000000001,20,20,20902.25,20852.25,50.0,0.78,tier1_pilot,False,False,no_upside_breakout,,,,,,,,,,,,,,,,,,,,,,,,,,,,,,,False,no_upside_breakout,,,,,,,,,,,,,,,,,,,,,,,,,,,,,,,False,no_upside_breakout,,,,,,,,,,,,,,,,,,,,,,,,,,,,,,
2024-07-12,phase6_causal_or_retest_v1,d8df78957051c9de,25c269cde02debe4,7b30e3d97c41bd58,ed5db2d90d8371c44cbe212d6d16ad117537c9e185a6592a6ca108ece643d8ce,2026-04-24T15:59:00-04:00,2026-04-26T01:55:46.523945+00:00,True,clean,390,390,0,0,0,2024-07-12 15:59:00-04:00,2024-07-12 15:59:00-04:00,False,True,clean,normal,60.0,20,20,20477.75,20425.25,52.5,0.36666666666666664,tier1_pilot,False,False,no_retest_signal,2024-07-12 09:48:00-04:00,,,,,,,,,,,,,,,,,,,,,,,,,,,,,,False,no_retest_signal,2024-07-12 09:48:00-04:00,,,,,,,,,,,,,,,,,,,,,,,,,,,,,,False,no_retest_signal,2024-07-12 09:48:00-04:00,,,,,,,,,,,,,,,,,,,,,,,,,,,,,
2024-07-15,phase6_causal_or_retest_v1,d8df78957051c9de,25c269cde02debe4,7b30e3d97c41bd58,ed5db2d90d8371c44cbe212d6d16ad117537c9e185a6592a6ca108ece643d8ce,2026-04-24T15:59:00-04:00,2026-04-26T01:55:46.523945+00:00,True,clean,390,390,0,0,0,2024-07-15 15:59:00-04:00,2024-07-15 15:59:00-04:00,False,True,clean,normal,75.0,20,20,20665.5,20595.5,70.0,0.039285714285714285,tier1_pilot,False,True,,2024-07-15 10:09:00-04:00,2024-07-15 10:20:00-04:00,2024-07-15 10:21:00-04:00,20667.0,20669.5,20629.5,20719.5,2024-07-15 10:50:00-04:00,20719.5,20717.0,target,93.66,20662.5,20667.75,20656.75,20666.25,2997.0,20631.395663027008,20667.0,20671.5,20663.0,20669.25,2429.0,20631.679838119795,20711.25,20726.25,20711.25,20724.5,5321.0,20647.076849457346,True,,2024-07-15 10:09:00-04:00,2024-07-15 10:20:00-04:00,2024-07-15 10:21:00-04:00,20667.0,20669.5,20629.5,20749.5,2024-07-15 11:01:00-04:00,20749.5,20747.0,target,153.66,20662.5,20667.75,20656.75,20666.25,2997.0,20631.395663027008,20667.0,20671.5,20663.0,20669.25,2429.0,20631.679838119795,20739.75,20751.75,20739.75,20749.5,5093.0,20653.93693954772,False,signal_filtered,2024-07-15 10:09:00-04:00,,,,,,,,,,,,,,,,,,,,,,,,,,,,,
2024-07-16,phase6_causal_or_retest_v1,d8df78957051c9de,25c269cde02debe4,7b30e3d97c41bd58,ed5db2d90d8371c44cbe212d6d16ad117537c9e185a6592a6ca108ece643d8ce,2026-04-24T15:59:00-04:00,2026-04-26T01:55:46.523945+00:00,True,clean,390,390,0,0,0,2024-07-16 15:59:00-04:00,2024-07-16 15:59:00-04:00,False,True,clean,normal,60.0,20,20,20684.0,20630.0,54.0,0.032407407407407406,tier1_pilot,False,False,no_upside_breakout,,,,,,,,,,,,,,,,,,,,,,,,,,,,,,,False,no_upside_breakout,,,,,,,,,,,,,,,,,,,,,,,,,,,,,,,False,no_upside_breakout,,,,,,,,,,,,,,,,,,,,,,,,,,,,,,
2024-07-17,phase6_causal_or_retest_v1,d8df78957051c9de,25c269cde02debe4,7b30e3d97c41bd58,ed5db2d90d8371c44cbe212d6d16ad117537c9e185a6592a6ca108ece643d8ce,2026-04-24T15:59:00-04:00,2026-04-26T01:55:46.523945+00:00,True,clean,390,390,0,0,0,2024-07-17 15:59:00-04:00,2024-07-17 15:59:00-04:00,False,True,clean,wide,80.0,20,20,20281.5,20210.5,71.0,0.02112676056338028,tier1_pilot,False,False,or_class_wide,,,,,,,,,,,,,,,,,,,,,,,,,,,,,,,False,or_class_wide,,,,,,,,,,,,,,,,,,,,,,,,,,,,,,,False,or_class_wide,,,,,,,,,,,,,,,,,,,,,,,,,,,,,,
2024-07-18,phase6_causal_or_retest_v1,d8df78957051c9de,25c269cde02debe4,7b30e3d97c41bd58,ed5db2d90d8371c44cbe212d6d16ad117537c9e185a6592a6ca108ece643d8ce,2026-04-24T15:59:00-04:00,2026-04-26T01:55:46.523945+00:00,True,clean,390,390,0,0,0,2024-07-18 15:59:00-04:00,2024-07-18 15:59:00-04:00,False,True,clean,wide,95.0,20,20,20149.25,20038.5,110.75,0.011286681715575621,tier1_pilot,False,False,or_class_wide,,,,,,,,,,,,,,,,,,,,,,,,,,,,,,,False,or_class_wide,,,,,,,,,,,,,,,,,,,,,,,,,,,,,,,False,or_class_wide,,,,,,,,,,,,,,,,,,,,,,,,,,,,,,
2024-07-19,phase6_causal_or_retest_v1,d8df78957051c9de,25c269cde02debe4,7b30e3d97c41bd58,ed5db2d90d8371c44cbe212d6d16ad117537c9e185a6592a6ca108ece643d8ce,2026-04-24T15:59:00-04:00,2026-04-26T01:55:46.523945+00:00,True,clean,390,390,0,0,0,2024-07-19 15:59:00-04:00,2024-07-19 15:59:00-04:00,False,True,clean,wide,100.0,20,20,19976.75,19836.0,140.75,0.46181172291296624,tier1_pilot,False,False,or_class_wide,,,,,,,,,,,,,,,,,,,,,,,,,,,,,,,False,or_class_wide,,,,,,,,,,,,,,,,,,,,,,,,,,,,,,,False,or_class_wide,,,,,,,,,,,,,,,,,,,,,,,,,,,,,,
2024-07-22,phase6_causal_or_retest_v1,d8df78957051c9de,25c269cde02debe4,7b30e3d97c41bd58,ed5db2d90d8371c44cbe212d6d16ad117537c9e185a6592a6ca108ece643d8ce,2026-04-24T15:59:00-04:00,2026-04-26T01:55:46.523945+00:00,True,clean,390,390,0,0,0,2024-07-22 15:59:00-04:00,2024-07-22 15:59:00-04:00,False,True,clean,wide,80.0,20,20,19979.25,19882.25,97.0,0.7654639175257731,tier1_pilot,False,False,or_class_wide,,,,,,,,,,,,,,,,,,,,,,,,,,,,,,,False,or_class_wide,,,,,,,,,,,,,,,,,,,,,,,,,,,,,,,False,or_class_wide,,,,,,,,,,,,,,,,,,,,,,,,,,,,,,
2024-07-23,phase6_causal_or_retest_v1,d8df78957051c9de,25c269cde02debe4,7b30e3d97c41bd58,ed5db2d90d8371c44cbe212d6d16ad117537c9e185a6592a6ca108ece643d8ce,2026-04-24T15:59:00-04:00,2026-04-26T01:55:46.523945+00:00,True,clean,390,390,0,0,0,2024-07-23 15:59:00-04:00,2024-07-23 15:59:00-04:00,False,True,clean,wide,80.0,20,20,20033.75,19933.25,100.5,0.972636815920398,tier1_pilot,False,False,or_class_wide,,,,,,,,,,,,,,,,,,,,,,,,,,,,,,,False,or_class_wide,,,,,,,,,,,,,,,,,,,,,,,,,,,,,,,False,or_class_wide,,,,,,,,,,,,,,,,,,,,,,,,,,,,,,
2024-07-24,phase6_causal_or_retest_v1,d8df78957051c9de,25c269cde02debe4,7b30e3d97c41bd58,ed5db2d90d8371c44cbe212d6d16ad117537c9e185a6592a6ca108ece643d8ce,2026-04-24T15:59:00-04:00,2026-04-26T01:55:46.523945+00:00,True,clean,390,390,0,0,0,2024-07-24 15:59:00-04:00,2024-07-24 15:59:00-04:00,False,True,clean,wide,95.0,20,20,19655.0,19527.0,128.0,0.12890625,tier1_pilot,False,False,or_class_wide,,,,,,,,,,,,,,,,,,,,,,,,,,,,,,,False,or_class_wide,,,,,,,,,,,,,,,,,,,,,,,,,,,,,,,False,or_class_wide,,,,,,,,,,,,,,,,,,,,,,,,,,,,,,
2024-07-25,phase6_causal_or_retest_v1,d8df78957051c9de,25c269cde02debe4,7b30e3d97c41bd58,ed5db2d90d8371c44cbe212d6d16ad117537c9e185a6592a6ca108ece643d8ce,2026-04-24T15:59:00-04:00,2026-04-26T01:55:46.523945+00:00,True,clean,390,390,0,0,0,2024-07-25 15:59:00-04:00,2024-07-25 15:59:00-04:00,False,True,clean,wide,90.0,20,20,19226.5,19107.5,119.0,0.31932773109243695,tier1_pilot,False,False,or_class_wide,,,,,,,,,,,,,,,,,,,,,,,,,,,,,,,False,or_class_wide,,,,,,,,,,,,,,,,,,,,,,,,,,,,,,,False,or_class_wide,,,,,,,,,,,,,,,,,,,,,,,,,,,,,,
2024-07-26,phase6_causal_or_retest_v1,d8df78957051c9de,25c269cde02debe4,7b30e3d97c41bd58,ed5db2d90d8371c44cbe212d6d16ad117537c9e185a6592a6ca108ece643d8ce,2026-04-24T15:59:00-04:00,2026-04-26T01:55:46.523945+00:00,True,clean,390,390,0,0,0,2024-07-26 15:59:00-04:00,2024-07-26 15:59:00-04:00,False,True,clean,normal,60.0,20,20,19166.0,19078.75,87.25,0.6504297994269341,tier1_pilot,False,False,no_retest_signal,2024-07-26 10:26:00-04:00,,,,,,,,,,,,,,,,,,,,,,,,,,,,,,False,no_retest_signal,2024-07-26 10:26:00-04:00,,,,,,,,,,,,,,,,,,,,,,,,,,,,,,False,no_retest_signal,2024-07-26 10:26:00-04:00,,,,,,,,,,,,,,,,,,,,,,,,,,,,,
2024-07-29,phase6_causal_or_retest_v1,d8df78957051c9de,25c269cde02debe4,7b30e3d97c41bd58,ed5db2d90d8371c44cbe212d6d16ad117537c9e185a6592a6ca108ece643d8ce,2026-04-24T15:59:00-04:00,2026-04-26T01:55:46.523945+00:00,True,clean,390,390,0,0,0,2024-07-29 15:59:00-04:00,2024-07-29 15:59:00-04:00,False,True,clean,wide,90.0,20,20,19342.75,19222.5,120.25,0.9958419958419958,tier1_pilot,False,False,or_class_wide,,,,,,,,,,,,,,,,,,,,,,,,,,,,,,,False,or_class_wide,,,,,,,,,,,,,,,,,,,,,,,,,,,,,,,False,or_class_wide,,,,,,,,,,,,,,,,,,,,,,,,,,,,,,
2024-07-30,phase6_causal_or_retest_v1,d8df78957051c9de,25c269cde02debe4,7b30e3d97c41bd58,ed5db2d90d8371c44cbe212d6d16ad117537c9e185a6592a6ca108ece643d8ce,2026-04-24T15:59:00-04:00,2026-04-26T01:55:46.523945+00:00,True,clean,390,390,0,0,0,2024-07-30 15:59:00-04:00,2024-07-30 15:59:00-04:00,False,True,clean,normal,40.0,20,20,19319.25,19255.25,64.0,0.08203125,tier1_pilot,False,False,no_upside_breakout,,,,,,,,,,,,,,,,,,,,,,,,,,,,,,,False,no_upside_breakout,,,,,,,,,,,,,,,,,,,,,,,,,,,,,,,False,no_upside_breakout,,,,,,,,,,,,,,,,,,,,,,,,,,,,,,
2024-07-31,phase6_causal_or_retest_v1,d8df78957051c9de,25c269cde02debe4,7b30e3d97c41bd58,ed5db2d90d8371c44cbe212d6d16ad117537c9e185a6592a6ca108ece643d8ce,2026-04-24T15:59:00-04:00,2026-04-26T01:55:46.523945+00:00,True,clean,390,390,0,0,0,2024-07-31 15:59:00-04:00,2024-07-31 15:59:00-04:00,False,True,clean,normal,70.0,20,20,19412.0,19310.5,101.5,0.1748768472906404,tier1_pilot,False,True,,2024-07-31 10:01:00-04:00,2024-07-31 10:13:00-04:00,2024-07-31 10:14:00-04:00,19430.0,19432.5,19392.5,19482.5,2024-07-31 10:35:00-04:00,19482.5,19480.0,target,93.66,19419.25,19435.25,19417.0,19430.0,4822.0,19375.79089505934,19430.0,19432.25,19418.5,19424.75,4174.0,19376.42212048634,19473.75,19482.75,19471.25,19475.25,3457.0,19394.416784087593,True,,2024-07-31 10:01:00-04:00,2024-07-31 10:13:00-04:00,2024-07-31 10:14:00-04:00,19430.0,19432.5,19392.5,19512.5,2024-07-31 11:32:00-04:00,19512.5,19510.0,target,153.66,19419.25,19435.25,19417.0,19430.0,4822.0,19375.79089505934,19430.0,19432.25,19418.5,19424.75,4174.0,19376.42212048634,19508.0,19516.0,19505.25,19508.5,4610.0,19414.804258510998,False,signal_filtered,2024-07-31 10:01:00-04:00,,,,,,,,,,,,,,,,,,,,,,,,,,,,,
2024-08-01,phase6_causal_or_retest_v1,d8df78957051c9de,25c269cde02debe4,7b30e3d97c41bd58,ed5db2d90d8371c44cbe212d6d16ad117537c9e185a6592a6ca108ece643d8ce,2026-04-24T15:59:00-04:00,2026-04-26T01:55:46.523945+00:00,True,clean,390,390,0,0,0,2024-08-01 15:59:00-04:00,2024-08-01 15:59:00-04:00,False,True,clean,wide,95.0,20,20,19636.5,19505.0,131.5,0.9562737642585551,tier1_pilot,False,False,or_class_wide,,,,,,,,,,,,,,,,,,,,,,,,,,,,,,,False,or_class_wide,,,,,,,,,,,,,,,,,,,,,,,,,,,,,,,False,or_class_wide,,,,,,,,,,,,,,,,,,,,,,,,,,,,,,
2024-08-02,phase6_causal_or_retest_v1,d8df78957051c9de,25c269cde02debe4,7b30e3d97c41bd58,ed5db2d90d8371c44cbe212d6d16ad117537c9e185a6592a6ca108ece643d8ce,2026-04-24T15:59:00-04:00,2026-04-26T01:55:46.523945+00:00,True,clean,390,390,0,0,0,2024-08-02 15:59:00-04:00,2024-08-02 15:59:00-04:00,False,True,clean,wide,100.0,20,20,18761.25,18541.75,219.5,0.6150341685649203,tier1_pilot,False,False,or_class_wide,,,,,,,,,,,,,,,,,,,,,,,,,,,,,,,False,or_class_wide,,,,,,,,,,,,,,,,,,,,,,,,,,,,,,,False,or_class_wide,,,,,,,,,,,,,,,,,,,,,,,,,,,,,,
2024-08-05,phase6_causal_or_retest_v1,d8df78957051c9de,25c269cde02debe4,7b30e3d97c41bd58,ed5db2d90d8371c44cbe212d6d16ad117537c9e185a6592a6ca108ece643d8ce,2026-04-24T15:59:00-04:00,2026-04-26T01:55:46.523945+00:00,True,clean,390,390,0,0,0,2024-08-05 15:59:00-04:00,2024-08-05 15:59:00-04:00,False,True,clean,wide,100.0,20,20,17871.5,17509.25,362.25,0.7342995169082126,tier1_pilot,False,False,or_class_wide,,,,,,,,,,,,,,,,,,,,,,,,,,,,,,,False,or_class_wide,,,,,,,,,,,,,,,,,,,,,,,,,,,,,,,False,or_class_wide,,,,,,,,,,,,,,,,,,,,,,,,,,,,,,
2024-08-06,phase6_causal_or_retest_v1,d8df78957051c9de,25c269cde02debe4,7b30e3d97c41bd58,ed5db2d90d8371c44cbe212d6d16ad117537c9e185a6592a6ca108ece643d8ce,2026-04-24T15:59:00-04:00,2026-04-26T01:55:46.523945+00:00,True,clean,390,390,0,0,0,2024-08-06 15:59:00-04:00,2024-08-06 15:59:00-04:00,False,True,clean,wide,90.0,20,20,18173.75,17970.75,203.0,0.13423645320197045,tier1_pilot,False,False,or_class_wide,,,,,,,,,,,,,,,,,,,,,,,,,,,,,,,False,or_class_wide,,,,,,,,,,,,,,,,,,,,,,,,,,,,,,,False,or_class_wide,,,,,,,,,,,,,,,,,,,,,,,,,,,,,,
2024-08-07,phase6_causal_or_retest_v1,d8df78957051c9de,25c269cde02debe4,7b30e3d97c41bd58,ed5db2d90d8371c44cbe212d6d16ad117537c9e185a6592a6ca108ece643d8ce,2026-04-24T15:59:00-04:00,2026-04-26T01:55:46.523945+00:00,True,clean,390,390,0,0,0,2024-08-07 15:59:00-04:00,2024-08-07 15:59:00-04:00,False,True,clean,normal,55.00000000000001,20,20,18540.75,18438.75,102.0,0.7916666666666666,tier1_pilot,False,True,,2024-08-07 09:50:00-04:00,2024-08-07 10:00:00-04:00,2024-08-07 10:01:00-04:00,18548.25,18550.75,18510.75,18600.75,2024-08-07 10:04:00-04:00,18510.75,18508.25,stop,-86.34,18520.5,18551.25,18520.0,18548.25,10516.0,18507.798061617345,18548.25,18556.75,18536.0,18548.0,6865.0,18508.905718614573,18536.5,18546.25,18485.0,18486.5,9190.0,18510.187526286718,False,signal_filtered,2024-08-07 09:50:00-04:00,,,,,,,,,,,,,,,,,,,,,,,,,,,,,,False,signal_filtered,2024-08-07 09:50:00-04:00,,,,,,,,,,,,,,,,,,,,,,,,,,,,,
2024-08-08,phase6_causal_or_retest_v1,d8df78957051c9de,25c269cde02debe4,7b30e3d97c41bd58,ed5db2d90d8371c44cbe212d6d16ad117537c9e185a6592a6ca108ece643d8ce,2026-04-24T15:59:00-04:00,2026-04-26T01:55:46.523945+00:00,True,clean,390,390,0,0,0,2024-08-08 15:59:00-04:00,2024-08-08 15:59:00-04:00,False,True,clean,normal,60.0,20,20,18244.0,18130.25,113.75,0.013186813186813187,tier1_pilot,False,False,no_retest_signal,2024-08-08 10:02:00-04:00,,,,,,,,,,,,,,,,,,,,,,,,,,,,,,False,no_retest_signal,2024-08-08 10:02:00-04:00,,,,,,,,,,,,,,,,,,,,,,,,,,,,,,False,no_retest_signal,2024-08-08 10:02:00-04:00,,,,,,,,,,,,,,,,,,,,,,,,,,,,,
2024-08-09,phase6_causal_or_retest_v1,d8df78957051c9de,25c269cde02debe4,7b30e3d97c41bd58,ed5db2d90d8371c44cbe212d6d16ad117537c9e185a6592a6ca108ece643d8ce,2026-04-24T15:59:00-04:00,2026-04-26T01:55:46.523945+00:00,True,clean,390,390,0,0,0,2024-08-09 15:59:00-04:00,2024-08-09 15:59:00-04:00,False,True,clean,tight,25.0,20,20,18528.75,18445.5,83.25,0.06606606606606606,tier1_pilot,False,False,or_class_tight,,,,,,,,,,,,,,,,,,,,,,,,,,,,,,,True,,2024-08-09 10:12:00-04:00,2024-08-09 10:52:00-04:00,2024-08-09 10:53:00-04:00,18539.25,18541.75,18501.75,18621.75,2024-08-09 11:30:00-04:00,18501.75,18499.25,stop,-86.34,18519.75,18539.5,18517.25,18539.5,4009.0,18482.048142526295,18539.25,18546.75,18526.25,18532.5,3908.0,18482.51883510005,18509.0,18520.75,18500.0,18510.0,4661.0,18495.19568724377,False,or_class_tight,,,,,,,,,,,,,,,,,,,,,,,,,,,,,,
2024-08-12,phase6_causal_or_retest_v1,d8df78957051c9de,25c269cde02debe4,7b30e3d97c41bd58,ed5db2d90d8371c44cbe212d6d16ad117537c9e185a6592a6ca108ece643d8ce,2026-04-24T15:59:00-04:00,2026-04-26T01:55:46.523945+00:00,True,clean,390,390,0,0,0,2024-08-12 15:59:00-04:00,2024-08-12 15:59:00-04:00,False,True,clean,normal,60.0,20,20,18672.75,18557.25,115.5,0.047619047619047616,tier1_pilot,False,False,signal_filtered,2024-08-12 10:16:00-04:00,,,,,,,,,,,,,,,,,,,,,,,,,,,,,,False,signal_filtered,2024-08-12 10:16:00-04:00,,,,,,,,,,,,,,,,,,,,,,,,,,,,,,False,signal_filtered,2024-08-12 10:16:00-04:00,,,,,,,,,,,,,,,,,,,,,,,,,,,,,
2024-08-13,phase6_causal_or_retest_v1,d8df78957051c9de,25c269cde02debe4,7b30e3d97c41bd58,ed5db2d90d8371c44cbe212d6d16ad117537c9e185a6592a6ca108ece643d8ce,2026-04-24T15:59:00-04:00,2026-04-26T01:55:46.523945+00:00,True,clean,390,390,0,0,0,2024-08-13 15:59:00-04:00,2024-08-13 15:59:00-04:00,False,True,clean,tight,15.0,20,20,18891.25,18815.75,75.5,0.6125827814569537,tier1_pilot,False,False,or_class_tight,,,,,,,,,,,,,,,,,,,,,,,,,,,,,,,True,,2024-08-13 09:49:00-04:00,2024-08-13 10:24:00-04:00,2024-08-13 10:25:00-04:00,18900.5,18903.0,18863.0,18983.0,2024-08-13 10:33:00-04:00,18863.0,18860.5,stop,-86.34,18897.0,18903.5,18891.5,18901.0,2952.0,18880.46855883393,18900.5,18907.5,18886.5,18888.0,3563.0,18880.657520850968,18872.5,18877.5,18855.75,18876.75,6783.0,18881.11547266088,False,or_class_tight,,,,,,,,,,,,,,,,,,,,,,,,,,,,,,
2024-08-14,phase6_causal_or_retest_v1,d8df78957051c9de,25c269cde02debe4,7b30e3d97c41bd58,ed5db2d90d8371c44cbe212d6d16ad117537c9e185a6592a6ca108ece643d8ce,2026-04-24T15:59:00-04:00,2026-04-26T01:55:46.523945+00:00,True,clean,390,390,0,0,0,2024-08-14 15:59:00-04:00,2024-08-14 15:59:00-04:00,False,True,clean,wide,80.0,20,20,19175.0,19043.5,131.5,0.07224334600760456,tier1_pilot,False,False,or_class_wide,,,,,,,,,,,,,,,,,,,,,,,,,,,,,,,False,or_class_wide,,,,,,,,,,,,,,,,,,,,,,,,,,,,,,,False,or_class_wide,,,,,,,,,,,,,,,,,,,,,,,,,,,,,,
2024-08-15,phase6_causal_or_retest_v1,d8df78957051c9de,25c269cde02debe4,7b30e3d97c41bd58,ed5db2d90d8371c44cbe212d6d16ad117537c9e185a6592a6ca108ece643d8ce,2026-04-24T15:59:00-04:00,2026-04-26T01:55:46.523945+00:00,True,clean,390,390,0,0,0,2024-08-15 15:59:00-04:00,2024-08-15 15:59:00-04:00,False,True,clean,tight,0.0,20,20,19395.75,19336.25,59.5,0.6596638655462185,tier1_pilot,False,False,or_class_tight,,,,,,,,,,,,,,,,,,,,,,,,,,,,,,,False,no_retest_signal,2024-08-15 09:49:00-04:00,,,,,,,,,,,,,,,,,,,,,,,,,,,,,,False,or_class_tight,,,,,,,,,,,,,,,,,,,,,,,,,,,,,,
2024-08-16,phase6_causal_or_retest_v1,d8df78957051c9de,25c269cde02debe4,7b30e3d97c41bd58,ed5db2d90d8371c44cbe212d6d16ad117537c9e185a6592a6ca108ece643d8ce,2026-04-24T15:59:00-04:00,2026-04-26T01:55:46.523945+00:00,True,clean,390,390,0,0,0,2024-08-16 15:59:00-04:00,2024-08-16 15:59:00-04:00,False,True,clean,tight,10.0,20,20,19534.75,19462.5,72.25,0.47058823529411764,tier1_pilot,False,False,or_class_tight,,,,,,,,,,,,,,,,,,,,,,,,,,,,,,,True,,2024-08-16 10:03:00-04:00,2024-08-16 10:51:00-04:00,2024-08-16 10:52:00-04:00,19539.0,19541.5,19501.5,19621.5,2024-08-16 11:20:00-04:00,19501.5,19499.0,stop,-86.34,19513.75,19546.0,19513.25,19538.25,5111.0,19530.239815217243,19539.0,19557.0,19537.75,19555.0,4231.0,19530.4845632556,19515.5,19518.25,19492.5,19507.25,4450.0,19529.577228068494,False,or_class_tight,,,,,,,,,,,,,,,,,,,,,,,,,,,,,,
2024-08-19,phase6_causal_or_retest_v1,d8df78957051c9de,25c269cde02debe4,7b30e3d97c41bd58,ed5db2d90d8371c44cbe212d6d16ad117537c9e185a6592a6ca108ece643d8ce,2026-04-24T15:59:00-04:00,2026-04-26T01:55:46.523945+00:00,True,clean,390,390,0,0,0,2024-08-19 15:59:00-04:00,2024-08-19 15:59:00-04:00,False,True,clean,tight,10.0,20,20,19616.75,19545.0,71.75,0.8257839721254355,tier1_pilot,False,False,or_class_tight,,,,,,,,,,,,,,,,,,,,,,,,,,,,,,,True,,2024-08-19 09:48:00-04:00,2024-08-19 10:45:00-04:00,2024-08-19 10:46:00-04:00,19617.5,19620.0,19580.0,19700.0,2024-08-19 13:02:00-04:00,19700.0,19697.5,target,153.66,19602.75,19618.0,19602.5,19617.25,2300.0,19592.007115705124,19617.5,19627.0,19612.75,19625.0,4297.0,19592.38591936636,19696.0,19701.75,19694.25,19699.0,1866.0,19619.06226576678,False,or_class_tight,,,,,,,,,,,,,,,,,,,,,,,,,,,,,,
2024-08-20,phase6_causal_or_retest_v1,d8df78957051c9de,25c269cde02debe4,7b30e3d97c41bd58,ed5db2d90d8371c44cbe212d6d16ad117537c9e185a6592a6ca108ece643d8ce,2026-04-24T15:59:00-04:00,2026-04-26T01:55:46.523945+00:00,True,clean,390,390,0,0,0,2024-08-20 15:59:00-04:00,2024-08-20 15:59:00-04:00,False,True,clean,tight,5.0,20,20,19878.5,19816.75,61.75,0.8259109311740891,tier1_pilot,False,False,or_class_tight,,,,,,,,,,,,,,,,,,,,,,,,,,,,,,,False,no_retest_signal,2024-08-20 09:48:00-04:00,,,,,,,,,,,,,,,,,,,,,,,,,,,,,,False,or_class_tight,,,,,,,,,,,,,,,,,,,,,,,,,,,,,,
2024-08-21,phase6_causal_or_retest_v1,d8df78957051c9de,25c269cde02debe4,7b30e3d97c41bd58,ed5db2d90d8371c44cbe212d6d16ad117537c9e185a6592a6ca108ece643d8ce,2026-04-24T15:59:00-04:00,2026-04-26T01:55:46.523945+00:00,True,clean,390,390,0,0,0,2024-08-21 15:59:00-04:00,2024-08-21 15:59:00-04:00,False,True,clean,tight,0.0,20,20,19860.5,19813.25,47.25,0.9576719576719577,tier1_pilot,False,False,or_class_tight,,,,,,,,,,,,,,,,,,,,,,,,,,,,,,,False,signal_filtered,2024-08-21 09:46:00-04:00,,,,,,,,,,,,,,,,,,,,,,,,,,,,,,False,or_class_tight,,,,,,,,,,,,,,,,,,,,,,,,,,,,,,
2024-08-22,phase6_causal_or_retest_v1,d8df78957051c9de,25c269cde02debe4,7b30e3d97c41bd58,ed5db2d90d8371c44cbe212d6d16ad117537c9e185a6592a6ca108ece643d8ce,2026-04-24T15:59:00-04:00,2026-04-26T01:55:46.523945+00:00,True,clean,390,390,0,0,0,2024-08-22 15:59:00-04:00,2024-08-22 15:59:00-04:00,False,True,clean,tight,5.0,20,20,20025.75,19970.0,55.75,0.29596412556053814,tier1_pilot,False,False,or_class_tight,,,,,,,,,,,,,,,,,,,,,,,,,,,,,,,False,no_upside_breakout,,,,,,,,,,,,,,,,,,,,,,,,,,,,,,,False,or_class_tight,,,,,,,,,,,,,,,,,,,,,,,,,,,,,,
2024-08-23,phase6_causal_or_retest_v1,d8df78957051c9de,25c269cde02debe4,7b30e3d97c41bd58,ed5db2d90d8371c44cbe212d6d16ad117537c9e185a6592a6ca108ece643d8ce,2026-04-24T15:59:00-04:00,2026-04-26T01:55:46.523945+00:00,True,clean,390,390,0,0,0,2024-08-23 15:59:00-04:00,2024-08-23 15:59:00-04:00,False,True,clean,tight,10.0,20,20,19764.5,19706.5,58.0,0.21551724137931033,tier1_pilot,False,False,or_class_tight,,,,,,,,,,,,,,,,,,,,,,,,,,,,,,,False,no_retest_signal,2024-08-23 10:00:00-04:00,,,,,,,,,,,,,,,,,,,,,,,,,,,,,,False,or_class_tight,,,,,,,,,,,,,,,,,,,,,,,,,,,,,,
2024-08-26,phase6_causal_or_retest_v1,d8df78957051c9de,25c269cde02debe4,7b30e3d97c41bd58,ed5db2d90d8371c44cbe212d6d16ad117537c9e185a6592a6ca108ece643d8ce,2026-04-24T15:59:00-04:00,2026-04-26T01:55:46.523945+00:00,True,clean,390,390,0,0,0,2024-08-26 15:59:00-04:00,2024-08-26 15:59:00-04:00,False,True,clean,tight,15.0,20,20,19801.5,19742.75,58.75,0.2170212765957447,tier1_pilot,False,False,or_class_tight,,,,,,,,,,,,,,,,,,,,,,,,,,,,,,,False,no_upside_breakout,,,,,,,,,,,,,,,,,,,,,,,,,,,,,,,False,or_class_tight,,,,,,,,,,,,,,,,,,,,,,,,,,,,,,
2024-08-27,phase6_causal_or_retest_v1,d8df78957051c9de,25c269cde02debe4,7b30e3d97c41bd58,ed5db2d90d8371c44cbe212d6d16ad117537c9e185a6592a6ca108ece643d8ce,2026-04-24T15:59:00-04:00,2026-04-26T01:55:46.523945+00:00,True,clean,390,390,0,0,0,2024-08-27 15:59:00-04:00,2024-08-27 15:59:00-04:00,False,True,clean,normal,55.00000000000001,20,20,19539.25,19454.5,84.75,0.2448377581120944,tier1_pilot,False,True,,2024-08-27 09:53:00-04:00,2024-08-27 10:00:00-04:00,2024-08-27 10:01:00-04:00,19549.75,19552.25,19512.25,19602.25,2024-08-27 10:24:00-04:00,19602.25,19599.75,target,93.66,19542.75,19567.0,19537.0,19550.0,6280.0,19503.834299861617,19549.75,19557.0,19540.0,19550.75,3555.0,19504.656968399955,19583.25,19618.5,19582.75,19607.5,8715.0,19526.132925654754,False,signal_filtered,2024-08-27 09:53:00-04:00,,,,,,,,,,,,,,,,,,,,,,,,,,,,,,False,signal_filtered,2024-08-27 09:53:00-04:00,,,,,,,,,,,,,,,,,,,,,,,,,,,,,
2024-08-28,phase6_causal_or_retest_v1,d8df78957051c9de,25c269cde02debe4,7b30e3d97c41bd58,ed5db2d90d8371c44cbe212d6d16ad117537c9e185a6592a6ca108ece643d8ce,2026-04-24T15:59:00-04:00,2026-04-26T01:55:46.523945+00:00,True,clean,390,390,0,0,0,2024-08-28 15:59:00-04:00,2024-08-28 15:59:00-04:00,False,True,clean,normal,40.0,20,20,19656.75,19584.0,72.75,0.027491408934707903,tier1_pilot,False,False,no_upside_breakout,,,,,,,,,,,,,,,,,,,,,,,,,,,,,,,False,no_upside_breakout,,,,,,,,,,,,,,,,,,,,,,,,,,,,,,,False,no_upside_breakout,,,,,,,,,,,,,,,,,,,,,,,,,,,,,,
2024-08-29,phase6_causal_or_retest_v1,d8df78957051c9de,25c269cde02debe4,7b30e3d97c41bd58,ed5db2d90d8371c44cbe212d6d16ad117537c9e185a6592a6ca108ece643d8ce,2026-04-24T15:59:00-04:00,2026-04-26T01:55:46.523945+00:00,True,clean,390,390,0,0,0,2024-08-29 15:59:00-04:00,2024-08-29 15:59:00-04:00,False,True,clean,wide,85.0,20,20,19610.0,19478.0,132.0,0.49053030303030304,tier1_pilot,False,False,or_class_wide,,,,,,,,,,,,,,,,,,,,,,,,,,,,,,,False,or_class_wide,,,,,,,,,,,,,,,,,,,,,,,,,,,,,,,False,or_class_wide,,,,,,,,,,,,,,,,,,,,,,,,,,,,,,
2024-08-30,phase6_causal_or_retest_v1,d8df78957051c9de,25c269cde02debe4,7b30e3d97c41bd58,ed5db2d90d8371c44cbe212d6d16ad117537c9e185a6592a6ca108ece643d8ce,2026-04-24T15:59:00-04:00,2026-04-26T01:55:46.523945+00:00,True,clean,390,390,0,0,0,2024-08-30 15:59:00-04:00,2024-08-30 15:59:00-04:00,False,True,clean,normal,30.0,20,20,19577.0,19513.0,64.0,0.734375,tier1_pilot,False,True,,2024-08-30 09:45:00-04:00,2024-08-30 10:08:00-04:00,2024-08-30 10:09:00-04:00,19601.0,19603.5,19563.5,19653.5,2024-08-30 10:15:00-04:00,19563.5,19561.0,stop,-86.34,19584.75,19602.25,19580.75,19601.5,3535.0,19568.43890789615,19601.0,19602.0,19570.75,19579.5,5060.0,19568.859906522503,19576.0,19577.75,19559.25,19571.5,5744.0,19570.126965833966,True,,2024-08-30 09:45:00-04:00,2024-08-30 10:08:00-04:00,2024-08-30 10:09:00-04:00,19601.0,19603.5,19563.5,19683.5,2024-08-30 10:15:00-04:00,19563.5,19561.0,stop,-86.34,19584.75,19602.25,19580.75,19601.5,3535.0,19568.43890789615,19601.0,19602.0,19570.75,19579.5,5060.0,19568.859906522503,19576.0,19577.75,19559.25,19571.5,5744.0,19570.126965833966,True,,2024-08-30 09:45:00-04:00,2024-08-30 10:17:00-04:00,2024-08-30 10:18:00-04:00,19587.25,19589.75,19549.75,19639.75,2024-08-30 10:21:00-04:00,19549.75,19547.25,stop,-86.34,19567.0,19588.0,19567.0,19587.0,3900.0,19570.307478597548,19587.25,19592.0,19577.25,19578.75,3723.0,19570.51294353872,19571.5,19575.75,19541.0,19547.5,5910.0,19570.193492996535
2024-09-03,phase6_causal_or_retest_v1,d8df78957051c9de,25c269cde02debe4,7b30e3d97c41bd58,ed5db2d90d8371c44cbe212d6d16ad117537c9e185a6592a6ca108ece643d8ce,2026-04-24T15:59:00-04:00,2026-04-26T01:55:46.523945+00:00,True,clean,390,390,0,0,0,2024-09-03 15:59:00-04:00,2024-09-03 15:59:00-04:00,False,True,clean,wide,80.0,20,20,19483.25,19357.5,125.75,0.2624254473161034,tier1_pilot,False,False,or_class_wide,,,,,,,,,,,,,,,,,,,,,,,,,,,,,,,False,or_class_wide,,,,,,,,,,,,,,,,,,,,,,,,,,,,,,,False,or_class_wide,,,,,,,,,,,,,,,,,,,,,,,,,,,,,,
2024-09-04,phase6_causal_or_retest_v1,d8df78957051c9de,25c269cde02debe4,7b30e3d97c41bd58,ed5db2d90d8371c44cbe212d6d16ad117537c9e185a6592a6ca108ece643d8ce,2026-04-24T15:59:00-04:00,2026-04-26T01:55:46.523945+00:00,True,clean,390,390,0,0,0,2024-09-04 15:59:00-04:00,2024-09-04 15:59:00-04:00,False,True,clean,normal,70.0,20,20,18965.75,18860.0,105.75,0.7919621749408984,tier1_pilot,True,True,,2024-09-04 09:45:00-04:00,2024-09-04 10:16:00-04:00,2024-09-04 10:17:00-04:00,18974.5,18977.0,18937.0,19027.0,2024-09-04 10:17:00-04:00,18937.0,18934.5,stop,-86.34,18955.25,18982.0,18951.75,18974.5,4492.0,18933.5178547745,18974.5,18984.75,18915.0,18919.5,8013.0,18933.684562656836,18974.5,18984.75,18915.0,18919.5,8013.0,18933.684562656836,True,,2024-09-04 09:45:00-04:00,2024-09-04 10:10:00-04:00,2024-09-04 10:11:00-04:00,18998.75,19001.25,18961.25,19081.25,2024-09-04 10:12:00-04:00,18961.25,18958.75,stop,-86.34,18972.75,19001.5,18967.75,18998.75,8526.0,18930.63518814438,18998.75,18999.75,18965.25,18973.0,5787.0,18931.70170002637,18972.5,18980.5,18936.75,18950.5,6905.0,18932.318358006392,True,,2024-09-04 09:45:00-04:00,2024-09-04 10:16:00-04:00,2024-09-04 10:17:00-04:00,18974.5,18977.0,18937.0,19027.0,2024-09-04 10:17:00-04:00,18937.0,18934.5,stop,-86.34,18955.25,18982.0,18951.75,18974.5,4492.0,18933.5178547745,18974.5,18984.75,18915.0,18919.5,8013.0,18933.684562656836,18974.5,18984.75,18915.0,18919.5,8013.0,18933.684562656836
2024-09-05,phase6_causal_or_retest_v1,d8df78957051c9de,25c269cde02debe4,7b30e3d97c41bd58,ed5db2d90d8371c44cbe212d6d16ad117537c9e185a6592a6ca108ece643d8ce,2026-04-24T15:59:00-04:00,2026-04-26T01:55:46.523945+00:00,True,clean,390,390,0,0,0,2024-09-05 15:59:00-04:00,2024-09-05 15:59:00-04:00,False,True,clean,wide,100.0,20,20,19033.0,18884.75,148.25,0.7166947723440135,tier1_pilot,False,False,or_class_wide,,,,,,,,,,,,,,,,,,,,,,,,,,,,,,,False,or_class_wide,,,,,,,,,,,,,,,,,,,,,,,,,,,,,,,False,or_class_wide,,,,,,,,,,,,,,,,,,,,,,,,,,,,,,
2024-09-06,phase6_causal_or_retest_v1,d8df78957051c9de,25c269cde02debe4,7b30e3d97c41bd58,ed5db2d90d8371c44cbe212d6d16ad117537c9e185a6592a6ca108ece643d8ce,2026-04-24T15:59:00-04:00,2026-04-26T01:55:46.523945+00:00,True,clean,390,390,0,0,0,2024-09-06 15:59:00-04:00,2024-09-06 15:59:00-04:00,False,True,clean,wide,100.0,20,20,18967.25,18766.25,201.0,0.4141791044776119,tier1_pilot,False,False,or_class_wide,,,,,,,,,,,,,,,,,,,,,,,,,,,,,,,False,or_class_wide,,,,,,,,,,,,,,,,,,,,,,,,,,,,,,,False,or_class_wide,,,,,,,,,,,,,,,,,,,,,,,,,,,,,,
2024-09-09,phase6_causal_or_retest_v1,d8df78957051c9de,25c269cde02debe4,7b30e3d97c41bd58,ed5db2d90d8371c44cbe212d6d16ad117537c9e185a6592a6ca108ece643d8ce,2026-04-24T15:59:00-04:00,2026-04-26T01:55:46.523945+00:00,True,clean,390,390,0,0,0,2024-09-09 15:59:00-04:00,2024-09-09 15:59:00-04:00,False,True,clean,normal,35.0,20,20,18675.0,18605.0,70.0,0.6821428571428572,tier1_pilot,False,True,,2024-09-09 09:58:00-04:00,2024-09-09 10:02:00-04:00,2024-09-09 10:03:00-04:00,18683.25,18685.75,18645.75,18735.75,2024-09-09 10:19:00-04:00,18645.75,18643.25,stop,-86.34,18677.75,18688.5,18672.75,18683.25,2424.0,18656.16327349157,18683.25,18692.5,18681.5,18690.75,2793.0,18656.711042076695,18656.5,18658.0,18637.5,18652.75,7852.0,18664.443524889168,True,,2024-09-09 09:58:00-04:00,2024-09-09 10:02:00-04:00,2024-09-09 10:03:00-04:00,18683.25,18685.75,18645.75,18765.75,2024-09-09 10:19:00-04:00,18645.75,18643.25,stop,-86.34,18677.75,18688.5,18672.75,18683.25,2424.0,18656.16327349157,18683.25,18692.5,18681.5,18690.75,2793.0,18656.711042076695,18656.5,18658.0,18637.5,18652.75,7852.0,18664.443524889168,False,signal_filtered,2024-09-09 09:58:00-04:00,,,,,,,,,,,,,,,,,,,,,,,,,,,,,
2024-09-10,phase6_causal_or_retest_v1,d8df78957051c9de,25c269cde02debe4,7b30e3d97c41bd58,ed5db2d90d8371c44cbe212d6d16ad117537c9e185a6592a6ca108ece643d8ce,2026-04-24T15:59:00-04:00,2026-04-26T01:55:46.523945+00:00,True,clean,390,390,0,0,0,2024-09-10 15:59:00-04:00,2024-09-10 15:59:00-04:00,False,True,clean,normal,65.0,20,20,18821.75,18721.5,100.25,0.456359102244389,tier1_pilot,False,False,no_retest_signal,2024-09-10 14:01:00-04:00,,,,,,,,,,,,,,,,,,,,,,,,,,,,,,False,no_retest_signal,2024-09-10 14:01:00-04:00,,,,,,,,,,,,,,,,,,,,,,,,,,,,,,False,no_retest_signal,2024-09-10 14:01:00-04:00,,,,,,,,,,,,,,,,,,,,,,,,,,,,,
2024-09-11,phase6_causal_or_retest_v1,d8df78957051c9de,25c269cde02debe4,7b30e3d97c41bd58,ed5db2d90d8371c44cbe212d6d16ad117537c9e185a6592a6ca108ece643d8ce,2026-04-24T15:59:00-04:00,2026-04-26T01:55:46.523945+00:00,True,clean,390,390,0,0,0,2024-09-11 15:59:00-04:00,2024-09-11 15:59:00-04:00,False,True,clean,normal,65.0,20,20,18906.5,18808.75,97.75,0.391304347826087,tier1_pilot,False,False,no_retest_signal,2024-09-11 12:29:00-04:00,,,,,,,,,,,,,,,,,,,,,,,,,,,,,,False,no_retest_signal,2024-09-11 12:29:00-04:00,,,,,,,,,,,,,,,,,,,,,,,,,,,,,,False,no_retest_signal,2024-09-11 12:29:00-04:00,,,,,,,,,,,,,,,,,,,,,,,,,,,,,
2024-09-12,phase6_causal_or_retest_v1,d8df78957051c9de,25c269cde02debe4,7b30e3d97c41bd58,ed5db2d90d8371c44cbe212d6d16ad117537c9e185a6592a6ca108ece643d8ce,2026-04-24T15:59:00-04:00,2026-04-26T01:55:46.523945+00:00,True,clean,390,390,0,0,0,2024-09-12 15:59:00-04:00,2024-09-12 15:59:00-04:00,False,True,clean,normal,55.00000000000001,20,20,19289.5,19210.0,79.5,0.7358490566037735,tier1_pilot,True,True,,2024-09-12 10:12:00-04:00,2024-09-12 10:13:00-04:00,2024-09-12 10:14:00-04:00,19312.25,19314.75,19274.75,19364.75,2024-09-12 10:34:00-04:00,19364.75,19362.25,target,93.66,19295.75,19315.75,19290.0,19312.5,5598.0,19249.75039248317,19312.25,19321.0,19303.5,19311.0,5870.0,19251.011834667723,19352.25,19366.0,19349.0,19359.0,6468.0,19269.262526701117,True,,2024-09-12 10:12:00-04:00,2024-09-12 10:37:00-04:00,2024-09-12 10:38:00-04:00,19301.5,19304.0,19264.0,19384.0,2024-09-12 11:00:00-04:00,19264.0,19261.5,stop,-86.34,19281.5,19304.0,19279.75,19301.0,5071.0,19271.416946609115,19301.5,19318.75,19291.0,19311.5,5022.0,19271.85683333006,19280.0,19288.0,19255.25,19266.25,7306.0,19278.012430269024,True,,2024-09-12 10:12:00-04:00,2024-09-12 10:13:00-04:00,2024-09-12 10:14:00-04:00,19312.25,19314.75,19274.75,19364.75,2024-09-12 10:34:00-04:00,19364.75,19362.25,target,93.66,19295.75,19315.75,19290.0,19312.5,5598.0,19249.75039248317,19312.25,19321.0,19303.5,19311.0,5870.0,19251.011834667723,19352.25,19366.0,19349.0,19359.0,6468.0,19269.262526701117
2024-09-13,phase6_causal_or_retest_v1,d8df78957051c9de,25c269cde02debe4,7b30e3d97c41bd58,ed5db2d90d8371c44cbe212d6d16ad117537c9e185a6592a6ca108ece643d8ce,2026-04-24T15:59:00-04:00,2026-04-26T01:55:46.523945+00:00,True,clean,390,390,0,0,0,2024-09-13 15:59:00-04:00,2024-09-13 15:59:00-04:00,False,True,clean,wide,80.0,20,20,19503.0,19396.0,107.0,0.8995327102803738,tier1_pilot,False,False,or_class_wide,,,,,,,,,,,,,,,,,,,,,,,,,,,,,,,False,or_class_wide,,,,,,,,,,,,,,,,,,,,,,,,,,,,,,,False,or_class_wide,,,,,,,,,,,,,,,,,,,,,,,,,,,,,,
2024-09-16,phase6_causal_or_retest_v1,d8df78957051c9de,25c269cde02debe4,7b30e3d97c41bd58,ed5db2d90d8371c44cbe212d6d16ad117537c9e185a6592a6ca108ece643d8ce,2026-04-24T15:59:00-04:00,2026-04-26T01:55:46.523945+00:00,True,clean,390,390,0,0,0,2024-09-16 15:59:00-04:00,2024-09-16 15:59:00-04:00,False,True,clean,wide,80.0,20,20,19441.0,19326.75,114.25,0.4682713347921225,tier1_pilot,False,False,or_class_wide,,,,,,,,,,,,,,,,,,,,,,,,,,,,,,,False,or_class_wide,,,,,,,,,,,,,,,,,,,,,,,,,,,,,,,False,or_class_wide,,,,,,,,,,,,,,,,,,,,,,,,,,,,,,
2024-09-17,phase6_causal_or_retest_v1,d8df78957051c9de,25c269cde02debe4,7b30e3d97c41bd58,ed5db2d90d8371c44cbe212d6d16ad117537c9e185a6592a6ca108ece643d8ce,2026-04-24T15:59:00-04:00,2026-04-26T01:55:46.523945+00:00,True,clean,390,390,0,0,0,2024-09-17 15:59:00-04:00,2024-09-17 15:59:00-04:00,False,True,clean,normal,40.0,20,20,19593.75,19522.0,71.75,0.45993031358885017,tier1_pilot,True,True,,2024-09-17 10:45:00-04:00,2024-09-17 10:53:00-04:00,2024-09-17 10:54:00-04:00,19595.0,19597.5,19557.5,19647.5,2024-09-17 10:58:00-04:00,19557.5,19555.0,stop,-86.34,19589.0,19597.0,19585.25,19594.75,386.0,19551.292053056044,19595.0,19598.5,19578.5,19581.75,669.0,19551.534045404227,19564.5,19564.75,19542.25,19546.25,1126.0,19552.061752230446,True,,2024-09-17 10:45:00-04:00,2024-09-17 10:53:00-04:00,2024-09-17 10:54:00-04:00,19595.0,19597.5,19557.5,19677.5,2024-09-17 10:58:00-04:00,19557.5,19555.0,stop,-86.34,19589.0,19597.0,19585.25,19594.75,386.0,19551.292053056044,19595.0,19598.5,19578.5,19581.75,669.0,19551.534045404227,19564.5,19564.75,19542.25,19546.25,1126.0,19552.061752230446,True,,2024-09-17 10:45:00-04:00,2024-09-17 10:53:00-04:00,2024-09-17 10:54:00-04:00,19595.0,19597.5,19557.5,19647.5,2024-09-17 10:58:00-04:00,19557.5,19555.0,stop,-86.34,19589.0,19597.0,19585.25,19594.75,386.0,19551.292053056044,19595.0,19598.5,19578.5,19581.75,669.0,19551.534045404227,19564.5,19564.75,19542.25,19546.25,1126.0,19552.061752230446
2024-09-18,phase6_causal_or_retest_v1,d8df78957051c9de,25c269cde02debe4,7b30e3d97c41bd58,ed5db2d90d8371c44cbe212d6d16ad117537c9e185a6592a6ca108ece643d8ce,2026-04-24T15:59:00-04:00,2026-04-26T01:55:46.523945+00:00,True,clean,390,390,0,0,0,2024-09-18 15:59:00-04:00,2024-09-18 15:59:00-04:00,False,True,clean,normal,30.0,20,20,19498.25,19432.75,65.5,0.41603053435114506,tier1_pilot,False,False,no_retest_signal,2024-09-18 14:00:00-04:00,,,,,,,,,,,,,,,,,,,,,,,,,,,,,,False,no_retest_signal,2024-09-18 14:00:00-04:00,,,,,,,,,,,,,,,,,,,,,,,,,,,,,,False,no_retest_signal,2024-09-18 14:00:00-04:00,,,,,,,,,,,,,,,,,,,,,,,,,,,,,
2024-09-19,phase6_causal_or_retest_v1,d8df78957051c9de,25c269cde02debe4,7b30e3d97c41bd58,ed5db2d90d8371c44cbe212d6d16ad117537c9e185a6592a6ca108ece643d8ce,2026-04-24T15:59:00-04:00,2026-04-26T01:55:46.523945+00:00,True,clean,390,390,0,0,0,2024-09-19 15:59:00-04:00,2024-09-19 15:59:00-04:00,False,True,clean,normal,30.0,20,20,19835.0,19766.25,68.75,0.4072727272727273,tier1_pilot,False,True,,2024-09-19 10:17:00-04:00,2024-09-19 10:18:00-04:00,2024-09-19 10:19:00-04:00,19845.75,19848.25,19808.25,19898.25,2024-09-19 10:27:00-04:00,19898.25,19895.75,target,93.66,19834.75,19847.75,19834.5,19846.5,667.0,19792.59449205142,19845.75,19849.75,19842.5,19849.25,436.0,19793.53091096331,19861.25,19899.75,19860.75,19889.0,1477.0,19802.68862033207,True,,2024-09-19 10:17:00-04:00,2024-09-19 10:18:00-04:00,2024-09-19 10:19:00-04:00,19845.75,19848.25,19808.25,19928.25,2024-09-19 12:26:00-04:00,19928.25,19925.75,target,153.66,19834.75,19847.75,19834.5,19846.5,667.0,19792.59449205142,19845.75,19849.75,19842.5,19849.25,436.0,19793.53091096331,19918.75,19929.75,19916.75,19925.0,603.0,19842.947446809692,False,signal_filtered,2024-09-19 10:17:00-04:00,,,,,,,,,,,,,,,,,,,,,,,,,,,,,
2024-09-20,phase6_causal_or_retest_v1,d8df78957051c9de,25c269cde02debe4,7b30e3d97c41bd58,ed5db2d90d8371c44cbe212d6d16ad117537c9e185a6592a6ca108ece643d8ce,2026-04-24T15:59:00-04:00,2026-04-26T01:55:46.523945+00:00,False,zero_volume_or,390,390,0,390,375,2024-09-20 15:59:00-04:00,2024-09-20 15:59:00-04:00,False,False,zero_volume_or_and_post_or,unknown,,20,20,,,,,tier1_pilot,False,False,zero_volume_or,,,,,,,,,,,,,,,,,,,,,,,,,,,,,,,False,zero_volume_or,,,,,,,,,,,,,,,,,,,,,,,,,,,,,,,False,zero_volume_or,,,,,,,,,,,,,,,,,,,,,,,,,,,,,,
2024-09-23,phase6_causal_or_retest_v1,d8df78957051c9de,25c269cde02debe4,7b30e3d97c41bd58,ed5db2d90d8371c44cbe212d6d16ad117537c9e185a6592a6ca108ece643d8ce,2026-04-24T15:59:00-04:00,2026-04-26T01:55:46.523945+00:00,True,clean,390,390,0,0,0,2024-09-23 15:59:00-04:00,2024-09-23 15:59:00-04:00,False,True,clean,tight,0.0,20,20,20086.5,20031.75,54.75,0.5753424657534246,tier1_pilot,False,False,or_class_tight,,,,,,,,,,,,,,,,,,,,,,,,,,,,,,,False,signal_filtered,2024-09-23 09:49:00-04:00,,,,,,,,,,,,,,,,,,,,,,,,,,,,,,False,or_class_tight,,,,,,,,,,,,,,,,,,,,,,,,,,,,,,
2024-09-24,phase6_causal_or_retest_v1,d8df78957051c9de,25c269cde02debe4,7b30e3d97c41bd58,ed5db2d90d8371c44cbe212d6d16ad117537c9e185a6592a6ca108ece643d8ce,2026-04-24T15:59:00-04:00,2026-04-26T01:55:46.523945+00:00,True,clean,390,390,0,0,0,2024-09-24 15:59:00-04:00,2024-09-24 15:59:00-04:00,False,True,clean,tight,15.0,20,20,20154.0,20094.25,59.75,0.19246861924686193,tier1_pilot,False,False,or_class_tight,,,,,,,,,,,,,,,,,,,,,,,,,,,,,,,False,no_retest_signal,2024-09-24 11:46:00-04:00,,,,,,,,,,,,,,,,,,,,,,,,,,,,,,False,or_class_tight,,,,,,,,,,,,,,,,,,,,,,,,,,,,,,
2024-09-25,phase6_causal_or_retest_v1,d8df78957051c9de,25c269cde02debe4,7b30e3d97c41bd58,ed5db2d90d8371c44cbe212d6d16ad117537c9e185a6592a6ca108ece643d8ce,2026-04-24T15:59:00-04:00,2026-04-26T01:55:46.523945+00:00,True,clean,390,390,0,0,0,2024-09-25 15:59:00-04:00,2024-09-25 15:59:00-04:00,False,True,clean,tight,25.0,20,20,20205.75,20138.25,67.5,0.5814814814814815,tier1_pilot,False,False,or_class_tight,,,,,,,,,,,,,,,,,,,,,,,,,,,,,,,True,,2024-09-25 09:56:00-04:00,2024-09-25 10:50:00-04:00,2024-09-25 10:51:00-04:00,20227.0,20229.5,20189.5,20309.5,2024-09-25 11:52:00-04:00,20189.5,20187.0,stop,-86.34,20210.75,20231.5,20204.75,20227.0,5303.0,20214.927629322618,20227.0,20238.0,20224.25,20233.5,2955.0,20215.088521185666,20202.75,20203.75,20181.0,20190.25,6736.0,20216.21316106959,False,or_class_tight,,,,,,,,,,,,,,,,,,,,,,,,,,,,,,
2024-09-26,phase6_causal_or_retest_v1,d8df78957051c9de,25c269cde02debe4,7b30e3d97c41bd58,ed5db2d90d8371c44cbe212d6d16ad117537c9e185a6592a6ca108ece643d8ce,2026-04-24T15:59:00-04:00,2026-04-26T01:55:46.523945+00:00,True,clean,390,390,0,0,0,2024-09-26 15:59:00-04:00,2024-09-26 15:59:00-04:00,False,True,clean,normal,60.0,20,20,20518.0,20419.25,98.75,0.17468354430379746,tier1_pilot,False,False,no_upside_breakout,,,,,,,,,,,,,,,,,,,,,,,,,,,,,,,False,no_upside_breakout,,,,,,,,,,,,,,,,,,,,,,,,,,,,,,,False,no_upside_breakout,,,,,,,,,,,,,,,,,,,,,,,,,,,,,,
2024-09-27,phase6_causal_or_retest_v1,d8df78957051c9de,25c269cde02debe4,7b30e3d97c41bd58,ed5db2d90d8371c44cbe212d6d16ad117537c9e185a6592a6ca108ece643d8ce,2026-04-24T15:59:00-04:00,2026-04-26T01:55:46.523945+00:00,True,clean,390,390,0,0,0,2024-09-27 15:59:00-04:00,2024-09-27 15:59:00-04:00,False,True,clean,normal,45.0,20,20,20383.0,20310.25,72.75,0.21993127147766323,tier1_pilot,False,False,no_upside_breakout,,,,,,,,,,,,,,,,,,,,,,,,,,,,,,,False,no_upside_breakout,,,,,,,,,,,,,,,,,,,,,,,,,,,,,,,False,no_upside_breakout,,,,,,,,,,,,,,,,,,,,,,,,,,,,,,
2024-09-30,phase6_causal_or_retest_v1,d8df78957051c9de,25c269cde02debe4,7b30e3d97c41bd58,ed5db2d90d8371c44cbe212d6d16ad117537c9e185a6592a6ca108ece643d8ce,2026-04-24T15:59:00-04:00,2026-04-26T01:55:46.523945+00:00,True,clean,390,390,0,0,0,2024-09-30 15:59:00-04:00,2024-09-30 15:59:00-04:00,False,True,clean,normal,50.0,20,20,20260.0,20168.5,91.5,0.8743169398907104,tier1_pilot,False,False,no_retest_signal,2024-09-30 15:55:00-04:00,,,,,,,,,,,,,,,,,,,,,,,,,,,,,,False,no_retest_signal,2024-09-30 15:55:00-04:00,,,,,,,,,,,,,,,,,,,,,,,,,,,,,,False,no_retest_signal,2024-09-30 15:55:00-04:00,,,,,,,,,,,,,,,,,,,,,,,,,,,,,
2024-10-01,phase6_causal_or_retest_v1,d8df78957051c9de,25c269cde02debe4,7b30e3d97c41bd58,ed5db2d90d8371c44cbe212d6d16ad117537c9e185a6592a6ca108ece643d8ce,2026-04-24T15:59:00-04:00,2026-04-26T01:55:46.523945+00:00,True,clean,390,390,0,0,0,2024-10-01 15:59:00-04:00,2024-10-01 15:59:00-04:00,False,True,clean,wide,95.0,20,20,20266.25,20070.0,196.25,0.1592356687898089,tier1_pilot,False,False,or_class_wide,,,,,,,,,,,,,,,,,,,,,,,,,,,,,,,False,or_class_wide,,,,,,,,,,,,,,,,,,,,,,,,,,,,,,,False,or_class_wide,,,,,,,,,,,,,,,,,,,,,,,,,,,,,,
2024-10-02,phase6_causal_or_retest_v1,d8df78957051c9de,25c269cde02debe4,7b30e3d97c41bd58,ed5db2d90d8371c44cbe212d6d16ad117537c9e185a6592a6ca108ece643d8ce,2026-04-24T15:59:00-04:00,2026-04-26T01:55:46.523945+00:00,True,clean,390,390,0,0,0,2024-10-02 15:59:00-04:00,2024-10-02 15:59:00-04:00,False,True,clean,wide,85.0,20,20,19967.0,19836.0,131.0,0.003816793893129771,tier1_pilot,False,False,or_class_wide,,,,,,,,,,,,,,,,,,,,,,,,,,,,,,,False,or_class_wide,,,,,,,,,,,,,,,,,,,,,,,,,,,,,,,False,or_class_wide,,,,,,,,,,,,,,,,,,,,,,,,,,,,,,
2024-10-03,phase6_causal_or_retest_v1,d8df78957051c9de,25c269cde02debe4,7b30e3d97c41bd58,ed5db2d90d8371c44cbe212d6d16ad117537c9e185a6592a6ca108ece643d8ce,2026-04-24T15:59:00-04:00,2026-04-26T01:55:46.523945+00:00,True,clean,390,390,0,0,0,2024-10-03 15:59:00-04:00,2024-10-03 15:59:00-04:00,False,True,clean,normal,75.0,20,20,20006.25,19894.5,111.75,0.8769574944071589,tier1_pilot,True,True,,2024-10-03 09:54:00-04:00,2024-10-03 10:16:00-04:00,2024-10-03 10:17:00-04:00,20055.0,20057.5,20017.5,20107.5,2024-10-03 10:20:00-04:00,20017.5,20015.0,stop,-86.34,20025.75,20055.5,20009.0,20055.25,8660.0,20016.035280872533,20055.0,20073.25,20051.0,20058.5,7866.0,20017.359316848997,20028.25,20032.0,20013.25,20015.25,5305.0,20018.3425196457,False,signal_filtered,2024-10-03 09:54:00-04:00,,,,,,,,,,,,,,,,,,,,,,,,,,,,,,True,,2024-10-03 09:54:00-04:00,2024-10-03 10:16:00-04:00,2024-10-03 10:17:00-04:00,20055.0,20057.5,20017.5,20107.5,2024-10-03 10:20:00-04:00,20017.5,20015.0,stop,-86.34,20025.75,20055.5,20009.0,20055.25,8660.0,20016.035280872533,20055.0,20073.25,20051.0,20058.5,7866.0,20017.359316848997,20028.25,20032.0,20013.25,20015.25,5305.0,20018.3425196457
2024-10-04,phase6_causal_or_retest_v1,d8df78957051c9de,25c269cde02debe4,7b30e3d97c41bd58,ed5db2d90d8371c44cbe212d6d16ad117537c9e185a6592a6ca108ece643d8ce,2026-04-24T15:59:00-04:00,2026-04-26T01:55:46.523945+00:00,True,clean,390,390,0,0,0,2024-10-04 15:59:00-04:00,2024-10-04 15:59:00-04:00,False,True,clean,tight,0.0,20,20,20239.75,20186.25,53.5,0.2616822429906542,tier1_pilot,False,False,or_class_tight,,,,,,,,,,,,,,,,,,,,,,,,,,,,,,,False,no_retest_signal,2024-10-04 15:57:00-04:00,,,,,,,,,,,,,,,,,,,,,,,,,,,,,,False,or_class_tight,,,,,,,,,,,,,,,,,,,,,,,,,,,,,,
2024-10-07,phase6_causal_or_retest_v1,d8df78957051c9de,25c269cde02debe4,7b30e3d97c41bd58,ed5db2d90d8371c44cbe212d6d16ad117537c9e185a6592a6ca108ece643d8ce,2026-04-24T15:59:00-04:00,2026-04-26T01:55:46.523945+00:00,True,clean,390,390,0,0,0,2024-10-07 15:59:00-04:00,2024-10-07 15:59:00-04:00,False,True,clean,tight,10.0,20,20,20163.75,20107.25,56.5,0.18584070796460178,tier1_pilot,False,False,or_class_tight,,,,,,,,,,,,,,,,,,,,,,,,,,,,,,,True,,2024-10-07 10:19:00-04:00,2024-10-07 10:27:00-04:00,2024-10-07 10:28:00-04:00,20179.25,20181.75,20141.75,20261.75,2024-10-07 10:46:00-04:00,20141.75,20139.25,stop,-86.34,20168.25,20181.0,20166.5,20179.0,3217.0,20134.71471352086,20179.25,20180.75,20163.75,20171.25,3133.0,20135.16351144774,20152.25,20155.25,20136.5,20137.75,3426.0,20140.096583180348,False,or_class_tight,,,,,,,,,,,,,,,,,,,,,,,,,,,,,,
2024-10-08,phase6_causal_or_retest_v1,d8df78957051c9de,25c269cde02debe4,7b30e3d97c41bd58,ed5db2d90d8371c44cbe212d6d16ad117537c9e185a6592a6ca108ece643d8ce,2026-04-24T15:59:00-04:00,2026-04-26T01:55:46.523945+00:00,True,clean,390,390,0,0,0,2024-10-08 15:59:00-04:00,2024-10-08 15:59:00-04:00,False,True,clean,tight,0.0,20,20,20115.75,20069.5,46.25,0.7081081081081081,tier1_pilot,False,False,or_class_tight,,,,,,,,,,,,,,,,,,,,,,,,,,,,,,,False,no_retest_signal,2024-10-08 09:52:00-04:00,,,,,,,,,,,,,,,,,,,,,,,,,,,,,,False,or_class_tight,,,,,,,,,,,,,,,,,,,,,,,,,,,,,,
2024-10-09,phase6_causal_or_retest_v1,d8df78957051c9de,25c269cde02debe4,7b30e3d97c41bd58,ed5db2d90d8371c44cbe212d6d16ad117537c9e185a6592a6ca108ece643d8ce,2026-04-24T15:59:00-04:00,2026-04-26T01:55:46.523945+00:00,True,clean,390,390,0,0,0,2024-10-09 15:59:00-04:00,2024-10-09 15:59:00-04:00,False,True,clean,tight,25.0,20,20,20299.25,20238.25,61.0,0.20901639344262296,tier1_pilot,False,False,or_class_tight,,,,,,,,,,,,,,,,,,,,,,,,,,,,,,,False,signal_filtered,2024-10-09 10:11:00-04:00,,,,,,,,,,,,,,,,,,,,,,,,,,,,,,False,or_class_tight,,,,,,,,,,,,,,,,,,,,,,,,,,,,,,
2024-10-10,phase6_causal_or_retest_v1,d8df78957051c9de,25c269cde02debe4,7b30e3d97c41bd58,ed5db2d90d8371c44cbe212d6d16ad117537c9e185a6592a6ca108ece643d8ce,2026-04-24T15:59:00-04:00,2026-04-26T01:55:46.523945+00:00,True,clean,390,390,0,0,0,2024-10-10 15:59:00-04:00,2024-10-10 15:59:00-04:00,False,True,clean,tight,5.0,20,20,20390.0,20340.0,50.0,0.785,tier1_pilot,False,False,or_class_tight,,,,,,,,,,,,,,,,,,,,,,,,,,,,,,,True,,2024-10-10 10:05:00-04:00,2024-10-10 10:42:00-04:00,2024-10-10 10:43:00-04:00,20392.0,20394.5,20354.5,20474.5,2024-10-10 11:59:00-04:00,20474.5,20472.0,target,153.66,20377.75,20395.75,20376.5,20391.75,2903.0,20371.79035252517,20392.0,20412.25,20392.0,20410.0,4027.0,20372.225098891482,20470.0,20477.5,20468.75,20475.25,2384.0,20386.874217813714,False,or_class_tight,,,,,,,,,,,,,,,,,,,,,,,,,,,,,,
2024-10-11,phase6_causal_or_retest_v1,d8df78957051c9de,25c269cde02debe4,7b30e3d97c41bd58,ed5db2d90d8371c44cbe212d6d16ad117537c9e185a6592a6ca108ece643d8ce,2026-04-24T15:59:00-04:00,2026-04-26T01:55:46.523945+00:00,True,clean,390,390,0,0,0,2024-10-11 15:59:00-04:00,2024-10-11 15:59:00-04:00,False,True,clean,tight,0.0,20,20,20352.25,20313.25,39.0,0.6858974358974359,tier1_pilot,False,False,or_class_tight,,,,,,,,,,,,,,,,,,,,,,,,,,,,,,,True,,2024-10-11 09:46:00-04:00,2024-10-11 10:04:00-04:00,2024-10-11 10:05:00-04:00,20361.5,20364.0,20324.0,20444.0,2024-10-11 10:15:00-04:00,20444.0,20441.5,target,153.66,20356.25,20362.25,20349.25,20361.5,2316.0,20343.853350423746,20361.5,20369.25,20354.75,20368.0,3532.0,20344.357191409814,20437.25,20446.25,20430.0,20445.0,5330.0,20363.995669797983,False,or_class_tight,,,,,,,,,,,,,,,,,,,,,,,,,,,,,,
2024-10-14,phase6_causal_or_retest_v1,d8df78957051c9de,25c269cde02debe4,7b30e3d97c41bd58,ed5db2d90d8371c44cbe212d6d16ad117537c9e185a6592a6ca108ece643d8ce,2026-04-24T15:59:00-04:00,2026-04-26T01:55:46.523945+00:00,True,clean,390,390,0,0,0,2024-10-14 15:59:00-04:00,2024-10-14 15:59:00-04:00,False,True,clean,normal,50.0,20,20,20609.0,20540.75,68.25,0.9157509157509157,tier1_pilot,False,True,,2024-10-14 09:46:00-04:00,2024-10-14 10:20:00-04:00,2024-10-14 10:21:00-04:00,20615.75,20618.25,20578.25,20668.25,2024-10-14 10:52:00-04:00,20578.25,20575.75,stop,-86.34,20606.0,20616.75,20602.0,20615.25,2884.0,20618.16699555728,20615.75,20620.75,20610.5,20614.0,2845.0,20618.120409115127,20590.0,20590.0,20574.25,20582.0,6168.0,20619.740111512532,True,,2024-10-14 09:46:00-04:00,2024-10-14 10:20:00-04:00,2024-10-14 10:21:00-04:00,20615.75,20618.25,20578.25,20698.25,2024-10-14 10:52:00-04:00,20578.25,20575.75,stop,-86.34,20606.0,20616.75,20602.0,20615.25,2884.0,20618.16699555728,20615.75,20620.75,20610.5,20614.0,2845.0,20618.120409115127,20590.0,20590.0,20574.25,20582.0,6168.0,20619.740111512532,False,signal_filtered,2024-10-14 09:46:00-04:00,,,,,,,,,,,,,,,,,,,,,,,,,,,,,
2024-10-15,phase6_causal_or_retest_v1,d8df78957051c9de,25c269cde02debe4,7b30e3d97c41bd58,ed5db2d90d8371c44cbe212d6d16ad117537c9e185a6592a6ca108ece643d8ce,2026-04-24T15:59:00-04:00,2026-04-26T01:55:46.523945+00:00,True,clean,390,390,0,0,0,2024-10-15 15:59:00-04:00,2024-10-15 15:59:00-04:00,False,True,clean,tight,20.0,20,20,20659.25,20605.75,53.5,0.45794392523364486,tier1_pilot,False,False,or_class_tight,,,,,,,,,,,,,,,,,,,,,,,,,,,,,,,False,no_upside_breakout,,,,,,,,,,,,,,,,,,,,,,,,,,,,,,,False,or_class_tight,,,,,,,,,,,,,,,,,,,,,,,,,,,,,,
2024-10-16,phase6_causal_or_retest_v1,d8df78957051c9de,25c269cde02debe4,7b30e3d97c41bd58,ed5db2d90d8371c44cbe212d6d16ad117537c9e185a6592a6ca108ece643d8ce,2026-04-24T15:59:00-04:00,2026-04-26T01:55:46.523945+00:00,True,clean,390,390,0,0,0,2024-10-16 15:59:00-04:00,2024-10-16 15:59:00-04:00,False,True,clean,wide,90.0,20,20,20357.5,20241.75,115.75,0.0367170626349892,tier1_pilot,False,False,or_class_wide,,,,,,,,,,,,,,,,,,,,,,,,,,,,,,,False,or_class_wide,,,,,,,,,,,,,,,,,,,,,,,,,,,,,,,False,or_class_wide,,,,,,,,,,,,,,,,,,,,,,,,,,,,,,
2024-10-17,phase6_causal_or_retest_v1,d8df78957051c9de,25c269cde02debe4,7b30e3d97c41bd58,ed5db2d90d8371c44cbe212d6d16ad117537c9e185a6592a6ca108ece643d8ce,2026-04-24T15:59:00-04:00,2026-04-26T01:55:46.523945+00:00,True,clean,390,390,0,0,0,2024-10-17 15:59:00-04:00,2024-10-17 15:59:00-04:00,False,True,clean,wide,95.0,20,20,20576.0,20402.5,173.5,0.260806916426513,tier1_pilot,False,False,or_class_wide,,,,,,,,,,,,,,,,,,,,,,,,,,,,,,,False,or_class_wide,,,,,,,,,,,,,,,,,,,,,,,,,,,,,,,False,or_class_wide,,,,,,,,,,,,,,,,,,,,,,,,,,,,,,
2024-10-18,phase6_causal_or_retest_v1,d8df78957051c9de,25c269cde02debe4,7b30e3d97c41bd58,ed5db2d90d8371c44cbe212d6d16ad117537c9e185a6592a6ca108ece643d8ce,2026-04-24T15:59:00-04:00,2026-04-26T01:55:46.523945+00:00,True,clean,390,390,0,0,0,2024-10-18 15:59:00-04:00,2024-10-18 15:59:00-04:00,False,True,clean,normal,60.0,20,20,20502.25,20433.0,69.25,0.9097472924187726,tier1_pilot,False,False,no_retest_signal,2024-10-18 10:07:00-04:00,,,,,,,,,,,,,,,,,,,,,,,,,,,,,,False,no_retest_signal,2024-10-18 10:07:00-04:00,,,,,,,,,,,,,,,,,,,,,,,,,,,,,,False,no_retest_signal,2024-10-18 10:07:00-04:00,,,,,,,,,,,,,,,,,,,,,,,,,,,,,
2024-10-21,phase6_causal_or_retest_v1,d8df78957051c9de,25c269cde02debe4,7b30e3d97c41bd58,ed5db2d90d8371c44cbe212d6d16ad117537c9e185a6592a6ca108ece643d8ce,2026-04-24T15:59:00-04:00,2026-04-26T01:55:46.523945+00:00,True,clean,390,390,0,0,0,2024-10-21 15:59:00-04:00,2024-10-21 15:59:00-04:00,False,True,clean,normal,45.0,20,20,20488.25,20423.0,65.25,0.8160919540229885,tier1_pilot,True,True,,2024-10-21 09:49:00-04:00,2024-10-21 10:03:00-04:00,2024-10-21 10:04:00-04:00,20509.25,20511.75,20471.75,20561.75,2024-10-21 10:38:00-04:00,20471.75,20469.25,stop,-86.34,20493.5,20513.5,20492.5,20509.25,6062.0,20472.141262721554,20509.25,20510.0,20497.75,20499.0,3106.0,20472.756377453137,20473.25,20479.0,20468.75,20476.75,4037.0,20492.916323447193,False,signal_filtered,2024-10-21 09:49:00-04:00,,,,,,,,,,,,,,,,,,,,,,,,,,,,,,True,,2024-10-21 09:49:00-04:00,2024-10-21 10:03:00-04:00,2024-10-21 10:04:00-04:00,20509.25,20511.75,20471.75,20561.75,2024-10-21 10:38:00-04:00,20471.75,20469.25,stop,-86.34,20493.5,20513.5,20492.5,20509.25,6062.0,20472.141262721554,20509.25,20510.0,20497.75,20499.0,3106.0,20472.756377453137,20473.25,20479.0,20468.75,20476.75,4037.0,20492.916323447193
2024-10-22,phase6_causal_or_retest_v1,d8df78957051c9de,25c269cde02debe4,7b30e3d97c41bd58,ed5db2d90d8371c44cbe212d6d16ad117537c9e185a6592a6ca108ece643d8ce,2026-04-24T15:59:00-04:00,2026-04-26T01:55:46.523945+00:00,True,clean,390,390,0,0,0,2024-10-22 15:59:00-04:00,2024-10-22 15:59:00-04:00,False,True,clean,normal,65.0,20,20,20458.25,20368.75,89.5,0.8491620111731844,tier1_pilot,True,True,,2024-10-22 09:45:00-04:00,2024-10-22 10:04:00-04:00,2024-10-22 10:05:00-04:00,20459.5,20462.0,20422.0,20512.0,2024-10-22 10:06:00-04:00,20512.0,20509.5,target,93.66,20450.75,20460.75,20446.0,20459.75,2413.0,20433.423526930914,20459.5,20475.5,20454.25,20469.25,5641.0,20434.418218269177,20469.75,20517.0,20467.5,20503.5,13807.0,20438.660141919696,True,,2024-10-22 09:45:00-04:00,2024-10-22 10:49:00-04:00,2024-10-22 10:50:00-04:00,20465.0,20467.5,20427.5,20547.5,2024-10-22 12:42:00-04:00,20427.5,20425.0,stop,-86.34,20456.0,20474.25,20452.5,20464.75,4484.0,20460.492408404974,20465.0,20473.25,20462.5,20470.25,2196.0,20460.54398501318,20433.5,20436.0,20425.25,20434.5,3182.0,20464.60381088383,True,,2024-10-22 09:45:00-04:00,2024-10-22 10:04:00-04:00,2024-10-22 10:05:00-04:00,20459.5,20462.0,20422.0,20512.0,2024-10-22 10:06:00-04:00,20512.0,20509.5,target,93.66,20450.75,20460.75,20446.0,20459.75,2413.0,20433.423526930914,20459.5,20475.5,20454.25,20469.25,5641.0,20434.418218269177,20469.75,20517.0,20467.5,20503.5,13807.0,20438.660141919696
2024-10-23,phase6_causal_or_retest_v1,d8df78957051c9de,25c269cde02debe4,7b30e3d97c41bd58,ed5db2d90d8371c44cbe212d6d16ad117537c9e185a6592a6ca108ece643d8ce,2026-04-24T15:59:00-04:00,2026-04-26T01:55:46.523945+00:00,True,clean,390,390,0,0,0,2024-10-23 15:59:00-04:00,2024-10-23 15:59:00-04:00,False,True,clean,tight,25.0,20,20,20462.75,20407.0,55.75,0.35874439461883406,tier1_pilot,False,False,or_class_tight,,,,,,,,,,,,,,,,,,,,,,,,,,,,,,,False,no_upside_breakout,,,,,,,,,,,,,,,,,,,,,,,,,,,,,,,False,or_class_tight,,,,,,,,,,,,,,,,,,,,,,,,,,,,,,
2024-10-24,phase6_causal_or_retest_v1,d8df78957051c9de,25c269cde02debe4,7b30e3d97c41bd58,ed5db2d90d8371c44cbe212d6d16ad117537c9e185a6592a6ca108ece643d8ce,2026-04-24T15:59:00-04:00,2026-04-26T01:55:46.523945+00:00,True,clean,390,390,0,0,0,2024-10-24 15:59:00-04:00,2024-10-24 15:59:00-04:00,False,True,clean,normal,40.0,20,20,20376.75,20312.0,64.75,0.4594594594594595,tier1_pilot,False,False,no_retest_signal,2024-10-24 13:06:00-04:00,,,,,,,,,,,,,,,,,,,,,,,,,,,,,,False,no_retest_signal,2024-10-24 13:06:00-04:00,,,,,,,,,,,,,,,,,,,,,,,,,,,,,,False,no_retest_signal,2024-10-24 13:06:00-04:00,,,,,,,,,,,,,,,,,,,,,,,,,,,,,
2024-10-25,phase6_causal_or_retest_v1,d8df78957051c9de,25c269cde02debe4,7b30e3d97c41bd58,ed5db2d90d8371c44cbe212d6d16ad117537c9e185a6592a6ca108ece643d8ce,2026-04-24T15:59:00-04:00,2026-04-26T01:55:46.523945+00:00,True,clean,390,390,0,0,0,2024-10-25 15:59:00-04:00,2024-10-25 15:59:00-04:00,False,True,clean,normal,75.0,20,20,20588.75,20490.0,98.75,0.9822784810126582,tier1_pilot,False,False,no_retest_signal,2024-10-25 09:45:00-04:00,,,,,,,,,,,,,,,,,,,,,,,,,,,,,,False,no_retest_signal,2024-10-25 09:45:00-04:00,,,,,,,,,,,,,,,,,,,,,,,,,,,,,,False,no_retest_signal,2024-10-25 09:45:00-04:00,,,,,,,,,,,,,,,,,,,,,,,,,,,,,
2024-10-28,phase6_causal_or_retest_v1,d8df78957051c9de,25c269cde02debe4,7b30e3d97c41bd58,ed5db2d90d8371c44cbe212d6d16ad117537c9e185a6592a6ca108ece643d8ce,2026-04-24T15:59:00-04:00,2026-04-26T01:55:46.523945+00:00,True,clean,390,390,0,0,0,2024-10-28 15:59:00-04:00,2024-10-28 15:59:00-04:00,False,True,clean,normal,60.0,20,20,20627.0,20556.5,70.5,0.17375886524822695,tier1_pilot,False,False,no_upside_breakout,,,,,,,,,,,,,,,,,,,,,,,,,,,,,,,False,no_upside_breakout,,,,,,,,,,,,,,,,,,,,,,,,,,,,,,,False,no_upside_breakout,,,,,,,,,,,,,,,,,,,,,,,,,,,,,,
2024-10-29,phase6_causal_or_retest_v1,d8df78957051c9de,25c269cde02debe4,7b30e3d97c41bd58,ed5db2d90d8371c44cbe212d6d16ad117537c9e185a6592a6ca108ece643d8ce,2026-04-24T15:59:00-04:00,2026-04-26T01:55:46.523945+00:00,True,clean,390,390,0,0,0,2024-10-29 15:59:00-04:00,2024-10-29 15:59:00-04:00,False,True,clean,normal,70.0,20,20,20526.75,20432.0,94.75,0.5963060686015831,tier1_pilot,True,True,,2024-10-29 10:03:00-04:00,2024-10-29 10:11:00-04:00,2024-10-29 10:12:00-04:00,20535.25,20537.75,20497.75,20587.75,2024-10-29 10:24:00-04:00,20587.75,20585.25,target,93.66,20529.0,20547.75,20528.75,20535.0,6405.0,20489.28499239081,20535.25,20547.0,20529.0,20533.5,3496.0,20490.05636479475,20560.5,20590.5,20560.5,20587.75,9837.0,20500.778625771523,False,signal_filtered,2024-10-29 10:03:00-04:00,,,,,,,,,,,,,,,,,,,,,,,,,,,,,,True,,2024-10-29 10:03:00-04:00,2024-10-29 10:11:00-04:00,2024-10-29 10:12:00-04:00,20535.25,20537.75,20497.75,20587.75,2024-10-29 10:24:00-04:00,20587.75,20585.25,target,93.66,20529.0,20547.75,20528.75,20535.0,6405.0,20489.28499239081,20535.25,20547.0,20529.0,20533.5,3496.0,20490.05636479475,20560.5,20590.5,20560.5,20587.75,9837.0,20500.778625771523
2024-10-30,phase6_causal_or_retest_v1,d8df78957051c9de,25c269cde02debe4,7b30e3d97c41bd58,ed5db2d90d8371c44cbe212d6d16ad117537c9e185a6592a6ca108ece643d8ce,2026-04-24T15:59:00-04:00,2026-04-26T01:55:46.523945+00:00,True,clean,390,390,0,0,0,2024-10-30 15:59:00-04:00,2024-10-30 15:59:00-04:00,False,True,clean,wide,90.0,20,20,20669.5,20543.0,126.5,0.10276679841897234,tier1_pilot,False,False,or_class_wide,,,,,,,,,,,,,,,,,,,,,,,,,,,,,,,False,or_class_wide,,,,,,,,,,,,,,,,,,,,,,,,,,,,,,,False,or_class_wide,,,,,,,,,,,,,,,,,,,,,,,,,,,,,,
2024-10-31,phase6_causal_or_retest_v1,d8df78957051c9de,25c269cde02debe4,7b30e3d97c41bd58,ed5db2d90d8371c44cbe212d6d16ad117537c9e185a6592a6ca108ece643d8ce,2026-04-24T15:59:00-04:00,2026-04-26T01:55:46.523945+00:00,True,clean,390,390,0,0,0,2024-10-31 15:59:00-04:00,2024-10-31 15:59:00-04:00,False,True,clean,wide,90.0,20,20,20369.0,20252.5,116.5,0.06652360515021459,tier1_pilot,False,False,or_class_wide,,,,,,,,,,,,,,,,,,,,,,,,,,,,,,,False,or_class_wide,,,,,,,,,,,,,,,,,,,,,,,,,,,,,,,False,or_class_wide,,,,,,,,,,,,,,,,,,,,,,,,,,,,,,
2024-11-01,phase6_causal_or_retest_v1,d8df78957051c9de,25c269cde02debe4,7b30e3d97c41bd58,ed5db2d90d8371c44cbe212d6d16ad117537c9e185a6592a6ca108ece643d8ce,2026-04-24T15:59:00-04:00,2026-04-26T01:55:46.523945+00:00,True,clean,390,390,0,0,0,2024-11-01 15:59:00-04:00,2024-11-01 15:59:00-04:00,False,True,clean,wide,80.0,20,20,20164.75,20057.25,107.5,0.8627906976744186,tier1_pilot,False,False,or_class_wide,,,,,,,,,,,,,,,,,,,,,,,,,,,,,,,False,or_class_wide,,,,,,,,,,,,,,,,,,,,,,,,,,,,,,,False,or_class_wide,,,,,,,,,,,,,,,,,,,,,,,,,,,,,,
2024-11-04,phase6_causal_or_retest_v1,d8df78957051c9de,25c269cde02debe4,7b30e3d97c41bd58,ed5db2d90d8371c44cbe212d6d16ad117537c9e185a6592a6ca108ece643d8ce,2026-04-24T15:59:00-04:00,2026-04-26T01:55:46.523945+00:00,True,clean,390,390,0,0,0,2024-11-04 15:59:00-05:00,2024-11-04 15:59:00-05:00,False,True,clean,wide,95.0,20,20,20142.0,20013.25,128.75,0.7533980582524272,tier1_pilot,False,False,or_class_wide,,,,,,,,,,,,,,,,,,,,,,,,,,,,,,,False,or_class_wide,,,,,,,,,,,,,,,,,,,,,,,,,,,,,,,False,or_class_wide,,,,,,,,,,,,,,,,,,,,,,,,,,,,,,
2024-11-05,phase6_causal_or_retest_v1,d8df78957051c9de,25c269cde02debe4,7b30e3d97c41bd58,ed5db2d90d8371c44cbe212d6d16ad117537c9e185a6592a6ca108ece643d8ce,2026-04-24T15:59:00-04:00,2026-04-26T01:55:46.523945+00:00,True,clean,390,390,0,0,0,2024-11-05 15:59:00-05:00,2024-11-05 15:59:00-05:00,False,True,clean,normal,65.0,20,20,20243.0,20147.0,96.0,0.7291666666666666,tier1_pilot,True,True,,2024-11-05 09:49:00-05:00,2024-11-05 10:57:00-05:00,2024-11-05 10:58:00-05:00,20257.25,20259.75,20219.75,20309.75,2024-11-05 11:24:00-05:00,20309.75,20307.25,target,93.66,20253.0,20257.75,20247.25,20256.75,2610.0,20258.02419464939,20257.25,20262.5,20251.0,20256.25,3054.0,20258.011524873746,20301.5,20313.25,20300.75,20310.25,2984.0,20260.8045426621,True,,2024-11-05 09:49:00-05:00,2024-11-05 10:57:00-05:00,2024-11-05 10:58:00-05:00,20257.25,20259.75,20219.75,20339.75,2024-11-05 11:55:00-05:00,20339.75,20337.25,target,153.66,20253.0,20257.75,20247.25,20256.75,2610.0,20258.02419464939,20257.25,20262.5,20251.0,20256.25,3054.0,20258.011524873746,20338.75,20343.75,20336.5,20342.0,2423.0,20268.288218391415,True,,2024-11-05 09:49:00-05:00,2024-11-05 10:57:00-05:00,2024-11-05 10:58:00-05:00,20257.25,20259.75,20219.75,20309.75,2024-11-05 11:24:00-05:00,20309.75,20307.25,target,93.66,20253.0,20257.75,20247.25,20256.75,2610.0,20258.02419464939,20257.25,20262.5,20251.0,20256.25,3054.0,20258.011524873746,20301.5,20313.25,20300.75,20310.25,2984.0,20260.8045426621
2024-11-06,phase6_causal_or_retest_v1,d8df78957051c9de,25c269cde02debe4,7b30e3d97c41bd58,ed5db2d90d8371c44cbe212d6d16ad117537c9e185a6592a6ca108ece643d8ce,2026-04-24T15:59:00-04:00,2026-04-26T01:55:46.523945+00:00,True,clean,390,390,0,0,0,2024-11-06 15:59:00-05:00,2024-11-06 15:59:00-05:00,False,True,clean,wide,95.0,20,20,20806.75,20668.25,138.5,0.5415162454873647,tier1_pilot,False,False,or_class_wide,,,,,,,,,,,,,,,,,,,,,,,,,,,,,,,False,or_class_wide,,,,,,,,,,,,,,,,,,,,,,,,,,,,,,,False,or_class_wide,,,,,,,,,,,,,,,,,,,,,,,,,,,,,,
2024-11-07,phase6_causal_or_retest_v1,d8df78957051c9de,25c269cde02debe4,7b30e3d97c41bd58,ed5db2d90d8371c44cbe212d6d16ad117537c9e185a6592a6ca108ece643d8ce,2026-04-24T15:59:00-04:00,2026-04-26T01:55:46.523945+00:00,True,clean,390,390,0,0,0,2024-11-07 15:59:00-05:00,2024-11-07 15:59:00-05:00,False,True,clean,normal,45.0,20,20,21091.5,21003.75,87.75,0.7863247863247863,tier1_pilot,False,True,,2024-11-07 09:56:00-05:00,2024-11-07 10:35:00-05:00,2024-11-07 10:36:00-05:00,21104.0,21106.5,21066.5,21156.5,2024-11-07 10:50:00-05:00,21156.5,21154.0,target,93.66,21096.75,21104.5,21089.75,21104.0,2343.0,21080.156220368786,21104.0,21125.75,21103.0,21123.5,5332.0,21080.990790254866,21150.75,21158.0,21150.25,21152.25,3621.0,21087.186911839784,True,,2024-11-07 09:56:00-05:00,2024-11-07 10:35:00-05:00,2024-11-07 10:36:00-05:00,21104.0,21106.5,21066.5,21186.5,2024-11-07 11:51:00-05:00,21186.5,21184.0,target,153.66,21096.75,21104.5,21089.75,21104.0,2343.0,21080.156220368786,21104.0,21125.75,21103.0,21123.5,5332.0,21080.990790254866,21185.25,21187.5,21180.5,21187.0,1593.0,21106.201985662196,False,signal_filtered,2024-11-07 09:56:00-05:00,,,,,,,,,,,,,,,,,,,,,,,,,,,,,
2024-11-08,phase6_causal_or_retest_v1,d8df78957051c9de,25c269cde02debe4,7b30e3d97c41bd58,ed5db2d90d8371c44cbe212d6d16ad117537c9e185a6592a6ca108ece643d8ce,2026-04-24T15:59:00-04:00,2026-04-26T01:55:46.523945+00:00,True,clean,390,390,0,0,0,2024-11-08 15:59:00-05:00,2024-11-08 15:59:00-05:00,False,True,clean,tight,5.0,20,20,21232.0,21186.25,45.75,0.060109289617486336,tier1_pilot,False,False,or_class_tight,,,,,,,,,,,,,,,,,,,,,,,,,,,,,,,False,no_retest_signal,2024-11-08 11:55:00-05:00,,,,,,,,,,,,,,,,,,,,,,,,,,,,,,False,or_class_tight,,,,,,,,,,,,,,,,,,,,,,,,,,,,,,
2024-11-11,phase6_causal_or_retest_v1,d8df78957051c9de,25c269cde02debe4,7b30e3d97c41bd58,ed5db2d90d8371c44cbe212d6d16ad117537c9e185a6592a6ca108ece643d8ce,2026-04-24T15:59:00-04:00,2026-04-26T01:55:46.523945+00:00,True,clean,390,390,0,0,0,2024-11-11 15:59:00-05:00,2024-11-11 15:59:00-05:00,False,True,clean,normal,40.0,20,20,21292.5,21206.25,86.25,0.057971014492753624,tier1_pilot,False,False,no_upside_breakout,,,,,,,,,,,,,,,,,,,,,,,,,,,,,,,False,no_upside_breakout,,,,,,,,,,,,,,,,,,,,,,,,,,,,,,,False,no_upside_breakout,,,,,,,,,,,,,,,,,,,,,,,,,,,,,,
2024-11-12,phase6_causal_or_retest_v1,d8df78957051c9de,25c269cde02debe4,7b30e3d97c41bd58,ed5db2d90d8371c44cbe212d6d16ad117537c9e185a6592a6ca108ece643d8ce,2026-04-24T15:59:00-04:00,2026-04-26T01:55:46.523945+00:00,True,clean,390,390,0,0,0,2024-11-12 15:59:00-05:00,2024-11-12 15:59:00-05:00,False,True,clean,tight,15.0,20,20,21241.25,21181.5,59.75,0.5397489539748954,tier1_pilot,False,False,or_class_tight,,,,,,,,,,,,,,,,,,,,,,,,,,,,,,,False,no_retest_signal,2024-11-12 09:57:00-05:00,,,,,,,,,,,,,,,,,,,,,,,,,,,,,,False,or_class_tight,,,,,,,,,,,,,,,,,,,,,,,,,,,,,,
2024-11-13,phase6_causal_or_retest_v1,d8df78957051c9de,25c269cde02debe4,7b30e3d97c41bd58,ed5db2d90d8371c44cbe212d6d16ad117537c9e185a6592a6ca108ece643d8ce,2026-04-24T15:59:00-04:00,2026-04-26T01:55:46.523945+00:00,True,clean,390,390,0,0,0,2024-11-13 15:59:00-05:00,2024-11-13 15:59:00-05:00,False,True,clean,tight,5.0,20,20,21184.75,21139.0,45.75,0.8688524590163934,tier1_pilot,False,False,or_class_tight,,,,,,,,,,,,,,,,,,,,,,,,,,,,,,,False,no_retest_signal,2024-11-13 12:08:00-05:00,,,,,,,,,,,,,,,,,,,,,,,,,,,,,,False,or_class_tight,,,,,,,,,,,,,,,,,,,,,,,,,,,,,,
2024-11-14,phase6_causal_or_retest_v1,d8df78957051c9de,25c269cde02debe4,7b30e3d97c41bd58,ed5db2d90d8371c44cbe212d6d16ad117537c9e185a6592a6ca108ece643d8ce,2026-04-24T15:59:00-04:00,2026-04-26T01:55:46.523945+00:00,True,clean,390,390,0,0,0,2024-11-14 15:59:00-05:00,2024-11-14 15:59:00-05:00,False,True,clean,normal,60.0,20,20,21174.5,21078.75,95.75,0.03655352480417755,tier1_pilot,False,False,no_upside_breakout,,,,,,,,,,,,,,,,,,,,,,,,,,,,,,,False,no_upside_breakout,,,,,,,,,,,,,,,,,,,,,,,,,,,,,,,False,no_upside_breakout,,,,,,,,,,,,,,,,,,,,,,,,,,,,,,
2024-11-15,phase6_causal_or_retest_v1,d8df78957051c9de,25c269cde02debe4,7b30e3d97c41bd58,ed5db2d90d8371c44cbe212d6d16ad117537c9e185a6592a6ca108ece643d8ce,2026-04-24T15:59:00-04:00,2026-04-26T01:55:46.523945+00:00,True,clean,390,390,0,0,0,2024-11-15 15:59:00-05:00,2024-11-15 15:59:00-05:00,False,True,clean,normal,45.0,20,20,20774.0,20687.0,87.0,0.16091954022988506,tier1_pilot,False,False,no_upside_breakout,,,,,,,,,,,,,,,,,,,,,,,,,,,,,,,False,no_upside_breakout,,,,,,,,,,,,,,,,,,,,,,,,,,,,,,,False,no_upside_breakout,,,,,,,,,,,,,,,,,,,,,,,,,,,,,,
2024-11-18,phase6_causal_or_retest_v1,d8df78957051c9de,25c269cde02debe4,7b30e3d97c41bd58,ed5db2d90d8371c44cbe212d6d16ad117537c9e185a6592a6ca108ece643d8ce,2026-04-24T15:59:00-04:00,2026-04-26T01:55:46.523945+00:00,True,clean,390,390,0,0,0,2024-11-18 15:59:00-05:00,2024-11-18 15:59:00-05:00,False,True,clean,tight,10.0,20,20,20571.5,20520.25,51.25,0.34146341463414637,tier1_pilot,False,False,or_class_tight,,,,,,,,,,,,,,,,,,,,,,,,,,,,,,,False,no_retest_signal,2024-11-18 10:04:00-05:00,,,,,,,,,,,,,,,,,,,,,,,,,,,,,,False,or_class_tight,,,,,,,,,,,,,,,,,,,,,,,,,,,,,,
2024-11-19,phase6_causal_or_retest_v1,d8df78957051c9de,25c269cde02debe4,7b30e3d97c41bd58,ed5db2d90d8371c44cbe212d6d16ad117537c9e185a6592a6ca108ece643d8ce,2026-04-24T15:59:00-04:00,2026-04-26T01:55:46.523945+00:00,True,clean,390,390,0,0,0,2024-11-19 15:59:00-05:00,2024-11-19 15:59:00-05:00,False,True,clean,normal,35.0,20,20,20587.5,20508.0,79.5,0.8867924528301887,tier1_pilot,False,False,no_retest_signal,2024-11-19 10:29:00-05:00,,,,,,,,,,,,,,,,,,,,,,,,,,,,,,False,no_retest_signal,2024-11-19 10:29:00-05:00,,,,,,,,,,,,,,,,,,,,,,,,,,,,,,False,no_retest_signal,2024-11-19 10:29:00-05:00,,,,,,,,,,,,,,,,,,,,,,,,,,,,,
2024-11-20,phase6_causal_or_retest_v1,d8df78957051c9de,25c269cde02debe4,7b30e3d97c41bd58,ed5db2d90d8371c44cbe212d6d16ad117537c9e185a6592a6ca108ece643d8ce,2026-04-24T15:59:00-04:00,2026-04-26T01:55:46.523945+00:00,True,clean,390,390,0,0,0,2024-11-20 15:59:00-05:00,2024-11-20 15:59:00-05:00,False,True,clean,wide,85.0,20,20,20756.0,20636.25,119.75,0.15866388308977036,tier1_pilot,False,False,or_class_wide,,,,,,,,,,,,,,,,,,,,,,,,,,,,,,,False,or_class_wide,,,,,,,,,,,,,,,,,,,,,,,,,,,,,,,False,or_class_wide,,,,,,,,,,,,,,,,,,,,,,,,,,,,,,
2024-11-21,phase6_causal_or_retest_v1,d8df78957051c9de,25c269cde02debe4,7b30e3d97c41bd58,ed5db2d90d8371c44cbe212d6d16ad117537c9e185a6592a6ca108ece643d8ce,2026-04-24T15:59:00-04:00,2026-04-26T01:55:46.523945+00:00,True,clean,390,390,0,0,0,2024-11-21 15:59:00-05:00,2024-11-21 15:59:00-05:00,False,True,clean,wide,100.0,20,20,20907.0,20628.25,278.75,0.2430493273542601,tier1_pilot,False,False,or_class_wide,,,,,,,,,,,,,,,,,,,,,,,,,,,,,,,False,or_class_wide,,,,,,,,,,,,,,,,,,,,,,,,,,,,,,,False,or_class_wide,,,,,,,,,,,,,,,,,,,,,,,,,,,,,,
2024-11-22,phase6_causal_or_retest_v1,d8df78957051c9de,25c269cde02debe4,7b30e3d97c41bd58,ed5db2d90d8371c44cbe212d6d16ad117537c9e185a6592a6ca108ece643d8ce,2026-04-24T15:59:00-04:00,2026-04-26T01:55:46.523945+00:00,True,clean,390,390,0,0,0,2024-11-22 15:59:00-05:00,2024-11-22 15:59:00-05:00,False,True,clean,normal,30.0,20,20,20857.0,20773.25,83.75,0.8,tier1_pilot,False,False,no_retest_signal,2024-11-22 09:48:00-05:00,,,,,,,,,,,,,,,,,,,,,,,,,,,,,,False,no_retest_signal,2024-11-22 09:48:00-05:00,,,,,,,,,,,,,,,,,,,,,,,,,,,,,,False,no_retest_signal,2024-11-22 09:48:00-05:00,,,,,,,,,,,,,,,,,,,,,,,,,,,,,
2024-11-25,phase6_causal_or_retest_v1,d8df78957051c9de,25c269cde02debe4,7b30e3d97c41bd58,ed5db2d90d8371c44cbe212d6d16ad117537c9e185a6592a6ca108ece643d8ce,2026-04-24T15:59:00-04:00,2026-04-26T01:55:46.523945+00:00,True,clean,390,390,0,0,0,2024-11-25 15:59:00-05:00,2024-11-25 15:59:00-05:00,False,True,clean,wide,80.0,20,20,21081.25,20956.25,125.0,0.842,tier1_pilot,False,False,or_class_wide,,,,,,,,,,,,,,,,,,,,,,,,,,,,,,,False,or_class_wide,,,,,,,,,,,,,,,,,,,,,,,,,,,,,,,False,or_class_wide,,,,,,,,,,,,,,,,,,,,,,,,,,,,,,
2024-11-26,phase6_causal_or_retest_v1,d8df78957051c9de,25c269cde02debe4,7b30e3d97c41bd58,ed5db2d90d8371c44cbe212d6d16ad117537c9e185a6592a6ca108ece643d8ce,2026-04-24T15:59:00-04:00,2026-04-26T01:55:46.523945+00:00,True,clean,390,390,0,0,0,2024-11-26 15:59:00-05:00,2024-11-26 15:59:00-05:00,False,True,clean,tight,20.0,20,20,21003.0,20937.5,65.5,0.6068702290076335,tier1_pilot,False,False,or_class_tight,,,,,,,,,,,,,,,,,,,,,,,,,,,,,,,False,no_retest_signal,2024-11-26 09:45:00-05:00,,,,,,,,,,,,,,,,,,,,,,,,,,,,,,False,or_class_tight,,,,,,,,,,,,,,,,,,,,,,,,,,,,,,
2024-11-27,phase6_causal_or_retest_v1,d8df78957051c9de,25c269cde02debe4,7b30e3d97c41bd58,ed5db2d90d8371c44cbe212d6d16ad117537c9e185a6592a6ca108ece643d8ce,2026-04-24T15:59:00-04:00,2026-04-26T01:55:46.523945+00:00,True,clean,390,390,0,0,0,2024-11-27 15:59:00-05:00,2024-11-27 15:59:00-05:00,False,True,clean,normal,45.0,20,20,20939.75,20852.75,87.0,0.3563218390804598,tier1_pilot,False,False,no_upside_breakout,,,,,,,,,,,,,,,,,,,,,,,,,,,,,,,False,no_upside_breakout,,,,,,,,,,,,,,,,,,,,,,,,,,,,,,,False,no_upside_breakout,,,,,,,,,,,,,,,,,,,,,,,,,,,,,,
2024-11-29,phase6_causal_or_retest_v1,d8df78957051c9de,25c269cde02debe4,7b30e3d97c41bd58,ed5db2d90d8371c44cbe212d6d16ad117537c9e185a6592a6ca108ece643d8ce,2026-04-24T15:59:00-04:00,2026-04-26T01:55:46.523945+00:00,True,clean,225,390,165,0,0,2024-11-29 13:14:00-05:00,2024-11-29 15:59:00-05:00,True,False,short_session,tight,25.0,20,20,20875.5,20805.75,69.75,0.992831541218638,tier1_pilot,False,False,or_class_tight,,,,,,,,,,,,,,,,,,,,,,,,,,,,,,,False,no_retest_signal,2024-11-29 09:46:00-05:00,,,,,,,,,,,,,,,,,,,,,,,,,,,,,,False,or_class_tight,,,,,,,,,,,,,,,,,,,,,,,,,,,,,,
2024-12-02,phase6_causal_or_retest_v1,d8df78957051c9de,25c269cde02debe4,7b30e3d97c41bd58,ed5db2d90d8371c44cbe212d6d16ad117537c9e185a6592a6ca108ece643d8ce,2026-04-24T15:59:00-04:00,2026-04-26T01:55:46.523945+00:00,True,clean,390,390,0,0,0,2024-12-02 15:59:00-05:00,2024-12-02 15:59:00-05:00,False,True,clean,normal,75.0,20,20,21139.5,21026.5,113.0,0.7654867256637168,tier1_pilot,True,True,,2024-12-02 09:49:00-05:00,2024-12-02 10:59:00-05:00,2024-12-02 11:00:00-05:00,21156.5,21159.0,21119.0,21209.0,2024-12-02 11:37:00-05:00,21209.0,21206.5,target,93.66,21149.5,21158.75,21141.0,21156.25,4045.0,21150.62353097038,21156.5,21168.0,21155.75,21167.0,3547.0,21150.74560753571,21198.25,21209.75,21198.0,21208.25,5228.0,21156.425137366627,True,,2024-12-02 09:49:00-05:00,2024-12-02 10:59:00-05:00,2024-12-02 11:00:00-05:00,21156.5,21159.0,21119.0,21239.0,2024-12-02 12:01:00-05:00,21239.0,21236.5,target,153.66,21149.5,21158.75,21141.0,21156.25,4045.0,21150.62353097038,21156.5,21168.0,21155.75,21167.0,3547.0,21150.74560753571,21233.75,21243.0,21232.25,21241.0,3625.0,21163.885841285864,True,,2024-12-02 09:49:00-05:00,2024-12-02 10:59:00-05:00,2024-12-02 11:00:00-05:00,21156.5,21159.0,21119.0,21209.0,2024-12-02 11:37:00-05:00,21209.0,21206.5,target,93.66,21149.5,21158.75,21141.0,21156.25,4045.0,21150.62353097038,21156.5,21168.0,21155.75,21167.0,3547.0,21150.74560753571,21198.25,21209.75,21198.0,21208.25,5228.0,21156.425137366627
2024-12-03,phase6_causal_or_retest_v1,d8df78957051c9de,25c269cde02debe4,7b30e3d97c41bd58,ed5db2d90d8371c44cbe212d6d16ad117537c9e185a6592a6ca108ece643d8ce,2026-04-24T15:59:00-04:00,2026-04-26T01:55:46.523945+00:00,True,clean,390,390,0,0,0,2024-12-03 15:59:00-05:00,2024-12-03 15:59:00-05:00,False,True,clean,tight,25.0,20,20,21203.25,21134.75,68.5,0.8321167883211679,tier1_pilot,False,False,or_class_tight,,,,,,,,,,,,,,,,,,,,,,,,,,,,,,,True,,2024-12-03 09:59:00-05:00,2024-12-03 10:00:00-05:00,2024-12-03 10:01:00-05:00,21210.25,21212.75,21172.75,21292.75,2024-12-03 10:27:00-05:00,21172.75,21170.25,stop,-86.34,21202.25,21218.0,21195.25,21210.5,5309.0,21180.31593702252,21210.25,21222.0,21208.5,21221.5,4865.0,21181.47485225822,21180.25,21189.0,21168.5,21186.75,7140.0,21190.53248720548,False,or_class_tight,,,,,,,,,,,,,,,,,,,,,,,,,,,,,,
2024-12-04,phase6_causal_or_retest_v1,d8df78957051c9de,25c269cde02debe4,7b30e3d97c41bd58,ed5db2d90d8371c44cbe212d6d16ad117537c9e185a6592a6ca108ece643d8ce,2026-04-24T15:59:00-04:00,2026-04-26T01:55:46.523945+00:00,True,clean,390,390,0,0,0,2024-12-04 15:59:00-05:00,2024-12-04 15:59:00-05:00,False,True,clean,tight,10.0,20,20,21437.0,21388.25,48.75,0.5282051282051282,tier1_pilot,False,False,or_class_tight,,,,,,,,,,,,,,,,,,,,,,,,,,,,,,,True,,2024-12-04 10:07:00-05:00,2024-12-04 10:10:00-05:00,2024-12-04 10:11:00-05:00,21449.75,21452.25,21412.25,21532.25,2024-12-04 15:39:00-05:00,21532.25,21529.75,target,153.66,21437.5,21466.75,21436.75,21449.5,10909.0,21419.02661119278,21449.75,21454.5,21443.5,21450.75,3348.0,21419.565784943068,21526.0,21535.25,21526.0,21531.5,3357.0,21460.85598140187,False,or_class_tight,,,,,,,,,,,,,,,,,,,,,,,,,,,,,,
2024-12-05,phase6_causal_or_retest_v1,d8df78957051c9de,25c269cde02debe4,7b30e3d97c41bd58,ed5db2d90d8371c44cbe212d6d16ad117537c9e185a6592a6ca108ece643d8ce,2026-04-24T15:59:00-04:00,2026-04-26T01:55:46.523945+00:00,True,clean,390,390,0,0,0,2024-12-05 15:59:00-05:00,2024-12-05 15:59:00-05:00,False,True,clean,tight,0.0,20,20,21552.0,21518.5,33.5,0.4626865671641791,tier1_pilot,False,False,or_class_tight,,,,,,,,,,,,,,,,,,,,,,,,,,,,,,,False,no_retest_signal,2024-12-05 12:12:00-05:00,,,,,,,,,,,,,,,,,,,,,,,,,,,,,,False,or_class_tight,,,,,,,,,,,,,,,,,,,,,,,,,,,,,,
2024-12-06,phase6_causal_or_retest_v1,d8df78957051c9de,25c269cde02debe4,7b30e3d97c41bd58,ed5db2d90d8371c44cbe212d6d16ad117537c9e185a6592a6ca108ece643d8ce,2026-04-24T15:59:00-04:00,2026-04-26T01:55:46.523945+00:00,True,clean,390,390,0,0,0,2024-12-06 15:59:00-05:00,2024-12-06 15:59:00-05:00,False,True,clean,normal,45.0,20,20,21555.0,21485.0,70.0,0.9535714285714286,tier1_pilot,False,False,no_retest_signal,2024-12-06 09:45:00-05:00,,,,,,,,,,,,,,,,,,,,,,,,,,,,,,False,no_retest_signal,2024-12-06 09:45:00-05:00,,,,,,,,,,,,,,,,,,,,,,,,,,,,,,False,no_retest_signal,2024-12-06 09:45:00-05:00,,,,,,,,,,,,,,,,,,,,,,,,,,,,,
2024-12-09,phase6_causal_or_retest_v1,d8df78957051c9de,25c269cde02debe4,7b30e3d97c41bd58,ed5db2d90d8371c44cbe212d6d16ad117537c9e185a6592a6ca108ece643d8ce,2026-04-24T15:59:00-04:00,2026-04-26T01:55:46.523945+00:00,True,clean,390,390,0,0,0,2024-12-09 15:59:00-05:00,2024-12-09 15:59:00-05:00,False,True,clean,tight,25.0,20,20,21642.25,21582.75,59.5,0.6932773109243697,tier1_pilot,False,False,or_class_tight,,,,,,,,,,,,,,,,,,,,,,,,,,,,,,,False,no_retest_signal,2024-12-09 09:49:00-05:00,,,,,,,,,,,,,,,,,,,,,,,,,,,,,,False,or_class_tight,,,,,,,,,,,,,,,,,,,,,,,,,,,,,,
2024-12-10,phase6_causal_or_retest_v1,d8df78957051c9de,25c269cde02debe4,7b30e3d97c41bd58,ed5db2d90d8371c44cbe212d6d16ad117537c9e185a6592a6ca108ece643d8ce,2026-04-24T15:59:00-04:00,2026-04-26T01:55:46.523945+00:00,True,clean,390,390,0,0,0,2024-12-10 15:59:00-05:00,2024-12-10 15:59:00-05:00,False,True,clean,normal,50.0,20,20,21576.5,21505.25,71.25,0.9929824561403509,tier1_pilot,True,True,,2024-12-10 09:45:00-05:00,2024-12-10 10:04:00-05:00,2024-12-10 10:05:00-05:00,21577.75,21580.25,21540.25,21630.25,2024-12-10 10:50:00-05:00,21540.25,21537.75,stop,-86.34,21564.75,21580.0,21561.75,21577.5,5114.0,21544.982457995342,21577.75,21579.5,21568.75,21572.25,3437.0,21545.440749442812,21546.25,21549.0,21533.25,21536.0,7872.0,21557.530720957584,False,signal_filtered,2024-12-10 09:45:00-05:00,,,,,,,,,,,,,,,,,,,,,,,,,,,,,,True,,2024-12-10 09:45:00-05:00,2024-12-10 10:04:00-05:00,2024-12-10 10:05:00-05:00,21577.75,21580.25,21540.25,21630.25,2024-12-10 10:50:00-05:00,21540.25,21537.75,stop,-86.34,21564.75,21580.0,21561.75,21577.5,5114.0,21544.982457995342,21577.75,21579.5,21568.75,21572.25,3437.0,21545.440749442812,21546.25,21549.0,21533.25,21536.0,7872.0,21557.530720957584
2024-12-11,phase6_causal_or_retest_v1,d8df78957051c9de,25c269cde02debe4,7b30e3d97c41bd58,ed5db2d90d8371c44cbe212d6d16ad117537c9e185a6592a6ca108ece643d8ce,2026-04-24T15:59:00-04:00,2026-04-26T01:55:46.523945+00:00,True,clean,390,390,0,0,0,2024-12-11 15:59:00-05:00,2024-12-11 15:59:00-05:00,False,True,clean,normal,35.0,20,20,21639.5,21573.0,66.5,0.9511278195488722,tier1_pilot,False,False,no_retest_signal,2024-12-11 09:45:00-05:00,,,,,,,,,,,,,,,,,,,,,,,,,,,,,,False,no_retest_signal,2024-12-11 09:45:00-05:00,,,,,,,,,,,,,,,,,,,,,,,,,,,,,,False,no_retest_signal,2024-12-11 09:45:00-05:00,,,,,,,,,,,,,,,,,,,,,,,,,,,,,
2024-12-12,phase6_causal_or_retest_v1,d8df78957051c9de,25c269cde02debe4,7b30e3d97c41bd58,ed5db2d90d8371c44cbe212d6d16ad117537c9e185a6592a6ca108ece643d8ce,2026-04-24T15:59:00-04:00,2026-04-26T01:55:46.523945+00:00,True,clean,390,390,0,0,0,2024-12-12 15:59:00-05:00,2024-12-12 15:59:00-05:00,False,True,clean,tight,5.0,20,20,21696.5,21655.75,40.75,0.7852760736196319,tier1_pilot,False,False,or_class_tight,,,,,,,,,,,,,,,,,,,,,,,,,,,,,,,True,,2024-12-12 10:23:00-05:00,2024-12-12 10:46:00-05:00,2024-12-12 10:47:00-05:00,21704.25,21706.75,21666.75,21786.75,2024-12-12 14:22:00-05:00,21666.75,21664.25,stop,-86.34,21699.5,21706.0,21698.25,21704.5,2187.0,21676.764509909655,21704.25,21713.25,21701.0,21708.25,2994.0,21677.020795213073,21675.25,21676.75,21664.5,21667.75,4884.0,21694.06823152523,False,or_class_tight,,,,,,,,,,,,,,,,,,,,,,,,,,,,,,
2024-12-13,phase6_causal_or_retest_v1,d8df78957051c9de,25c269cde02debe4,7b30e3d97c41bd58,ed5db2d90d8371c44cbe212d6d16ad117537c9e185a6592a6ca108ece643d8ce,2026-04-24T15:59:00-04:00,2026-04-26T01:55:46.523945+00:00,True,clean,390,390,0,0,0,2024-12-13 15:59:00-05:00,2024-12-13 15:59:00-05:00,False,True,clean,wide,80.0,20,20,21895.0,21790.25,104.75,0.9403341288782816,tier1_pilot,False,False,or_class_wide,,,,,,,,,,,,,,,,,,,,,,,,,,,,,,,False,or_class_wide,,,,,,,,,,,,,,,,,,,,,,,,,,,,,,,False,or_class_wide,,,,,,,,,,,,,,,,,,,,,,,,,,,,,,
2024-12-16,phase6_causal_or_retest_v1,d8df78957051c9de,25c269cde02debe4,7b30e3d97c41bd58,ed5db2d90d8371c44cbe212d6d16ad117537c9e185a6592a6ca108ece643d8ce,2026-04-24T15:59:00-04:00,2026-04-26T01:55:46.523945+00:00,True,clean,390,390,0,0,0,2024-12-16 15:59:00-05:00,2024-12-16 15:59:00-05:00,False,True,clean,tight,20.0,20,20,21950.75,21896.0,54.75,0.410958904109589,tier1_pilot,False,False,or_class_tight,,,,,,,,,,,,,,,,,,,,,,,,,,,,,,,True,,2024-12-16 09:53:00-05:00,2024-12-16 10:17:00-05:00,2024-12-16 10:18:00-05:00,21966.0,21968.5,21928.5,22048.5,2024-12-16 11:56:00-05:00,22048.5,22046.0,target,153.66,21954.75,21968.25,21954.75,21966.5,2145.0,21943.32198910004,21966.0,21966.5,21956.75,21962.75,1158.0,21943.48786434447,22044.5,22051.5,22035.5,22035.75,2240.0,21975.89810542143,False,or_class_tight,,,,,,,,,,,,,,,,,,,,,,,,,,,,,,
2024-12-17,phase6_causal_or_retest_v1,d8df78957051c9de,25c269cde02debe4,7b30e3d97c41bd58,ed5db2d90d8371c44cbe212d6d16ad117537c9e185a6592a6ca108ece643d8ce,2026-04-24T15:59:00-04:00,2026-04-26T01:55:46.523945+00:00,True,clean,390,390,0,0,0,2024-12-17 15:59:00-05:00,2024-12-17 15:59:00-05:00,False,True,clean,normal,70.0,20,20,22061.5,21975.75,85.75,0.9125364431486881,tier1_pilot,False,False,no_retest_signal,2024-12-17 11:35:00-05:00,,,,,,,,,,,,,,,,,,,,,,,,,,,,,,False,no_retest_signal,2024-12-17 11:35:00-05:00,,,,,,,,,,,,,,,,,,,,,,,,,,,,,,False,no_retest_signal,2024-12-17 11:35:00-05:00,,,,,,,,,,,,,,,,,,,,,,,,,,,,,
2024-12-18,phase6_causal_or_retest_v1,d8df78957051c9de,25c269cde02debe4,7b30e3d97c41bd58,ed5db2d90d8371c44cbe212d6d16ad117537c9e185a6592a6ca108ece643d8ce,2026-04-24T15:59:00-04:00,2026-04-26T01:55:46.523945+00:00,True,clean,390,390,0,0,0,2024-12-18 15:59:00-05:00,2024-12-18 15:59:00-05:00,False,True,clean,normal,75.0,20,20,22002.5,21913.25,89.25,0.680672268907563,tier1_pilot,True,True,,2024-12-18 10:05:00-05:00,2024-12-18 10:10:00-05:00,2024-12-18 10:11:00-05:00,22002.25,22004.75,21964.75,22054.75,2024-12-18 11:19:00-05:00,21964.75,21962.25,stop,-86.34,21988.25,22002.75,21984.0,22002.75,693.0,21966.052935202115,22002.25,22007.25,22001.25,22005.0,366.0,21966.39290344922,21979.0,21979.0,21960.0,21970.25,963.0,21986.89802325421,True,,2024-12-18 10:05:00-05:00,2024-12-18 10:10:00-05:00,2024-12-18 10:11:00-05:00,22002.25,22004.75,21964.75,22084.75,2024-12-18 11:19:00-05:00,21964.75,21962.25,stop,-86.34,21988.25,22002.75,21984.0,22002.75,693.0,21966.052935202115,22002.25,22007.25,22001.25,22005.0,366.0,21966.39290344922,21979.0,21979.0,21960.0,21970.25,963.0,21986.89802325421,True,,2024-12-18 10:05:00-05:00,2024-12-18 10:10:00-05:00,2024-12-18 10:11:00-05:00,22002.25,22004.75,21964.75,22054.75,2024-12-18 11:19:00-05:00,21964.75,21962.25,stop,-86.34,21988.25,22002.75,21984.0,22002.75,693.0,21966.052935202115,22002.25,22007.25,22001.25,22005.0,366.0,21966.39290344922,21979.0,21979.0,21960.0,21970.25,963.0,21986.89802325421
2024-12-19,phase6_causal_or_retest_v1,d8df78957051c9de,25c269cde02debe4,7b30e3d97c41bd58,ed5db2d90d8371c44cbe212d6d16ad117537c9e185a6592a6ca108ece643d8ce,2026-04-24T15:59:00-04:00,2026-04-26T01:55:46.523945+00:00,True,clean,390,390,0,0,0,2024-12-19 15:59:00-05:00,2024-12-19 15:59:00-05:00,False,True,clean,wide,95.0,20,20,21424.0,21295.5,128.5,0.1614785992217899,tier1_pilot,False,False,or_class_wide,,,,,,,,,,,,,,,,,,,,,,,,,,,,,,,False,or_class_wide,,,,,,,,,,,,,,,,,,,,,,,,,,,,,,,False,or_class_wide,,,,,,,,,,,,,,,,,,,,,,,,,,,,,,
2024-12-20,phase6_causal_or_retest_v1,d8df78957051c9de,25c269cde02debe4,7b30e3d97c41bd58,ed5db2d90d8371c44cbe212d6d16ad117537c9e185a6592a6ca108ece643d8ce,2026-04-24T15:59:00-04:00,2026-04-26T01:55:46.523945+00:00,False,zero_volume_or,390,390,0,390,375,2024-12-20 15:59:00-05:00,2024-12-20 15:59:00-05:00,False,False,zero_volume_or_and_post_or,unknown,,20,20,,,,,tier1_pilot,False,False,zero_volume_or,,,,,,,,,,,,,,,,,,,,,,,,,,,,,,,False,zero_volume_or,,,,,,,,,,,,,,,,,,,,,,,,,,,,,,,False,zero_volume_or,,,,,,,,,,,,,,,,,,,,,,,,,,,,,,
2024-12-23,phase6_causal_or_retest_v1,d8df78957051c9de,25c269cde02debe4,7b30e3d97c41bd58,ed5db2d90d8371c44cbe212d6d16ad117537c9e185a6592a6ca108ece643d8ce,2026-04-24T15:59:00-04:00,2026-04-26T01:55:46.523945+00:00,True,clean,390,390,0,0,0,2024-12-23 15:59:00-05:00,2024-12-23 15:59:00-05:00,False,True,clean,normal,50.0,20,20,21675.5,21605.5,70.0,0.14642857142857144,tier1_pilot,False,False,no_retest_signal,2024-12-23 11:43:00-05:00,,,,,,,,,,,,,,,,,,,,,,,,,,,,,,False,no_retest_signal,2024-12-23 11:43:00-05:00,,,,,,,,,,,,,,,,,,,,,,,,,,,,,,False,no_retest_signal,2024-12-23 11:43:00-05:00,,,,,,,,,,,,,,,,,,,,,,,,,,,,,
2024-12-24,phase6_causal_or_retest_v1,d8df78957051c9de,25c269cde02debe4,7b30e3d97c41bd58,ed5db2d90d8371c44cbe212d6d16ad117537c9e185a6592a6ca108ece643d8ce,2026-04-24T15:59:00-04:00,2026-04-26T01:55:46.523945+00:00,True,clean,225,390,165,0,0,2024-12-24 13:14:00-05:00,2024-12-24 15:59:00-05:00,True,False,short_session,normal,60.0,20,20,21875.0,21799.0,76.0,0.9078947368421053,tier1_pilot,False,False,no_retest_signal,2024-12-24 09:46:00-05:00,,,,,,,,,,,,,,,,,,,,,,,,,,,,,,False,no_retest_signal,2024-12-24 09:46:00-05:00,,,,,,,,,,,,,,,,,,,,,,,,,,,,,,False,no_retest_signal,2024-12-24 09:46:00-05:00,,,,,,,,,,,,,,,,,,,,,,,,,,,,,
2024-12-26,phase6_causal_or_retest_v1,d8df78957051c9de,25c269cde02debe4,7b30e3d97c41bd58,ed5db2d90d8371c44cbe212d6d16ad117537c9e185a6592a6ca108ece643d8ce,2026-04-24T15:59:00-04:00,2026-04-26T01:55:46.523945+00:00,True,clean,390,390,0,0,0,2024-12-26 15:59:00-05:00,2024-12-26 15:59:00-05:00,False,True,clean,tight,15.0,20,20,22008.5,21955.25,53.25,0.5258215962441315,tier1_pilot,False,False,or_class_tight,,,,,,,,,,,,,,,,,,,,,,,,,,,,,,,False,no_retest_signal,2024-12-26 10:38:00-05:00,,,,,,,,,,,,,,,,,,,,,,,,,,,,,,False,or_class_tight,,,,,,,,,,,,,,,,,,,,,,,,,,,,,,
2024-12-27,phase6_causal_or_retest_v1,d8df78957051c9de,25c269cde02debe4,7b30e3d97c41bd58,ed5db2d90d8371c44cbe212d6d16ad117537c9e185a6592a6ca108ece643d8ce,2026-04-24T15:59:00-04:00,2026-04-26T01:55:46.523945+00:00,True,clean,390,390,0,0,0,2024-12-27 15:59:00-05:00,2024-12-27 15:59:00-05:00,False,True,clean,wide,100.0,20,20,21863.0,21682.0,181.0,0.0027624309392265192,tier1_pilot,False,False,or_class_wide,,,,,,,,,,,,,,,,,,,,,,,,,,,,,,,False,or_class_wide,,,,,,,,,,,,,,,,,,,,,,,,,,,,,,,False,or_class_wide,,,,,,,,,,,,,,,,,,,,,,,,,,,,,,
2024-12-30,phase6_causal_or_retest_v1,d8df78957051c9de,25c269cde02debe4,7b30e3d97c41bd58,ed5db2d90d8371c44cbe212d6d16ad117537c9e185a6592a6ca108ece643d8ce,2026-04-24T15:59:00-04:00,2026-04-26T01:55:46.523945+00:00,True,clean,390,390,0,0,0,2024-12-30 15:59:00-05:00,2024-12-30 15:59:00-05:00,False,True,clean,wide,85.0,20,20,21417.0,21309.5,107.5,0.2186046511627907,tier1_pilot,False,False,or_class_wide,,,,,,,,,,,,,,,,,,,,,,,,,,,,,,,False,or_class_wide,,,,,,,,,,,,,,,,,,,,,,,,,,,,,,,False,or_class_wide,,,,,,,,,,,,,,,,,,,,,,,,,,,,,,
2024-12-31,phase6_causal_or_retest_v1,d8df78957051c9de,25c269cde02debe4,7b30e3d97c41bd58,ed5db2d90d8371c44cbe212d6d16ad117537c9e185a6592a6ca108ece643d8ce,2026-04-24T15:59:00-04:00,2026-04-26T01:55:46.523945+00:00,True,clean,390,390,0,0,0,2024-12-31 15:59:00-05:00,2024-12-31 15:59:00-05:00,False,True,clean,wide,90.0,20,20,21489.5,21367.75,121.75,0.2587268993839836,tier1_pilot,False,False,or_class_wide,,,,,,,,,,,,,,,,,,,,,,,,,,,,,,,False,or_class_wide,,,,,,,,,,,,,,,,,,,,,,,,,,,,,,,False,or_class_wide,,,,,,,,,,,,,,,,,,,,,,,,,,,,,,
2025-01-02,phase6_causal_or_retest_v1,d8df78957051c9de,25c269cde02debe4,7b30e3d97c41bd58,ed5db2d90d8371c44cbe212d6d16ad117537c9e185a6592a6ca108ece643d8ce,2026-04-24T15:59:00-04:00,2026-04-26T01:55:46.523945+00:00,True,clean,390,390,0,0,0,2025-01-02 15:59:00-05:00,2025-01-02 15:59:00-05:00,False,True,clean,wide,100.0,20,20,21373.0,21166.5,206.5,0.23002421307506055,tier1_pilot,False,False,or_class_wide,,,,,,,,,,,,,,,,,,,,,,,,,,,,,,,False,or_class_wide,,,,,,,,,,,,,,,,,,,,,,,,,,,,,,,False,or_class_wide,,,,,,,,,,,,,,,,,,,,,,,,,,,,,,
2025-01-03,phase6_causal_or_retest_v1,d8df78957051c9de,25c269cde02debe4,7b30e3d97c41bd58,ed5db2d90d8371c44cbe212d6d16ad117537c9e185a6592a6ca108ece643d8ce,2026-04-24T15:59:00-04:00,2026-04-26T01:55:46.523945+00:00,True,clean,390,390,0,0,0,2025-01-03 15:59:00-05:00,2025-01-03 15:59:00-05:00,False,True,clean,wide,90.0,20,20,21431.5,21276.75,154.75,0.9531502423263328,tier1_pilot,False,False,or_class_wide,,,,,,,,,,,,,,,,,,,,,,,,,,,,,,,False,or_class_wide,,,,,,,,,,,,,,,,,,,,,,,,,,,,,,,False,or_class_wide,,,,,,,,,,,,,,,,,,,,,,,,,,,,,,
2025-01-06,phase6_causal_or_retest_v1,d8df78957051c9de,25c269cde02debe4,7b30e3d97c41bd58,ed5db2d90d8371c44cbe212d6d16ad117537c9e185a6592a6ca108ece643d8ce,2026-04-24T15:59:00-04:00,2026-04-26T01:55:46.523945+00:00,True,clean,390,390,0,0,0,2025-01-06 15:59:00-05:00,2025-01-06 15:59:00-05:00,False,True,clean,normal,70.0,20,20,21828.75,21723.75,105.0,0.6619047619047619,tier1_pilot,False,True,,2025-01-06 09:49:00-05:00,2025-01-06 10:13:00-05:00,2025-01-06 10:14:00-05:00,21838.0,21840.5,21800.5,21890.5,2025-01-06 10:46:00-05:00,21890.5,21888.0,target,93.66,21821.5,21841.0,21817.25,21838.0,5644.0,21799.93369859915,21838.0,21855.25,21835.0,21852.5,7764.0,21801.144519394195,21883.5,21892.25,21875.25,21884.25,5324.0,21818.92536768069,False,signal_filtered,2025-01-06 09:49:00-05:00,,,,,,,,,,,,,,,,,,,,,,,,,,,,,,False,signal_filtered,2025-01-06 09:49:00-05:00,,,,,,,,,,,,,,,,,,,,,,,,,,,,,
2025-01-07,phase6_causal_or_retest_v1,d8df78957051c9de,25c269cde02debe4,7b30e3d97c41bd58,ed5db2d90d8371c44cbe212d6d16ad117537c9e185a6592a6ca108ece643d8ce,2026-04-24T15:59:00-04:00,2026-04-26T01:55:46.523945+00:00,True,clean,390,390,0,0,0,2025-01-07 15:59:00-05:00,2025-01-07 15:59:00-05:00,False,True,clean,normal,75.0,20,20,21806.25,21695.0,111.25,0.6359550561797753,tier1_pilot,False,False,no_upside_breakout,,,,,,,,,,,,,,,,,,,,,,,,,,,,,,,False,no_upside_breakout,,,,,,,,,,,,,,,,,,,,,,,,,,,,,,,False,no_upside_breakout,,,,,,,,,,,,,,,,,,,,,,,,,,,,,,
2025-01-08,phase6_causal_or_retest_v1,d8df78957051c9de,25c269cde02debe4,7b30e3d97c41bd58,ed5db2d90d8371c44cbe212d6d16ad117537c9e185a6592a6ca108ece643d8ce,2026-04-24T15:59:00-04:00,2026-04-26T01:55:46.523945+00:00,True,clean,390,390,0,0,0,2025-01-08 15:59:00-05:00,2025-01-08 15:59:00-05:00,False,True,clean,normal,55.00000000000001,20,20,21384.75,21289.75,95.0,0.6973684210526315,tier1_pilot,False,False,no_retest_signal,2025-01-08 10:02:00-05:00,,,,,,,,,,,,,,,,,,,,,,,,,,,,,,False,no_retest_signal,2025-01-08 10:02:00-05:00,,,,,,,,,,,,,,,,,,,,,,,,,,,,,,False,no_retest_signal,2025-01-08 10:02:00-05:00,,,,,,,,,,,,,,,,,,,,,,,,,,,,,
2025-01-10,phase6_causal_or_retest_v1,d8df78957051c9de,25c269cde02debe4,7b30e3d97c41bd58,ed5db2d90d8371c44cbe212d6d16ad117537c9e185a6592a6ca108ece643d8ce,2026-04-24T15:59:00-04:00,2026-04-26T01:55:46.523945+00:00,True,clean,390,390,0,0,0,2025-01-10 15:59:00-05:00,2025-01-10 15:59:00-05:00,False,True,clean,wide,85.0,20,20,21197.25,21067.75,129.5,0.4092664092664093,tier1_pilot,False,False,or_class_wide,,,,,,,,,,,,,,,,,,,,,,,,,,,,,,,False,or_class_wide,,,,,,,,,,,,,,,,,,,,,,,,,,,,,,,False,or_class_wide,,,,,,,,,,,,,,,,,,,,,,,,,,,,,,
2025-01-13,phase6_causal_or_retest_v1,d8df78957051c9de,25c269cde02debe4,7b30e3d97c41bd58,ed5db2d90d8371c44cbe212d6d16ad117537c9e185a6592a6ca108ece643d8ce,2026-04-24T15:59:00-04:00,2026-04-26T01:55:46.523945+00:00,True,clean,390,390,0,0,0,2025-01-13 15:59:00-05:00,2025-01-13 15:59:00-05:00,False,True,clean,normal,35.0,20,20,20786.0,20701.5,84.5,0.9467455621301775,tier1_pilot,True,True,,2025-01-13 09:53:00-05:00,2025-01-13 10:02:00-05:00,2025-01-13 10:03:00-05:00,20796.25,20798.75,20758.75,20848.75,2025-01-13 10:06:00-05:00,20848.75,20846.25,target,93.66,20787.0,20801.75,20777.75,20796.25,5855.0,20764.925484438056,20796.25,20802.5,20779.5,20797.25,4933.0,20765.44911391832,20821.75,20854.25,20814.75,20850.0,8770.0,20769.712967899526,True,,2025-01-13 09:53:00-05:00,2025-01-13 10:18:00-05:00,2025-01-13 10:19:00-05:00,20795.5,20798.0,20758.0,20878.0,2025-01-13 10:24:00-05:00,20758.0,20755.5,stop,-86.34,20777.0,20797.5,20775.75,20795.25,5871.0,20773.91031849272,20795.5,20796.75,20785.5,20786.0,3197.0,20774.050458806367,20769.0,20769.25,20744.25,20749.75,8374.0,20774.425878042824,True,,2025-01-13 09:53:00-05:00,2025-01-13 10:02:00-05:00,2025-01-13 10:03:00-05:00,20796.25,20798.75,20758.75,20848.75,2025-01-13 10:06:00-05:00,20848.75,20846.25,target,93.66,20787.0,20801.75,20777.75,20796.25,5855.0,20764.925484438056,20796.25,20802.5,20779.5,20797.25,4933.0,20765.44911391832,20821.75,20854.25,20814.75,20850.0,8770.0,20769.712967899526
2025-01-14,phase6_causal_or_retest_v1,d8df78957051c9de,25c269cde02debe4,7b30e3d97c41bd58,ed5db2d90d8371c44cbe212d6d16ad117537c9e185a6592a6ca108ece643d8ce,2026-04-24T15:59:00-04:00,2026-04-26T01:55:46.523945+00:00,True,clean,390,390,0,0,0,2025-01-14 15:59:00-05:00,2025-01-14 15:59:00-05:00,False,True,clean,normal,70.0,20,20,21129.25,21018.0,111.25,0.8292134831460675,tier1_pilot,False,False,no_upside_breakout,,,,,,,,,,,,,,,,,,,,,,,,,,,,,,,False,no_upside_breakout,,,,,,,,,,,,,,,,,,,,,,,,,,,,,,,False,no_upside_breakout,,,,,,,,,,,,,,,,,,,,,,,,,,,,,,
2025-01-15,phase6_causal_or_retest_v1,d8df78957051c9de,25c269cde02debe4,7b30e3d97c41bd58,ed5db2d90d8371c44cbe212d6d16ad117537c9e185a6592a6ca108ece643d8ce,2026-04-24T15:59:00-04:00,2026-04-26T01:55:46.523945+00:00,True,clean,390,390,0,0,0,2025-01-15 15:59:00-05:00,2025-01-15 15:59:00-05:00,False,True,clean,normal,70.0,20,20,21307.5,21186.5,121.0,0.9173553719008265,tier1_pilot,False,False,no_retest_signal,2025-01-15 09:47:00-05:00,,,,,,,,,,,,,,,,,,,,,,,,,,,,,,False,no_retest_signal,2025-01-15 09:47:00-05:00,,,,,,,,,,,,,,,,,,,,,,,,,,,,,,False,no_retest_signal,2025-01-15 09:47:00-05:00,,,,,,,,,,,,,,,,,,,,,,,,,,,,,
2025-01-16,phase6_causal_or_retest_v1,d8df78957051c9de,25c269cde02debe4,7b30e3d97c41bd58,ed5db2d90d8371c44cbe212d6d16ad117537c9e185a6592a6ca108ece643d8ce,2026-04-24T15:59:00-04:00,2026-04-26T01:55:46.523945+00:00,True,clean,390,390,0,0,0,2025-01-16 15:59:00-05:00,2025-01-16 15:59:00-05:00,False,True,clean,normal,35.0,20,20,21498.0,21404.5,93.5,0.1443850267379679,tier1_pilot,False,False,no_upside_breakout,,,,,,,,,,,,,,,,,,,,,,,,,,,,,,,False,no_upside_breakout,,,,,,,,,,,,,,,,,,,,,,,,,,,,,,,False,no_upside_breakout,,,,,,,,,,,,,,,,,,,,,,,,,,,,,,
2025-01-17,phase6_causal_or_retest_v1,d8df78957051c9de,25c269cde02debe4,7b30e3d97c41bd58,ed5db2d90d8371c44cbe212d6d16ad117537c9e185a6592a6ca108ece643d8ce,2026-04-24T15:59:00-04:00,2026-04-26T01:55:46.523945+00:00,True,clean,390,390,0,0,0,2025-01-17 15:59:00-05:00,2025-01-17 15:59:00-05:00,False,True,clean,wide,90.0,20,20,21653.5,21492.25,161.25,0.14573643410852713,tier1_pilot,False,False,or_class_wide,,,,,,,,,,,,,,,,,,,,,,,,,,,,,,,False,or_class_wide,,,,,,,,,,,,,,,,,,,,,,,,,,,,,,,False,or_class_wide,,,,,,,,,,,,,,,,,,,,,,,,,,,,,,
2025-01-21,phase6_causal_or_retest_v1,d8df78957051c9de,25c269cde02debe4,7b30e3d97c41bd58,ed5db2d90d8371c44cbe212d6d16ad117537c9e185a6592a6ca108ece643d8ce,2026-04-24T15:59:00-04:00,2026-04-26T01:55:46.523945+00:00,True,clean,390,390,0,0,0,2025-01-21 15:59:00-05:00,2025-01-21 15:59:00-05:00,False,True,clean,normal,75.0,20,20,21718.5,21589.5,129.0,0.22868217054263565,tier1_pilot,False,False,no_retest_signal,2025-01-21 12:46:00-05:00,,,,,,,,,,,,,,,,,,,,,,,,,,,,,,False,no_retest_signal,2025-01-21 12:46:00-05:00,,,,,,,,,,,,,,,,,,,,,,,,,,,,,,False,no_retest_signal,2025-01-21 12:46:00-05:00,,,,,,,,,,,,,,,,,,,,,,,,,,,,,
2025-01-22,phase6_causal_or_retest_v1,d8df78957051c9de,25c269cde02debe4,7b30e3d97c41bd58,ed5db2d90d8371c44cbe212d6d16ad117537c9e185a6592a6ca108ece643d8ce,2026-04-24T15:59:00-04:00,2026-04-26T01:55:46.523945+00:00,True,clean,390,390,0,0,0,2025-01-22 15:59:00-05:00,2025-01-22 15:59:00-05:00,False,True,clean,tight,15.0,20,20,21982.0,21902.5,79.5,0.720125786163522,tier1_pilot,False,False,or_class_tight,,,,,,,,,,,,,,,,,,,,,,,,,,,,,,,False,no_retest_signal,2025-01-22 09:49:00-05:00,,,,,,,,,,,,,,,,,,,,,,,,,,,,,,False,or_class_tight,,,,,,,,,,,,,,,,,,,,,,,,,,,,,,
2025-01-23,phase6_causal_or_retest_v1,d8df78957051c9de,25c269cde02debe4,7b30e3d97c41bd58,ed5db2d90d8371c44cbe212d6d16ad117537c9e185a6592a6ca108ece643d8ce,2026-04-24T15:59:00-04:00,2026-04-26T01:55:46.523945+00:00,True,clean,390,390,0,0,0,2025-01-23 15:59:00-05:00,2025-01-23 15:59:00-05:00,False,True,clean,tight,0.0,20,20,21915.75,21866.0,49.75,0.9798994974874372,tier1_pilot,False,False,or_class_tight,,,,,,,,,,,,,,,,,,,,,,,,,,,,,,,True,,2025-01-23 10:34:00-05:00,2025-01-23 10:36:00-05:00,2025-01-23 10:37:00-05:00,21923.0,21925.5,21885.5,22005.5,2025-01-23 15:54:00-05:00,22005.5,22003.0,target,153.66,21919.0,21926.5,21918.0,21923.0,3752.0,21895.30094461344,21923.0,21933.5,21922.0,21930.5,5192.0,21895.95571104602,21994.25,22010.75,21994.0,22006.0,4433.0,21929.32637447433,False,or_class_tight,,,,,,,,,,,,,,,,,,,,,,,,,,,,,,
2025-01-24,phase6_causal_or_retest_v1,d8df78957051c9de,25c269cde02debe4,7b30e3d97c41bd58,ed5db2d90d8371c44cbe212d6d16ad117537c9e185a6592a6ca108ece643d8ce,2026-04-24T15:59:00-04:00,2026-04-26T01:55:46.523945+00:00,True,clean,390,390,0,0,0,2025-01-24 15:59:00-05:00,2025-01-24 15:59:00-05:00,False,True,clean,tight,5.0,20,20,22052.75,22000.0,52.75,0.5450236966824644,tier1_pilot,False,False,or_class_tight,,,,,,,,,,,,,,,,,,,,,,,,,,,,,,,False,no_retest_signal,2025-01-24 09:46:00-05:00,,,,,,,,,,,,,,,,,,,,,,,,,,,,,,False,or_class_tight,,,,,,,,,,,,,,,,,,,,,,,,,,,,,,
2025-01-27,phase6_causal_or_retest_v1,d8df78957051c9de,25c269cde02debe4,7b30e3d97c41bd58,ed5db2d90d8371c44cbe212d6d16ad117537c9e185a6592a6ca108ece643d8ce,2026-04-24T15:59:00-04:00,2026-04-26T01:55:46.523945+00:00,True,clean,390,390,0,0,0,2025-01-27 15:59:00-05:00,2025-01-27 15:59:00-05:00,False,True,clean,wide,95.0,20,20,21303.0,21108.25,194.75,0.8459563543003851,tier1_pilot,False,False,or_class_wide,,,,,,,,,,,,,,,,,,,,,,,,,,,,,,,False,or_class_wide,,,,,,,,,,,,,,,,,,,,,,,,,,,,,,,False,or_class_wide,,,,,,,,,,,,,,,,,,,,,,,,,,,,,,
2025-01-28,phase6_causal_or_retest_v1,d8df78957051c9de,25c269cde02debe4,7b30e3d97c41bd58,ed5db2d90d8371c44cbe212d6d16ad117537c9e185a6592a6ca108ece643d8ce,2026-04-24T15:59:00-04:00,2026-04-26T01:55:46.523945+00:00,True,clean,390,390,0,0,0,2025-01-28 15:59:00-05:00,2025-01-28 15:59:00-05:00,False,True,clean,normal,75.0,20,20,21319.75,21172.5,147.25,0.08149405772495756,tier1_pilot,False,False,no_retest_signal,2025-01-28 10:01:00-05:00,,,,,,,,,,,,,,,,,,,,,,,,,,,,,,False,no_retest_signal,2025-01-28 10:01:00-05:00,,,,,,,,,,,,,,,,,,,,,,,,,,,,,,False,no_retest_signal,2025-01-28 10:01:00-05:00,,,,,,,,,,,,,,,,,,,,,,,,,,,,,
2025-01-29,phase6_causal_or_retest_v1,d8df78957051c9de,25c269cde02debe4,7b30e3d97c41bd58,ed5db2d90d8371c44cbe212d6d16ad117537c9e185a6592a6ca108ece643d8ce,2026-04-24T15:59:00-04:00,2026-04-26T01:55:46.523945+00:00,True,clean,390,390,0,0,0,2025-01-29 15:59:00-05:00,2025-01-29 15:59:00-05:00,False,True,clean,normal,40.0,20,20,21606.25,21498.5,107.75,0.09280742459396751,tier1_pilot,False,False,no_upside_breakout,,,,,,,,,,,,,,,,,,,,,,,,,,,,,,,False,no_upside_breakout,,,,,,,,,,,,,,,,,,,,,,,,,,,,,,,False,no_upside_breakout,,,,,,,,,,,,,,,,,,,,,,,,,,,,,,
2025-01-30,phase6_causal_or_retest_v1,d8df78957051c9de,25c269cde02debe4,7b30e3d97c41bd58,ed5db2d90d8371c44cbe212d6d16ad117537c9e185a6592a6ca108ece643d8ce,2026-04-24T15:59:00-04:00,2026-04-26T01:55:46.523945+00:00,True,clean,390,390,0,0,0,2025-01-30 15:59:00-05:00,2025-01-30 15:59:00-05:00,False,True,clean,tight,10.0,20,20,21668.75,21597.25,71.5,0.7062937062937062,tier1_pilot,False,False,or_class_tight,,,,,,,,,,,,,,,,,,,,,,,,,,,,,,,False,no_retest_signal,2025-01-30 09:46:00-05:00,,,,,,,,,,,,,,,,,,,,,,,,,,,,,,False,or_class_tight,,,,,,,,,,,,,,,,,,,,,,,,,,,,,,
2025-01-31,phase6_causal_or_retest_v1,d8df78957051c9de,25c269cde02debe4,7b30e3d97c41bd58,ed5db2d90d8371c44cbe212d6d16ad117537c9e185a6592a6ca108ece643d8ce,2026-04-24T15:59:00-04:00,2026-04-26T01:55:46.523945+00:00,True,clean,390,390,0,0,0,2025-01-31 15:59:00-05:00,2025-01-31 15:59:00-05:00,False,True,clean,tight,15.0,20,20,21838.25,21764.0,74.25,0.7542087542087542,tier1_pilot,False,False,or_class_tight,,,,,,,,,,,,,,,,,,,,,,,,,,,,,,,False,no_retest_signal,2025-01-31 09:52:00-05:00,,,,,,,,,,,,,,,,,,,,,,,,,,,,,,False,or_class_tight,,,,,,,,,,,,,,,,,,,,,,,,,,,,,,
2025-02-03,phase6_causal_or_retest_v1,d8df78957051c9de,25c269cde02debe4,7b30e3d97c41bd58,ed5db2d90d8371c44cbe212d6d16ad117537c9e185a6592a6ca108ece643d8ce,2026-04-24T15:59:00-04:00,2026-04-26T01:55:46.523945+00:00,True,clean,390,390,0,0,0,2025-02-03 15:59:00-05:00,2025-02-03 15:59:00-05:00,False,True,clean,normal,75.0,20,20,21314.75,21177.75,137.0,0.6094890510948905,tier1_pilot,False,False,signal_filtered,2025-02-03 10:25:00-05:00,,,,,,,,,,,,,,,,,,,,,,,,,,,,,,True,,2025-02-03 10:25:00-05:00,2025-02-03 10:29:00-05:00,2025-02-03 10:30:00-05:00,21352.75,21355.25,21315.25,21435.25,2025-02-03 10:42:00-05:00,21435.25,21432.75,target,153.66,21308.75,21363.5,21308.0,21353.5,10136.0,21225.643764113403,21352.75,21359.25,21321.75,21327.75,8405.0,21227.60512825111,21416.0,21444.0,21412.5,21437.25,11684.0,21256.373034746153,False,signal_filtered,2025-02-03 10:25:00-05:00,,,,,,,,,,,,,,,,,,,,,,,,,,,,,
2025-02-04,phase6_causal_or_retest_v1,d8df78957051c9de,25c269cde02debe4,7b30e3d97c41bd58,ed5db2d90d8371c44cbe212d6d16ad117537c9e185a6592a6ca108ece643d8ce,2026-04-24T15:59:00-04:00,2026-04-26T01:55:46.523945+00:00,True,clean,390,390,0,0,0,2025-02-04 15:59:00-05:00,2025-02-04 15:59:00-05:00,False,True,clean,normal,60.0,20,20,21523.5,21405.0,118.5,0.8544303797468354,tier1_pilot,False,False,no_retest_signal,2025-02-04 09:50:00-05:00,,,,,,,,,,,,,,,,,,,,,,,,,,,,,,False,no_retest_signal,2025-02-04 09:50:00-05:00,,,,,,,,,,,,,,,,,,,,,,,,,,,,,,False,no_retest_signal,2025-02-04 09:50:00-05:00,,,,,,,,,,,,,,,,,,,,,,,,,,,,,
2025-02-05,phase6_causal_or_retest_v1,d8df78957051c9de,25c269cde02debe4,7b30e3d97c41bd58,ed5db2d90d8371c44cbe212d6d16ad117537c9e185a6592a6ca108ece643d8ce,2026-04-24T15:59:00-04:00,2026-04-26T01:55:46.523945+00:00,True,clean,390,390,0,0,0,2025-02-05 15:59:00-05:00,2025-02-05 15:59:00-05:00,False,True,clean,tight,10.0,20,20,21587.75,21519.0,68.75,0.7636363636363637,tier1_pilot,False,False,or_class_tight,,,,,,,,,,,,,,,,,,,,,,,,,,,,,,,True,,2025-02-05 10:00:00-05:00,2025-02-05 10:39:00-05:00,2025-02-05 10:40:00-05:00,21591.75,21594.25,21554.25,21674.25,2025-02-05 11:49:00-05:00,21674.25,21671.75,target,153.66,21585.75,21596.5,21584.25,21592.0,3055.0,21552.006029599943,21591.75,21593.75,21585.25,21590.75,2110.0,21552.23047878261,21669.5,21681.0,21668.75,21678.75,4682.0,21572.46139817223,False,or_class_tight,,,,,,,,,,,,,,,,,,,,,,,,,,,,,,
2025-02-06,phase6_causal_or_retest_v1,d8df78957051c9de,25c269cde02debe4,7b30e3d97c41bd58,ed5db2d90d8371c44cbe212d6d16ad117537c9e185a6592a6ca108ece643d8ce,2026-04-24T15:59:00-04:00,2026-04-26T01:55:46.523945+00:00,True,clean,390,390,0,0,0,2025-02-06 15:59:00-05:00,2025-02-06 15:59:00-05:00,False,True,clean,tight,5.0,20,20,21790.0,21738.0,52.0,0.9759615384615384,tier1_pilot,False,False,or_class_tight,,,,,,,,,,,,,,,,,,,,,,,,,,,,,,,False,signal_filtered,2025-02-06 09:45:00-05:00,,,,,,,,,,,,,,,,,,,,,,,,,,,,,,False,or_class_tight,,,,,,,,,,,,,,,,,,,,,,,,,,,,,,
2025-02-07,phase6_causal_or_retest_v1,d8df78957051c9de,25c269cde02debe4,7b30e3d97c41bd58,ed5db2d90d8371c44cbe212d6d16ad117537c9e185a6592a6ca108ece643d8ce,2026-04-24T15:59:00-04:00,2026-04-26T01:55:46.523945+00:00,True,clean,390,390,0,0,0,2025-02-07 15:59:00-05:00,2025-02-07 15:59:00-05:00,False,True,clean,normal,50.0,20,20,21967.75,21869.5,98.25,0.6997455470737913,tier1_pilot,False,False,no_upside_breakout,,,,,,,,,,,,,,,,,,,,,,,,,,,,,,,False,no_upside_breakout,,,,,,,,,,,,,,,,,,,,,,,,,,,,,,,False,no_upside_breakout,,,,,,,,,,,,,,,,,,,,,,,,,,,,,,
2025-02-10,phase6_causal_or_retest_v1,d8df78957051c9de,25c269cde02debe4,7b30e3d97c41bd58,ed5db2d90d8371c44cbe212d6d16ad117537c9e185a6592a6ca108ece643d8ce,2026-04-24T15:59:00-04:00,2026-04-26T01:55:46.523945+00:00,True,clean,390,390,0,0,0,2025-02-10 15:59:00-05:00,2025-02-10 15:59:00-05:00,False,True,clean,tight,15.0,20,20,21803.0,21742.25,60.75,0.934156378600823,tier1_pilot,False,False,or_class_tight,,,,,,,,,,,,,,,,,,,,,,,,,,,,,,,True,,2025-02-10 09:46:00-05:00,2025-02-10 10:01:00-05:00,2025-02-10 10:02:00-05:00,21813.75,21816.25,21776.25,21896.25,2025-02-10 15:55:00-05:00,21856.0,21853.5,time_exit,73.16,21793.5,21817.75,21790.25,21813.75,8368.0,21777.81837201559,21813.75,21816.25,21795.5,21797.25,4456.0,21778.50836023572,21853.0,21859.5,21848.5,21856.0,2131.0,21837.943052185226,False,or_class_tight,,,,,,,,,,,,,,,,,,,,,,,,,,,,,,
2025-02-11,phase6_causal_or_retest_v1,d8df78957051c9de,25c269cde02debe4,7b30e3d97c41bd58,ed5db2d90d8371c44cbe212d6d16ad117537c9e185a6592a6ca108ece643d8ce,2026-04-24T15:59:00-04:00,2026-04-26T01:55:46.523945+00:00,True,clean,390,390,0,0,0,2025-02-11 15:59:00-05:00,2025-02-11 15:59:00-05:00,False,True,clean,normal,50.0,20,20,21797.0,21700.25,96.75,0.9198966408268734,tier1_pilot,True,True,,2025-02-11 10:01:00-05:00,2025-02-11 10:12:00-05:00,2025-02-11 10:13:00-05:00,21800.0,21802.5,21762.5,21852.5,2025-02-11 10:45:00-05:00,21852.5,21850.0,target,93.66,21790.75,21805.25,21790.75,21800.5,3541.0,21779.4766245746,21800.0,21802.25,21792.25,21798.5,1971.0,21779.667257755493,21849.75,21861.25,21849.25,21853.25,5780.0,21794.50236510453,False,signal_filtered,2025-02-11 10:01:00-05:00,,,,,,,,,,,,,,,,,,,,,,,,,,,,,,True,,2025-02-11 10:01:00-05:00,2025-02-11 10:12:00-05:00,2025-02-11 10:13:00-05:00,21800.0,21802.5,21762.5,21852.5,2025-02-11 10:45:00-05:00,21852.5,21850.0,target,93.66,21790.75,21805.25,21790.75,21800.5,3541.0,21779.4766245746,21800.0,21802.25,21792.25,21798.5,1971.0,21779.667257755493,21849.75,21861.25,21849.25,21853.25,5780.0,21794.50236510453
2025-02-12,phase6_causal_or_retest_v1,d8df78957051c9de,25c269cde02debe4,7b30e3d97c41bd58,ed5db2d90d8371c44cbe212d6d16ad117537c9e185a6592a6ca108ece643d8ce,2026-04-24T15:59:00-04:00,2026-04-26T01:55:46.523945+00:00,True,clean,390,390,0,0,0,2025-02-12 15:59:00-05:00,2025-02-12 15:59:00-05:00,False,True,clean,wide,80.0,20,20,21667.75,21535.75,132.0,0.946969696969697,tier1_pilot,False,False,or_class_wide,,,,,,,,,,,,,,,,,,,,,,,,,,,,,,,False,or_class_wide,,,,,,,,,,,,,,,,,,,,,,,,,,,,,,,False,or_class_wide,,,,,,,,,,,,,,,,,,,,,,,,,,,,,,
2025-02-13,phase6_causal_or_retest_v1,d8df78957051c9de,25c269cde02debe4,7b30e3d97c41bd58,ed5db2d90d8371c44cbe212d6d16ad117537c9e185a6592a6ca108ece643d8ce,2026-04-24T15:59:00-04:00,2026-04-26T01:55:46.523945+00:00,True,clean,390,390,0,0,0,2025-02-13 15:59:00-05:00,2025-02-13 15:59:00-05:00,False,True,clean,normal,60.0,20,20,21951.0,21835.0,116.0,0.44396551724137934,tier1_pilot,True,True,,2025-02-13 10:16:00-05:00,2025-02-13 10:17:00-05:00,2025-02-13 10:18:00-05:00,21961.0,21963.5,21923.5,22013.5,2025-02-13 10:38:00-05:00,22013.5,22011.0,target,93.66,21953.25,21964.25,21947.75,21961.0,5190.0,21903.315173950406,21961.0,21961.5,21952.75,21960.5,3008.0,21903.8316468561,22002.25,22013.75,22001.5,22010.5,4062.0,21919.8573027231,False,signal_filtered,2025-02-13 10:16:00-05:00,,,,,,,,,,,,,,,,,,,,,,,,,,,,,,True,,2025-02-13 10:16:00-05:00,2025-02-13 10:17:00-05:00,2025-02-13 10:18:00-05:00,21961.0,21963.5,21923.5,22013.5,2025-02-13 10:38:00-05:00,22013.5,22011.0,target,93.66,21953.25,21964.25,21947.75,21961.0,5190.0,21903.315173950406,21961.0,21961.5,21952.75,21960.5,3008.0,21903.8316468561,22002.25,22013.75,22001.5,22010.5,4062.0,21919.8573027231
2025-02-14,phase6_causal_or_retest_v1,d8df78957051c9de,25c269cde02debe4,7b30e3d97c41bd58,ed5db2d90d8371c44cbe212d6d16ad117537c9e185a6592a6ca108ece643d8ce,2026-04-24T15:59:00-04:00,2026-04-26T01:55:46.523945+00:00,True,clean,390,390,0,0,0,2025-02-14 15:59:00-05:00,2025-02-14 15:59:00-05:00,False,True,clean,tight,5.0,20,20,22138.0,22088.0,50.0,0.155,tier1_pilot,False,False,or_class_tight,,,,,,,,,,,,,,,,,,,,,,,,,,,,,,,True,,2025-02-14 09:51:00-05:00,2025-02-14 10:07:00-05:00,2025-02-14 10:08:00-05:00,22140.5,22143.0,22103.0,22223.0,2025-02-14 10:41:00-05:00,22103.0,22100.5,stop,-86.34,22133.5,22142.75,22129.25,22140.5,5275.0,22116.18603473952,22140.5,22147.5,22137.0,22140.5,4938.0,22116.8930704076,22117.25,22118.0,22101.25,22113.5,4782.0,22124.38033117859,False,or_class_tight,,,,,,,,,,,,,,,,,,,,,,,,,,,,,,
2025-02-18,phase6_causal_or_retest_v1,d8df78957051c9de,25c269cde02debe4,7b30e3d97c41bd58,ed5db2d90d8371c44cbe212d6d16ad117537c9e185a6592a6ca108ece643d8ce,2026-04-24T15:59:00-04:00,2026-04-26T01:55:46.523945+00:00,True,clean,390,390,0,0,0,2025-02-18 15:59:00-05:00,2025-02-18 15:59:00-05:00,False,True,clean,tight,20.0,20,20,22268.0,22211.0,57.0,0.17105263157894737,tier1_pilot,False,False,or_class_tight,,,,,,,,,,,,,,,,,,,,,,,,,,,,,,,False,no_upside_breakout,,,,,,,,,,,,,,,,,,,,,,,,,,,,,,,False,or_class_tight,,,,,,,,,,,,,,,,,,,,,,,,,,,,,,
2025-02-19,phase6_causal_or_retest_v1,d8df78957051c9de,25c269cde02debe4,7b30e3d97c41bd58,ed5db2d90d8371c44cbe212d6d16ad117537c9e185a6592a6ca108ece643d8ce,2026-04-24T15:59:00-04:00,2026-04-26T01:55:46.523945+00:00,True,clean,390,390,0,0,0,2025-02-19 15:59:00-05:00,2025-02-19 15:59:00-05:00,False,True,clean,tight,0.0,20,20,22221.5,22172.75,48.75,0.2,tier1_pilot,False,False,or_class_tight,,,,,,,,,,,,,,,,,,,,,,,,,,,,,,,False,no_retest_signal,2025-02-19 11:15:00-05:00,,,,,,,,,,,,,,,,,,,,,,,,,,,,,,False,or_class_tight,,,,,,,,,,,,,,,,,,,,,,,,,,,,,,
2025-02-20,phase6_causal_or_retest_v1,d8df78957051c9de,25c269cde02debe4,7b30e3d97c41bd58,ed5db2d90d8371c44cbe212d6d16ad117537c9e185a6592a6ca108ece643d8ce,2026-04-24T15:59:00-04:00,2026-04-26T01:55:46.523945+00:00,True,clean,390,390,0,0,0,2025-02-20 15:59:00-05:00,2025-02-20 15:59:00-05:00,False,True,clean,normal,35.0,20,20,22227.0,22166.0,61.0,0.004098360655737705,tier1_pilot,False,False,no_upside_breakout,,,,,,,,,,,,,,,,,,,,,,,,,,,,,,,False,no_upside_breakout,,,,,,,,,,,,,,,,,,,,,,,,,,,,,,,False,no_upside_breakout,,,,,,,,,,,,,,,,,,,,,,,,,,,,,,
2025-02-21,phase6_causal_or_retest_v1,d8df78957051c9de,25c269cde02debe4,7b30e3d97c41bd58,ed5db2d90d8371c44cbe212d6d16ad117537c9e185a6592a6ca108ece643d8ce,2026-04-24T15:59:00-04:00,2026-04-26T01:55:46.523945+00:00,True,clean,390,390,0,0,0,2025-02-21 15:59:00-05:00,2025-02-21 15:59:00-05:00,False,True,clean,normal,55.00000000000001,20,20,22188.0,22096.75,91.25,0.29315068493150687,tier1_pilot,False,False,no_upside_breakout,,,,,,,,,,,,,,,,,,,,,,,,,,,,,,,False,no_upside_breakout,,,,,,,,,,,,,,,,,,,,,,,,,,,,,,,False,no_upside_breakout,,,,,,,,,,,,,,,,,,,,,,,,,,,,,,
2025-02-24,phase6_causal_or_retest_v1,d8df78957051c9de,25c269cde02debe4,7b30e3d97c41bd58,ed5db2d90d8371c44cbe212d6d16ad117537c9e185a6592a6ca108ece643d8ce,2026-04-24T15:59:00-04:00,2026-04-26T01:55:46.523945+00:00,True,clean,390,390,0,0,0,2025-02-24 15:59:00-05:00,2025-02-24 15:59:00-05:00,False,True,clean,normal,75.0,20,20,21801.75,21684.0,117.75,0.2356687898089172,tier1_pilot,False,False,no_upside_breakout,,,,,,,,,,,,,,,,,,,,,,,,,,,,,,,False,no_upside_breakout,,,,,,,,,,,,,,,,,,,,,,,,,,,,,,,False,no_upside_breakout,,,,,,,,,,,,,,,,,,,,,,,,,,,,,,
2025-02-25,phase6_causal_or_retest_v1,d8df78957051c9de,25c269cde02debe4,7b30e3d97c41bd58,ed5db2d90d8371c44cbe212d6d16ad117537c9e185a6592a6ca108ece643d8ce,2026-04-24T15:59:00-04:00,2026-04-26T01:55:46.523945+00:00,True,clean,390,390,0,0,0,2025-02-25 15:59:00-05:00,2025-02-25 15:59:00-05:00,False,True,clean,normal,45.0,20,20,21397.5,21311.0,86.5,0.031791907514450865,tier1_pilot,False,False,no_upside_breakout,,,,,,,,,,,,,,,,,,,,,,,,,,,,,,,False,no_upside_breakout,,,,,,,,,,,,,,,,,,,,,,,,,,,,,,,False,no_upside_breakout,,,,,,,,,,,,,,,,,,,,,,,,,,,,,,
2025-02-26,phase6_causal_or_retest_v1,d8df78957051c9de,25c269cde02debe4,7b30e3d97c41bd58,ed5db2d90d8371c44cbe212d6d16ad117537c9e185a6592a6ca108ece643d8ce,2026-04-24T15:59:00-04:00,2026-04-26T01:55:46.523945+00:00,True,clean,390,390,0,0,0,2025-02-26 15:59:00-05:00,2025-02-26 15:59:00-05:00,False,True,clean,normal,45.0,20,20,21274.25,21188.5,85.75,0.5306122448979592,tier1_pilot,False,True,,2025-02-26 09:49:00-05:00,2025-02-26 10:07:00-05:00,2025-02-26 10:08:00-05:00,21299.0,21301.5,21261.5,21351.5,2025-02-26 10:18:00-05:00,21351.5,21349.0,target,93.66,21273.25,21299.25,21264.75,21299.25,6837.0,21255.989079135594,21299.0,21312.5,21285.25,21288.75,7245.0,21256.971007346427,21341.75,21356.0,21337.5,21353.5,6385.0,21267.793264420674,False,signal_filtered,2025-02-26 09:49:00-05:00,,,,,,,,,,,,,,,,,,,,,,,,,,,,,,False,signal_filtered,2025-02-26 09:49:00-05:00,,,,,,,,,,,,,,,,,,,,,,,,,,,,,
2025-02-27,phase6_causal_or_retest_v1,d8df78957051c9de,25c269cde02debe4,7b30e3d97c41bd58,ed5db2d90d8371c44cbe212d6d16ad117537c9e185a6592a6ca108ece643d8ce,2026-04-24T15:59:00-04:00,2026-04-26T01:55:46.523945+00:00,True,clean,390,390,0,0,0,2025-02-27 15:59:00-05:00,2025-02-27 15:59:00-05:00,False,True,clean,wide,100.0,20,20,21381.0,21170.0,211.0,0.10545023696682465,tier1_pilot,False,False,or_class_wide,,,,,,,,,,,,,,,,,,,,,,,,,,,,,,,False,or_class_wide,,,,,,,,,,,,,,,,,,,,,,,,,,,,,,,False,or_class_wide,,,,,,,,,,,,,,,,,,,,,,,,,,,,,,
2025-02-28,phase6_causal_or_retest_v1,d8df78957051c9de,25c269cde02debe4,7b30e3d97c41bd58,ed5db2d90d8371c44cbe212d6d16ad117537c9e185a6592a6ca108ece643d8ce,2026-04-24T15:59:00-04:00,2026-04-26T01:55:46.523945+00:00,True,clean,390,390,0,0,0,2025-02-28 15:59:00-05:00,2025-02-28 15:59:00-05:00,False,True,clean,wide,95.0,20,20,20644.75,20460.25,184.5,0.8035230352303523,tier1_pilot,False,False,or_class_wide,,,,,,,,,,,,,,,,,,,,,,,,,,,,,,,False,or_class_wide,,,,,,,,,,,,,,,,,,,,,,,,,,,,,,,False,or_class_wide,,,,,,,,,,,,,,,,,,,,,,,,,,,,,,
2025-03-03,phase6_causal_or_retest_v1,d8df78957051c9de,25c269cde02debe4,7b30e3d97c41bd58,ed5db2d90d8371c44cbe212d6d16ad117537c9e185a6592a6ca108ece643d8ce,2026-04-24T15:59:00-04:00,2026-04-26T01:55:46.523945+00:00,True,clean,390,390,0,0,0,2025-03-03 15:59:00-05:00,2025-03-03 15:59:00-05:00,False,True,clean,wide,90.0,20,20,21120.75,20942.25,178.5,0.1568627450980392,tier1_pilot,False,False,or_class_wide,,,,,,,,,,,,,,,,,,,,,,,,,,,,,,,False,or_class_wide,,,,,,,,,,,,,,,,,,,,,,,,,,,,,,,False,or_class_wide,,,,,,,,,,,,,,,,,,,,,,,,,,,,,,
2025-03-04,phase6_causal_or_retest_v1,d8df78957051c9de,25c269cde02debe4,7b30e3d97c41bd58,ed5db2d90d8371c44cbe212d6d16ad117537c9e185a6592a6ca108ece643d8ce,2026-04-24T15:59:00-04:00,2026-04-26T01:55:46.523945+00:00,True,clean,390,390,0,0,0,2025-03-04 15:59:00-05:00,2025-03-04 15:59:00-05:00,False,True,clean,wide,85.0,20,20,20430.0,20258.5,171.5,0.4227405247813411,tier1_pilot,False,False,or_class_wide,,,,,,,,,,,,,,,,,,,,,,,,,,,,,,,False,or_class_wide,,,,,,,,,,,,,,,,,,,,,,,,,,,,,,,False,or_class_wide,,,,,,,,,,,,,,,,,,,,,,,,,,,,,,
2025-03-05,phase6_causal_or_retest_v1,d8df78957051c9de,25c269cde02debe4,7b30e3d97c41bd58,ed5db2d90d8371c44cbe212d6d16ad117537c9e185a6592a6ca108ece643d8ce,2026-04-24T15:59:00-04:00,2026-04-26T01:55:46.523945+00:00,True,clean,390,390,0,0,0,2025-03-05 15:59:00-05:00,2025-03-05 15:59:00-05:00,False,True,clean,wide,80.0,20,20,20455.75,20313.0,142.75,0.7845884413309983,tier1_pilot,False,False,or_class_wide,,,,,,,,,,,,,,,,,,,,,,,,,,,,,,,False,or_class_wide,,,,,,,,,,,,,,,,,,,,,,,,,,,,,,,False,or_class_wide,,,,,,,,,,,,,,,,,,,,,,,,,,,,,,
2025-03-06,phase6_causal_or_retest_v1,d8df78957051c9de,25c269cde02debe4,7b30e3d97c41bd58,ed5db2d90d8371c44cbe212d6d16ad117537c9e185a6592a6ca108ece643d8ce,2026-04-24T15:59:00-04:00,2026-04-26T01:55:46.523945+00:00,True,clean,390,390,0,0,0,2025-03-06 15:59:00-05:00,2025-03-06 15:59:00-05:00,False,True,clean,normal,50.0,20,20,20319.75,20228.25,91.5,0.2103825136612022,tier1_pilot,False,False,signal_filtered,2025-03-06 09:50:00-05:00,,,,,,,,,,,,,,,,,,,,,,,,,,,,,,True,,2025-03-06 09:50:00-05:00,2025-03-06 10:03:00-05:00,2025-03-06 10:04:00-05:00,20354.0,20356.5,20316.5,20436.5,2025-03-06 10:17:00-05:00,20436.5,20434.0,target,153.66,20315.5,20363.75,20311.25,20353.75,11679.0,20286.93707252179,20354.0,20386.0,20353.5,20358.75,10321.0,20289.641039942628,20409.0,20437.25,20401.5,20433.25,5826.0,20316.689907678938,False,signal_filtered,2025-03-06 09:50:00-05:00,,,,,,,,,,,,,,,,,,,,,,,,,,,,,
2025-03-07,phase6_causal_or_retest_v1,d8df78957051c9de,25c269cde02debe4,7b30e3d97c41bd58,ed5db2d90d8371c44cbe212d6d16ad117537c9e185a6592a6ca108ece643d8ce,2026-04-24T15:59:00-04:00,2026-04-26T01:55:46.523945+00:00,True,clean,390,390,0,0,0,2025-03-07 15:59:00-05:00,2025-03-07 15:59:00-05:00,False,True,clean,wide,80.0,20,20,20190.75,20024.25,166.5,0.7492492492492493,tier1_pilot,False,False,or_class_wide,,,,,,,,,,,,,,,,,,,,,,,,,,,,,,,False,or_class_wide,,,,,,,,,,,,,,,,,,,,,,,,,,,,,,,False,or_class_wide,,,,,,,,,,,,,,,,,,,,,,,,,,,,,,
2025-03-10,phase6_causal_or_retest_v1,d8df78957051c9de,25c269cde02debe4,7b30e3d97c41bd58,ed5db2d90d8371c44cbe212d6d16ad117537c9e185a6592a6ca108ece643d8ce,2026-04-24T15:59:00-04:00,2026-04-26T01:55:46.523945+00:00,True,clean,390,390,0,0,0,2025-03-10 15:59:00-04:00,2025-03-10 15:59:00-04:00,False,True,clean,normal,55.00000000000001,20,20,19902.0,19787.75,114.25,0.8205689277899344,tier1_pilot,False,False,no_upside_breakout,,,,,,,,,,,,,,,,,,,,,,,,,,,,,,,False,no_upside_breakout,,,,,,,,,,,,,,,,,,,,,,,,,,,,,,,False,no_upside_breakout,,,,,,,,,,,,,,,,,,,,,,,,,,,,,,
2025-03-11,phase6_causal_or_retest_v1,d8df78957051c9de,25c269cde02debe4,7b30e3d97c41bd58,ed5db2d90d8371c44cbe212d6d16ad117537c9e185a6592a6ca108ece643d8ce,2026-04-24T15:59:00-04:00,2026-04-26T01:55:46.523945+00:00,True,clean,390,390,0,0,0,2025-03-11 15:59:00-04:00,2025-03-11 15:59:00-04:00,False,True,clean,wide,80.0,20,20,19553.0,19386.5,166.5,0.9009009009009009,tier1_pilot,False,False,or_class_wide,,,,,,,,,,,,,,,,,,,,,,,,,,,,,,,False,or_class_wide,,,,,,,,,,,,,,,,,,,,,,,,,,,,,,,False,or_class_wide,,,,,,,,,,,,,,,,,,,,,,,,,,,,,,
2025-03-12,phase6_causal_or_retest_v1,d8df78957051c9de,25c269cde02debe4,7b30e3d97c41bd58,ed5db2d90d8371c44cbe212d6d16ad117537c9e185a6592a6ca108ece643d8ce,2026-04-24T15:59:00-04:00,2026-04-26T01:55:46.523945+00:00,True,clean,390,390,0,0,0,2025-03-12 15:59:00-04:00,2025-03-12 15:59:00-04:00,False,True,clean,normal,45.0,20,20,19776.75,19668.0,108.75,0.167816091954023,tier1_pilot,False,False,no_upside_breakout,,,,,,,,,,,,,,,,,,,,,,,,,,,,,,,False,no_upside_breakout,,,,,,,,,,,,,,,,,,,,,,,,,,,,,,,False,no_upside_breakout,,,,,,,,,,,,,,,,,,,,,,,,,,,,,,
2025-03-13,phase6_causal_or_retest_v1,d8df78957051c9de,25c269cde02debe4,7b30e3d97c41bd58,ed5db2d90d8371c44cbe212d6d16ad117537c9e185a6592a6ca108ece643d8ce,2026-04-24T15:59:00-04:00,2026-04-26T01:55:46.523945+00:00,True,clean,390,390,0,0,0,2025-03-13 15:59:00-04:00,2025-03-13 15:59:00-04:00,False,True,clean,normal,40.0,20,20,19577.0,19470.25,106.75,0.01405152224824356,tier1_pilot,False,False,no_upside_breakout,,,,,,,,,,,,,,,,,,,,,,,,,,,,,,,False,no_upside_breakout,,,,,,,,,,,,,,,,,,,,,,,,,,,,,,,False,no_upside_breakout,,,,,,,,,,,,,,,,,,,,,,,,,,,,,,
2025-03-14,phase6_causal_or_retest_v1,d8df78957051c9de,25c269cde02debe4,7b30e3d97c41bd58,ed5db2d90d8371c44cbe212d6d16ad117537c9e185a6592a6ca108ece643d8ce,2026-04-24T15:59:00-04:00,2026-04-26T01:55:46.523945+00:00,True,clean,390,390,0,0,0,2025-03-14 15:59:00-04:00,2025-03-14 15:59:00-04:00,False,True,clean,normal,70.0,20,20,19600.5,19450.0,150.5,0.8438538205980066,tier1_pilot,False,False,signal_filtered,2025-03-14 09:50:00-04:00,,,,,,,,,,,,,,,,,,,,,,,,,,,,,,True,,2025-03-14 09:50:00-04:00,2025-03-14 10:59:00-04:00,2025-03-14 11:00:00-04:00,19610.25,19612.75,19572.75,19692.75,2025-03-14 11:41:00-04:00,19692.75,19690.25,target,153.66,19587.5,19611.0,19585.75,19610.5,7863.0,19532.92549293301,19610.25,19641.5,19609.75,19624.25,14459.0,19534.923651853558,19688.75,19694.75,19685.75,19691.75,3986.0,19556.22475212424,False,signal_filtered,2025-03-14 09:50:00-04:00,,,,,,,,,,,,,,,,,,,,,,,,,,,,,
2025-03-17,phase6_causal_or_retest_v1,d8df78957051c9de,25c269cde02debe4,7b30e3d97c41bd58,ed5db2d90d8371c44cbe212d6d16ad117537c9e185a6592a6ca108ece643d8ce,2026-04-24T15:59:00-04:00,2026-04-26T01:55:46.523945+00:00,True,clean,390,390,0,0,0,2025-03-17 15:59:00-04:00,2025-03-17 15:59:00-04:00,False,True,clean,normal,70.0,20,20,19848.0,19684.0,164.0,0.7774390243902439,tier1_pilot,False,False,no_retest_signal,2025-03-17 14:11:00-04:00,,,,,,,,,,,,,,,,,,,,,,,,,,,,,,False,no_retest_signal,2025-03-17 14:11:00-04:00,,,,,,,,,,,,,,,,,,,,,,,,,,,,,,False,no_retest_signal,2025-03-17 14:11:00-04:00,,,,,,,,,,,,,,,,,,,,,,,,,,,,,
2025-03-18,phase6_causal_or_retest_v1,d8df78957051c9de,25c269cde02debe4,7b30e3d97c41bd58,ed5db2d90d8371c44cbe212d6d16ad117537c9e185a6592a6ca108ece643d8ce,2026-04-24T15:59:00-04:00,2026-04-26T01:55:46.523945+00:00,True,clean,390,390,0,0,0,2025-03-18 15:59:00-04:00,2025-03-18 15:59:00-04:00,False,True,clean,wide,95.0,20,20,19693.5,19504.0,189.5,0.025065963060686015,tier1_pilot,False,False,or_class_wide,,,,,,,,,,,,,,,,,,,,,,,,,,,,,,,False,or_class_wide,,,,,,,,,,,,,,,,,,,,,,,,,,,,,,,False,or_class_wide,,,,,,,,,,,,,,,,,,,,,,,,,,,,,,
2025-03-19,phase6_causal_or_retest_v1,d8df78957051c9de,25c269cde02debe4,7b30e3d97c41bd58,ed5db2d90d8371c44cbe212d6d16ad117537c9e185a6592a6ca108ece643d8ce,2026-04-24T15:59:00-04:00,2026-04-26T01:55:46.523945+00:00,True,clean,390,390,0,0,0,2025-03-19 15:59:00-04:00,2025-03-19 15:59:00-04:00,False,True,clean,normal,35.0,20,20,19610.5,19503.25,107.25,0.17249417249417248,tier1_pilot,False,True,,2025-03-19 09:54:00-04:00,2025-03-19 10:47:00-04:00,2025-03-19 10:48:00-04:00,19622.25,19624.75,19584.75,19674.75,2025-03-19 11:26:00-04:00,19674.75,19672.25,target,93.66,19610.5,19624.0,19608.0,19621.75,844.0,19613.99718818215,19622.25,19628.25,19615.0,19621.25,764.0,19614.070791441423,19667.25,19678.5,19667.25,19670.0,680.0,19617.293404318993,True,,2025-03-19 09:54:00-04:00,2025-03-19 10:47:00-04:00,2025-03-19 10:48:00-04:00,19622.25,19624.75,19584.75,19704.75,2025-03-19 11:50:00-04:00,19704.75,19702.25,target,153.66,19610.5,19624.0,19608.0,19621.75,844.0,19613.99718818215,19622.25,19628.25,19615.0,19621.25,764.0,19614.070791441423,19698.0,19712.0,19697.0,19710.75,1180.0,19623.521998639906,False,signal_filtered,2025-03-19 09:54:00-04:00,,,,,,,,,,,,,,,,,,,,,,,,,,,,,
2025-03-20,phase6_causal_or_retest_v1,d8df78957051c9de,25c269cde02debe4,7b30e3d97c41bd58,ed5db2d90d8371c44cbe212d6d16ad117537c9e185a6592a6ca108ece643d8ce,2026-04-24T15:59:00-04:00,2026-04-26T01:55:46.523945+00:00,True,clean,390,390,0,0,0,2025-03-20 15:59:00-04:00,2025-03-20 15:59:00-04:00,False,True,clean,normal,55.00000000000001,20,20,19703.75,19553.75,150.0,0.8366666666666667,tier1_pilot,False,False,no_retest_signal,2025-03-20 09:45:00-04:00,,,,,,,,,,,,,,,,,,,,,,,,,,,,,,False,no_retest_signal,2025-03-20 09:45:00-04:00,,,,,,,,,,,,,,,,,,,,,,,,,,,,,,False,no_retest_signal,2025-03-20 09:45:00-04:00,,,,,,,,,,,,,,,,,,,,,,,,,,,,,
2025-03-21,phase6_causal_or_retest_v1,d8df78957051c9de,25c269cde02debe4,7b30e3d97c41bd58,ed5db2d90d8371c44cbe212d6d16ad117537c9e185a6592a6ca108ece643d8ce,2026-04-24T15:59:00-04:00,2026-04-26T01:55:46.523945+00:00,False,zero_volume_or,390,390,0,390,375,2025-03-21 15:59:00-04:00,2025-03-21 15:59:00-04:00,False,False,zero_volume_or_and_post_or,unknown,,20,20,,,,,tier1_pilot,False,False,zero_volume_or,,,,,,,,,,,,,,,,,,,,,,,,,,,,,,,False,zero_volume_or,,,,,,,,,,,,,,,,,,,,,,,,,,,,,,,False,zero_volume_or,,,,,,,,,,,,,,,,,,,,,,,,,,,,,,
2025-03-24,phase6_causal_or_retest_v1,d8df78957051c9de,25c269cde02debe4,7b30e3d97c41bd58,ed5db2d90d8371c44cbe212d6d16ad117537c9e185a6592a6ca108ece643d8ce,2026-04-24T15:59:00-04:00,2026-04-26T01:55:46.523945+00:00,True,clean,390,390,0,0,0,2025-03-24 15:59:00-04:00,2025-03-24 15:59:00-04:00,False,True,clean,tight,0.0,20,20,20293.0,20228.75,64.25,0.14785992217898833,tier1_pilot,False,False,or_class_tight,,,,,,,,,,,,,,,,,,,,,,,,,,,,,,,False,signal_filtered,2025-03-24 09:46:00-04:00,,,,,,,,,,,,,,,,,,,,,,,,,,,,,,False,or_class_tight,,,,,,,,,,,,,,,,,,,,,,,,,,,,,,
2025-03-25,phase6_causal_or_retest_v1,d8df78957051c9de,25c269cde02debe4,7b30e3d97c41bd58,ed5db2d90d8371c44cbe212d6d16ad117537c9e185a6592a6ca108ece643d8ce,2026-04-24T15:59:00-04:00,2026-04-26T01:55:46.523945+00:00,True,clean,390,390,0,0,0,2025-03-25 15:59:00-04:00,2025-03-25 15:59:00-04:00,False,True,clean,tight,0.0,20,20,20429.0,20368.5,60.5,0.4214876033057851,tier1_pilot,False,False,or_class_tight,,,,,,,,,,,,,,,,,,,,,,,,,,,,,,,True,,2025-03-25 10:15:00-04:00,2025-03-25 10:35:00-04:00,2025-03-25 10:36:00-04:00,20444.0,20446.5,20406.5,20526.5,2025-03-25 13:29:00-04:00,20406.5,20404.0,stop,-86.34,20433.75,20445.75,20432.25,20444.25,3857.0,20407.664835931617,20444.0,20449.5,20440.75,20448.5,2853.0,20408.003231533003,20417.75,20418.0,20402.0,20408.5,5239.0,20434.35693254729,False,or_class_tight,,,,,,,,,,,,,,,,,,,,,,,,,,,,,,
2025-03-26,phase6_causal_or_retest_v1,d8df78957051c9de,25c269cde02debe4,7b30e3d97c41bd58,ed5db2d90d8371c44cbe212d6d16ad117537c9e185a6592a6ca108ece643d8ce,2026-04-24T15:59:00-04:00,2026-04-26T01:55:46.523945+00:00,True,clean,390,390,0,0,0,2025-03-26 15:59:00-04:00,2025-03-26 15:59:00-04:00,False,True,clean,tight,5.0,20,20,20475.0,20412.75,62.25,0.5180722891566265,tier1_pilot,False,False,or_class_tight,,,,,,,,,,,,,,,,,,,,,,,,,,,,,,,False,no_upside_breakout,,,,,,,,,,,,,,,,,,,,,,,,,,,,,,,False,or_class_tight,,,,,,,,,,,,,,,,,,,,,,,,,,,,,,
2025-03-27,phase6_causal_or_retest_v1,d8df78957051c9de,25c269cde02debe4,7b30e3d97c41bd58,ed5db2d90d8371c44cbe212d6d16ad117537c9e185a6592a6ca108ece643d8ce,2026-04-24T15:59:00-04:00,2026-04-26T01:55:46.523945+00:00,True,clean,390,390,0,0,0,2025-03-27 15:59:00-04:00,2025-03-27 15:59:00-04:00,False,True,clean,normal,45.0,20,20,20069.75,19937.75,132.0,0.32007575757575757,tier1_pilot,False,True,,2025-03-27 09:55:00-04:00,2025-03-27 10:17:00-04:00,2025-03-27 10:18:00-04:00,20081.25,20083.75,20043.75,20133.75,2025-03-27 10:35:00-04:00,20133.75,20131.25,target,93.66,20069.5,20083.0,20060.0,20081.75,5398.0,20024.214947008713,20081.25,20086.75,20067.5,20070.5,3559.0,20024.702721837773,20128.5,20138.5,20124.0,20138.25,4687.0,20037.662593949186,True,,2025-03-27 09:55:00-04:00,2025-03-27 10:17:00-04:00,2025-03-27 10:18:00-04:00,20081.25,20083.75,20043.75,20163.75,2025-03-27 10:38:00-04:00,20163.75,20161.25,target,153.66,20069.5,20083.0,20060.0,20081.75,5398.0,20024.214947008713,20081.25,20086.75,20067.5,20070.5,3559.0,20024.702721837773,20149.5,20168.0,20149.25,20165.75,9481.0,20042.210727178666,False,signal_filtered,2025-03-27 09:55:00-04:00,,,,,,,,,,,,,,,,,,,,,,,,,,,,,
2025-03-28,phase6_causal_or_retest_v1,d8df78957051c9de,25c269cde02debe4,7b30e3d97c41bd58,ed5db2d90d8371c44cbe212d6d16ad117537c9e185a6592a6ca108ece643d8ce,2026-04-24T15:59:00-04:00,2026-04-26T01:55:46.523945+00:00,True,clean,390,390,0,0,0,2025-03-28 15:59:00-04:00,2025-03-28 15:59:00-04:00,False,True,clean,tight,20.0,20,20,19941.25,19839.5,101.75,0.4152334152334152,tier1_pilot,False,False,or_class_tight,,,,,,,,,,,,,,,,,,,,,,,,,,,,,,,False,no_upside_breakout,,,,,,,,,,,,,,,,,,,,,,,,,,,,,,,False,or_class_tight,,,,,,,,,,,,,,,,,,,,,,,,,,,,,,
2025-03-31,phase6_causal_or_retest_v1,d8df78957051c9de,25c269cde02debe4,7b30e3d97c41bd58,ed5db2d90d8371c44cbe212d6d16ad117537c9e185a6592a6ca108ece643d8ce,2026-04-24T15:59:00-04:00,2026-04-26T01:55:46.523945+00:00,True,clean,390,390,0,0,0,2025-03-31 15:59:00-04:00,2025-03-31 15:59:00-04:00,False,True,clean,wide,95.0,20,20,19192.25,19003.25,189.0,0.009259259259259259,tier1_pilot,False,False,or_class_wide,,,,,,,,,,,,,,,,,,,,,,,,,,,,,,,False,or_class_wide,,,,,,,,,,,,,,,,,,,,,,,,,,,,,,,False,or_class_wide,,,,,,,,,,,,,,,,,,,,,,,,,,,,,,
2025-04-01,phase6_causal_or_retest_v1,d8df78957051c9de,25c269cde02debe4,7b30e3d97c41bd58,ed5db2d90d8371c44cbe212d6d16ad117537c9e185a6592a6ca108ece643d8ce,2026-04-24T15:59:00-04:00,2026-04-26T01:55:46.523945+00:00,True,clean,390,390,0,0,0,2025-04-01 15:59:00-04:00,2025-04-01 15:59:00-04:00,False,True,clean,tight,20.0,20,20,19433.0,19338.25,94.75,0.6596306068601583,tier1_pilot,False,False,or_class_tight,,,,,,,,,,,,,,,,,,,,,,,,,,,,,,,True,,2025-04-01 09:47:00-04:00,2025-04-01 10:42:00-04:00,2025-04-01 10:43:00-04:00,19438.75,19441.25,19401.25,19521.25,2025-04-01 11:00:00-04:00,19521.25,19518.75,target,153.66,19429.5,19443.0,19417.25,19438.25,7331.0,19367.773718879005,19438.75,19464.5,19437.0,19458.0,9949.0,19369.267407848896,19515.75,19524.75,19502.75,19521.25,7418.0,19384.390665420677,False,or_class_tight,,,,,,,,,,,,,,,,,,,,,,,,,,,,,,
2025-04-02,phase6_causal_or_retest_v1,d8df78957051c9de,25c269cde02debe4,7b30e3d97c41bd58,ed5db2d90d8371c44cbe212d6d16ad117537c9e185a6592a6ca108ece643d8ce,2026-04-24T15:59:00-04:00,2026-04-26T01:55:46.523945+00:00,True,clean,390,390,0,0,0,2025-04-02 15:59:00-04:00,2025-04-02 15:59:00-04:00,False,True,clean,wide,100.0,20,20,19533.75,19317.0,216.75,0.9815455594002307,tier1_pilot,False,False,or_class_wide,,,,,,,,,,,,,,,,,,,,,,,,,,,,,,,False,or_class_wide,,,,,,,,,,,,,,,,,,,,,,,,,,,,,,,False,or_class_wide,,,,,,,,,,,,,,,,,,,,,,,,,,,,,,
2025-04-03,phase6_causal_or_retest_v1,d8df78957051c9de,25c269cde02debe4,7b30e3d97c41bd58,ed5db2d90d8371c44cbe212d6d16ad117537c9e185a6592a6ca108ece643d8ce,2026-04-24T15:59:00-04:00,2026-04-26T01:55:46.523945+00:00,True,clean,390,390,0,0,0,2025-04-03 15:59:00-04:00,2025-04-03 15:59:00-04:00,False,True,clean,normal,70.0,20,20,19074.0,18910.75,163.25,0.48085758039816234,tier1_pilot,False,False,no_upside_breakout,,,,,,,,,,,,,,,,,,,,,,,,,,,,,,,False,no_upside_breakout,,,,,,,,,,,,,,,,,,,,,,,,,,,,,,,False,no_upside_breakout,,,,,,,,,,,,,,,,,,,,,,,,,,,,,,
2025-04-04,phase6_causal_or_retest_v1,d8df78957051c9de,25c269cde02debe4,7b30e3d97c41bd58,ed5db2d90d8371c44cbe212d6d16ad117537c9e185a6592a6ca108ece643d8ce,2026-04-24T15:59:00-04:00,2026-04-26T01:55:46.523945+00:00,True,clean,390,390,0,0,0,2025-04-04 15:59:00-04:00,2025-04-04 15:59:00-04:00,False,True,clean,wide,100.0,20,20,18248.75,18008.25,240.5,0.08523908523908524,tier1_pilot,False,False,or_class_wide,,,,,,,,,,,,,,,,,,,,,,,,,,,,,,,False,or_class_wide,,,,,,,,,,,,,,,,,,,,,,,,,,,,,,,False,or_class_wide,,,,,,,,,,,,,,,,,,,,,,,,,,,,,,
2025-04-07,phase6_causal_or_retest_v1,d8df78957051c9de,25c269cde02debe4,7b30e3d97c41bd58,ed5db2d90d8371c44cbe212d6d16ad117537c9e185a6592a6ca108ece643d8ce,2026-04-24T15:59:00-04:00,2026-04-26T01:55:46.523945+00:00,True,clean,390,390,0,0,0,2025-04-07 15:59:00-04:00,2025-04-07 15:59:00-04:00,False,True,clean,wide,100.0,20,20,16981.25,16673.5,307.75,0.26401299756295693,tier1_pilot,False,False,or_class_wide,,,,,,,,,,,,,,,,,,,,,,,,,,,,,,,False,or_class_wide,,,,,,,,,,,,,,,,,,,,,,,,,,,,,,,False,or_class_wide,,,,,,,,,,,,,,,,,,,,,,,,,,,,,,
2025-04-08,phase6_causal_or_retest_v1,d8df78957051c9de,25c269cde02debe4,7b30e3d97c41bd58,ed5db2d90d8371c44cbe212d6d16ad117537c9e185a6592a6ca108ece643d8ce,2026-04-24T15:59:00-04:00,2026-04-26T01:55:46.523945+00:00,True,clean,390,390,0,0,0,2025-04-08 15:59:00-04:00,2025-04-08 15:59:00-04:00,False,True,clean,normal,50.0,20,20,18202.0,18062.25,139.75,0.5044722719141324,tier1_pilot,False,False,no_retest_signal,2025-04-08 09:46:00-04:00,,,,,,,,,,,,,,,,,,,,,,,,,,,,,,False,no_retest_signal,2025-04-08 09:46:00-04:00,,,,,,,,,,,,,,,,,,,,,,,,,,,,,,False,no_retest_signal,2025-04-08 09:46:00-04:00,,,,,,,,,,,,,,,,,,,,,,,,,,,,,
2025-04-09,phase6_causal_or_retest_v1,d8df78957051c9de,25c269cde02debe4,7b30e3d97c41bd58,ed5db2d90d8371c44cbe212d6d16ad117537c9e185a6592a6ca108ece643d8ce,2026-04-24T15:59:00-04:00,2026-04-26T01:55:46.523945+00:00,True,clean,390,390,0,0,0,2025-04-09 15:59:00-04:00,2025-04-09 15:59:00-04:00,False,True,clean,wide,100.0,20,20,17553.75,17196.25,357.5,0.47692307692307695,tier1_pilot,False,False,or_class_wide,,,,,,,,,,,,,,,,,,,,,,,,,,,,,,,False,or_class_wide,,,,,,,,,,,,,,,,,,,,,,,,,,,,,,,False,or_class_wide,,,,,,,,,,,,,,,,,,,,,,,,,,,,,,
2025-04-10,phase6_causal_or_retest_v1,d8df78957051c9de,25c269cde02debe4,7b30e3d97c41bd58,ed5db2d90d8371c44cbe212d6d16ad117537c9e185a6592a6ca108ece643d8ce,2026-04-24T15:59:00-04:00,2026-04-26T01:55:46.523945+00:00,True,clean,390,390,0,0,0,2025-04-10 15:59:00-04:00,2025-04-10 15:59:00-04:00,False,True,clean,wide,80.0,20,20,18871.75,18679.25,192.5,0.2662337662337662,tier1_pilot,False,False,or_class_wide,,,,,,,,,,,,,,,,,,,,,,,,,,,,,,,False,or_class_wide,,,,,,,,,,,,,,,,,,,,,,,,,,,,,,,False,or_class_wide,,,,,,,,,,,,,,,,,,,,,,,,,,,,,,
2025-04-11,phase6_causal_or_retest_v1,d8df78957051c9de,25c269cde02debe4,7b30e3d97c41bd58,ed5db2d90d8371c44cbe212d6d16ad117537c9e185a6592a6ca108ece643d8ce,2026-04-24T15:59:00-04:00,2026-04-26T01:55:46.523945+00:00,True,clean,390,390,0,0,0,2025-04-11 15:59:00-04:00,2025-04-11 15:59:00-04:00,False,True,clean,wide,85.0,20,20,18571.25,18353.5,217.75,0.8381171067738232,tier1_pilot,False,False,or_class_wide,,,,,,,,,,,,,,,,,,,,,,,,,,,,,,,False,or_class_wide,,,,,,,,,,,,,,,,,,,,,,,,,,,,,,,False,or_class_wide,,,,,,,,,,,,,,,,,,,,,,,,,,,,,,
2025-04-14,phase6_causal_or_retest_v1,d8df78957051c9de,25c269cde02debe4,7b30e3d97c41bd58,ed5db2d90d8371c44cbe212d6d16ad117537c9e185a6592a6ca108ece643d8ce,2026-04-24T15:59:00-04:00,2026-04-26T01:55:46.523945+00:00,True,clean,390,390,0,0,0,2025-04-14 15:59:00-04:00,2025-04-14 15:59:00-04:00,False,True,clean,wide,90.0,20,20,19255.25,18994.25,261.0,0.22701149425287356,tier1_pilot,False,False,or_class_wide,,,,,,,,,,,,,,,,,,,,,,,,,,,,,,,False,or_class_wide,,,,,,,,,,,,,,,,,,,,,,,,,,,,,,,False,or_class_wide,,,,,,,,,,,,,,,,,,,,,,,,,,,,,,
2025-04-15,phase6_causal_or_retest_v1,d8df78957051c9de,25c269cde02debe4,7b30e3d97c41bd58,ed5db2d90d8371c44cbe212d6d16ad117537c9e185a6592a6ca108ece643d8ce,2026-04-24T15:59:00-04:00,2026-04-26T01:55:46.523945+00:00,True,clean,390,390,0,0,0,2025-04-15 15:59:00-04:00,2025-04-15 15:59:00-04:00,False,True,clean,normal,30.0,20,20,19086.75,18968.0,118.75,0.8610526315789474,tier1_pilot,True,True,,2025-04-15 09:48:00-04:00,2025-04-15 10:03:00-04:00,2025-04-15 10:04:00-04:00,19091.0,19093.5,19053.5,19143.5,2025-04-15 10:13:00-04:00,19143.5,19141.0,target,93.66,19078.75,19100.0,19076.25,19091.0,5739.0,19055.486245246535,19091.0,19095.75,19071.0,19076.75,4105.0,19055.997175182314,19133.0,19144.75,19115.75,19117.25,6455.0,19065.78381274965,True,,2025-04-15 09:48:00-04:00,2025-04-15 10:03:00-04:00,2025-04-15 10:04:00-04:00,19091.0,19093.5,19053.5,19173.5,2025-04-15 10:17:00-04:00,19053.5,19051.0,stop,-86.34,19078.75,19100.0,19076.25,19091.0,5739.0,19055.486245246535,19091.0,19095.75,19071.0,19076.75,4105.0,19055.997175182314,19090.0,19106.75,19040.75,19049.75,11301.0,19067.726364330138,True,,2025-04-15 09:48:00-04:00,2025-04-15 10:03:00-04:00,2025-04-15 10:04:00-04:00,19091.0,19093.5,19053.5,19143.5,2025-04-15 10:13:00-04:00,19143.5,19141.0,target,93.66,19078.75,19100.0,19076.25,19091.0,5739.0,19055.486245246535,19091.0,19095.75,19071.0,19076.75,4105.0,19055.997175182314,19133.0,19144.75,19115.75,19117.25,6455.0,19065.78381274965
2025-04-16,phase6_causal_or_retest_v1,d8df78957051c9de,25c269cde02debe4,7b30e3d97c41bd58,ed5db2d90d8371c44cbe212d6d16ad117537c9e185a6592a6ca108ece643d8ce,2026-04-24T15:59:00-04:00,2026-04-26T01:55:46.523945+00:00,True,clean,390,390,0,0,0,2025-04-16 15:59:00-04:00,2025-04-16 15:59:00-04:00,False,True,clean,tight,25.0,20,20,18679.0,18572.5,106.5,0.5985915492957746,tier1_pilot,False,False,or_class_tight,,,,,,,,,,,,,,,,,,,,,,,,,,,,,,,False,no_retest_signal,2025-04-16 11:24:00-04:00,,,,,,,,,,,,,,,,,,,,,,,,,,,,,,False,or_class_tight,,,,,,,,,,,,,,,,,,,,,,,,,,,,,,
2025-04-17,phase6_causal_or_retest_v1,d8df78957051c9de,25c269cde02debe4,7b30e3d97c41bd58,ed5db2d90d8371c44cbe212d6d16ad117537c9e185a6592a6ca108ece643d8ce,2026-04-24T15:59:00-04:00,2026-04-26T01:55:46.523945+00:00,True,clean,390,390,0,0,0,2025-04-17 15:59:00-04:00,2025-04-17 15:59:00-04:00,False,True,clean,normal,40.0,20,20,18509.5,18382.25,127.25,0.27111984282907664,tier1_pilot,False,False,no_retest_signal,2025-04-17 14:20:00-04:00,,,,,,,,,,,,,,,,,,,,,,,,,,,,,,False,no_retest_signal,2025-04-17 14:20:00-04:00,,,,,,,,,,,,,,,,,,,,,,,,,,,,,,False,no_retest_signal,2025-04-17 14:20:00-04:00,,,,,,,,,,,,,,,,,,,,,,,,,,,,,
2025-04-21,phase6_causal_or_retest_v1,d8df78957051c9de,25c269cde02debe4,7b30e3d97c41bd58,ed5db2d90d8371c44cbe212d6d16ad117537c9e185a6592a6ca108ece643d8ce,2026-04-24T15:59:00-04:00,2026-04-26T01:55:46.523945+00:00,True,clean,390,390,0,0,0,2025-04-21 15:59:00-04:00,2025-04-21 15:59:00-04:00,False,True,clean,tight,25.0,20,20,18165.75,18060.75,105.0,0.20952380952380953,tier1_pilot,False,False,or_class_tight,,,,,,,,,,,,,,,,,,,,,,,,,,,,,,,False,no_upside_breakout,,,,,,,,,,,,,,,,,,,,,,,,,,,,,,,False,or_class_tight,,,,,,,,,,,,,,,,,,,,,,,,,,,,,,
2025-04-22,phase6_causal_or_retest_v1,d8df78957051c9de,25c269cde02debe4,7b30e3d97c41bd58,ed5db2d90d8371c44cbe212d6d16ad117537c9e185a6592a6ca108ece643d8ce,2026-04-24T15:59:00-04:00,2026-04-26T01:55:46.523945+00:00,True,clean,390,390,0,0,0,2025-04-22 15:59:00-04:00,2025-04-22 15:59:00-04:00,False,True,clean,normal,35.0,20,20,18211.0,18100.25,110.75,0.9977426636568849,tier1_pilot,False,False,no_retest_signal,2025-04-22 09:45:00-04:00,,,,,,,,,,,,,,,,,,,,,,,,,,,,,,False,no_retest_signal,2025-04-22 09:45:00-04:00,,,,,,,,,,,,,,,,,,,,,,,,,,,,,,False,no_retest_signal,2025-04-22 09:45:00-04:00,,,,,,,,,,,,,,,,,,,,,,,,,,,,,
2025-04-23,phase6_causal_or_retest_v1,d8df78957051c9de,25c269cde02debe4,7b30e3d97c41bd58,ed5db2d90d8371c44cbe212d6d16ad117537c9e185a6592a6ca108ece643d8ce,2026-04-24T15:59:00-04:00,2026-04-26T01:55:46.523945+00:00,True,clean,390,390,0,0,0,2025-04-23 15:59:00-04:00,2025-04-23 15:59:00-04:00,False,True,clean,normal,70.0,20,20,19113.0,18917.0,196.0,0.5663265306122449,tier1_pilot,False,False,signal_filtered,2025-04-23 09:51:00-04:00,,,,,,,,,,,,,,,,,,,,,,,,,,,,,,True,,2025-04-23 09:51:00-04:00,2025-04-23 10:31:00-04:00,2025-04-23 10:32:00-04:00,19126.25,19128.75,19088.75,19208.75,2025-04-23 10:42:00-04:00,19088.75,19086.25,stop,-86.34,19111.5,19128.0,19106.0,19126.75,5977.0,19036.22767389072,19126.25,19127.25,19113.0,19124.75,4119.0,19037.100694186036,19109.25,19111.0,19085.0,19104.5,6101.0,19047.285732295222,False,signal_filtered,2025-04-23 09:51:00-04:00,,,,,,,,,,,,,,,,,,,,,,,,,,,,,
2025-04-24,phase6_causal_or_retest_v1,d8df78957051c9de,25c269cde02debe4,7b30e3d97c41bd58,ed5db2d90d8371c44cbe212d6d16ad117537c9e185a6592a6ca108ece643d8ce,2026-04-24T15:59:00-04:00,2026-04-26T01:55:46.523945+00:00,True,clean,390,390,0,0,0,2025-04-24 15:59:00-04:00,2025-04-24 15:59:00-04:00,False,True,clean,normal,30.0,20,20,18961.25,18846.5,114.75,0.9389978213507625,tier1_pilot,False,False,no_retest_signal,2025-04-24 09:45:00-04:00,,,,,,,,,,,,,,,,,,,,,,,,,,,,,,False,no_retest_signal,2025-04-24 09:45:00-04:00,,,,,,,,,,,,,,,,,,,,,,,,,,,,,,False,no_retest_signal,2025-04-24 09:45:00-04:00,,,,,,,,,,,,,,,,,,,,,,,,,,,,,
2025-04-25,phase6_causal_or_retest_v1,d8df78957051c9de,25c269cde02debe4,7b30e3d97c41bd58,ed5db2d90d8371c44cbe212d6d16ad117537c9e185a6592a6ca108ece643d8ce,2026-04-24T15:59:00-04:00,2026-04-26T01:55:46.523945+00:00,True,clean,390,390,0,0,0,2025-04-25 15:59:00-04:00,2025-04-25 15:59:00-04:00,False,True,clean,tight,20.0,20,20,19363.25,19256.25,107.0,0.3691588785046729,tier1_pilot,False,False,or_class_tight,,,,,,,,,,,,,,,,,,,,,,,,,,,,,,,True,,2025-04-25 10:09:00-04:00,2025-04-25 10:10:00-04:00,2025-04-25 10:11:00-04:00,19386.5,19389.0,19349.0,19469.0,2025-04-25 10:20:00-04:00,19349.0,19346.5,stop,-86.34,19375.75,19393.5,19364.0,19386.5,9722.0,19311.013791324618,19386.5,19390.5,19371.0,19384.0,4453.0,19312.134726507335,19359.0,19368.75,19337.75,19346.0,8426.0,19322.42902378194,False,or_class_tight,,,,,,,,,,,,,,,,,,,,,,,,,,,,,,
2025-04-28,phase6_causal_or_retest_v1,d8df78957051c9de,25c269cde02debe4,7b30e3d97c41bd58,ed5db2d90d8371c44cbe212d6d16ad117537c9e185a6592a6ca108ece643d8ce,2026-04-24T15:59:00-04:00,2026-04-26T01:55:46.523945+00:00,True,clean,390,390,0,0,0,2025-04-28 15:59:00-04:00,2025-04-28 15:59:00-04:00,False,True,clean,normal,35.0,20,20,19599.0,19482.75,116.25,0.9827956989247312,tier1_pilot,False,False,no_retest_signal,2025-04-28 09:45:00-04:00,,,,,,,,,,,,,,,,,,,,,,,,,,,,,,False,no_retest_signal,2025-04-28 09:45:00-04:00,,,,,,,,,,,,,,,,,,,,,,,,,,,,,,False,no_retest_signal,2025-04-28 09:45:00-04:00,,,,,,,,,,,,,,,,,,,,,,,,,,,,,
2025-04-29,phase6_causal_or_retest_v1,d8df78957051c9de,25c269cde02debe4,7b30e3d97c41bd58,ed5db2d90d8371c44cbe212d6d16ad117537c9e185a6592a6ca108ece643d8ce,2026-04-24T15:59:00-04:00,2026-04-26T01:55:46.523945+00:00,True,clean,390,390,0,0,0,2025-04-29 15:59:00-04:00,2025-04-29 15:59:00-04:00,False,True,clean,tight,0.0,20,20,19477.5,19404.0,73.5,0.9217687074829932,tier1_pilot,False,False,or_class_tight,,,,,,,,,,,,,,,,,,,,,,,,,,,,,,,True,,2025-04-29 09:45:00-04:00,2025-04-29 10:29:00-04:00,2025-04-29 10:30:00-04:00,19496.75,19499.25,19459.25,19579.25,2025-04-29 10:38:00-04:00,19579.25,19576.75,target,153.66,19490.25,19500.0,19481.0,19495.25,4433.0,19507.428040295355,19496.75,19521.0,19491.75,19509.5,6773.0,19507.42780230452,19569.25,19579.75,19566.75,19574.25,3373.0,19510.737747553918,False,or_class_tight,,,,,,,,,,,,,,,,,,,,,,,,,,,,,,
2025-04-30,phase6_causal_or_retest_v1,d8df78957051c9de,25c269cde02debe4,7b30e3d97c41bd58,ed5db2d90d8371c44cbe212d6d16ad117537c9e185a6592a6ca108ece643d8ce,2026-04-24T15:59:00-04:00,2026-04-26T01:55:46.523945+00:00,True,clean,390,390,0,0,0,2025-04-30 15:59:00-04:00,2025-04-30 15:59:00-04:00,False,True,clean,normal,60.0,20,20,19304.25,19135.25,169.0,0.2618343195266272,tier1_pilot,False,False,signal_filtered,2025-04-30 10:29:00-04:00,,,,,,,,,,,,,,,,,,,,,,,,,,,,,,True,,2025-04-30 10:29:00-04:00,2025-04-30 10:30:00-04:00,2025-04-30 10:31:00-04:00,19320.5,19323.0,19283.0,19403.0,2025-04-30 10:38:00-04:00,19283.0,19280.5,stop,-86.34,19309.25,19324.25,19293.0,19320.25,7923.0,19213.65352750859,19320.5,19339.5,19320.25,19329.75,7442.0,19215.858923638476,19297.75,19303.25,19280.25,19298.25,5870.0,19224.240110022674,False,signal_filtered,2025-04-30 10:29:00-04:00,,,,,,,,,,,,,,,,,,,,,,,,,,,,,
2025-05-01,phase6_causal_or_retest_v1,d8df78957051c9de,25c269cde02debe4,7b30e3d97c41bd58,ed5db2d90d8371c44cbe212d6d16ad117537c9e185a6592a6ca108ece643d8ce,2026-04-24T15:59:00-04:00,2026-04-26T01:55:46.523945+00:00,True,clean,390,390,0,0,0,2025-05-01 15:59:00-04:00,2025-05-01 15:59:00-04:00,False,True,clean,tight,5.0,20,20,19990.5,19888.5,102.0,0.4215686274509804,tier1_pilot,False,False,or_class_tight,,,,,,,,,,,,,,,,,,,,,,,,,,,,,,,True,,2025-05-01 10:27:00-04:00,2025-05-01 10:28:00-04:00,2025-05-01 10:29:00-04:00,20003.0,20005.5,19965.5,20085.5,2025-05-01 11:09:00-04:00,20085.5,20083.0,target,153.66,19994.0,20005.25,19987.0,20003.25,6751.0,19938.08800747478,20003.0,20005.25,19994.75,19999.75,3102.0,19938.636192792706,20076.5,20088.0,20074.5,20081.0,2504.0,19967.646920765677,False,or_class_tight,,,,,,,,,,,,,,,,,,,,,,,,,,,,,,
2025-05-02,phase6_causal_or_retest_v1,d8df78957051c9de,25c269cde02debe4,7b30e3d97c41bd58,ed5db2d90d8371c44cbe212d6d16ad117537c9e185a6592a6ca108ece643d8ce,2026-04-24T15:59:00-04:00,2026-04-26T01:55:46.523945+00:00,True,clean,390,390,0,0,0,2025-05-02 15:59:00-04:00,2025-05-02 15:59:00-04:00,False,True,clean,tight,5.0,20,20,20125.0,20033.0,92.0,0.7309782608695652,tier1_pilot,False,False,or_class_tight,,,,,,,,,,,,,,,,,,,,,,,,,,,,,,,True,,2025-05-02 10:05:00-04:00,2025-05-02 10:10:00-04:00,2025-05-02 10:11:00-04:00,20144.5,20147.0,20107.0,20227.0,2025-05-02 12:01:00-04:00,20227.0,20224.5,target,153.66,20131.5,20151.75,20123.5,20144.25,9008.0,20088.490233321056,20144.5,20153.5,20134.75,20139.0,5511.0,20089.73365333523,20195.0,20254.75,20192.25,20215.5,15779.0,20133.25451240784,False,or_class_tight,,,,,,,,,,,,,,,,,,,,,,,,,,,,,,
2025-05-05,phase6_causal_or_retest_v1,d8df78957051c9de,25c269cde02debe4,7b30e3d97c41bd58,ed5db2d90d8371c44cbe212d6d16ad117537c9e185a6592a6ca108ece643d8ce,2026-04-24T15:59:00-04:00,2026-04-26T01:55:46.523945+00:00,True,clean,390,390,0,0,0,2025-05-05 15:59:00-04:00,2025-05-05 15:59:00-04:00,False,True,clean,tight,0.0,20,20,20053.75,19985.25,68.5,0.7664233576642335,tier1_pilot,False,False,or_class_tight,,,,,,,,,,,,,,,,,,,,,,,,,,,,,,,True,,2025-05-05 09:56:00-04:00,2025-05-05 10:00:00-04:00,2025-05-05 10:01:00-04:00,20093.25,20095.75,20055.75,20175.75,2025-05-05 10:04:00-04:00,20055.75,20053.25,stop,-86.34,20059.75,20097.75,20055.5,20092.25,9857.0,20032.9397176678,20093.25,20111.0,20093.25,20106.0,7965.0,20036.290714275765,20089.25,20089.25,20055.0,20057.25,7442.0,20040.538016476552,False,or_class_tight,,,,,,,,,,,,,,,,,,,,,,,,,,,,,,
2025-05-06,phase6_causal_or_retest_v1,d8df78957051c9de,25c269cde02debe4,7b30e3d97c41bd58,ed5db2d90d8371c44cbe212d6d16ad117537c9e185a6592a6ca108ece643d8ce,2026-04-24T15:59:00-04:00,2026-04-26T01:55:46.523945+00:00,True,clean,390,390,0,0,0,2025-05-06 15:59:00-04:00,2025-05-06 15:59:00-04:00,False,True,clean,tight,10.0,20,20,19864.5,19779.25,85.25,0.7947214076246334,tier1_pilot,False,False,or_class_tight,,,,,,,,,,,,,,,,,,,,,,,,,,,,,,,False,signal_filtered,2025-05-06 10:19:00-04:00,,,,,,,,,,,,,,,,,,,,,,,,,,,,,,False,or_class_tight,,,,,,,,,,,,,,,,,,,,,,,,,,,,,,
2025-05-07,phase6_causal_or_retest_v1,d8df78957051c9de,25c269cde02debe4,7b30e3d97c41bd58,ed5db2d90d8371c44cbe212d6d16ad117537c9e185a6592a6ca108ece643d8ce,2026-04-24T15:59:00-04:00,2026-04-26T01:55:46.523945+00:00,True,clean,390,390,0,0,0,2025-05-07 15:59:00-04:00,2025-05-07 15:59:00-04:00,False,True,clean,tight,0.0,20,20,19934.25,19866.0,68.25,0.8498168498168498,tier1_pilot,False,False,or_class_tight,,,,,,,,,,,,,,,,,,,,,,,,,,,,,,,True,,2025-05-07 09:57:00-04:00,2025-05-07 10:10:00-04:00,2025-05-07 10:11:00-04:00,19949.0,19951.5,19911.5,20031.5,2025-05-07 10:50:00-04:00,19911.5,19909.0,stop,-86.34,19944.75,19953.25,19938.5,19948.5,3765.0,19908.12027848276,19949.0,19953.0,19941.5,19942.5,2621.0,19908.634545372202,19919.25,19926.25,19901.75,19908.0,7438.0,19924.08343761276,False,or_class_tight,,,,,,,,,,,,,,,,,,,,,,,,,,,,,,
2025-05-08,phase6_causal_or_retest_v1,d8df78957051c9de,25c269cde02debe4,7b30e3d97c41bd58,ed5db2d90d8371c44cbe212d6d16ad117537c9e185a6592a6ca108ece643d8ce,2026-04-24T15:59:00-04:00,2026-04-26T01:55:46.523945+00:00,True,clean,390,390,0,0,0,2025-05-08 15:59:00-04:00,2025-05-08 15:59:00-04:00,False,True,clean,tight,15.0,20,20,20174.5,20097.75,76.75,0.3289902280130293,tier1_pilot,False,False,or_class_tight,,,,,,,,,,,,,,,,,,,,,,,,,,,,,,,False,no_retest_signal,2025-05-08 11:28:00-04:00,,,,,,,,,,,,,,,,,,,,,,,,,,,,,,False,or_class_tight,,,,,,,,,,,,,,,,,,,,,,,,,,,,,,
2025-05-09,phase6_causal_or_retest_v1,d8df78957051c9de,25c269cde02debe4,7b30e3d97c41bd58,ed5db2d90d8371c44cbe212d6d16ad117537c9e185a6592a6ca108ece643d8ce,2026-04-24T15:59:00-04:00,2026-04-26T01:55:46.523945+00:00,True,clean,390,390,0,0,0,2025-05-09 15:59:00-04:00,2025-05-09 15:59:00-04:00,False,True,clean,tight,0.0,20,20,20279.75,20220.0,59.75,0.11715481171548117,tier1_pilot,False,False,or_class_tight,,,,,,,,,,,,,,,,,,,,,,,,,,,,,,,False,no_upside_breakout,,,,,,,,,,,,,,,,,,,,,,,,,,,,,,,False,or_class_tight,,,,,,,,,,,,,,,,,,,,,,,,,,,,,,
2025-05-12,phase6_causal_or_retest_v1,d8df78957051c9de,25c269cde02debe4,7b30e3d97c41bd58,ed5db2d90d8371c44cbe212d6d16ad117537c9e185a6592a6ca108ece643d8ce,2026-04-24T15:59:00-04:00,2026-04-26T01:55:46.523945+00:00,True,clean,390,390,0,0,0,2025-05-12 15:59:00-04:00,2025-05-12 15:59:00-04:00,False,True,clean,wide,85.0,20,20,20922.25,20746.5,175.75,0.17496443812233287,tier1_pilot,False,False,or_class_wide,,,,,,,,,,,,,,,,,,,,,,,,,,,,,,,False,or_class_wide,,,,,,,,,,,,,,,,,,,,,,,,,,,,,,,False,or_class_wide,,,,,,,,,,,,,,,,,,,,,,,,,,,,,,
2025-05-13,phase6_causal_or_retest_v1,d8df78957051c9de,25c269cde02debe4,7b30e3d97c41bd58,ed5db2d90d8371c44cbe212d6d16ad117537c9e185a6592a6ca108ece643d8ce,2026-04-24T15:59:00-04:00,2026-04-26T01:55:46.523945+00:00,True,clean,390,390,0,0,0,2025-05-13 15:59:00-04:00,2025-05-13 15:59:00-04:00,False,True,clean,normal,55.00000000000001,20,20,21080.5,20973.25,107.25,0.8741258741258742,tier1_pilot,False,False,no_retest_signal,2025-05-13 09:50:00-04:00,,,,,,,,,,,,,,,,,,,,,,,,,,,,,,False,no_retest_signal,2025-05-13 09:50:00-04:00,,,,,,,,,,,,,,,,,,,,,,,,,,,,,,False,no_retest_signal,2025-05-13 09:50:00-04:00,,,,,,,,,,,,,,,,,,,,,,,,,,,,,
2025-05-14,phase6_causal_or_retest_v1,d8df78957051c9de,25c269cde02debe4,7b30e3d97c41bd58,ed5db2d90d8371c44cbe212d6d16ad117537c9e185a6592a6ca108ece643d8ce,2026-04-24T15:59:00-04:00,2026-04-26T01:55:46.523945+00:00,True,clean,390,390,0,0,0,2025-05-14 15:59:00-04:00,2025-05-14 15:59:00-04:00,False,True,clean,normal,30.0,20,20,21404.75,21314.0,90.75,0.30578512396694213,tier1_pilot,False,False,no_retest_signal,2025-05-14 12:32:00-04:00,,,,,,,,,,,,,,,,,,,,,,,,,,,,,,False,no_retest_signal,2025-05-14 12:32:00-04:00,,,,,,,,,,,,,,,,,,,,,,,,,,,,,,False,no_retest_signal,2025-05-14 12:32:00-04:00,,,,,,,,,,,,,,,,,,,,,,,,,,,,,
2025-05-15,phase6_causal_or_retest_v1,d8df78957051c9de,25c269cde02debe4,7b30e3d97c41bd58,ed5db2d90d8371c44cbe212d6d16ad117537c9e185a6592a6ca108ece643d8ce,2026-04-24T15:59:00-04:00,2026-04-26T01:55:46.523945+00:00,True,clean,390,390,0,0,0,2025-05-15 15:59:00-04:00,2025-05-15 15:59:00-04:00,False,True,clean,tight,5.0,20,20,21339.5,21276.75,62.75,0.6374501992031872,tier1_pilot,False,False,or_class_tight,,,,,,,,,,,,,,,,,,,,,,,,,,,,,,,False,no_retest_signal,2025-05-15 11:03:00-04:00,,,,,,,,,,,,,,,,,,,,,,,,,,,,,,False,or_class_tight,,,,,,,,,,,,,,,,,,,,,,,,,,,,,,
2025-05-16,phase6_causal_or_retest_v1,d8df78957051c9de,25c269cde02debe4,7b30e3d97c41bd58,ed5db2d90d8371c44cbe212d6d16ad117537c9e185a6592a6ca108ece643d8ce,2026-04-24T15:59:00-04:00,2026-04-26T01:55:46.523945+00:00,True,clean,390,390,0,0,0,2025-05-16 15:59:00-04:00,2025-05-16 15:59:00-04:00,False,True,clean,normal,30.0,20,20,21470.25,21388.75,81.5,0.3312883435582822,tier1_pilot,False,False,no_retest_signal,2025-05-16 13:33:00-04:00,,,,,,,,,,,,,,,,,,,,,,,,,,,,,,False,no_retest_signal,2025-05-16 13:33:00-04:00,,,,,,,,,,,,,,,,,,,,,,,,,,,,,,False,no_retest_signal,2025-05-16 13:33:00-04:00,,,,,,,,,,,,,,,,,,,,,,,,,,,,,
2025-05-19,phase6_causal_or_retest_v1,d8df78957051c9de,25c269cde02debe4,7b30e3d97c41bd58,ed5db2d90d8371c44cbe212d6d16ad117537c9e185a6592a6ca108ece643d8ce,2026-04-24T15:59:00-04:00,2026-04-26T01:55:46.523945+00:00,True,clean,390,390,0,0,0,2025-05-19 15:59:00-04:00,2025-05-19 15:59:00-04:00,False,True,clean,wide,85.0,20,20,21335.0,21201.5,133.5,0.9794007490636704,tier1_pilot,False,False,or_class_wide,,,,,,,,,,,,,,,,,,,,,,,,,,,,,,,False,or_class_wide,,,,,,,,,,,,,,,,,,,,,,,,,,,,,,,False,or_class_wide,,,,,,,,,,,,,,,,,,,,,,,,,,,,,,
2025-05-20,phase6_causal_or_retest_v1,d8df78957051c9de,25c269cde02debe4,7b30e3d97c41bd58,ed5db2d90d8371c44cbe212d6d16ad117537c9e185a6592a6ca108ece643d8ce,2026-04-24T15:59:00-04:00,2026-04-26T01:55:46.523945+00:00,True,clean,390,390,0,0,0,2025-05-20 15:59:00-04:00,2025-05-20 15:59:00-04:00,False,True,clean,tight,0.0,20,20,21439.75,21390.5,49.25,0.47715736040609136,tier1_pilot,False,False,or_class_tight,,,,,,,,,,,,,,,,,,,,,,,,,,,,,,,True,,2025-05-20 10:40:00-04:00,2025-05-20 10:44:00-04:00,2025-05-20 10:45:00-04:00,21445.25,21447.75,21407.75,21527.75,2025-05-20 10:58:00-04:00,21407.75,21405.25,stop,-86.34,21434.5,21447.5,21434.0,21445.5,2948.0,21404.180491051087,21445.25,21451.0,21440.75,21447.0,3944.0,21404.73039922402,21418.25,21424.0,21407.0,21410.25,3899.0,21407.3842773496,False,or_class_tight,,,,,,,,,,,,,,,,,,,,,,,,,,,,,,
2025-05-21,phase6_causal_or_retest_v1,d8df78957051c9de,25c269cde02debe4,7b30e3d97c41bd58,ed5db2d90d8371c44cbe212d6d16ad117537c9e185a6592a6ca108ece643d8ce,2026-04-24T15:59:00-04:00,2026-04-26T01:55:46.523945+00:00,True,clean,390,390,0,0,0,2025-05-21 15:59:00-04:00,2025-05-21 15:59:00-04:00,False,True,clean,normal,55.00000000000001,20,20,21372.25,21277.0,95.25,0.9081364829396326,tier1_pilot,True,True,,2025-05-21 09:48:00-04:00,2025-05-21 10:38:00-04:00,2025-05-21 10:39:00-04:00,21400.25,21402.75,21362.75,21452.75,2025-05-21 10:59:00-04:00,21452.75,21450.25,target,93.66,21378.5,21400.25,21376.25,21400.0,3630.0,21373.662617086706,21400.25,21406.0,21397.5,21403.75,2584.0,21373.922869365615,21448.5,21459.0,21446.75,21456.0,3359.0,21381.227875186065,True,,2025-05-21 09:48:00-04:00,2025-05-21 10:38:00-04:00,2025-05-21 10:39:00-04:00,21400.25,21402.75,21362.75,21482.75,2025-05-21 11:07:00-04:00,21482.75,21480.25,target,153.66,21378.5,21400.25,21376.25,21400.0,3630.0,21373.662617086706,21400.25,21406.0,21397.5,21403.75,2584.0,21373.922869365615,21463.25,21488.5,21463.0,21488.0,4941.0,21387.520193781766,True,,2025-05-21 09:48:00-04:00,2025-05-21 10:38:00-04:00,2025-05-21 10:39:00-04:00,21400.25,21402.75,21362.75,21452.75,2025-05-21 10:59:00-04:00,21452.75,21450.25,target,93.66,21378.5,21400.25,21376.25,21400.0,3630.0,21373.662617086706,21400.25,21406.0,21397.5,21403.75,2584.0,21373.922869365615,21448.5,21459.0,21446.75,21456.0,3359.0,21381.227875186065
2025-05-22,phase6_causal_or_retest_v1,d8df78957051c9de,25c269cde02debe4,7b30e3d97c41bd58,ed5db2d90d8371c44cbe212d6d16ad117537c9e185a6592a6ca108ece643d8ce,2026-04-24T15:59:00-04:00,2026-04-26T01:55:46.523945+00:00,True,clean,390,390,0,0,0,2025-05-22 15:59:00-04:00,2025-05-22 15:59:00-04:00,False,True,clean,normal,65.0,20,20,21219.5,21113.75,105.75,0.4160756501182033,tier1_pilot,True,True,,2025-05-22 09:52:00-04:00,2025-05-22 10:27:00-04:00,2025-05-22 10:28:00-04:00,21237.75,21240.25,21200.25,21290.25,2025-05-22 10:54:00-04:00,21200.25,21197.75,stop,-86.34,21218.5,21239.75,21212.5,21238.25,3787.0,21228.929839094333,21237.75,21253.0,21237.75,21241.25,5692.0,21229.207445781394,21209.75,21213.25,21194.25,21198.25,5307.0,21229.89788708057,True,,2025-05-22 09:52:00-04:00,2025-05-22 10:27:00-04:00,2025-05-22 10:28:00-04:00,21237.75,21240.25,21200.25,21320.25,2025-05-22 10:54:00-04:00,21200.25,21197.75,stop,-86.34,21218.5,21239.75,21212.5,21238.25,3787.0,21228.929839094333,21237.75,21253.0,21237.75,21241.25,5692.0,21229.207445781394,21209.75,21213.25,21194.25,21198.25,5307.0,21229.89788708057,True,,2025-05-22 09:52:00-04:00,2025-05-22 10:27:00-04:00,2025-05-22 10:28:00-04:00,21237.75,21240.25,21200.25,21290.25,2025-05-22 10:54:00-04:00,21200.25,21197.75,stop,-86.34,21218.5,21239.75,21212.5,21238.25,3787.0,21228.929839094333,21237.75,21253.0,21237.75,21241.25,5692.0,21229.207445781394,21209.75,21213.25,21194.25,21198.25,5307.0,21229.89788708057
2025-05-23,phase6_causal_or_retest_v1,d8df78957051c9de,25c269cde02debe4,7b30e3d97c41bd58,ed5db2d90d8371c44cbe212d6d16ad117537c9e185a6592a6ca108ece643d8ce,2026-04-24T15:59:00-04:00,2026-04-26T01:55:46.523945+00:00,True,clean,390,390,0,0,0,2025-05-23 15:59:00-04:00,2025-05-23 15:59:00-04:00,False,True,clean,wide,85.0,20,20,20953.5,20821.5,132.0,0.6477272727272727,tier1_pilot,False,False,or_class_wide,,,,,,,,,,,,,,,,,,,,,,,,,,,,,,,False,or_class_wide,,,,,,,,,,,,,,,,,,,,,,,,,,,,,,,False,or_class_wide,,,,,,,,,,,,,,,,,,,,,,,,,,,,,,
2025-05-27,phase6_causal_or_retest_v1,d8df78957051c9de,25c269cde02debe4,7b30e3d97c41bd58,ed5db2d90d8371c44cbe212d6d16ad117537c9e185a6592a6ca108ece643d8ce,2026-04-24T15:59:00-04:00,2026-04-26T01:55:46.523945+00:00,True,clean,390,390,0,0,0,2025-05-27 15:59:00-04:00,2025-05-27 15:59:00-04:00,False,True,clean,normal,50.0,20,20,21284.5,21193.25,91.25,0.5342465753424658,tier1_pilot,False,False,no_retest_signal,2025-05-27 09:55:00-04:00,,,,,,,,,,,,,,,,,,,,,,,,,,,,,,False,no_retest_signal,2025-05-27 09:55:00-04:00,,,,,,,,,,,,,,,,,,,,,,,,,,,,,,False,no_retest_signal,2025-05-27 09:55:00-04:00,,,,,,,,,,,,,,,,,,,,,,,,,,,,,
2025-05-28,phase6_causal_or_retest_v1,d8df78957051c9de,25c269cde02debe4,7b30e3d97c41bd58,ed5db2d90d8371c44cbe212d6d16ad117537c9e185a6592a6ca108ece643d8ce,2026-04-24T15:59:00-04:00,2026-04-26T01:55:46.523945+00:00,True,clean,390,390,0,0,0,2025-05-28 15:59:00-04:00,2025-05-28 15:59:00-04:00,False,True,clean,normal,30.0,20,20,21564.75,21490.25,74.5,0.6912751677852349,tier1_pilot,False,False,no_upside_breakout,,,,,,,,,,,,,,,,,,,,,,,,,,,,,,,False,no_upside_breakout,,,,,,,,,,,,,,,,,,,,,,,,,,,,,,,False,no_upside_breakout,,,,,,,,,,,,,,,,,,,,,,,,,,,,,,
2025-05-29,phase6_causal_or_retest_v1,d8df78957051c9de,25c269cde02debe4,7b30e3d97c41bd58,ed5db2d90d8371c44cbe212d6d16ad117537c9e185a6592a6ca108ece643d8ce,2026-04-24T15:59:00-04:00,2026-04-26T01:55:46.523945+00:00,True,clean,390,390,0,0,0,2025-05-29 15:59:00-04:00,2025-05-29 15:59:00-04:00,False,True,clean,wide,90.0,20,20,21679.25,21522.5,156.75,0.025518341307814992,tier1_pilot,False,False,or_class_wide,,,,,,,,,,,,,,,,,,,,,,,,,,,,,,,False,or_class_wide,,,,,,,,,,,,,,,,,,,,,,,,,,,,,,,False,or_class_wide,,,,,,,,,,,,,,,,,,,,,,,,,,,,,,
2025-05-30,phase6_causal_or_retest_v1,d8df78957051c9de,25c269cde02debe4,7b30e3d97c41bd58,ed5db2d90d8371c44cbe212d6d16ad117537c9e185a6592a6ca108ece643d8ce,2026-04-24T15:59:00-04:00,2026-04-26T01:55:46.523945+00:00,True,clean,390,390,0,0,0,2025-05-30 15:59:00-04:00,2025-05-30 15:59:00-04:00,False,True,clean,normal,65.0,20,20,21390.75,21295.25,95.5,0.060209424083769635,tier1_pilot,False,False,no_retest_signal,2025-05-30 10:37:00-04:00,,,,,,,,,,,,,,,,,,,,,,,,,,,,,,False,no_retest_signal,2025-05-30 10:37:00-04:00,,,,,,,,,,,,,,,,,,,,,,,,,,,,,,False,no_retest_signal,2025-05-30 10:37:00-04:00,,,,,,,,,,,,,,,,,,,,,,,,,,,,,
2025-06-02,phase6_causal_or_retest_v1,d8df78957051c9de,25c269cde02debe4,7b30e3d97c41bd58,ed5db2d90d8371c44cbe212d6d16ad117537c9e185a6592a6ca108ece643d8ce,2026-04-24T15:59:00-04:00,2026-04-26T01:55:46.523945+00:00,True,clean,390,390,0,0,0,2025-06-02 15:59:00-04:00,2025-06-02 15:59:00-04:00,False,True,clean,wide,95.0,20,20,21458.0,21286.75,171.25,0.7927007299270074,tier1_pilot,False,False,or_class_wide,,,,,,,,,,,,,,,,,,,,,,,,,,,,,,,False,or_class_wide,,,,,,,,,,,,,,,,,,,,,,,,,,,,,,,False,or_class_wide,,,,,,,,,,,,,,,,,,,,,,,,,,,,,,
2025-06-03,phase6_causal_or_retest_v1,d8df78957051c9de,25c269cde02debe4,7b30e3d97c41bd58,ed5db2d90d8371c44cbe212d6d16ad117537c9e185a6592a6ca108ece643d8ce,2026-04-24T15:59:00-04:00,2026-04-26T01:55:46.523945+00:00,True,clean,390,390,0,0,0,2025-06-03 15:59:00-04:00,2025-06-03 15:59:00-04:00,False,True,clean,normal,45.0,20,20,21595.75,21510.0,85.75,0.6268221574344023,tier1_pilot,True,True,,2025-06-03 09:57:00-04:00,2025-06-03 10:00:00-04:00,2025-06-03 10:01:00-04:00,21610.0,21612.5,21572.5,21662.5,2025-06-03 10:08:00-04:00,21572.5,21570.0,stop,-86.34,21593.25,21619.75,21593.25,21610.25,7828.0,21564.284058639074,21610.0,21617.0,21604.25,21613.0,3070.0,21565.238059368563,21588.0,21589.25,21557.5,21574.25,9652.0,21573.45858986943,True,,2025-06-03 09:57:00-04:00,2025-06-03 10:36:00-04:00,2025-06-03 10:37:00-04:00,21599.25,21601.75,21561.75,21681.75,2025-06-03 11:20:00-04:00,21681.75,21679.25,target,153.66,21592.25,21600.75,21588.0,21599.0,2781.0,21583.170699395218,21599.25,21608.0,21593.75,21606.25,2967.0,21583.37935645071,21672.25,21685.25,21671.0,21679.0,4261.0,21599.996508979268,True,,2025-06-03 09:57:00-04:00,2025-06-03 10:00:00-04:00,2025-06-03 10:01:00-04:00,21610.0,21612.5,21572.5,21662.5,2025-06-03 10:08:00-04:00,21572.5,21570.0,stop,-86.34,21593.25,21619.75,21593.25,21610.25,7828.0,21564.284058639074,21610.0,21617.0,21604.25,21613.0,3070.0,21565.238059368563,21588.0,21589.25,21557.5,21574.25,9652.0,21573.45858986943
2025-06-04,phase6_causal_or_retest_v1,d8df78957051c9de,25c269cde02debe4,7b30e3d97c41bd58,ed5db2d90d8371c44cbe212d6d16ad117537c9e185a6592a6ca108ece643d8ce,2026-04-24T15:59:00-04:00,2026-04-26T01:55:46.523945+00:00,True,clean,390,390,0,0,0,2025-06-04 15:59:00-04:00,2025-06-04 15:59:00-04:00,False,True,clean,normal,30.0,20,20,21793.5,21716.75,76.75,0.5830618892508144,tier1_pilot,False,False,no_retest_signal,2025-06-04 14:06:00-04:00,,,,,,,,,,,,,,,,,,,,,,,,,,,,,,False,no_retest_signal,2025-06-04 14:06:00-04:00,,,,,,,,,,,,,,,,,,,,,,,,,,,,,,False,no_retest_signal,2025-06-04 14:06:00-04:00,,,,,,,,,,,,,,,,,,,,,,,,,,,,,
2025-06-05,phase6_causal_or_retest_v1,d8df78957051c9de,25c269cde02debe4,7b30e3d97c41bd58,ed5db2d90d8371c44cbe212d6d16ad117537c9e185a6592a6ca108ece643d8ce,2026-04-24T15:59:00-04:00,2026-04-26T01:55:46.523945+00:00,True,clean,390,390,0,0,0,2025-06-05 15:59:00-04:00,2025-06-05 15:59:00-04:00,False,True,clean,normal,65.0,20,20,21840.0,21735.0,105.0,0.42142857142857143,tier1_pilot,False,False,signal_filtered,2025-06-05 10:46:00-04:00,,,,,,,,,,,,,,,,,,,,,,,,,,,,,,False,signal_filtered,2025-06-05 10:46:00-04:00,,,,,,,,,,,,,,,,,,,,,,,,,,,,,,False,signal_filtered,2025-06-05 10:46:00-04:00,,,,,,,,,,,,,,,,,,,,,,,,,,,,,
2025-06-06,phase6_causal_or_retest_v1,d8df78957051c9de,25c269cde02debe4,7b30e3d97c41bd58,ed5db2d90d8371c44cbe212d6d16ad117537c9e185a6592a6ca108ece643d8ce,2026-04-24T15:59:00-04:00,2026-04-26T01:55:46.523945+00:00,True,clean,390,390,0,0,0,2025-06-06 15:59:00-04:00,2025-06-06 15:59:00-04:00,False,True,clean,normal,35.0,20,20,21852.25,21768.0,84.25,0.8545994065281899,tier1_pilot,False,False,no_retest_signal,2025-06-06 09:46:00-04:00,,,,,,,,,,,,,,,,,,,,,,,,,,,,,,False,no_retest_signal,2025-06-06 09:46:00-04:00,,,,,,,,,,,,,,,,,,,,,,,,,,,,,,False,no_retest_signal,2025-06-06 09:46:00-04:00,,,,,,,,,,,,,,,,,,,,,,,,,,,,,
2025-06-09,phase6_causal_or_retest_v1,d8df78957051c9de,25c269cde02debe4,7b30e3d97c41bd58,ed5db2d90d8371c44cbe212d6d16ad117537c9e185a6592a6ca108ece643d8ce,2026-04-24T15:59:00-04:00,2026-04-26T01:55:46.523945+00:00,True,clean,390,390,0,0,0,2025-06-09 15:59:00-04:00,2025-06-09 15:59:00-04:00,False,True,clean,tight,15.0,20,20,21815.0,21750.25,64.75,0.7027027027027027,tier1_pilot,False,False,or_class_tight,,,,,,,,,,,,,,,,,,,,,,,,,,,,,,,True,,2025-06-09 09:54:00-04:00,2025-06-09 10:09:00-04:00,2025-06-09 10:10:00-04:00,21822.25,21824.75,21784.75,21904.75,2025-06-09 15:55:00-04:00,21833.75,21831.25,time_exit,11.66,21812.75,21827.75,21811.5,21822.75,5362.0,21792.359605666366,21822.25,21833.75,21818.5,21829.75,5033.0,21793.476962262346,21823.25,21846.0,21823.25,21833.75,4472.0,21838.391302162494,False,or_class_tight,,,,,,,,,,,,,,,,,,,,,,,,,,,,,,
2025-06-10,phase6_causal_or_retest_v1,d8df78957051c9de,25c269cde02debe4,7b30e3d97c41bd58,ed5db2d90d8371c44cbe212d6d16ad117537c9e185a6592a6ca108ece643d8ce,2026-04-24T15:59:00-04:00,2026-04-26T01:55:46.523945+00:00,True,clean,390,390,0,0,0,2025-06-10 15:59:00-04:00,2025-06-10 15:59:00-04:00,False,True,clean,tight,15.0,20,20,21886.5,21818.0,68.5,0.5,tier1_pilot,False,False,or_class_tight,,,,,,,,,,,,,,,,,,,,,,,,,,,,,,,False,no_retest_signal,2025-06-10 09:52:00-04:00,,,,,,,,,,,,,,,,,,,,,,,,,,,,,,False,or_class_tight,,,,,,,,,,,,,,,,,,,,,,,,,,,,,,
2025-06-11,phase6_causal_or_retest_v1,d8df78957051c9de,25c269cde02debe4,7b30e3d97c41bd58,ed5db2d90d8371c44cbe212d6d16ad117537c9e185a6592a6ca108ece643d8ce,2026-04-24T15:59:00-04:00,2026-04-26T01:55:46.523945+00:00,True,clean,390,390,0,0,0,2025-06-11 15:59:00-04:00,2025-06-11 15:59:00-04:00,False,True,clean,tight,15.0,20,20,22024.75,21960.0,64.75,0.18532818532818532,tier1_pilot,False,False,or_class_tight,,,,,,,,,,,,,,,,,,,,,,,,,,,,,,,True,,2025-06-11 10:23:00-04:00,2025-06-11 10:24:00-04:00,2025-06-11 10:25:00-04:00,22031.25,22033.75,21993.75,22113.75,2025-06-11 11:10:00-04:00,21993.75,21991.25,stop,-86.34,22025.75,22031.75,22025.75,22031.5,2362.0,21982.85058068914,22031.25,22033.25,22027.25,22031.75,2018.0,21983.2727531472,21999.25,22025.0,21985.75,22021.25,9058.0,22001.578111791703,False,or_class_tight,,,,,,,,,,,,,,,,,,,,,,,,,,,,,,
2025-06-12,phase6_causal_or_retest_v1,d8df78957051c9de,25c269cde02debe4,7b30e3d97c41bd58,ed5db2d90d8371c44cbe212d6d16ad117537c9e185a6592a6ca108ece643d8ce,2026-04-24T15:59:00-04:00,2026-04-26T01:55:46.523945+00:00,True,clean,390,390,0,0,0,2025-06-12 15:59:00-04:00,2025-06-12 15:59:00-04:00,False,True,clean,tight,25.0,20,20,21884.75,21816.0,68.75,0.9272727272727272,tier1_pilot,False,False,or_class_tight,,,,,,,,,,,,,,,,,,,,,,,,,,,,,,,True,,2025-06-12 09:49:00-04:00,2025-06-12 10:07:00-04:00,2025-06-12 10:08:00-04:00,21893.5,21896.0,21856.0,21976.0,2025-06-12 11:03:00-04:00,21976.0,21973.5,target,153.66,21862.25,21903.0,21862.0,21893.5,12297.0,21863.76414167181,21893.5,21899.5,21884.5,21898.25,4677.0,21864.582652216995,21972.25,21977.5,21965.0,21968.25,3993.0,21892.911682339283,False,or_class_tight,,,,,,,,,,,,,,,,,,,,,,,,,,,,,,
2025-06-13,phase6_causal_or_retest_v1,d8df78957051c9de,25c269cde02debe4,7b30e3d97c41bd58,ed5db2d90d8371c44cbe212d6d16ad117537c9e185a6592a6ca108ece643d8ce,2026-04-24T15:59:00-04:00,2026-04-26T01:55:46.523945+00:00,True,clean,390,390,0,0,0,2025-06-13 15:59:00-04:00,2025-06-13 15:59:00-04:00,False,True,clean,wide,80.0,20,20,21788.25,21663.5,124.75,0.845691382765531,tier1_pilot,False,False,or_class_wide,,,,,,,,,,,,,,,,,,,,,,,,,,,,,,,False,or_class_wide,,,,,,,,,,,,,,,,,,,,,,,,,,,,,,,False,or_class_wide,,,,,,,,,,,,,,,,,,,,,,,,,,,,,,
2025-06-16,phase6_causal_or_retest_v1,d8df78957051c9de,25c269cde02debe4,7b30e3d97c41bd58,ed5db2d90d8371c44cbe212d6d16ad117537c9e185a6592a6ca108ece643d8ce,2026-04-24T15:59:00-04:00,2026-04-26T01:55:46.523945+00:00,True,clean,390,390,0,0,0,2025-06-16 15:59:00-04:00,2025-06-16 15:59:00-04:00,False,True,clean,normal,40.0,20,20,21876.0,21792.25,83.75,0.8238805970149253,tier1_pilot,False,False,no_retest_signal,2025-06-16 09:45:00-04:00,,,,,,,,,,,,,,,,,,,,,,,,,,,,,,False,no_retest_signal,2025-06-16 09:45:00-04:00,,,,,,,,,,,,,,,,,,,,,,,,,,,,,,False,no_retest_signal,2025-06-16 09:45:00-04:00,,,,,,,,,,,,,,,,,,,,,,,,,,,,,
2025-06-17,phase6_causal_or_retest_v1,d8df78957051c9de,25c269cde02debe4,7b30e3d97c41bd58,ed5db2d90d8371c44cbe212d6d16ad117537c9e185a6592a6ca108ece643d8ce,2026-04-24T15:59:00-04:00,2026-04-26T01:55:46.523945+00:00,True,clean,390,390,0,0,0,2025-06-17 15:59:00-04:00,2025-06-17 15:59:00-04:00,False,True,clean,normal,35.0,20,20,21886.5,21806.0,80.5,0.059006211180124224,tier1_pilot,False,True,,2025-06-17 10:11:00-04:00,2025-06-17 10:12:00-04:00,2025-06-17 10:13:00-04:00,21895.5,21898.0,21858.0,21948.0,2025-06-17 10:35:00-04:00,21858.0,21855.5,stop,-86.34,21889.25,21897.25,21888.75,21895.0,980.0,21853.139218230663,21895.5,21898.75,21890.75,21891.5,549.0,21853.738065439342,21875.25,21875.75,21855.0,21860.0,1169.0,21860.43818207727,True,,2025-06-17 10:11:00-04:00,2025-06-17 10:12:00-04:00,2025-06-17 10:13:00-04:00,21895.5,21898.0,21858.0,21978.0,2025-06-17 10:35:00-04:00,21858.0,21855.5,stop,-86.34,21889.25,21897.25,21888.75,21895.0,980.0,21853.139218230663,21895.5,21898.75,21890.75,21891.5,549.0,21853.738065439342,21875.25,21875.75,21855.0,21860.0,1169.0,21860.43818207727,False,signal_filtered,2025-06-17 10:11:00-04:00,,,,,,,,,,,,,,,,,,,,,,,,,,,,,
2025-06-18,phase6_causal_or_retest_v1,d8df78957051c9de,25c269cde02debe4,7b30e3d97c41bd58,ed5db2d90d8371c44cbe212d6d16ad117537c9e185a6592a6ca108ece643d8ce,2026-04-24T15:59:00-04:00,2026-04-26T01:55:46.523945+00:00,True,clean,390,390,0,0,0,2025-06-18 15:59:00-04:00,2025-06-18 15:59:00-04:00,False,True,clean,tight,25.0,20,20,21772.5,21703.5,69.0,0.7137681159420289,tier1_pilot,False,False,or_class_tight,,,,,,,,,,,,,,,,,,,,,,,,,,,,,,,True,,2025-06-18 09:49:00-04:00,2025-06-18 10:02:00-04:00,2025-06-18 10:03:00-04:00,21783.0,21785.5,21745.5,21865.5,2025-06-18 10:34:00-04:00,21865.5,21863.0,target,153.66,21759.25,21782.75,21757.0,21782.0,815.0,21753.82910339332,21783.0,21804.0,21781.75,21801.25,981.0,21755.6681789667,21856.25,21868.75,21855.25,21865.0,561.0,21783.438640911976,False,or_class_tight,,,,,,,,,,,,,,,,,,,,,,,,,,,,,,
2025-06-20,phase6_causal_or_retest_v1,d8df78957051c9de,25c269cde02debe4,7b30e3d97c41bd58,ed5db2d90d8371c44cbe212d6d16ad117537c9e185a6592a6ca108ece643d8ce,2026-04-24T15:59:00-04:00,2026-04-26T01:55:46.523945+00:00,False,zero_volume_or,390,390,0,390,375,2025-06-20 15:59:00-04:00,2025-06-20 15:59:00-04:00,False,False,zero_volume_or_and_post_or,unknown,,20,20,,,,,tier1_pilot,False,False,zero_volume_or,,,,,,,,,,,,,,,,,,,,,,,,,,,,,,,False,zero_volume_or,,,,,,,,,,,,,,,,,,,,,,,,,,,,,,,False,zero_volume_or,,,,,,,,,,,,,,,,,,,,,,,,,,,,,,
2025-06-23,phase6_causal_or_retest_v1,d8df78957051c9de,25c269cde02debe4,7b30e3d97c41bd58,ed5db2d90d8371c44cbe212d6d16ad117537c9e185a6592a6ca108ece643d8ce,2026-04-24T15:59:00-04:00,2026-04-26T01:55:46.523945+00:00,True,clean,390,390,0,0,0,2025-06-23 15:59:00-04:00,2025-06-23 15:59:00-04:00,False,True,clean,wide,85.0,20,20,21885.5,21758.5,127.0,0.9291338582677166,tier1_pilot,False,False,or_class_wide,,,,,,,,,,,,,,,,,,,,,,,,,,,,,,,False,or_class_wide,,,,,,,,,,,,,,,,,,,,,,,,,,,,,,,False,or_class_wide,,,,,,,,,,,,,,,,,,,,,,,,,,,,,,
2025-06-24,phase6_causal_or_retest_v1,d8df78957051c9de,25c269cde02debe4,7b30e3d97c41bd58,ed5db2d90d8371c44cbe212d6d16ad117537c9e185a6592a6ca108ece643d8ce,2026-04-24T15:59:00-04:00,2026-04-26T01:55:46.523945+00:00,True,clean,390,390,0,0,0,2025-06-24 15:59:00-04:00,2025-06-24 15:59:00-04:00,False,True,clean,tight,10.0,20,20,22327.75,22260.0,67.75,0.7490774907749077,tier1_pilot,False,False,or_class_tight,,,,,,,,,,,,,,,,,,,,,,,,,,,,,,,True,,2025-06-24 09:47:00-04:00,2025-06-24 10:41:00-04:00,2025-06-24 10:42:00-04:00,22332.5,22335.0,22295.0,22415.0,2025-06-24 12:44:00-04:00,22415.0,22412.5,target,153.66,22325.75,22338.75,22325.25,22332.5,4864.0,22304.308362970187,22332.5,22338.75,22332.0,22337.75,2413.0,22304.62716267998,22413.0,22417.5,22412.5,22415.5,1971.0,22330.105797648976,False,or_class_tight,,,,,,,,,,,,,,,,,,,,,,,,,,,,,,
2025-06-25,phase6_causal_or_retest_v1,d8df78957051c9de,25c269cde02debe4,7b30e3d97c41bd58,ed5db2d90d8371c44cbe212d6d16ad117537c9e185a6592a6ca108ece643d8ce,2026-04-24T15:59:00-04:00,2026-04-26T01:55:46.523945+00:00,True,clean,390,390,0,0,0,2025-06-25 15:59:00-04:00,2025-06-25 15:59:00-04:00,False,True,clean,tight,0.0,20,20,22548.25,22490.25,58.0,0.8232758620689655,tier1_pilot,False,False,or_class_tight,,,,,,,,,,,,,,,,,,,,,,,,,,,,,,,False,no_upside_breakout,,,,,,,,,,,,,,,,,,,,,,,,,,,,,,,False,or_class_tight,,,,,,,,,,,,,,,,,,,,,,,,,,,,,,
2025-06-26,phase6_causal_or_retest_v1,d8df78957051c9de,25c269cde02debe4,7b30e3d97c41bd58,ed5db2d90d8371c44cbe212d6d16ad117537c9e185a6592a6ca108ece643d8ce,2026-04-24T15:59:00-04:00,2026-04-26T01:55:46.523945+00:00,True,clean,390,390,0,0,0,2025-06-26 15:59:00-04:00,2025-06-26 15:59:00-04:00,False,True,clean,normal,35.0,20,20,22566.5,22495.0,71.5,0.4090909090909091,tier1_pilot,True,True,,2025-06-26 10:21:00-04:00,2025-06-26 10:24:00-04:00,2025-06-26 10:25:00-04:00,22571.25,22573.75,22533.75,22623.75,2025-06-26 12:01:00-04:00,22623.75,22621.25,target,93.66,22567.5,22572.0,22563.5,22571.75,1922.0,22531.689814515583,22571.25,22573.0,22564.0,22567.25,2118.0,22532.018948241137,22616.25,22628.5,22615.75,22625.0,4585.0,22557.30243901794,True,,2025-06-26 10:21:00-04:00,2025-06-26 10:24:00-04:00,2025-06-26 10:25:00-04:00,22571.25,22573.75,22533.75,22653.75,2025-06-26 14:05:00-04:00,22653.75,22651.25,target,153.66,22567.5,22572.0,22563.5,22571.75,1922.0,22531.689814515583,22571.25,22573.0,22564.0,22567.25,2118.0,22532.018948241137,22645.75,22669.0,22644.5,22655.0,7579.0,22573.734756193826,True,,2025-06-26 10:21:00-04:00,2025-06-26 10:24:00-04:00,2025-06-26 10:25:00-04:00,22571.25,22573.75,22533.75,22623.75,2025-06-26 12:01:00-04:00,22623.75,22621.25,target,93.66,22567.5,22572.0,22563.5,22571.75,1922.0,22531.689814515583,22571.25,22573.0,22564.0,22567.25,2118.0,22532.018948241137,22616.25,22628.5,22615.75,22625.0,4585.0,22557.30243901794
2025-06-27,phase6_causal_or_retest_v1,d8df78957051c9de,25c269cde02debe4,7b30e3d97c41bd58,ed5db2d90d8371c44cbe212d6d16ad117537c9e185a6592a6ca108ece643d8ce,2026-04-24T15:59:00-04:00,2026-04-26T01:55:46.523945+00:00,True,clean,390,390,0,0,0,2025-06-27 15:59:00-04:00,2025-06-27 15:59:00-04:00,False,True,clean,tight,5.0,20,20,22743.0,22682.0,61.0,0.8401639344262295,tier1_pilot,False,False,or_class_tight,,,,,,,,,,,,,,,,,,,,,,,,,,,,,,,False,no_retest_signal,2025-06-27 09:54:00-04:00,,,,,,,,,,,,,,,,,,,,,,,,,,,,,,False,or_class_tight,,,,,,,,,,,,,,,,,,,,,,,,,,,,,,
2025-06-30,phase6_causal_or_retest_v1,d8df78957051c9de,25c269cde02debe4,7b30e3d97c41bd58,ed5db2d90d8371c44cbe212d6d16ad117537c9e185a6592a6ca108ece643d8ce,2026-04-24T15:59:00-04:00,2026-04-26T01:55:46.523945+00:00,True,clean,390,390,0,0,0,2025-06-30 15:59:00-04:00,2025-06-30 15:59:00-04:00,False,True,clean,normal,45.0,20,20,22875.5,22801.25,74.25,0.17845117845117844,tier1_pilot,False,False,no_retest_signal,2025-06-30 15:21:00-04:00,,,,,,,,,,,,,,,,,,,,,,,,,,,,,,False,no_retest_signal,2025-06-30 15:21:00-04:00,,,,,,,,,,,,,,,,,,,,,,,,,,,,,,False,no_retest_signal,2025-06-30 15:21:00-04:00,,,,,,,,,,,,,,,,,,,,,,,,,,,,,
2025-07-01,phase6_causal_or_retest_v1,d8df78957051c9de,25c269cde02debe4,7b30e3d97c41bd58,ed5db2d90d8371c44cbe212d6d16ad117537c9e185a6592a6ca108ece643d8ce,2026-04-24T15:59:00-04:00,2026-04-26T01:55:46.523945+00:00,True,clean,390,390,0,0,0,2025-07-01 15:59:00-04:00,2025-07-01 15:59:00-04:00,False,True,clean,tight,0.0,20,20,22821.25,22779.75,41.5,0.3132530120481928,tier1_pilot,False,False,or_class_tight,,,,,,,,,,,,,,,,,,,,,,,,,,,,,,,True,,2025-07-01 09:50:00-04:00,2025-07-01 10:13:00-04:00,2025-07-01 10:14:00-04:00,22828.5,22831.0,22791.0,22911.0,2025-07-01 10:22:00-04:00,22791.0,22788.5,stop,-86.34,22811.25,22829.5,22808.0,22828.75,4295.0,22809.018220149122,22828.5,22830.75,22823.5,22829.5,3484.0,22809.487281826598,22798.5,22799.0,22774.25,22790.5,8850.0,22810.979676235376,False,or_class_tight,,,,,,,,,,,,,,,,,,,,,,,,,,,,,,
2025-07-02,phase6_causal_or_retest_v1,d8df78957051c9de,25c269cde02debe4,7b30e3d97c41bd58,ed5db2d90d8371c44cbe212d6d16ad117537c9e185a6592a6ca108ece643d8ce,2026-04-24T15:59:00-04:00,2026-04-26T01:55:46.523945+00:00,True,clean,390,390,0,0,0,2025-07-02 15:59:00-04:00,2025-07-02 15:59:00-04:00,False,True,clean,tight,5.0,20,20,22707.25,22650.75,56.5,0.7566371681415929,tier1_pilot,False,False,or_class_tight,,,,,,,,,,,,,,,,,,,,,,,,,,,,,,,True,,2025-07-02 09:45:00-04:00,2025-07-02 10:00:00-04:00,2025-07-02 10:01:00-04:00,22720.0,22722.5,22682.5,22802.5,2025-07-02 10:34:00-04:00,22802.5,22800.0,target,153.66,22706.5,22721.0,22702.75,22719.5,3665.0,22696.862859509863,22720.0,22728.75,22717.0,22720.5,3322.0,22697.563363795223,22794.5,22805.0,22794.5,22801.5,2229.0,22726.660616421752,False,or_class_tight,,,,,,,,,,,,,,,,,,,,,,,,,,,,,,
2025-07-03,phase6_causal_or_retest_v1,d8df78957051c9de,25c269cde02debe4,7b30e3d97c41bd58,ed5db2d90d8371c44cbe212d6d16ad117537c9e185a6592a6ca108ece643d8ce,2026-04-24T15:59:00-04:00,2026-04-26T01:55:46.523945+00:00,True,clean,225,390,165,0,0,2025-07-03 13:14:00-04:00,2025-07-03 15:59:00-04:00,True,False,short_session,tight,5.0,20,20,22986.0,22929.75,56.25,0.5377777777777778,tier1_pilot,False,False,or_class_tight,,,,,,,,,,,,,,,,,,,,,,,,,,,,,,,False,no_retest_signal,2025-07-03 09:51:00-04:00,,,,,,,,,,,,,,,,,,,,,,,,,,,,,,False,or_class_tight,,,,,,,,,,,,,,,,,,,,,,,,,,,,,,
2025-07-07,phase6_causal_or_retest_v1,d8df78957051c9de,25c269cde02debe4,7b30e3d97c41bd58,ed5db2d90d8371c44cbe212d6d16ad117537c9e185a6592a6ca108ece643d8ce,2026-04-24T15:59:00-04:00,2026-04-26T01:55:46.523945+00:00,True,clean,390,390,0,0,0,2025-07-07 15:59:00-04:00,2025-07-07 15:59:00-04:00,False,True,clean,normal,65.0,20,20,22975.5,22900.25,75.25,0.6245847176079734,tier1_pilot,False,False,no_upside_breakout,,,,,,,,,,,,,,,,,,,,,,,,,,,,,,,False,no_upside_breakout,,,,,,,,,,,,,,,,,,,,,,,,,,,,,,,False,no_upside_breakout,,,,,,,,,,,,,,,,,,,,,,,,,,,,,,
2025-07-08,phase6_causal_or_retest_v1,d8df78957051c9de,25c269cde02debe4,7b30e3d97c41bd58,ed5db2d90d8371c44cbe212d6d16ad117537c9e185a6592a6ca108ece643d8ce,2026-04-24T15:59:00-04:00,2026-04-26T01:55:46.523945+00:00,True,clean,390,390,0,0,0,2025-07-08 15:59:00-04:00,2025-07-08 15:59:00-04:00,False,True,clean,tight,5.0,20,20,22944.0,22889.0,55.0,0.29545454545454547,tier1_pilot,False,False,or_class_tight,,,,,,,,,,,,,,,,,,,,,,,,,,,,,,,False,no_retest_signal,2025-07-08 12:24:00-04:00,,,,,,,,,,,,,,,,,,,,,,,,,,,,,,False,or_class_tight,,,,,,,,,,,,,,,,,,,,,,,,,,,,,,
2025-07-09,phase6_causal_or_retest_v1,d8df78957051c9de,25c269cde02debe4,7b30e3d97c41bd58,ed5db2d90d8371c44cbe212d6d16ad117537c9e185a6592a6ca108ece643d8ce,2026-04-24T15:59:00-04:00,2026-04-26T01:55:46.523945+00:00,True,clean,390,390,0,0,0,2025-07-09 15:59:00-04:00,2025-07-09 15:59:00-04:00,False,True,clean,wide,90.0,20,20,23064.75,22977.75,87.0,0.8793103448275862,tier1_pilot,False,False,or_class_wide,,,,,,,,,,,,,,,,,,,,,,,,,,,,,,,False,or_class_wide,,,,,,,,,,,,,,,,,,,,,,,,,,,,,,,False,or_class_wide,,,,,,,,,,,,,,,,,,,,,,,,,,,,,,
2025-07-10,phase6_causal_or_retest_v1,d8df78957051c9de,25c269cde02debe4,7b30e3d97c41bd58,ed5db2d90d8371c44cbe212d6d16ad117537c9e185a6592a6ca108ece643d8ce,2026-04-24T15:59:00-04:00,2026-04-26T01:55:46.523945+00:00,True,clean,390,390,0,0,0,2025-07-10 15:59:00-04:00,2025-07-10 15:59:00-04:00,False,True,clean,normal,45.0,20,20,23089.75,23022.0,67.75,0.11439114391143912,tier1_pilot,False,False,no_upside_breakout,,,,,,,,,,,,,,,,,,,,,,,,,,,,,,,False,no_upside_breakout,,,,,,,,,,,,,,,,,,,,,,,,,,,,,,,False,no_upside_breakout,,,,,,,,,,,,,,,,,,,,,,,,,,,,,,
2025-07-11,phase6_causal_or_retest_v1,d8df78957051c9de,25c269cde02debe4,7b30e3d97c41bd58,ed5db2d90d8371c44cbe212d6d16ad117537c9e185a6592a6ca108ece643d8ce,2026-04-24T15:59:00-04:00,2026-04-26T01:55:46.523945+00:00,True,clean,390,390,0,0,0,2025-07-11 15:59:00-04:00,2025-07-11 15:59:00-04:00,False,True,clean,wide,90.0,20,20,22958.25,22870.0,88.25,0.0821529745042493,tier1_pilot,False,False,or_class_wide,,,,,,,,,,,,,,,,,,,,,,,,,,,,,,,False,or_class_wide,,,,,,,,,,,,,,,,,,,,,,,,,,,,,,,False,or_class_wide,,,,,,,,,,,,,,,,,,,,,,,,,,,,,,
2025-07-14,phase6_causal_or_retest_v1,d8df78957051c9de,25c269cde02debe4,7b30e3d97c41bd58,ed5db2d90d8371c44cbe212d6d16ad117537c9e185a6592a6ca108ece643d8ce,2026-04-24T15:59:00-04:00,2026-04-26T01:55:46.523945+00:00,True,clean,390,390,0,0,0,2025-07-14 15:59:00-04:00,2025-07-14 15:59:00-04:00,False,True,clean,wide,100.0,20,20,22979.0,22852.0,127.0,0.013779527559055118,tier1_pilot,False,False,or_class_wide,,,,,,,,,,,,,,,,,,,,,,,,,,,,,,,False,or_class_wide,,,,,,,,,,,,,,,,,,,,,,,,,,,,,,,False,or_class_wide,,,,,,,,,,,,,,,,,,,,,,,,,,,,,,
2025-07-15,phase6_causal_or_retest_v1,d8df78957051c9de,25c269cde02debe4,7b30e3d97c41bd58,ed5db2d90d8371c44cbe212d6d16ad117537c9e185a6592a6ca108ece643d8ce,2026-04-24T15:59:00-04:00,2026-04-26T01:55:46.523945+00:00,True,clean,390,390,0,0,0,2025-07-15 15:59:00-04:00,2025-07-15 15:59:00-04:00,False,True,clean,wide,85.0,20,20,23222.75,23122.75,100.0,0.4125,tier1_pilot,False,False,or_class_wide,,,,,,,,,,,,,,,,,,,,,,,,,,,,,,,False,or_class_wide,,,,,,,,,,,,,,,,,,,,,,,,,,,,,,,False,or_class_wide,,,,,,,,,,,,,,,,,,,,,,,,,,,,,,
2025-07-16,phase6_causal_or_retest_v1,d8df78957051c9de,25c269cde02debe4,7b30e3d97c41bd58,ed5db2d90d8371c44cbe212d6d16ad117537c9e185a6592a6ca108ece643d8ce,2026-04-24T15:59:00-04:00,2026-04-26T01:55:46.523945+00:00,True,clean,390,390,0,0,0,2025-07-16 15:59:00-04:00,2025-07-16 15:59:00-04:00,False,True,clean,normal,70.0,20,20,23090.0,23004.25,85.75,0.09912536443148688,tier1_pilot,False,False,no_retest_signal,2025-07-16 15:40:00-04:00,,,,,,,,,,,,,,,,,,,,,,,,,,,,,,False,no_retest_signal,2025-07-16 15:40:00-04:00,,,,,,,,,,,,,,,,,,,,,,,,,,,,,,False,no_retest_signal,2025-07-16 15:40:00-04:00,,,,,,,,,,,,,,,,,,,,,,,,,,,,,
2025-07-17,phase6_causal_or_retest_v1,d8df78957051c9de,25c269cde02debe4,7b30e3d97c41bd58,ed5db2d90d8371c44cbe212d6d16ad117537c9e185a6592a6ca108ece643d8ce,2026-04-24T15:59:00-04:00,2026-04-26T01:55:46.523945+00:00,True,clean,390,390,0,0,0,2025-07-17 15:59:00-04:00,2025-07-17 15:59:00-04:00,False,True,clean,normal,30.0,20,20,23128.25,23065.75,62.5,0.904,tier1_pilot,True,True,,2025-07-17 09:48:00-04:00,2025-07-17 10:21:00-04:00,2025-07-17 10:22:00-04:00,23140.0,23142.5,23102.5,23192.5,2025-07-17 10:49:00-04:00,23192.5,23190.0,target,93.66,23135.0,23143.75,23128.0,23140.0,4050.0,23127.861277560296,23140.0,23142.5,23127.0,23128.25,3309.0,23127.935244445285,23186.5,23195.0,23185.5,23193.0,4497.0,23136.921187140302,True,,2025-07-17 09:48:00-04:00,2025-07-17 10:21:00-04:00,2025-07-17 10:22:00-04:00,23140.0,23142.5,23102.5,23222.5,2025-07-17 11:05:00-04:00,23222.5,23220.0,target,153.66,23135.0,23143.75,23128.0,23140.0,4050.0,23127.861277560296,23140.0,23142.5,23127.0,23128.25,3309.0,23127.935244445285,23216.25,23235.25,23213.5,23234.25,9886.0,23145.874062301547,True,,2025-07-17 09:48:00-04:00,2025-07-17 10:21:00-04:00,2025-07-17 10:22:00-04:00,23140.0,23142.5,23102.5,23192.5,2025-07-17 10:49:00-04:00,23192.5,23190.0,target,93.66,23135.0,23143.75,23128.0,23140.0,4050.0,23127.861277560296,23140.0,23142.5,23127.0,23128.25,3309.0,23127.935244445285,23186.5,23195.0,23185.5,23193.0,4497.0,23136.921187140302
2025-07-18,phase6_causal_or_retest_v1,d8df78957051c9de,25c269cde02debe4,7b30e3d97c41bd58,ed5db2d90d8371c44cbe212d6d16ad117537c9e185a6592a6ca108ece643d8ce,2026-04-24T15:59:00-04:00,2026-04-26T01:55:46.523945+00:00,True,clean,390,390,0,0,0,2025-07-18 15:59:00-04:00,2025-07-18 15:59:00-04:00,False,True,clean,tight,5.0,20,20,23310.0,23257.25,52.75,0.2132701421800948,tier1_pilot,False,False,or_class_tight,,,,,,,,,,,,,,,,,,,,,,,,,,,,,,,False,no_upside_breakout,,,,,,,,,,,,,,,,,,,,,,,,,,,,,,,False,or_class_tight,,,,,,,,,,,,,,,,,,,,,,,,,,,,,,
2025-07-21,phase6_causal_or_retest_v1,d8df78957051c9de,25c269cde02debe4,7b30e3d97c41bd58,ed5db2d90d8371c44cbe212d6d16ad117537c9e185a6592a6ca108ece643d8ce,2026-04-24T15:59:00-04:00,2026-04-26T01:55:46.523945+00:00,True,clean,390,390,0,0,0,2025-07-21 15:59:00-04:00,2025-07-21 15:59:00-04:00,False,True,clean,wide,85.0,20,20,23348.75,23255.0,93.75,0.8933333333333333,tier1_pilot,False,False,or_class_wide,,,,,,,,,,,,,,,,,,,,,,,,,,,,,,,False,or_class_wide,,,,,,,,,,,,,,,,,,,,,,,,,,,,,,,False,or_class_wide,,,,,,,,,,,,,,,,,,,,,,,,,,,,,,
2025-07-22,phase6_causal_or_retest_v1,d8df78957051c9de,25c269cde02debe4,7b30e3d97c41bd58,ed5db2d90d8371c44cbe212d6d16ad117537c9e185a6592a6ca108ece643d8ce,2026-04-24T15:59:00-04:00,2026-04-26T01:55:46.523945+00:00,True,clean,390,390,0,0,0,2025-07-22 15:59:00-04:00,2025-07-22 15:59:00-04:00,False,True,clean,wide,80.0,20,20,23349.75,23258.75,91.0,0.21428571428571427,tier1_pilot,False,False,or_class_wide,,,,,,,,,,,,,,,,,,,,,,,,,,,,,,,False,or_class_wide,,,,,,,,,,,,,,,,,,,,,,,,,,,,,,,False,or_class_wide,,,,,,,,,,,,,,,,,,,,,,,,,,,,,,
2025-07-23,phase6_causal_or_retest_v1,d8df78957051c9de,25c269cde02debe4,7b30e3d97c41bd58,ed5db2d90d8371c44cbe212d6d16ad117537c9e185a6592a6ca108ece643d8ce,2026-04-24T15:59:00-04:00,2026-04-26T01:55:46.523945+00:00,True,clean,390,390,0,0,0,2025-07-23 15:59:00-04:00,2025-07-23 15:59:00-04:00,False,True,clean,normal,65.0,20,20,23264.25,23183.0,81.25,0.17846153846153845,tier1_pilot,False,False,no_retest_signal,2025-07-23 11:55:00-04:00,,,,,,,,,,,,,,,,,,,,,,,,,,,,,,False,no_retest_signal,2025-07-23 11:55:00-04:00,,,,,,,,,,,,,,,,,,,,,,,,,,,,,,False,no_retest_signal,2025-07-23 11:55:00-04:00,,,,,,,,,,,,,,,,,,,,,,,,,,,,,
2025-07-24,phase6_causal_or_retest_v1,d8df78957051c9de,25c269cde02debe4,7b30e3d97c41bd58,ed5db2d90d8371c44cbe212d6d16ad117537c9e185a6592a6ca108ece643d8ce,2026-04-24T15:59:00-04:00,2026-04-26T01:55:46.523945+00:00,True,clean,390,390,0,0,0,2025-07-24 15:59:00-04:00,2025-07-24 15:59:00-04:00,False,True,clean,normal,40.0,20,20,23399.5,23333.5,66.0,0.3977272727272727,tier1_pilot,False,False,no_retest_signal,2025-07-24 13:12:00-04:00,,,,,,,,,,,,,,,,,,,,,,,,,,,,,,False,no_retest_signal,2025-07-24 13:12:00-04:00,,,,,,,,,,,,,,,,,,,,,,,,,,,,,,False,no_retest_signal,2025-07-24 13:12:00-04:00,,,,,,,,,,,,,,,,,,,,,,,,,,,,,
2025-07-25,phase6_causal_or_retest_v1,d8df78957051c9de,25c269cde02debe4,7b30e3d97c41bd58,ed5db2d90d8371c44cbe212d6d16ad117537c9e185a6592a6ca108ece643d8ce,2026-04-24T15:59:00-04:00,2026-04-26T01:55:46.523945+00:00,True,clean,390,390,0,0,0,2025-07-25 15:59:00-04:00,2025-07-25 15:59:00-04:00,False,True,clean,tight,5.0,20,20,23378.5,23330.25,48.25,0.6476683937823834,tier1_pilot,False,False,or_class_tight,,,,,,,,,,,,,,,,,,,,,,,,,,,,,,,False,no_retest_signal,2025-07-25 09:49:00-04:00,,,,,,,,,,,,,,,,,,,,,,,,,,,,,,False,or_class_tight,,,,,,,,,,,,,,,,,,,,,,,,,,,,,,
2025-07-28,phase6_causal_or_retest_v1,d8df78957051c9de,25c269cde02debe4,7b30e3d97c41bd58,ed5db2d90d8371c44cbe212d6d16ad117537c9e185a6592a6ca108ece643d8ce,2026-04-24T15:59:00-04:00,2026-04-26T01:55:46.523945+00:00,True,clean,390,390,0,0,0,2025-07-28 15:59:00-04:00,2025-07-28 15:59:00-04:00,False,True,clean,tight,5.0,20,20,23505.0,23462.5,42.5,0.7705882352941177,tier1_pilot,False,False,or_class_tight,,,,,,,,,,,,,,,,,,,,,,,,,,,,,,,True,,2025-07-28 09:45:00-04:00,2025-07-28 10:26:00-04:00,2025-07-28 10:27:00-04:00,23511.75,23514.25,23474.25,23594.25,2025-07-28 11:18:00-04:00,23474.25,23471.75,stop,-86.34,23504.25,23526.25,23500.75,23511.75,6197.0,23501.09196093755,23511.75,23513.0,23502.0,23504.0,2071.0,23501.139452798572,23485.25,23485.75,23471.5,23472.75,6586.0,23499.741305965497,False,or_class_tight,,,,,,,,,,,,,,,,,,,,,,,,,,,,,,
2025-07-29,phase6_causal_or_retest_v1,d8df78957051c9de,25c269cde02debe4,7b30e3d97c41bd58,ed5db2d90d8371c44cbe212d6d16ad117537c9e185a6592a6ca108ece643d8ce,2026-04-24T15:59:00-04:00,2026-04-26T01:55:46.523945+00:00,True,clean,390,390,0,0,0,2025-07-29 15:59:00-04:00,2025-07-29 15:59:00-04:00,False,True,clean,normal,35.0,20,20,23652.25,23592.75,59.5,0.4831932773109244,tier1_pilot,False,False,no_upside_breakout,,,,,,,,,,,,,,,,,,,,,,,,,,,,,,,False,no_upside_breakout,,,,,,,,,,,,,,,,,,,,,,,,,,,,,,,False,no_upside_breakout,,,,,,,,,,,,,,,,,,,,,,,,,,,,,,
2025-07-30,phase6_causal_or_retest_v1,d8df78957051c9de,25c269cde02debe4,7b30e3d97c41bd58,ed5db2d90d8371c44cbe212d6d16ad117537c9e185a6592a6ca108ece643d8ce,2026-04-24T15:59:00-04:00,2026-04-26T01:55:46.523945+00:00,True,clean,390,390,0,0,0,2025-07-30 15:59:00-04:00,2025-07-30 15:59:00-04:00,False,True,clean,normal,40.0,20,20,23509.75,23450.25,59.5,0.9705882352941176,tier1_pilot,True,True,,2025-07-30 09:45:00-04:00,2025-07-30 10:22:00-04:00,2025-07-30 10:23:00-04:00,23511.25,23513.75,23473.75,23563.75,2025-07-30 14:31:00-04:00,23563.75,23561.25,target,93.66,23503.25,23512.0,23502.5,23511.5,3515.0,23488.016500451442,23511.25,23521.0,23506.75,23520.25,4175.0,23488.659291394328,23554.0,23571.75,23553.75,23569.5,3981.0,23509.757530768024,True,,2025-07-30 09:45:00-04:00,2025-07-30 10:22:00-04:00,2025-07-30 10:23:00-04:00,23511.25,23513.75,23473.75,23593.75,2025-07-30 14:56:00-04:00,23473.75,23471.25,stop,-86.34,23503.25,23512.0,23502.5,23511.5,3515.0,23488.016500451442,23511.25,23521.0,23506.75,23520.25,4175.0,23488.659291394328,23478.25,23479.75,23445.0,23457.25,10597.0,23513.056992125687,True,,2025-07-30 09:45:00-04:00,2025-07-30 10:22:00-04:00,2025-07-30 10:23:00-04:00,23511.25,23513.75,23473.75,23563.75,2025-07-30 14:31:00-04:00,23563.75,23561.25,target,93.66,23503.25,23512.0,23502.5,23511.5,3515.0,23488.016500451442,23511.25,23521.0,23506.75,23520.25,4175.0,23488.659291394328,23554.0,23571.75,23553.75,23569.5,3981.0,23509.757530768024
2025-07-31,phase6_causal_or_retest_v1,d8df78957051c9de,25c269cde02debe4,7b30e3d97c41bd58,ed5db2d90d8371c44cbe212d6d16ad117537c9e185a6592a6ca108ece643d8ce,2026-04-24T15:59:00-04:00,2026-04-26T01:55:46.523945+00:00,True,clean,390,390,0,0,0,2025-07-31 15:59:00-04:00,2025-07-31 15:59:00-04:00,False,True,clean,wide,100.0,20,20,23752.25,23620.5,131.75,0.11954459203036052,tier1_pilot,False,False,or_class_wide,,,,,,,,,,,,,,,,,,,,,,,,,,,,,,,False,or_class_wide,,,,,,,,,,,,,,,,,,,,,,,,,,,,,,,False,or_class_wide,,,,,,,,,,,,,,,,,,,,,,,,,,,,,,
2025-08-01,phase6_causal_or_retest_v1,d8df78957051c9de,25c269cde02debe4,7b30e3d97c41bd58,ed5db2d90d8371c44cbe212d6d16ad117537c9e185a6592a6ca108ece643d8ce,2026-04-24T15:59:00-04:00,2026-04-26T01:55:46.523945+00:00,True,clean,390,390,0,0,0,2025-08-01 15:59:00-04:00,2025-08-01 15:59:00-04:00,False,True,clean,wide,100.0,20,20,23095.5,22917.75,177.75,0.007032348804500703,tier1_pilot,False,False,or_class_wide,,,,,,,,,,,,,,,,,,,,,,,,,,,,,,,False,or_class_wide,,,,,,,,,,,,,,,,,,,,,,,,,,,,,,,False,or_class_wide,,,,,,,,,,,,,,,,,,,,,,,,,,,,,,
2025-08-04,phase6_causal_or_retest_v1,d8df78957051c9de,25c269cde02debe4,7b30e3d97c41bd58,ed5db2d90d8371c44cbe212d6d16ad117537c9e185a6592a6ca108ece643d8ce,2026-04-24T15:59:00-04:00,2026-04-26T01:55:46.523945+00:00,True,clean,390,390,0,0,0,2025-08-04 15:59:00-04:00,2025-08-04 15:59:00-04:00,False,True,clean,wide,85.0,20,20,23197.0,23088.75,108.25,0.9284064665127021,tier1_pilot,False,False,or_class_wide,,,,,,,,,,,,,,,,,,,,,,,,,,,,,,,False,or_class_wide,,,,,,,,,,,,,,,,,,,,,,,,,,,,,,,False,or_class_wide,,,,,,,,,,,,,,,,,,,,,,,,,,,,,,
2025-08-05,phase6_causal_or_retest_v1,d8df78957051c9de,25c269cde02debe4,7b30e3d97c41bd58,ed5db2d90d8371c44cbe212d6d16ad117537c9e185a6592a6ca108ece643d8ce,2026-04-24T15:59:00-04:00,2026-04-26T01:55:46.523945+00:00,True,clean,390,390,0,0,0,2025-08-05 15:59:00-04:00,2025-08-05 15:59:00-04:00,False,True,clean,normal,35.0,20,20,23366.75,23303.5,63.25,0.8537549407114624,tier1_pilot,False,False,no_retest_signal,2025-08-05 09:45:00-04:00,,,,,,,,,,,,,,,,,,,,,,,,,,,,,,False,no_retest_signal,2025-08-05 09:45:00-04:00,,,,,,,,,,,,,,,,,,,,,,,,,,,,,,False,no_retest_signal,2025-08-05 09:45:00-04:00,,,,,,,,,,,,,,,,,,,,,,,,,,,,,
2025-08-06,phase6_causal_or_retest_v1,d8df78957051c9de,25c269cde02debe4,7b30e3d97c41bd58,ed5db2d90d8371c44cbe212d6d16ad117537c9e185a6592a6ca108ece643d8ce,2026-04-24T15:59:00-04:00,2026-04-26T01:55:46.523945+00:00,True,clean,390,390,0,0,0,2025-08-06 15:59:00-04:00,2025-08-06 15:59:00-04:00,False,True,clean,normal,45.0,20,20,23228.0,23148.75,79.25,0.6813880126182965,tier1_pilot,True,True,,2025-08-06 09:48:00-04:00,2025-08-06 10:02:00-04:00,2025-08-06 10:03:00-04:00,23242.25,23244.75,23204.75,23294.75,2025-08-06 10:21:00-04:00,23204.75,23202.25,stop,-86.34,23225.5,23257.0,23221.5,23242.75,8500.0,23200.95532294477,23242.25,23251.75,23241.25,23250.25,3762.0,23201.70779493712,23212.5,23215.25,23196.75,23209.75,7041.0,23213.7538789228,True,,2025-08-06 09:48:00-04:00,2025-08-06 10:36:00-04:00,2025-08-06 10:37:00-04:00,23246.25,23248.75,23208.75,23328.75,2025-08-06 11:27:00-04:00,23328.75,23326.25,target,153.66,23218.25,23246.75,23216.0,23246.0,7992.0,23210.069149978022,23246.25,23249.0,23220.75,23225.0,5289.0,23210.351143950393,23320.25,23328.75,23319.5,23328.0,2888.0,23228.315470764497,True,,2025-08-06 09:48:00-04:00,2025-08-06 10:02:00-04:00,2025-08-06 10:03:00-04:00,23242.25,23244.75,23204.75,23294.75,2025-08-06 10:21:00-04:00,23204.75,23202.25,stop,-86.34,23225.5,23257.0,23221.5,23242.75,8500.0,23200.95532294477,23242.25,23251.75,23241.25,23250.25,3762.0,23201.70779493712,23212.5,23215.25,23196.75,23209.75,7041.0,23213.7538789228
2025-08-07,phase6_causal_or_retest_v1,d8df78957051c9de,25c269cde02debe4,7b30e3d97c41bd58,ed5db2d90d8371c44cbe212d6d16ad117537c9e185a6592a6ca108ece643d8ce,2026-04-24T15:59:00-04:00,2026-04-26T01:55:46.523945+00:00,True,clean,390,390,0,0,0,2025-08-07 15:59:00-04:00,2025-08-07 15:59:00-04:00,False,True,clean,normal,35.0,20,20,23648.0,23582.75,65.25,0.34099616858237547,tier1_pilot,False,True,,2025-08-07 09:56:00-04:00,2025-08-07 10:06:00-04:00,2025-08-07 10:07:00-04:00,23648.75,23651.25,23611.25,23701.25,2025-08-07 10:08:00-04:00,23611.25,23608.75,stop,-86.34,23627.0,23653.25,23626.0,23648.75,5228.0,23620.21467491816,23648.75,23655.75,23620.0,23623.75,5540.0,23620.521921392137,23624.25,23640.5,23610.25,23629.25,9543.0,23620.76315399741,False,signal_filtered,2025-08-07 09:56:00-04:00,,,,,,,,,,,,,,,,,,,,,,,,,,,,,,False,signal_filtered,2025-08-07 09:56:00-04:00,,,,,,,,,,,,,,,,,,,,,,,,,,,,,
2025-08-08,phase6_causal_or_retest_v1,d8df78957051c9de,25c269cde02debe4,7b30e3d97c41bd58,ed5db2d90d8371c44cbe212d6d16ad117537c9e185a6592a6ca108ece643d8ce,2026-04-24T15:59:00-04:00,2026-04-26T01:55:46.523945+00:00,True,clean,390,390,0,0,0,2025-08-08 15:59:00-04:00,2025-08-08 15:59:00-04:00,False,True,clean,normal,55.00000000000001,20,20,23614.25,23530.0,84.25,0.8753709198813057,tier1_pilot,False,False,no_retest_signal,2025-08-08 09:45:00-04:00,,,,,,,,,,,,,,,,,,,,,,,,,,,,,,False,no_retest_signal,2025-08-08 09:45:00-04:00,,,,,,,,,,,,,,,,,,,,,,,,,,,,,,False,no_retest_signal,2025-08-08 09:45:00-04:00,,,,,,,,,,,,,,,,,,,,,,,,,,,,,
2025-08-11,phase6_causal_or_retest_v1,d8df78957051c9de,25c269cde02debe4,7b30e3d97c41bd58,ed5db2d90d8371c44cbe212d6d16ad117537c9e185a6592a6ca108ece643d8ce,2026-04-24T15:59:00-04:00,2026-04-26T01:55:46.523945+00:00,True,clean,390,390,0,0,0,2025-08-11 15:59:00-04:00,2025-08-11 15:59:00-04:00,False,True,clean,tight,15.0,20,20,23738.5,23681.0,57.5,0.8347826086956521,tier1_pilot,False,False,or_class_tight,,,,,,,,,,,,,,,,,,,,,,,,,,,,,,,True,,2025-08-11 09:57:00-04:00,2025-08-11 10:10:00-04:00,2025-08-11 10:11:00-04:00,23750.5,23753.0,23713.0,23833.0,2025-08-11 13:38:00-04:00,23713.0,23710.5,stop,-86.34,23736.0,23752.0,23735.25,23750.75,3996.0,23720.133929384814,23750.5,23756.0,23750.25,23755.25,3292.0,23720.840678685945,23717.25,23719.25,23703.0,23704.75,3908.0,23740.884175770647,False,or_class_tight,,,,,,,,,,,,,,,,,,,,,,,,,,,,,,
2025-08-12,phase6_causal_or_retest_v1,d8df78957051c9de,25c269cde02debe4,7b30e3d97c41bd58,ed5db2d90d8371c44cbe212d6d16ad117537c9e185a6592a6ca108ece643d8ce,2026-04-24T15:59:00-04:00,2026-04-26T01:55:46.523945+00:00,True,clean,390,390,0,0,0,2025-08-12 15:59:00-04:00,2025-08-12 15:59:00-04:00,False,True,clean,wide,80.0,20,20,23808.5,23710.0,98.5,0.2893401015228426,tier1_pilot,False,False,or_class_wide,,,,,,,,,,,,,,,,,,,,,,,,,,,,,,,False,or_class_wide,,,,,,,,,,,,,,,,,,,,,,,,,,,,,,,False,or_class_wide,,,,,,,,,,,,,,,,,,,,,,,,,,,,,,
2025-08-13,phase6_causal_or_retest_v1,d8df78957051c9de,25c269cde02debe4,7b30e3d97c41bd58,ed5db2d90d8371c44cbe212d6d16ad117537c9e185a6592a6ca108ece643d8ce,2026-04-24T15:59:00-04:00,2026-04-26T01:55:46.523945+00:00,True,clean,390,390,0,0,0,2025-08-13 15:59:00-04:00,2025-08-13 15:59:00-04:00,False,True,clean,tight,0.0,20,20,24069.0,24028.75,40.25,0.39751552795031053,tier1_pilot,False,False,or_class_tight,,,,,,,,,,,,,,,,,,,,,,,,,,,,,,,False,no_upside_breakout,,,,,,,,,,,,,,,,,,,,,,,,,,,,,,,False,or_class_tight,,,,,,,,,,,,,,,,,,,,,,,,,,,,,,
2025-08-14,phase6_causal_or_retest_v1,d8df78957051c9de,25c269cde02debe4,7b30e3d97c41bd58,ed5db2d90d8371c44cbe212d6d16ad117537c9e185a6592a6ca108ece643d8ce,2026-04-24T15:59:00-04:00,2026-04-26T01:55:46.523945+00:00,True,clean,390,390,0,0,0,2025-08-14 15:59:00-04:00,2025-08-14 15:59:00-04:00,False,True,clean,normal,65.0,20,20,23924.0,23841.25,82.75,0.9818731117824774,tier1_pilot,True,True,,2025-08-14 09:47:00-04:00,2025-08-14 10:17:00-04:00,2025-08-14 10:18:00-04:00,23933.75,23936.25,23896.25,23986.25,2025-08-14 10:40:00-04:00,23986.25,23983.75,target,93.66,23923.0,23940.0,23922.75,23933.5,3604.0,23912.938688123708,23933.75,23947.25,23933.5,23947.25,4475.0,23913.59288404892,23984.0,23989.25,23973.25,23978.0,5021.0,23924.705802383756,True,,2025-08-14 09:47:00-04:00,2025-08-14 10:17:00-04:00,2025-08-14 10:18:00-04:00,23933.75,23936.25,23896.25,24016.25,2025-08-14 11:25:00-04:00,23896.25,23893.75,stop,-86.34,23923.0,23940.0,23922.75,23933.5,3604.0,23912.938688123708,23933.75,23947.25,23933.5,23947.25,4475.0,23913.59288404892,23910.5,23910.75,23879.5,23880.5,10124.0,23933.19376749159,True,,2025-08-14 09:47:00-04:00,2025-08-14 10:17:00-04:00,2025-08-14 10:18:00-04:00,23933.75,23936.25,23896.25,23986.25,2025-08-14 10:40:00-04:00,23986.25,23983.75,target,93.66,23923.0,23940.0,23922.75,23933.5,3604.0,23912.938688123708,23933.75,23947.25,23933.5,23947.25,4475.0,23913.59288404892,23984.0,23989.25,23973.25,23978.0,5021.0,23924.705802383756
2025-08-15,phase6_causal_or_retest_v1,d8df78957051c9de,25c269cde02debe4,7b30e3d97c41bd58,ed5db2d90d8371c44cbe212d6d16ad117537c9e185a6592a6ca108ece643d8ce,2026-04-24T15:59:00-04:00,2026-04-26T01:55:46.523945+00:00,True,clean,390,390,0,0,0,2025-08-15 15:59:00-04:00,2025-08-15 15:59:00-04:00,False,True,clean,normal,50.0,20,20,23910.75,23834.75,76.0,0.23026315789473684,tier1_pilot,False,False,no_upside_breakout,,,,,,,,,,,,,,,,,,,,,,,,,,,,,,,False,no_upside_breakout,,,,,,,,,,,,,,,,,,,,,,,,,,,,,,,False,no_upside_breakout,,,,,,,,,,,,,,,,,,,,,,,,,,,,,,
2025-08-18,phase6_causal_or_retest_v1,d8df78957051c9de,25c269cde02debe4,7b30e3d97c41bd58,ed5db2d90d8371c44cbe212d6d16ad117537c9e185a6592a6ca108ece643d8ce,2026-04-24T15:59:00-04:00,2026-04-26T01:55:46.523945+00:00,True,clean,390,390,0,0,0,2025-08-18 15:59:00-04:00,2025-08-18 15:59:00-04:00,False,True,clean,tight,15.0,20,20,23818.25,23767.75,50.5,0.1782178217821782,tier1_pilot,False,False,or_class_tight,,,,,,,,,,,,,,,,,,,,,,,,,,,,,,,False,no_retest_signal,2025-08-18 10:25:00-04:00,,,,,,,,,,,,,,,,,,,,,,,,,,,,,,False,or_class_tight,,,,,,,,,,,,,,,,,,,,,,,,,,,,,,
2025-08-19,phase6_causal_or_retest_v1,d8df78957051c9de,25c269cde02debe4,7b30e3d97c41bd58,ed5db2d90d8371c44cbe212d6d16ad117537c9e185a6592a6ca108ece643d8ce,2026-04-24T15:59:00-04:00,2026-04-26T01:55:46.523945+00:00,True,clean,390,390,0,0,0,2025-08-19 15:59:00-04:00,2025-08-19 15:59:00-04:00,False,True,clean,wide,90.0,20,20,23770.75,23660.0,110.75,0.20316027088036118,tier1_pilot,False,False,or_class_wide,,,,,,,,,,,,,,,,,,,,,,,,,,,,,,,False,or_class_wide,,,,,,,,,,,,,,,,,,,,,,,,,,,,,,,False,or_class_wide,,,,,,,,,,,,,,,,,,,,,,,,,,,,,,
2025-08-20,phase6_causal_or_retest_v1,d8df78957051c9de,25c269cde02debe4,7b30e3d97c41bd58,ed5db2d90d8371c44cbe212d6d16ad117537c9e185a6592a6ca108ece643d8ce,2026-04-24T15:59:00-04:00,2026-04-26T01:55:46.523945+00:00,True,clean,390,390,0,0,0,2025-08-20 15:59:00-04:00,2025-08-20 15:59:00-04:00,False,True,clean,wide,85.0,20,20,23432.0,23322.5,109.5,0.0045662100456621,tier1_pilot,False,False,or_class_wide,,,,,,,,,,,,,,,,,,,,,,,,,,,,,,,False,or_class_wide,,,,,,,,,,,,,,,,,,,,,,,,,,,,,,,False,or_class_wide,,,,,,,,,,,,,,,,,,,,,,,,,,,,,,
2025-08-21,phase6_causal_or_retest_v1,d8df78957051c9de,25c269cde02debe4,7b30e3d97c41bd58,ed5db2d90d8371c44cbe212d6d16ad117537c9e185a6592a6ca108ece643d8ce,2026-04-24T15:59:00-04:00,2026-04-26T01:55:46.523945+00:00,True,clean,390,390,0,0,0,2025-08-21 15:59:00-04:00,2025-08-21 15:59:00-04:00,False,True,clean,normal,70.0,20,20,23290.5,23199.5,91.0,0.5961538461538461,tier1_pilot,True,True,,2025-08-21 10:12:00-04:00,2025-08-21 10:16:00-04:00,2025-08-21 10:17:00-04:00,23295.75,23298.25,23258.25,23348.25,2025-08-21 10:29:00-04:00,23348.25,23345.75,target,93.66,23274.5,23296.0,23273.0,23295.75,4393.0,23242.368242564462,23295.75,23314.5,23289.5,23313.5,6922.0,23243.718040875476,23329.25,23348.25,23328.0,23344.75,7026.0,23253.620360833178,True,,2025-08-21 10:12:00-04:00,2025-08-21 10:54:00-04:00,2025-08-21 10:55:00-04:00,23297.75,23300.25,23260.25,23380.25,2025-08-21 11:09:00-04:00,23260.25,23257.75,stop,-86.34,23275.75,23299.75,23274.5,23298.25,4781.0,23259.860234362393,23297.75,23299.25,23284.5,23288.25,3321.0,23260.068595773766,23271.0,23271.25,23260.25,23267.75,2201.0,23262.03440928934,True,,2025-08-21 10:12:00-04:00,2025-08-21 10:16:00-04:00,2025-08-21 10:17:00-04:00,23295.75,23298.25,23258.25,23348.25,2025-08-21 10:29:00-04:00,23348.25,23345.75,target,93.66,23274.5,23296.0,23273.0,23295.75,4393.0,23242.368242564462,23295.75,23314.5,23289.5,23313.5,6922.0,23243.718040875476,23329.25,23348.25,23328.0,23344.75,7026.0,23253.620360833178
2025-08-22,phase6_causal_or_retest_v1,d8df78957051c9de,25c269cde02debe4,7b30e3d97c41bd58,ed5db2d90d8371c44cbe212d6d16ad117537c9e185a6592a6ca108ece643d8ce,2026-04-24T15:59:00-04:00,2026-04-26T01:55:46.523945+00:00,True,clean,390,390,0,0,0,2025-08-22 15:59:00-04:00,2025-08-22 15:59:00-04:00,False,True,clean,wide,90.0,20,20,23324.0,23206.25,117.75,0.9851380042462845,tier1_pilot,False,False,or_class_wide,,,,,,,,,,,,,,,,,,,,,,,,,,,,,,,False,or_class_wide,,,,,,,,,,,,,,,,,,,,,,,,,,,,,,,False,or_class_wide,,,,,,,,,,,,,,,,,,,,,,,,,,,,,,
2025-08-25,phase6_causal_or_retest_v1,d8df78957051c9de,25c269cde02debe4,7b30e3d97c41bd58,ed5db2d90d8371c44cbe212d6d16ad117537c9e185a6592a6ca108ece643d8ce,2026-04-24T15:59:00-04:00,2026-04-26T01:55:46.523945+00:00,True,clean,390,390,0,0,0,2025-08-25 15:59:00-04:00,2025-08-25 15:59:00-04:00,False,True,clean,normal,40.0,20,20,23518.5,23445.0,73.5,0.48299319727891155,tier1_pilot,True,True,,2025-08-25 09:59:00-04:00,2025-08-25 10:02:00-04:00,2025-08-25 10:03:00-04:00,23527.0,23529.5,23489.5,23579.5,2025-08-25 11:03:00-04:00,23579.5,23577.0,target,93.66,23518.75,23528.0,23511.0,23527.25,5234.0,23488.002889411575,23527.0,23530.75,23518.0,23528.25,4145.0,23488.777979680628,23577.25,23580.25,23572.75,23579.5,2734.0,23519.4938637879,False,signal_filtered,2025-08-25 09:59:00-04:00,,,,,,,,,,,,,,,,,,,,,,,,,,,,,,True,,2025-08-25 09:59:00-04:00,2025-08-25 10:02:00-04:00,2025-08-25 10:03:00-04:00,23527.0,23529.5,23489.5,23579.5,2025-08-25 11:03:00-04:00,23579.5,23577.0,target,93.66,23518.75,23528.0,23511.0,23527.25,5234.0,23488.002889411575,23527.0,23530.75,23518.0,23528.25,4145.0,23488.777979680628,23577.25,23580.25,23572.75,23579.5,2734.0,23519.4938637879
2025-08-26,phase6_causal_or_retest_v1,d8df78957051c9de,25c269cde02debe4,7b30e3d97c41bd58,ed5db2d90d8371c44cbe212d6d16ad117537c9e185a6592a6ca108ece643d8ce,2026-04-24T15:59:00-04:00,2026-04-26T01:55:46.523945+00:00,True,clean,390,390,0,0,0,2025-08-26 15:59:00-04:00,2025-08-26 15:59:00-04:00,False,True,clean,tight,10.0,20,20,23518.5,23463.25,55.25,0.6199095022624435,tier1_pilot,False,False,or_class_tight,,,,,,,,,,,,,,,,,,,,,,,,,,,,,,,True,,2025-08-26 10:10:00-04:00,2025-08-26 10:42:00-04:00,2025-08-26 10:43:00-04:00,23529.5,23532.0,23492.0,23612.0,2025-08-26 13:54:00-04:00,23492.0,23489.5,stop,-86.34,23519.0,23532.0,23518.0,23529.5,3152.0,23498.485530612896,23529.5,23534.75,23524.25,23533.75,2764.0,23498.732706063052,23498.0,23498.5,23479.0,23483.25,6596.0,23511.26632618502,False,or_class_tight,,,,,,,,,,,,,,,,,,,,,,,,,,,,,,
2025-08-27,phase6_causal_or_retest_v1,d8df78957051c9de,25c269cde02debe4,7b30e3d97c41bd58,ed5db2d90d8371c44cbe212d6d16ad117537c9e185a6592a6ca108ece643d8ce,2026-04-24T15:59:00-04:00,2026-04-26T01:55:46.523945+00:00,True,clean,390,390,0,0,0,2025-08-27 15:59:00-04:00,2025-08-27 15:59:00-04:00,False,True,clean,tight,10.0,20,20,23565.25,23513.75,51.5,0.21844660194174756,tier1_pilot,False,False,or_class_tight,,,,,,,,,,,,,,,,,,,,,,,,,,,,,,,True,,2025-08-27 10:14:00-04:00,2025-08-27 10:15:00-04:00,2025-08-27 10:16:00-04:00,23573.25,23575.75,23535.75,23655.75,2025-08-27 14:16:00-04:00,23655.75,23653.25,target,153.66,23566.5,23574.75,23565.5,23573.0,4960.0,23533.94709330836,23573.25,23581.5,23572.0,23578.75,4909.0,23534.848638478605,23651.0,23657.5,23651.0,23656.25,1941.0,23575.674250555745,False,or_class_tight,,,,,,,,,,,,,,,,,,,,,,,,,,,,,,
2025-08-28,phase6_causal_or_retest_v1,d8df78957051c9de,25c269cde02debe4,7b30e3d97c41bd58,ed5db2d90d8371c44cbe212d6d16ad117537c9e185a6592a6ca108ece643d8ce,2026-04-24T15:59:00-04:00,2026-04-26T01:55:46.523945+00:00,True,clean,390,390,0,0,0,2025-08-28 15:59:00-04:00,2025-08-28 15:59:00-04:00,False,True,clean,wide,85.0,20,20,23743.25,23629.25,114.0,0.6359649122807017,tier1_pilot,False,False,or_class_wide,,,,,,,,,,,,,,,,,,,,,,,,,,,,,,,False,or_class_wide,,,,,,,,,,,,,,,,,,,,,,,,,,,,,,,False,or_class_wide,,,,,,,,,,,,,,,,,,,,,,,,,,,,,,
2025-08-29,phase6_causal_or_retest_v1,d8df78957051c9de,25c269cde02debe4,7b30e3d97c41bd58,ed5db2d90d8371c44cbe212d6d16ad117537c9e185a6592a6ca108ece643d8ce,2026-04-24T15:59:00-04:00,2026-04-26T01:55:46.523945+00:00,True,clean,390,390,0,0,0,2025-08-29 15:59:00-04:00,2025-08-29 15:59:00-04:00,False,True,clean,normal,55.00000000000001,20,20,23668.0,23585.25,82.75,0.18126888217522658,tier1_pilot,False,False,no_upside_breakout,,,,,,,,,,,,,,,,,,,,,,,,,,,,,,,False,no_upside_breakout,,,,,,,,,,,,,,,,,,,,,,,,,,,,,,,False,no_upside_breakout,,,,,,,,,,,,,,,,,,,,,,,,,,,,,,
2025-09-02,phase6_causal_or_retest_v1,d8df78957051c9de,25c269cde02debe4,7b30e3d97c41bd58,ed5db2d90d8371c44cbe212d6d16ad117537c9e185a6592a6ca108ece643d8ce,2026-04-24T15:59:00-04:00,2026-04-26T01:55:46.523945+00:00,True,clean,390,390,0,0,0,2025-09-02 15:59:00-04:00,2025-09-02 15:59:00-04:00,False,True,clean,wide,100.0,20,20,23177.5,23025.0,152.5,0.8295081967213115,tier1_pilot,False,False,or_class_wide,,,,,,,,,,,,,,,,,,,,,,,,,,,,,,,False,or_class_wide,,,,,,,,,,,,,,,,,,,,,,,,,,,,,,,False,or_class_wide,,,,,,,,,,,,,,,,,,,,,,,,,,,,,,
2025-09-03,phase6_causal_or_retest_v1,d8df78957051c9de,25c269cde02debe4,7b30e3d97c41bd58,ed5db2d90d8371c44cbe212d6d16ad117537c9e185a6592a6ca108ece643d8ce,2026-04-24T15:59:00-04:00,2026-04-26T01:55:46.523945+00:00,True,clean,390,390,0,0,0,2025-09-03 15:59:00-04:00,2025-09-03 15:59:00-04:00,False,True,clean,normal,35.0,20,20,23438.0,23372.0,66.0,0.38636363636363635,tier1_pilot,False,True,,2025-09-03 10:07:00-04:00,2025-09-03 10:18:00-04:00,2025-09-03 10:19:00-04:00,23445.0,23447.5,23407.5,23497.5,2025-09-03 10:42:00-04:00,23497.5,23495.0,target,93.66,23412.75,23445.75,23411.75,23444.75,7942.0,23407.305379005575,23445.0,23446.5,23439.0,23443.25,3938.0,23407.786645652595,23492.75,23498.0,23486.25,23494.5,3670.0,23422.129662938856,True,,2025-09-03 10:07:00-04:00,2025-09-03 10:30:00-04:00,2025-09-03 10:31:00-04:00,23453.0,23455.5,23415.5,23535.5,2025-09-03 11:31:00-04:00,23415.5,23413.0,stop,-86.34,23433.5,23454.0,23432.25,23452.75,5952.0,23414.58714264124,23453.0,23469.5,23452.5,23465.75,5658.0,23415.35876496835,23422.5,23422.75,23408.25,23409.5,8138.0,23440.225194998755,False,signal_filtered,2025-09-03 10:07:00-04:00,,,,,,,,,,,,,,,,,,,,,,,,,,,,,
2025-09-04,phase6_causal_or_retest_v1,d8df78957051c9de,25c269cde02debe4,7b30e3d97c41bd58,ed5db2d90d8371c44cbe212d6d16ad117537c9e185a6592a6ca108ece643d8ce,2026-04-24T15:59:00-04:00,2026-04-26T01:55:46.523945+00:00,True,clean,390,390,0,0,0,2025-09-04 15:59:00-04:00,2025-09-04 15:59:00-04:00,False,True,clean,normal,70.0,20,20,23548.25,23457.25,91.0,0.3269230769230769,tier1_pilot,False,False,no_retest_signal,2025-09-04 11:27:00-04:00,,,,,,,,,,,,,,,,,,,,,,,,,,,,,,False,no_retest_signal,2025-09-04 11:27:00-04:00,,,,,,,,,,,,,,,,,,,,,,,,,,,,,,False,no_retest_signal,2025-09-04 11:27:00-04:00,,,,,,,,,,,,,,,,,,,,,,,,,,,,,
2025-09-05,phase6_causal_or_retest_v1,d8df78957051c9de,25c269cde02debe4,7b30e3d97c41bd58,ed5db2d90d8371c44cbe212d6d16ad117537c9e185a6592a6ca108ece643d8ce,2026-04-24T15:59:00-04:00,2026-04-26T01:55:46.523945+00:00,True,clean,390,390,0,0,0,2025-09-05 15:59:00-04:00,2025-09-05 15:59:00-04:00,False,True,clean,normal,45.0,20,20,23902.5,23821.5,81.0,0.6512345679012346,tier1_pilot,False,False,no_upside_breakout,,,,,,,,,,,,,,,,,,,,,,,,,,,,,,,False,no_upside_breakout,,,,,,,,,,,,,,,,,,,,,,,,,,,,,,,False,no_upside_breakout,,,,,,,,,,,,,,,,,,,,,,,,,,,,,,
2025-09-08,phase6_causal_or_retest_v1,d8df78957051c9de,25c269cde02debe4,7b30e3d97c41bd58,ed5db2d90d8371c44cbe212d6d16ad117537c9e185a6592a6ca108ece643d8ce,2026-04-24T15:59:00-04:00,2026-04-26T01:55:46.523945+00:00,True,clean,390,390,0,0,0,2025-09-08 15:59:00-04:00,2025-09-08 15:59:00-04:00,False,True,clean,normal,35.0,20,20,23846.75,23771.25,75.5,0.7980132450331126,tier1_pilot,False,True,,2025-09-08 09:49:00-04:00,2025-09-08 10:03:00-04:00,2025-09-08 10:04:00-04:00,23850.0,23852.5,23812.5,23902.5,2025-09-08 10:19:00-04:00,23812.5,23810.0,stop,-86.34,23844.75,23852.5,23837.25,23850.0,3645.0,23830.38440515114,23850.0,23857.75,23844.0,23857.0,4990.0,23830.91234798329,23820.0,23824.75,23811.0,23817.25,6365.0,23833.60133673858,True,,2025-09-08 09:49:00-04:00,2025-09-08 10:03:00-04:00,2025-09-08 10:04:00-04:00,23850.0,23852.5,23812.5,23932.5,2025-09-08 10:19:00-04:00,23812.5,23810.0,stop,-86.34,23844.75,23852.5,23837.25,23850.0,3645.0,23830.38440515114,23850.0,23857.75,23844.0,23857.0,4990.0,23830.91234798329,23820.0,23824.75,23811.0,23817.25,6365.0,23833.60133673858,False,signal_filtered,2025-09-08 09:49:00-04:00,,,,,,,,,,,,,,,,,,,,,,,,,,,,,
2025-09-09,phase6_causal_or_retest_v1,d8df78957051c9de,25c269cde02debe4,7b30e3d97c41bd58,ed5db2d90d8371c44cbe212d6d16ad117537c9e185a6592a6ca108ece643d8ce,2026-04-24T15:59:00-04:00,2026-04-26T01:55:46.523945+00:00,True,clean,390,390,0,0,0,2025-09-09 15:59:00-04:00,2025-09-09 15:59:00-04:00,False,True,clean,tight,5.0,20,20,23857.75,23815.0,42.75,0.631578947368421,tier1_pilot,False,False,or_class_tight,,,,,,,,,,,,,,,,,,,,,,,,,,,,,,,False,no_retest_signal,2025-09-09 15:25:00-04:00,,,,,,,,,,,,,,,,,,,,,,,,,,,,,,False,or_class_tight,,,,,,,,,,,,,,,,,,,,,,,,,,,,,,
2025-09-10,phase6_causal_or_retest_v1,d8df78957051c9de,25c269cde02debe4,7b30e3d97c41bd58,ed5db2d90d8371c44cbe212d6d16ad117537c9e185a6592a6ca108ece643d8ce,2026-04-24T15:59:00-04:00,2026-04-26T01:55:46.523945+00:00,True,clean,390,390,0,0,0,2025-09-10 15:59:00-04:00,2025-09-10 15:59:00-04:00,False,True,clean,normal,60.0,20,20,24000.75,23918.0,82.75,0.15709969788519637,tier1_pilot,False,False,no_upside_breakout,,,,,,,,,,,,,,,,,,,,,,,,,,,,,,,False,no_upside_breakout,,,,,,,,,,,,,,,,,,,,,,,,,,,,,,,False,no_upside_breakout,,,,,,,,,,,,,,,,,,,,,,,,,,,,,,
2025-09-11,phase6_causal_or_retest_v1,d8df78957051c9de,25c269cde02debe4,7b30e3d97c41bd58,ed5db2d90d8371c44cbe212d6d16ad117537c9e185a6592a6ca108ece643d8ce,2026-04-24T15:59:00-04:00,2026-04-26T01:55:46.523945+00:00,True,clean,390,390,0,0,0,2025-09-11 15:59:00-04:00,2025-09-11 15:59:00-04:00,False,True,clean,normal,65.0,20,20,23997.75,23911.5,86.25,0.1536231884057971,tier1_pilot,False,True,,2025-09-11 10:07:00-04:00,2025-09-11 10:08:00-04:00,2025-09-11 10:09:00-04:00,24001.5,24004.0,23964.0,24054.0,2025-09-11 10:13:00-04:00,23964.0,23961.5,stop,-86.34,23998.25,24002.75,23994.75,24001.5,2915.0,23961.300492677132,24001.5,24003.25,23984.0,23986.0,4804.0,23961.946306243277,23971.75,23981.5,23962.25,23963.75,4530.0,23962.85381102872,True,,2025-09-11 10:07:00-04:00,2025-09-11 10:35:00-04:00,2025-09-11 10:36:00-04:00,24006.0,24008.5,23968.5,24088.5,2025-09-11 15:55:00-04:00,24026.5,24024.0,time_exit,29.66,23998.0,24007.0,23996.25,24005.5,6151.0,23964.517194803713,24006.0,24008.75,23999.25,24005.5,4102.0,23965.021285592953,24035.75,24040.5,24026.5,24026.5,3926.0,23998.893021973607,False,signal_filtered,2025-09-11 10:07:00-04:00,,,,,,,,,,,,,,,,,,,,,,,,,,,,,
2025-09-12,phase6_causal_or_retest_v1,d8df78957051c9de,25c269cde02debe4,7b30e3d97c41bd58,ed5db2d90d8371c44cbe212d6d16ad117537c9e185a6592a6ca108ece643d8ce,2026-04-24T15:59:00-04:00,2026-04-26T01:55:46.523945+00:00,True,clean,390,390,0,0,0,2025-09-12 15:59:00-04:00,2025-09-12 15:59:00-04:00,False,True,clean,tight,20.0,20,20,24063.5,24002.0,61.5,0.45934959349593496,tier1_pilot,False,False,or_class_tight,,,,,,,,,,,,,,,,,,,,,,,,,,,,,,,True,,2025-09-12 10:21:00-04:00,2025-09-12 10:32:00-04:00,2025-09-12 10:33:00-04:00,24075.25,24077.75,24037.75,24157.75,2025-09-12 14:52:00-04:00,24157.75,24155.25,target,153.66,24067.0,24084.5,24064.5,24075.25,6452.0,24041.018298359333,24075.25,24079.25,24071.25,24078.75,2402.0,24041.342386836764,24139.25,24158.5,24138.5,24147.5,6248.0,24077.657999084422,False,or_class_tight,,,,,,,,,,,,,,,,,,,,,,,,,,,,,,
2025-09-15,phase6_causal_or_retest_v1,d8df78957051c9de,25c269cde02debe4,7b30e3d97c41bd58,ed5db2d90d8371c44cbe212d6d16ad117537c9e185a6592a6ca108ece643d8ce,2026-04-24T15:59:00-04:00,2026-04-26T01:55:46.523945+00:00,True,clean,390,390,0,0,0,2025-09-15 15:59:00-04:00,2025-09-15 15:59:00-04:00,False,True,clean,tight,20.0,20,20,24227.5,24172.0,55.5,0.5765765765765766,tier1_pilot,False,False,or_class_tight,,,,,,,,,,,,,,,,,,,,,,,,,,,,,,,False,no_retest_signal,2025-09-15 09:49:00-04:00,,,,,,,,,,,,,,,,,,,,,,,,,,,,,,False,or_class_tight,,,,,,,,,,,,,,,,,,,,,,,,,,,,,,
2025-09-16,phase6_causal_or_retest_v1,d8df78957051c9de,25c269cde02debe4,7b30e3d97c41bd58,ed5db2d90d8371c44cbe212d6d16ad117537c9e185a6592a6ca108ece643d8ce,2026-04-24T15:59:00-04:00,2026-04-26T01:55:46.523945+00:00,True,clean,390,390,0,0,0,2025-09-16 15:59:00-04:00,2025-09-16 15:59:00-04:00,False,True,clean,tight,5.0,20,20,24355.75,24308.75,47.0,0.32978723404255317,tier1_pilot,False,False,or_class_tight,,,,,,,,,,,,,,,,,,,,,,,,,,,,,,,False,no_upside_breakout,,,,,,,,,,,,,,,,,,,,,,,,,,,,,,,False,or_class_tight,,,,,,,,,,,,,,,,,,,,,,,,,,,,,,
2025-09-17,phase6_causal_or_retest_v1,d8df78957051c9de,25c269cde02debe4,7b30e3d97c41bd58,ed5db2d90d8371c44cbe212d6d16ad117537c9e185a6592a6ca108ece643d8ce,2026-04-24T15:59:00-04:00,2026-04-26T01:55:46.523945+00:00,True,clean,390,390,0,0,0,2025-09-17 15:59:00-04:00,2025-09-17 15:59:00-04:00,False,True,clean,normal,45.0,20,20,24301.0,24225.0,76.0,0.14802631578947367,tier1_pilot,False,False,no_retest_signal,2025-09-17 15:28:00-04:00,,,,,,,,,,,,,,,,,,,,,,,,,,,,,,False,no_retest_signal,2025-09-17 15:28:00-04:00,,,,,,,,,,,,,,,,,,,,,,,,,,,,,,False,no_retest_signal,2025-09-17 15:28:00-04:00,,,,,,,,,,,,,,,,,,,,,,,,,,,,,
2025-09-18,phase6_causal_or_retest_v1,d8df78957051c9de,25c269cde02debe4,7b30e3d97c41bd58,ed5db2d90d8371c44cbe212d6d16ad117537c9e185a6592a6ca108ece643d8ce,2026-04-24T15:59:00-04:00,2026-04-26T01:55:46.523945+00:00,True,clean,390,390,0,0,0,2025-09-18 15:59:00-04:00,2025-09-18 15:59:00-04:00,False,True,clean,normal,70.0,20,20,24469.0,24381.0,88.0,0.0,tier1_pilot,False,True,,2025-09-18 10:02:00-04:00,2025-09-18 10:03:00-04:00,2025-09-18 10:04:00-04:00,24472.0,24474.5,24434.5,24524.5,2025-09-18 10:19:00-04:00,24524.5,24522.0,target,93.66,24471.0,24478.75,24466.0,24472.75,538.0,24421.816166417502,24472.0,24482.5,24470.5,24477.0,422.0,24422.68933821218,24519.75,24526.75,24519.5,24524.75,408.0,24439.47158695609,True,,2025-09-18 10:02:00-04:00,2025-09-18 10:03:00-04:00,2025-09-18 10:04:00-04:00,24472.0,24474.5,24434.5,24554.5,2025-09-18 10:30:00-04:00,24554.5,24552.0,target,153.66,24471.0,24478.75,24466.0,24472.75,538.0,24421.816166417502,24472.0,24482.5,24470.5,24477.0,422.0,24422.68933821218,24540.5,24559.75,24540.5,24556.75,1272.0,24452.56737780294,False,signal_filtered,2025-09-18 10:02:00-04:00,,,,,,,,,,,,,,,,,,,,,,,,,,,,,
2025-09-19,phase6_causal_or_retest_v1,d8df78957051c9de,25c269cde02debe4,7b30e3d97c41bd58,ed5db2d90d8371c44cbe212d6d16ad117537c9e185a6592a6ca108ece643d8ce,2026-04-24T15:59:00-04:00,2026-04-26T01:55:46.523945+00:00,False,zero_volume_or,390,390,0,390,375,2025-09-19 15:59:00-04:00,2025-09-19 15:59:00-04:00,False,False,zero_volume_or_and_post_or,unknown,,20,20,,,,,tier1_pilot,False,False,zero_volume_or,,,,,,,,,,,,,,,,,,,,,,,,,,,,,,,False,zero_volume_or,,,,,,,,,,,,,,,,,,,,,,,,,,,,,,,False,zero_volume_or,,,,,,,,,,,,,,,,,,,,,,,,,,,,,,
2025-09-22,phase6_causal_or_retest_v1,d8df78957051c9de,25c269cde02debe4,7b30e3d97c41bd58,ed5db2d90d8371c44cbe212d6d16ad117537c9e185a6592a6ca108ece643d8ce,2026-04-24T15:59:00-04:00,2026-04-26T01:55:46.523945+00:00,True,clean,390,390,0,0,0,2025-09-22 15:59:00-04:00,2025-09-22 15:59:00-04:00,False,True,clean,tight,5.0,20,20,24858.25,24814.25,44.0,0.7443181818181818,tier1_pilot,False,False,or_class_tight,,,,,,,,,,,,,,,,,,,,,,,,,,,,,,,False,signal_filtered,2025-09-22 09:48:00-04:00,,,,,,,,,,,,,,,,,,,,,,,,,,,,,,False,or_class_tight,,,,,,,,,,,,,,,,,,,,,,,,,,,,,,
2025-09-23,phase6_causal_or_retest_v1,d8df78957051c9de,25c269cde02debe4,7b30e3d97c41bd58,ed5db2d90d8371c44cbe212d6d16ad117537c9e185a6592a6ca108ece643d8ce,2026-04-24T15:59:00-04:00,2026-04-26T01:55:46.523945+00:00,True,clean,390,390,0,0,0,2025-09-23 15:59:00-04:00,2025-09-23 15:59:00-04:00,False,True,clean,normal,40.0,20,20,25009.75,24942.75,67.0,0.17537313432835822,tier1_pilot,False,False,no_upside_breakout,,,,,,,,,,,,,,,,,,,,,,,,,,,,,,,False,no_upside_breakout,,,,,,,,,,,,,,,,,,,,,,,,,,,,,,,False,no_upside_breakout,,,,,,,,,,,,,,,,,,,,,,,,,,,,,,
2025-09-24,phase6_causal_or_retest_v1,d8df78957051c9de,25c269cde02debe4,7b30e3d97c41bd58,ed5db2d90d8371c44cbe212d6d16ad117537c9e185a6592a6ca108ece643d8ce,2026-04-24T15:59:00-04:00,2026-04-26T01:55:46.523945+00:00,True,clean,390,390,0,0,0,2025-09-24 15:59:00-04:00,2025-09-24 15:59:00-04:00,False,True,clean,normal,55.00000000000001,20,20,24899.25,24823.5,75.75,0.15841584158415842,tier1_pilot,False,False,no_upside_breakout,,,,,,,,,,,,,,,,,,,,,,,,,,,,,,,False,no_upside_breakout,,,,,,,,,,,,,,,,,,,,,,,,,,,,,,,False,no_upside_breakout,,,,,,,,,,,,,,,,,,,,,,,,,,,,,,
2025-09-25,phase6_causal_or_retest_v1,d8df78957051c9de,25c269cde02debe4,7b30e3d97c41bd58,ed5db2d90d8371c44cbe212d6d16ad117537c9e185a6592a6ca108ece643d8ce,2026-04-24T15:59:00-04:00,2026-04-26T01:55:46.523945+00:00,True,clean,390,390,0,0,0,2025-09-25 15:59:00-04:00,2025-09-25 15:59:00-04:00,False,True,clean,wide,100.0,20,20,24578.75,24422.0,156.75,0.03349282296650718,tier1_pilot,False,False,or_class_wide,,,,,,,,,,,,,,,,,,,,,,,,,,,,,,,False,or_class_wide,,,,,,,,,,,,,,,,,,,,,,,,,,,,,,,False,or_class_wide,,,,,,,,,,,,,,,,,,,,,,,,,,,,,,
2025-09-26,phase6_causal_or_retest_v1,d8df78957051c9de,25c269cde02debe4,7b30e3d97c41bd58,ed5db2d90d8371c44cbe212d6d16ad117537c9e185a6592a6ca108ece643d8ce,2026-04-24T15:59:00-04:00,2026-04-26T01:55:46.523945+00:00,True,clean,390,390,0,0,0,2025-09-26 15:59:00-04:00,2025-09-26 15:59:00-04:00,False,True,clean,wide,90.0,20,20,24712.5,24596.75,115.75,0.6479481641468683,tier1_pilot,False,False,or_class_wide,,,,,,,,,,,,,,,,,,,,,,,,,,,,,,,False,or_class_wide,,,,,,,,,,,,,,,,,,,,,,,,,,,,,,,False,or_class_wide,,,,,,,,,,,,,,,,,,,,,,,,,,,,,,
2025-09-29,phase6_causal_or_retest_v1,d8df78957051c9de,25c269cde02debe4,7b30e3d97c41bd58,ed5db2d90d8371c44cbe212d6d16ad117537c9e185a6592a6ca108ece643d8ce,2026-04-24T15:59:00-04:00,2026-04-26T01:55:46.523945+00:00,True,clean,390,390,0,0,0,2025-09-29 15:59:00-04:00,2025-09-29 15:59:00-04:00,False,True,clean,normal,35.0,20,20,24916.0,24848.25,67.75,0.977859778597786,tier1_pilot,False,False,no_retest_signal,2025-09-29 09:45:00-04:00,,,,,,,,,,,,,,,,,,,,,,,,,,,,,,False,no_retest_signal,2025-09-29 09:45:00-04:00,,,,,,,,,,,,,,,,,,,,,,,,,,,,,,False,no_retest_signal,2025-09-29 09:45:00-04:00,,,,,,,,,,,,,,,,,,,,,,,,,,,,,
2025-09-30,phase6_causal_or_retest_v1,d8df78957051c9de,25c269cde02debe4,7b30e3d97c41bd58,ed5db2d90d8371c44cbe212d6d16ad117537c9e185a6592a6ca108ece643d8ce,2026-04-24T15:59:00-04:00,2026-04-26T01:55:46.523945+00:00,True,clean,390,390,0,0,0,2025-09-30 15:59:00-04:00,2025-09-30 15:59:00-04:00,False,True,clean,wide,80.0,20,20,24830.75,24741.25,89.5,0.6368715083798883,tier1_pilot,False,False,or_class_wide,,,,,,,,,,,,,,,,,,,,,,,,,,,,,,,False,or_class_wide,,,,,,,,,,,,,,,,,,,,,,,,,,,,,,,False,or_class_wide,,,,,,,,,,,,,,,,,,,,,,,,,,,,,,
2025-10-01,phase6_causal_or_retest_v1,d8df78957051c9de,25c269cde02debe4,7b30e3d97c41bd58,ed5db2d90d8371c44cbe212d6d16ad117537c9e185a6592a6ca108ece643d8ce,2026-04-24T15:59:00-04:00,2026-04-26T01:55:46.523945+00:00,True,clean,390,390,0,0,0,2025-10-01 15:59:00-04:00,2025-10-01 15:59:00-04:00,False,True,clean,wide,85.0,20,20,24841.5,24743.5,98.0,0.8724489795918368,tier1_pilot,False,False,or_class_wide,,,,,,,,,,,,,,,,,,,,,,,,,,,,,,,False,or_class_wide,,,,,,,,,,,,,,,,,,,,,,,,,,,,,,,False,or_class_wide,,,,,,,,,,,,,,,,,,,,,,,,,,,,,,
2025-10-02,phase6_causal_or_retest_v1,d8df78957051c9de,25c269cde02debe4,7b30e3d97c41bd58,ed5db2d90d8371c44cbe212d6d16ad117537c9e185a6592a6ca108ece643d8ce,2026-04-24T15:59:00-04:00,2026-04-26T01:55:46.523945+00:00,True,clean,390,390,0,0,0,2025-10-02 15:59:00-04:00,2025-10-02 15:59:00-04:00,False,True,clean,wide,95.0,20,20,25169.0,25036.25,132.75,0.09227871939736347,tier1_pilot,False,False,or_class_wide,,,,,,,,,,,,,,,,,,,,,,,,,,,,,,,False,or_class_wide,,,,,,,,,,,,,,,,,,,,,,,,,,,,,,,False,or_class_wide,,,,,,,,,,,,,,,,,,,,,,,,,,,,,,
2025-10-03,phase6_causal_or_retest_v1,d8df78957051c9de,25c269cde02debe4,7b30e3d97c41bd58,ed5db2d90d8371c44cbe212d6d16ad117537c9e185a6592a6ca108ece643d8ce,2026-04-24T15:59:00-04:00,2026-04-26T01:55:46.523945+00:00,True,clean,390,390,0,0,0,2025-10-03 15:59:00-04:00,2025-10-03 15:59:00-04:00,False,True,clean,tight,15.0,20,20,25166.75,25113.75,53.0,0.39622641509433965,tier1_pilot,False,False,or_class_tight,,,,,,,,,,,,,,,,,,,,,,,,,,,,,,,False,no_upside_breakout,,,,,,,,,,,,,,,,,,,,,,,,,,,,,,,False,or_class_tight,,,,,,,,,,,,,,,,,,,,,,,,,,,,,,
2025-10-06,phase6_causal_or_retest_v1,d8df78957051c9de,25c269cde02debe4,7b30e3d97c41bd58,ed5db2d90d8371c44cbe212d6d16ad117537c9e185a6592a6ca108ece643d8ce,2026-04-24T15:59:00-04:00,2026-04-26T01:55:46.523945+00:00,True,clean,390,390,0,0,0,2025-10-06 15:59:00-04:00,2025-10-06 15:59:00-04:00,False,True,clean,wide,85.0,20,20,25221.75,25117.0,104.75,0.2243436754176611,tier1_pilot,False,False,or_class_wide,,,,,,,,,,,,,,,,,,,,,,,,,,,,,,,False,or_class_wide,,,,,,,,,,,,,,,,,,,,,,,,,,,,,,,False,or_class_wide,,,,,,,,,,,,,,,,,,,,,,,,,,,,,,
2025-10-07,phase6_causal_or_retest_v1,d8df78957051c9de,25c269cde02debe4,7b30e3d97c41bd58,ed5db2d90d8371c44cbe212d6d16ad117537c9e185a6592a6ca108ece643d8ce,2026-04-24T15:59:00-04:00,2026-04-26T01:55:46.523945+00:00,True,clean,390,390,0,0,0,2025-10-07 15:59:00-04:00,2025-10-07 15:59:00-04:00,False,True,clean,tight,10.0,20,20,25263.0,25217.0,46.0,0.625,tier1_pilot,False,False,or_class_tight,,,,,,,,,,,,,,,,,,,,,,,,,,,,,,,False,no_upside_breakout,,,,,,,,,,,,,,,,,,,,,,,,,,,,,,,False,or_class_tight,,,,,,,,,,,,,,,,,,,,,,,,,,,,,,
2025-10-08,phase6_causal_or_retest_v1,d8df78957051c9de,25c269cde02debe4,7b30e3d97c41bd58,ed5db2d90d8371c44cbe212d6d16ad117537c9e185a6592a6ca108ece643d8ce,2026-04-24T15:59:00-04:00,2026-04-26T01:55:46.523945+00:00,True,clean,390,390,0,0,0,2025-10-08 15:59:00-04:00,2025-10-08 15:59:00-04:00,False,True,clean,normal,55.00000000000001,20,20,25152.75,25073.25,79.5,0.7484276729559748,tier1_pilot,False,False,no_retest_signal,2025-10-08 09:47:00-04:00,,,,,,,,,,,,,,,,,,,,,,,,,,,,,,False,no_retest_signal,2025-10-08 09:47:00-04:00,,,,,,,,,,,,,,,,,,,,,,,,,,,,,,False,no_retest_signal,2025-10-08 09:47:00-04:00,,,,,,,,,,,,,,,,,,,,,,,,,,,,,
2025-10-09,phase6_causal_or_retest_v1,d8df78957051c9de,25c269cde02debe4,7b30e3d97c41bd58,ed5db2d90d8371c44cbe212d6d16ad117537c9e185a6592a6ca108ece643d8ce,2026-04-24T15:59:00-04:00,2026-04-26T01:55:46.523945+00:00,True,clean,390,390,0,0,0,2025-10-09 15:59:00-04:00,2025-10-09 15:59:00-04:00,False,True,clean,normal,50.0,20,20,25334.75,25258.75,76.0,0.23026315789473684,tier1_pilot,False,False,no_upside_breakout,,,,,,,,,,,,,,,,,,,,,,,,,,,,,,,False,no_upside_breakout,,,,,,,,,,,,,,,,,,,,,,,,,,,,,,,False,no_upside_breakout,,,,,,,,,,,,,,,,,,,,,,,,,,,,,,
2025-10-10,phase6_causal_or_retest_v1,d8df78957051c9de,25c269cde02debe4,7b30e3d97c41bd58,ed5db2d90d8371c44cbe212d6d16ad117537c9e185a6592a6ca108ece643d8ce,2026-04-24T15:59:00-04:00,2026-04-26T01:55:46.523945+00:00,True,clean,390,390,0,0,0,2025-10-10 15:59:00-04:00,2025-10-10 15:59:00-04:00,False,True,clean,normal,60.0,20,20,25376.75,25293.75,83.0,0.8945783132530121,tier1_pilot,False,False,no_retest_signal,2025-10-10 09:45:00-04:00,,,,,,,,,,,,,,,,,,,,,,,,,,,,,,False,no_retest_signal,2025-10-10 09:45:00-04:00,,,,,,,,,,,,,,,,,,,,,,,,,,,,,,False,no_retest_signal,2025-10-10 09:45:00-04:00,,,,,,,,,,,,,,,,,,,,,,,,,,,,,
2025-10-13,phase6_causal_or_retest_v1,d8df78957051c9de,25c269cde02debe4,7b30e3d97c41bd58,ed5db2d90d8371c44cbe212d6d16ad117537c9e185a6592a6ca108ece643d8ce,2026-04-24T15:59:00-04:00,2026-04-26T01:55:46.523945+00:00,True,clean,390,390,0,0,0,2025-10-13 15:59:00-04:00,2025-10-13 15:59:00-04:00,False,True,clean,wide,90.0,20,20,24842.75,24724.5,118.25,0.7378435517970402,tier1_pilot,False,False,or_class_wide,,,,,,,,,,,,,,,,,,,,,,,,,,,,,,,False,or_class_wide,,,,,,,,,,,,,,,,,,,,,,,,,,,,,,,False,or_class_wide,,,,,,,,,,,,,,,,,,,,,,,,,,,,,,
2025-10-14,phase6_causal_or_retest_v1,d8df78957051c9de,25c269cde02debe4,7b30e3d97c41bd58,ed5db2d90d8371c44cbe212d6d16ad117537c9e185a6592a6ca108ece643d8ce,2026-04-24T15:59:00-04:00,2026-04-26T01:55:46.523945+00:00,True,clean,390,390,0,0,0,2025-10-14 15:59:00-04:00,2025-10-14 15:59:00-04:00,False,True,clean,wide,100.0,20,20,24642.0,24430.25,211.75,0.1038961038961039,tier1_pilot,False,False,or_class_wide,,,,,,,,,,,,,,,,,,,,,,,,,,,,,,,False,or_class_wide,,,,,,,,,,,,,,,,,,,,,,,,,,,,,,,False,or_class_wide,,,,,,,,,,,,,,,,,,,,,,,,,,,,,,
2025-10-15,phase6_causal_or_retest_v1,d8df78957051c9de,25c269cde02debe4,7b30e3d97c41bd58,ed5db2d90d8371c44cbe212d6d16ad117537c9e185a6592a6ca108ece643d8ce,2026-04-24T15:59:00-04:00,2026-04-26T01:55:46.523945+00:00,True,clean,390,390,0,0,0,2025-10-15 15:59:00-04:00,2025-10-15 15:59:00-04:00,False,True,clean,normal,55.00000000000001,20,20,25004.25,24920.5,83.75,0.2537313432835821,tier1_pilot,False,False,no_retest_signal,2025-10-15 09:55:00-04:00,,,,,,,,,,,,,,,,,,,,,,,,,,,,,,False,no_retest_signal,2025-10-15 09:55:00-04:00,,,,,,,,,,,,,,,,,,,,,,,,,,,,,,False,no_retest_signal,2025-10-15 09:55:00-04:00,,,,,,,,,,,,,,,,,,,,,,,,,,,,,
2025-10-16,phase6_causal_or_retest_v1,d8df78957051c9de,25c269cde02debe4,7b30e3d97c41bd58,ed5db2d90d8371c44cbe212d6d16ad117537c9e185a6592a6ca108ece643d8ce,2026-04-24T15:59:00-04:00,2026-04-26T01:55:46.523945+00:00,True,clean,390,390,0,0,0,2025-10-16 15:59:00-04:00,2025-10-16 15:59:00-04:00,False,True,clean,tight,25.0,20,20,25106.0,25036.0,70.0,0.7928571428571428,tier1_pilot,False,False,or_class_tight,,,,,,,,,,,,,,,,,,,,,,,,,,,,,,,True,,2025-10-16 09:45:00-04:00,2025-10-16 10:34:00-04:00,2025-10-16 10:35:00-04:00,25109.25,25111.75,25071.75,25191.75,2025-10-16 11:25:00-04:00,25071.75,25069.25,stop,-86.34,25095.5,25112.0,25094.0,25109.5,3593.0,25070.437706363766,25109.25,25122.5,25103.75,25121.75,6458.0,25071.061687219237,25085.25,25087.5,25067.0,25070.0,7584.0,25088.983909048056,False,or_class_tight,,,,,,,,,,,,,,,,,,,,,,,,,,,,,,
2025-10-17,phase6_causal_or_retest_v1,d8df78957051c9de,25c269cde02debe4,7b30e3d97c41bd58,ed5db2d90d8371c44cbe212d6d16ad117537c9e185a6592a6ca108ece643d8ce,2026-04-24T15:59:00-04:00,2026-04-26T01:55:46.523945+00:00,True,clean,390,390,0,0,0,2025-10-17 15:59:00-04:00,2025-10-17 15:59:00-04:00,False,True,clean,wide,90.0,20,20,24817.75,24672.25,145.5,0.15292096219931273,tier1_pilot,False,False,or_class_wide,,,,,,,,,,,,,,,,,,,,,,,,,,,,,,,False,or_class_wide,,,,,,,,,,,,,,,,,,,,,,,,,,,,,,,False,or_class_wide,,,,,,,,,,,,,,,,,,,,,,,,,,,,,,
2025-10-20,phase6_causal_or_retest_v1,d8df78957051c9de,25c269cde02debe4,7b30e3d97c41bd58,ed5db2d90d8371c44cbe212d6d16ad117537c9e185a6592a6ca108ece643d8ce,2026-04-24T15:59:00-04:00,2026-04-26T01:55:46.523945+00:00,True,clean,390,390,0,0,0,2025-10-20 15:59:00-04:00,2025-10-20 15:59:00-04:00,False,True,clean,normal,70.0,20,20,25224.75,25114.75,110.0,0.6727272727272727,tier1_pilot,False,True,,2025-10-20 09:51:00-04:00,2025-10-20 10:00:00-04:00,2025-10-20 10:01:00-04:00,25228.75,25231.25,25191.25,25281.25,2025-10-20 10:28:00-04:00,25281.25,25278.75,target,93.66,25222.25,25234.25,25222.0,25228.75,5478.0,25203.318308901537,25228.75,25235.25,25223.75,25227.75,3496.0,25203.83231384532,25277.75,25282.5,25273.25,25274.5,5415.0,25218.389877227328,True,,2025-10-20 09:51:00-04:00,2025-10-20 10:00:00-04:00,2025-10-20 10:01:00-04:00,25228.75,25231.25,25191.25,25311.25,2025-10-20 10:52:00-04:00,25311.25,25308.75,target,153.66,25222.25,25234.25,25222.0,25228.75,5478.0,25203.318308901537,25228.75,25235.25,25223.75,25227.75,3496.0,25203.83231384532,25309.25,25313.5,25308.25,25311.75,2652.0,25232.97738726589,False,signal_filtered,2025-10-20 09:51:00-04:00,,,,,,,,,,,,,,,,,,,,,,,,,,,,,
2025-10-21,phase6_causal_or_retest_v1,d8df78957051c9de,25c269cde02debe4,7b30e3d97c41bd58,ed5db2d90d8371c44cbe212d6d16ad117537c9e185a6592a6ca108ece643d8ce,2026-04-24T15:59:00-04:00,2026-04-26T01:55:46.523945+00:00,True,clean,390,390,0,0,0,2025-10-21 15:59:00-04:00,2025-10-21 15:59:00-04:00,False,True,clean,tight,25.0,20,20,25304.5,25233.0,71.5,0.32167832167832167,tier1_pilot,False,False,or_class_tight,,,,,,,,,,,,,,,,,,,,,,,,,,,,,,,False,no_retest_signal,2025-10-21 11:47:00-04:00,,,,,,,,,,,,,,,,,,,,,,,,,,,,,,False,or_class_tight,,,,,,,,,,,,,,,,,,,,,,,,,,,,,,
2025-10-22,phase6_causal_or_retest_v1,d8df78957051c9de,25c269cde02debe4,7b30e3d97c41bd58,ed5db2d90d8371c44cbe212d6d16ad117537c9e185a6592a6ca108ece643d8ce,2026-04-24T15:59:00-04:00,2026-04-26T01:55:46.523945+00:00,True,clean,390,390,0,0,0,2025-10-22 15:59:00-04:00,2025-10-22 15:59:00-04:00,False,True,clean,normal,60.0,20,20,25271.5,25172.75,98.75,0.8784810126582279,tier1_pilot,True,True,,2025-10-22 09:51:00-04:00,2025-10-22 10:01:00-04:00,2025-10-22 10:02:00-04:00,25272.5,25275.0,25235.0,25325.0,2025-10-22 10:12:00-04:00,25235.0,25232.5,stop,-86.34,25269.5,25281.0,25266.0,25272.5,5112.0,25235.151976045716,25272.5,25278.0,25238.0,25253.25,7712.0,25235.97678413957,25240.75,25242.75,25228.5,25240.75,6139.0,25238.53074601772,False,signal_filtered,2025-10-22 09:51:00-04:00,,,,,,,,,,,,,,,,,,,,,,,,,,,,,,True,,2025-10-22 09:51:00-04:00,2025-10-22 10:01:00-04:00,2025-10-22 10:02:00-04:00,25272.5,25275.0,25235.0,25325.0,2025-10-22 10:12:00-04:00,25235.0,25232.5,stop,-86.34,25269.5,25281.0,25266.0,25272.5,5112.0,25235.151976045716,25272.5,25278.0,25238.0,25253.25,7712.0,25235.97678413957,25240.75,25242.75,25228.5,25240.75,6139.0,25238.53074601772
2025-10-23,phase6_causal_or_retest_v1,d8df78957051c9de,25c269cde02debe4,7b30e3d97c41bd58,ed5db2d90d8371c44cbe212d6d16ad117537c9e185a6592a6ca108ece643d8ce,2026-04-24T15:59:00-04:00,2026-04-26T01:55:46.523945+00:00,True,clean,390,390,0,0,0,2025-10-23 15:59:00-04:00,2025-10-23 15:59:00-04:00,False,True,clean,normal,50.0,20,20,25092.75,24998.75,94.0,0.9946808510638298,tier1_pilot,True,True,,2025-10-23 09:45:00-04:00,2025-10-23 10:21:00-04:00,2025-10-23 10:22:00-04:00,25108.0,25110.5,25070.5,25160.5,2025-10-23 10:25:00-04:00,25160.5,25158.0,target,93.66,25099.75,25114.75,25083.75,25107.5,6835.0,25111.246113933976,25108.0,25121.75,25105.5,25115.25,5610.0,25111.296737762426,25155.25,25162.0,25143.5,25145.25,6236.0,25113.146118130324,True,,2025-10-23 09:45:00-04:00,2025-10-23 10:21:00-04:00,2025-10-23 10:22:00-04:00,25108.0,25110.5,25070.5,25190.5,2025-10-23 10:39:00-04:00,25190.5,25188.0,target,153.66,25099.75,25114.75,25083.75,25107.5,6835.0,25111.246113933976,25108.0,25121.75,25105.5,25115.25,5610.0,25111.296737762426,25187.75,25190.5,25183.5,25187.0,2823.0,25120.24292749001,True,,2025-10-23 09:45:00-04:00,2025-10-23 10:21:00-04:00,2025-10-23 10:22:00-04:00,25108.0,25110.5,25070.5,25160.5,2025-10-23 10:25:00-04:00,25160.5,25158.0,target,93.66,25099.75,25114.75,25083.75,25107.5,6835.0,25111.246113933976,25108.0,25121.75,25105.5,25115.25,5610.0,25111.296737762426,25155.25,25162.0,25143.5,25145.25,6236.0,25113.146118130324
2025-10-24,phase6_causal_or_retest_v1,d8df78957051c9de,25c269cde02debe4,7b30e3d97c41bd58,ed5db2d90d8371c44cbe212d6d16ad117537c9e185a6592a6ca108ece643d8ce,2026-04-24T15:59:00-04:00,2026-04-26T01:55:46.523945+00:00,True,clean,390,390,0,0,0,2025-10-24 15:59:00-04:00,2025-10-24 15:59:00-04:00,False,True,clean,normal,65.0,20,20,25530.75,25430.0,100.75,0.9181141439205955,tier1_pilot,False,True,,2025-10-24 10:07:00-04:00,2025-10-24 10:10:00-04:00,2025-10-24 10:11:00-04:00,25534.75,25537.25,25497.25,25587.25,2025-10-24 10:26:00-04:00,25497.25,25494.75,stop,-86.34,25532.25,25537.25,25529.75,25533.75,2739.0,25497.952608832795,25534.75,25535.0,25520.75,25525.0,2789.0,25498.299050133024,25504.25,25513.0,25495.75,25497.0,3830.0,25501.897084564254,True,,2025-10-24 10:07:00-04:00,2025-10-24 10:18:00-04:00,2025-10-24 10:19:00-04:00,25532.75,25535.25,25495.25,25615.25,2025-10-24 10:27:00-04:00,25495.25,25492.75,stop,-86.34,25528.75,25533.75,25525.25,25533.0,1924.0,25500.673355226063,25532.75,25533.25,25521.25,25531.25,2381.0,25500.93539026417,25497.0,25503.75,25494.0,25498.75,3149.0,25501.86300440379,False,signal_filtered,2025-10-24 10:07:00-04:00,,,,,,,,,,,,,,,,,,,,,,,,,,,,,
2025-10-27,phase6_causal_or_retest_v1,d8df78957051c9de,25c269cde02debe4,7b30e3d97c41bd58,ed5db2d90d8371c44cbe212d6d16ad117537c9e185a6592a6ca108ece643d8ce,2026-04-24T15:59:00-04:00,2026-04-26T01:55:46.523945+00:00,True,clean,390,390,0,0,0,2025-10-27 15:59:00-04:00,2025-10-27 15:59:00-04:00,False,True,clean,tight,10.0,20,20,25859.75,25796.25,63.5,0.6614173228346457,tier1_pilot,False,False,or_class_tight,,,,,,,,,,,,,,,,,,,,,,,,,,,,,,,True,,2025-10-27 10:01:00-04:00,2025-10-27 10:03:00-04:00,2025-10-27 10:04:00-04:00,25870.75,25873.25,25833.25,25953.25,2025-10-27 10:19:00-04:00,25833.25,25830.75,stop,-86.34,25858.5,25873.0,25857.25,25870.5,4851.0,25835.592651326413,25870.75,25876.25,25863.75,25866.25,4656.0,25836.605833639594,25845.5,25847.25,25831.25,25834.5,3125.0,25841.00489164317,False,or_class_tight,,,,,,,,,,,,,,,,,,,,,,,,,,,,,,
2025-10-28,phase6_causal_or_retest_v1,d8df78957051c9de,25c269cde02debe4,7b30e3d97c41bd58,ed5db2d90d8371c44cbe212d6d16ad117537c9e185a6592a6ca108ece643d8ce,2026-04-24T15:59:00-04:00,2026-04-26T01:55:46.523945+00:00,True,clean,390,390,0,0,0,2025-10-28 15:59:00-04:00,2025-10-28 15:59:00-04:00,False,True,clean,tight,5.0,20,20,26094.0,26041.75,52.25,0.6842105263157895,tier1_pilot,False,False,or_class_tight,,,,,,,,,,,,,,,,,,,,,,,,,,,,,,,False,no_retest_signal,2025-10-28 12:30:00-04:00,,,,,,,,,,,,,,,,,,,,,,,,,,,,,,False,or_class_tight,,,,,,,,,,,,,,,,,,,,,,,,,,,,,,
2025-10-29,phase6_causal_or_retest_v1,d8df78957051c9de,25c269cde02debe4,7b30e3d97c41bd58,ed5db2d90d8371c44cbe212d6d16ad117537c9e185a6592a6ca108ece643d8ce,2026-04-24T15:59:00-04:00,2026-04-26T01:55:46.523945+00:00,True,clean,390,390,0,0,0,2025-10-29 15:59:00-04:00,2025-10-29 15:59:00-04:00,False,True,clean,tight,0.0,20,20,26292.5,26254.25,38.25,0.5620915032679739,tier1_pilot,False,False,or_class_tight,,,,,,,,,,,,,,,,,,,,,,,,,,,,,,,True,,2025-10-29 09:52:00-04:00,2025-10-29 10:13:00-04:00,2025-10-29 10:14:00-04:00,26295.5,26298.0,26258.0,26378.0,2025-10-29 10:49:00-04:00,26258.0,26255.5,stop,-86.34,26284.25,26296.0,26284.25,26295.25,4536.0,26285.434193469882,26295.5,26300.75,26281.5,26286.0,5069.0,26285.531993301454,26271.25,26274.75,26256.75,26260.75,4586.0,26286.483703721267,False,or_class_tight,,,,,,,,,,,,,,,,,,,,,,,,,,,,,,
2025-10-30,phase6_causal_or_retest_v1,d8df78957051c9de,25c269cde02debe4,7b30e3d97c41bd58,ed5db2d90d8371c44cbe212d6d16ad117537c9e185a6592a6ca108ece643d8ce,2026-04-24T15:59:00-04:00,2026-04-26T01:55:46.523945+00:00,True,clean,390,390,0,0,0,2025-10-30 15:59:00-04:00,2025-10-30 15:59:00-04:00,False,True,clean,wide,95.0,20,20,26127.5,25941.5,186.0,0.18010752688172044,tier1_pilot,False,False,or_class_wide,,,,,,,,,,,,,,,,,,,,,,,,,,,,,,,False,or_class_wide,,,,,,,,,,,,,,,,,,,,,,,,,,,,,,,False,or_class_wide,,,,,,,,,,,,,,,,,,,,,,,,,,,,,,
2025-10-31,phase6_causal_or_retest_v1,d8df78957051c9de,25c269cde02debe4,7b30e3d97c41bd58,ed5db2d90d8371c44cbe212d6d16ad117537c9e185a6592a6ca108ece643d8ce,2026-04-24T15:59:00-04:00,2026-04-26T01:55:46.523945+00:00,True,clean,390,390,0,0,0,2025-10-31 15:59:00-04:00,2025-10-31 15:59:00-04:00,False,True,clean,normal,60.0,20,20,26199.5,26103.5,96.0,0.15625,tier1_pilot,False,False,no_upside_breakout,,,,,,,,,,,,,,,,,,,,,,,,,,,,,,,False,no_upside_breakout,,,,,,,,,,,,,,,,,,,,,,,,,,,,,,,False,no_upside_breakout,,,,,,,,,,,,,,,,,,,,,,,,,,,,,,
2025-11-03,phase6_causal_or_retest_v1,d8df78957051c9de,25c269cde02debe4,7b30e3d97c41bd58,ed5db2d90d8371c44cbe212d6d16ad117537c9e185a6592a6ca108ece643d8ce,2026-04-24T15:59:00-04:00,2026-04-26T01:55:46.523945+00:00,True,clean,390,390,0,0,0,2025-11-03 15:59:00-05:00,2025-11-03 15:59:00-05:00,False,True,clean,wide,80.0,20,20,26265.75,26155.0,110.75,0.11286681715575621,tier1_pilot,False,False,or_class_wide,,,,,,,,,,,,,,,,,,,,,,,,,,,,,,,False,or_class_wide,,,,,,,,,,,,,,,,,,,,,,,,,,,,,,,False,or_class_wide,,,,,,,,,,,,,,,,,,,,,,,,,,,,,,
2025-11-04,phase6_causal_or_retest_v1,d8df78957051c9de,25c269cde02debe4,7b30e3d97c41bd58,ed5db2d90d8371c44cbe212d6d16ad117537c9e185a6592a6ca108ece643d8ce,2026-04-24T15:59:00-04:00,2026-04-26T01:55:46.523945+00:00,True,clean,390,390,0,0,0,2025-11-04 15:59:00-05:00,2025-11-04 15:59:00-05:00,False,True,clean,wide,85.0,20,20,25782.0,25663.0,119.0,0.9453781512605042,tier1_pilot,False,False,or_class_wide,,,,,,,,,,,,,,,,,,,,,,,,,,,,,,,False,or_class_wide,,,,,,,,,,,,,,,,,,,,,,,,,,,,,,,False,or_class_wide,,,,,,,,,,,,,,,,,,,,,,,,,,,,,,
2025-11-05,phase6_causal_or_retest_v1,d8df78957051c9de,25c269cde02debe4,7b30e3d97c41bd58,ed5db2d90d8371c44cbe212d6d16ad117537c9e185a6592a6ca108ece643d8ce,2026-04-24T15:59:00-04:00,2026-04-26T01:55:46.523945+00:00,True,clean,390,390,0,0,0,2025-11-05 15:59:00-05:00,2025-11-05 15:59:00-05:00,False,True,clean,normal,45.0,20,20,25577.25,25487.75,89.5,0.4301675977653631,tier1_pilot,False,False,no_retest_signal,2025-11-05 09:47:00-05:00,,,,,,,,,,,,,,,,,,,,,,,,,,,,,,False,no_retest_signal,2025-11-05 09:47:00-05:00,,,,,,,,,,,,,,,,,,,,,,,,,,,,,,False,no_retest_signal,2025-11-05 09:47:00-05:00,,,,,,,,,,,,,,,,,,,,,,,,,,,,,
2025-11-06,phase6_causal_or_retest_v1,d8df78957051c9de,25c269cde02debe4,7b30e3d97c41bd58,ed5db2d90d8371c44cbe212d6d16ad117537c9e185a6592a6ca108ece643d8ce,2026-04-24T15:59:00-04:00,2026-04-26T01:55:46.523945+00:00,True,clean,390,390,0,0,0,2025-11-06 15:59:00-05:00,2025-11-06 15:59:00-05:00,False,True,clean,normal,60.0,20,20,25684.75,25585.75,99.0,0.2196969696969697,tier1_pilot,False,False,no_upside_breakout,,,,,,,,,,,,,,,,,,,,,,,,,,,,,,,False,no_upside_breakout,,,,,,,,,,,,,,,,,,,,,,,,,,,,,,,False,no_upside_breakout,,,,,,,,,,,,,,,,,,,,,,,,,,,,,,
2025-11-07,phase6_causal_or_retest_v1,d8df78957051c9de,25c269cde02debe4,7b30e3d97c41bd58,ed5db2d90d8371c44cbe212d6d16ad117537c9e185a6592a6ca108ece643d8ce,2026-04-24T15:59:00-04:00,2026-04-26T01:55:46.523945+00:00,True,clean,390,390,0,0,0,2025-11-07 15:59:00-05:00,2025-11-07 15:59:00-05:00,False,True,clean,wide,95.0,20,20,25111.5,24917.5,194.0,0.297680412371134,tier1_pilot,False,False,or_class_wide,,,,,,,,,,,,,,,,,,,,,,,,,,,,,,,False,or_class_wide,,,,,,,,,,,,,,,,,,,,,,,,,,,,,,,False,or_class_wide,,,,,,,,,,,,,,,,,,,,,,,,,,,,,,
2025-11-10,phase6_causal_or_retest_v1,d8df78957051c9de,25c269cde02debe4,7b30e3d97c41bd58,ed5db2d90d8371c44cbe212d6d16ad117537c9e185a6592a6ca108ece643d8ce,2026-04-24T15:59:00-04:00,2026-04-26T01:55:46.523945+00:00,True,clean,390,390,0,0,0,2025-11-10 15:59:00-05:00,2025-11-10 15:59:00-05:00,False,True,clean,normal,70.0,20,20,25639.75,25524.0,115.75,0.9114470842332614,tier1_pilot,False,True,,2025-11-10 09:46:00-05:00,2025-11-10 10:04:00-05:00,2025-11-10 10:05:00-05:00,25640.25,25642.75,25602.75,25692.75,2025-11-10 10:48:00-05:00,25602.75,25600.25,stop,-86.34,25629.0,25647.5,25627.0,25640.0,4547.0,25609.29638625443,25640.25,25649.5,25630.25,25640.75,4381.0,25609.922205640778,25613.75,25619.25,25602.5,25605.5,4715.0,25622.36257708836,True,,2025-11-10 09:46:00-05:00,2025-11-10 10:04:00-05:00,2025-11-10 10:05:00-05:00,25640.25,25642.75,25602.75,25722.75,2025-11-10 10:48:00-05:00,25602.75,25600.25,stop,-86.34,25629.0,25647.5,25627.0,25640.0,4547.0,25609.29638625443,25640.25,25649.5,25630.25,25640.75,4381.0,25609.922205640778,25613.75,25619.25,25602.5,25605.5,4715.0,25622.36257708836,False,signal_filtered,2025-11-10 09:46:00-05:00,,,,,,,,,,,,,,,,,,,,,,,,,,,,,
2025-11-11,phase6_causal_or_retest_v1,d8df78957051c9de,25c269cde02debe4,7b30e3d97c41bd58,ed5db2d90d8371c44cbe212d6d16ad117537c9e185a6592a6ca108ece643d8ce,2026-04-24T15:59:00-04:00,2026-04-26T01:55:46.523945+00:00,True,clean,390,390,0,0,0,2025-11-11 15:59:00-05:00,2025-11-11 15:59:00-05:00,False,True,clean,tight,10.0,20,20,25646.0,25583.75,62.25,0.41767068273092367,tier1_pilot,False,False,or_class_tight,,,,,,,,,,,,,,,,,,,,,,,,,,,,,,,False,no_retest_signal,2025-11-11 13:18:00-05:00,,,,,,,,,,,,,,,,,,,,,,,,,,,,,,False,or_class_tight,,,,,,,,,,,,,,,,,,,,,,,,,,,,,,
2025-11-12,phase6_causal_or_retest_v1,d8df78957051c9de,25c269cde02debe4,7b30e3d97c41bd58,ed5db2d90d8371c44cbe212d6d16ad117537c9e185a6592a6ca108ece643d8ce,2026-04-24T15:59:00-04:00,2026-04-26T01:55:46.523945+00:00,True,clean,390,390,0,0,0,2025-11-12 15:59:00-05:00,2025-11-12 15:59:00-05:00,False,True,clean,wide,85.0,20,20,25780.5,25637.25,143.25,0.05759162303664921,tier1_pilot,False,False,or_class_wide,,,,,,,,,,,,,,,,,,,,,,,,,,,,,,,False,or_class_wide,,,,,,,,,,,,,,,,,,,,,,,,,,,,,,,False,or_class_wide,,,,,,,,,,,,,,,,,,,,,,,,,,,,,,
2025-11-13,phase6_causal_or_retest_v1,d8df78957051c9de,25c269cde02debe4,7b30e3d97c41bd58,ed5db2d90d8371c44cbe212d6d16ad117537c9e185a6592a6ca108ece643d8ce,2026-04-24T15:59:00-04:00,2026-04-26T01:55:46.523945+00:00,True,clean,390,390,0,0,0,2025-11-13 15:59:00-05:00,2025-11-13 15:59:00-05:00,False,True,clean,wide,100.0,20,20,25501.5,25284.0,217.5,0.040229885057471264,tier1_pilot,False,False,or_class_wide,,,,,,,,,,,,,,,,,,,,,,,,,,,,,,,False,or_class_wide,,,,,,,,,,,,,,,,,,,,,,,,,,,,,,,False,or_class_wide,,,,,,,,,,,,,,,,,,,,,,,,,,,,,,
2025-11-14,phase6_causal_or_retest_v1,d8df78957051c9de,25c269cde02debe4,7b30e3d97c41bd58,ed5db2d90d8371c44cbe212d6d16ad117537c9e185a6592a6ca108ece643d8ce,2026-04-24T15:59:00-04:00,2026-04-26T01:55:46.523945+00:00,True,clean,390,390,0,0,0,2025-11-14 15:59:00-05:00,2025-11-14 15:59:00-05:00,False,True,clean,wide,100.0,20,20,24844.75,24626.0,218.75,0.9531428571428572,tier1_pilot,False,False,or_class_wide,,,,,,,,,,,,,,,,,,,,,,,,,,,,,,,False,or_class_wide,,,,,,,,,,,,,,,,,,,,,,,,,,,,,,,False,or_class_wide,,,,,,,,,,,,,,,,,,,,,,,,,,,,,,
2025-11-17,phase6_causal_or_retest_v1,d8df78957051c9de,25c269cde02debe4,7b30e3d97c41bd58,ed5db2d90d8371c44cbe212d6d16ad117537c9e185a6592a6ca108ece643d8ce,2026-04-24T15:59:00-04:00,2026-04-26T01:55:46.523945+00:00,True,clean,390,390,0,0,0,2025-11-17 15:59:00-05:00,2025-11-17 15:59:00-05:00,False,True,clean,wide,100.0,20,20,25199.25,24955.25,244.0,0.8370901639344263,tier1_pilot,False,False,or_class_wide,,,,,,,,,,,,,,,,,,,,,,,,,,,,,,,False,or_class_wide,,,,,,,,,,,,,,,,,,,,,,,,,,,,,,,False,or_class_wide,,,,,,,,,,,,,,,,,,,,,,,,,,,,,,
2025-11-18,phase6_causal_or_retest_v1,d8df78957051c9de,25c269cde02debe4,7b30e3d97c41bd58,ed5db2d90d8371c44cbe212d6d16ad117537c9e185a6592a6ca108ece643d8ce,2026-04-24T15:59:00-04:00,2026-04-26T01:55:46.523945+00:00,True,clean,390,390,0,0,0,2025-11-18 15:59:00-05:00,2025-11-18 15:59:00-05:00,False,True,clean,normal,75.0,20,20,24832.0,24646.75,185.25,0.044534412955465584,tier1_pilot,False,False,no_upside_breakout,,,,,,,,,,,,,,,,,,,,,,,,,,,,,,,False,no_upside_breakout,,,,,,,,,,,,,,,,,,,,,,,,,,,,,,,False,no_upside_breakout,,,,,,,,,,,,,,,,,,,,,,,,,,,,,,
2025-11-19,phase6_causal_or_retest_v1,d8df78957051c9de,25c269cde02debe4,7b30e3d97c41bd58,ed5db2d90d8371c44cbe212d6d16ad117537c9e185a6592a6ca108ece643d8ce,2026-04-24T15:59:00-04:00,2026-04-26T01:55:46.523945+00:00,True,clean,390,390,0,0,0,2025-11-19 15:59:00-05:00,2025-11-19 15:59:00-05:00,False,True,clean,normal,75.0,20,20,24758.5,24572.75,185.75,0.9219380888290714,tier1_pilot,False,False,no_retest_signal,2025-11-19 09:45:00-05:00,,,,,,,,,,,,,,,,,,,,,,,,,,,,,,False,no_retest_signal,2025-11-19 09:45:00-05:00,,,,,,,,,,,,,,,,,,,,,,,,,,,,,,False,no_retest_signal,2025-11-19 09:45:00-05:00,,,,,,,,,,,,,,,,,,,,,,,,,,,,,
2025-11-20,phase6_causal_or_retest_v1,d8df78957051c9de,25c269cde02debe4,7b30e3d97c41bd58,ed5db2d90d8371c44cbe212d6d16ad117537c9e185a6592a6ca108ece643d8ce,2026-04-24T15:59:00-04:00,2026-04-26T01:55:46.523945+00:00,True,clean,390,390,0,0,0,2025-11-20 15:59:00-05:00,2025-11-20 15:59:00-05:00,False,True,clean,normal,35.0,20,20,25242.25,25145.0,97.25,0.6863753213367609,tier1_pilot,False,True,,2025-11-20 09:47:00-05:00,2025-11-20 10:23:00-05:00,2025-11-20 10:24:00-05:00,25244.5,25247.0,25207.0,25297.0,2025-11-20 10:37:00-05:00,25297.0,25294.5,target,93.66,25219.25,25255.75,25214.25,25245.0,8293.0,25217.603744355467,25244.5,25261.0,25239.0,25249.75,5906.0,25218.046278325033,25288.75,25309.0,25280.75,25307.5,7774.0,25224.24876857818,True,,2025-11-20 09:47:00-05:00,2025-11-20 10:23:00-05:00,2025-11-20 10:24:00-05:00,25244.5,25247.0,25207.0,25327.0,2025-11-20 10:53:00-05:00,25207.0,25204.5,stop,-86.34,25219.25,25255.75,25214.25,25245.0,8293.0,25217.603744355467,25244.5,25261.0,25239.0,25249.75,5906.0,25218.046278325033,25213.75,25218.75,25203.0,25215.0,4792.0,25229.504548685334,False,signal_filtered,2025-11-20 09:47:00-05:00,,,,,,,,,,,,,,,,,,,,,,,,,,,,,
2025-11-21,phase6_causal_or_retest_v1,d8df78957051c9de,25c269cde02debe4,7b30e3d97c41bd58,ed5db2d90d8371c44cbe212d6d16ad117537c9e185a6592a6ca108ece643d8ce,2026-04-24T15:59:00-04:00,2026-04-26T01:55:46.523945+00:00,True,clean,390,390,0,0,0,2025-11-21 15:59:00-05:00,2025-11-21 15:59:00-05:00,False,True,clean,normal,60.0,20,20,24280.0,24152.75,127.25,0.275049115913556,tier1_pilot,False,False,no_retest_signal,2025-11-21 09:54:00-05:00,,,,,,,,,,,,,,,,,,,,,,,,,,,,,,False,no_retest_signal,2025-11-21 09:54:00-05:00,,,,,,,,,,,,,,,,,,,,,,,,,,,,,,False,no_retest_signal,2025-11-21 09:54:00-05:00,,,,,,,,,,,,,,,,,,,,,,,,,,,,,
2025-11-24,phase6_causal_or_retest_v1,d8df78957051c9de,25c269cde02debe4,7b30e3d97c41bd58,ed5db2d90d8371c44cbe212d6d16ad117537c9e185a6592a6ca108ece643d8ce,2026-04-24T15:59:00-04:00,2026-04-26T01:55:46.523945+00:00,True,clean,390,390,0,0,0,2025-11-24 15:59:00-05:00,2025-11-24 15:59:00-05:00,False,True,clean,wide,85.0,20,20,24722.25,24513.5,208.75,0.5317365269461077,tier1_pilot,False,False,or_class_wide,,,,,,,,,,,,,,,,,,,,,,,,,,,,,,,False,or_class_wide,,,,,,,,,,,,,,,,,,,,,,,,,,,,,,,False,or_class_wide,,,,,,,,,,,,,,,,,,,,,,,,,,,,,,
2025-11-25,phase6_causal_or_retest_v1,d8df78957051c9de,25c269cde02debe4,7b30e3d97c41bd58,ed5db2d90d8371c44cbe212d6d16ad117537c9e185a6592a6ca108ece643d8ce,2026-04-24T15:59:00-04:00,2026-04-26T01:55:46.523945+00:00,True,clean,390,390,0,0,0,2025-11-25 15:59:00-05:00,2025-11-25 15:59:00-05:00,False,True,clean,normal,60.0,20,20,24882.0,24719.5,162.5,0.05846153846153846,tier1_pilot,False,False,no_retest_signal,2025-11-25 11:42:00-05:00,,,,,,,,,,,,,,,,,,,,,,,,,,,,,,False,no_retest_signal,2025-11-25 11:42:00-05:00,,,,,,,,,,,,,,,,,,,,,,,,,,,,,,False,no_retest_signal,2025-11-25 11:42:00-05:00,,,,,,,,,,,,,,,,,,,,,,,,,,,,,
2025-11-26,phase6_causal_or_retest_v1,d8df78957051c9de,25c269cde02debe4,7b30e3d97c41bd58,ed5db2d90d8371c44cbe212d6d16ad117537c9e185a6592a6ca108ece643d8ce,2026-04-24T15:59:00-04:00,2026-04-26T01:55:46.523945+00:00,True,clean,390,390,0,0,0,2025-11-26 15:59:00-05:00,2025-11-26 15:59:00-05:00,False,True,clean,tight,10.0,20,20,25271.0,25189.25,81.75,0.5382262996941896,tier1_pilot,False,False,or_class_tight,,,,,,,,,,,,,,,,,,,,,,,,,,,,,,,True,,2025-11-26 09:50:00-05:00,2025-11-26 11:00:00-05:00,2025-11-26 11:01:00-05:00,25274.75,25277.25,25237.25,25357.25,2025-11-26 11:40:00-05:00,25357.25,25354.75,target,153.66,25268.0,25278.5,25268.0,25275.0,4947.0,25211.547037304692,25274.75,25278.5,25266.25,25268.5,3297.0,25211.908563126508,25352.25,25361.25,25350.75,25357.25,4633.0,25231.136682122233,False,or_class_tight,,,,,,,,,,,,,,,,,,,,,,,,,,,,,,
2025-11-28,phase6_causal_or_retest_v1,d8df78957051c9de,25c269cde02debe4,7b30e3d97c41bd58,ed5db2d90d8371c44cbe212d6d16ad117537c9e185a6592a6ca108ece643d8ce,2026-04-24T15:59:00-04:00,2026-04-26T01:55:46.523945+00:00,True,clean,225,390,165,0,0,2025-11-28 13:14:00-05:00,2025-11-28 15:59:00-05:00,True,False,short_session,tight,15.0,20,20,25421.5,25329.5,92.0,0.3179347826086957,tier1_pilot,False,False,or_class_tight,,,,,,,,,,,,,,,,,,,,,,,,,,,,,,,False,no_retest_signal,2025-11-28 11:06:00-05:00,,,,,,,,,,,,,,,,,,,,,,,,,,,,,,False,or_class_tight,,,,,,,,,,,,,,,,,,,,,,,,,,,,,,
2025-12-01,phase6_causal_or_retest_v1,d8df78957051c9de,25c269cde02debe4,7b30e3d97c41bd58,ed5db2d90d8371c44cbe212d6d16ad117537c9e185a6592a6ca108ece643d8ce,2026-04-24T15:59:00-04:00,2026-04-26T01:55:46.523945+00:00,True,clean,390,390,0,0,0,2025-12-01 15:59:00-05:00,2025-12-01 15:59:00-05:00,False,True,clean,normal,40.0,20,20,25319.75,25209.0,110.75,0.34085778781038373,tier1_pilot,False,True,,2025-12-01 09:50:00-05:00,2025-12-01 10:26:00-05:00,2025-12-01 10:27:00-05:00,25338.0,25340.5,25300.5,25390.5,2025-12-01 10:34:00-05:00,25300.5,25298.0,stop,-86.34,25325.75,25343.25,25321.75,25338.5,5328.0,25317.455679593335,25338.0,25345.75,25318.75,25332.5,4766.0,25317.664441124078,25308.25,25309.25,25280.0,25288.0,9417.0,25317.34607454139,True,,2025-12-01 09:50:00-05:00,2025-12-01 10:36:00-05:00,2025-12-01 10:37:00-05:00,25320.0,25322.5,25282.5,25402.5,2025-12-01 10:52:00-05:00,25402.5,25400.0,target,153.66,25294.75,25333.25,25292.5,25320.0,9633.0,25316.619575624303,25320.0,25329.5,25302.75,25306.0,6351.0,25316.55788504823,25374.75,25406.5,25374.75,25406.0,8358.0,25320.902954137004,False,signal_filtered,2025-12-01 09:50:00-05:00,,,,,,,,,,,,,,,,,,,,,,,,,,,,,
2025-12-02,phase6_causal_or_retest_v1,d8df78957051c9de,25c269cde02debe4,7b30e3d97c41bd58,ed5db2d90d8371c44cbe212d6d16ad117537c9e185a6592a6ca108ece643d8ce,2026-04-24T15:59:00-04:00,2026-04-26T01:55:46.523945+00:00,True,clean,390,390,0,0,0,2025-12-02 15:59:00-05:00,2025-12-02 15:59:00-05:00,False,True,clean,normal,55.00000000000001,20,20,25613.0,25471.25,141.75,0.8747795414462081,tier1_pilot,False,True,,2025-12-02 10:00:00-05:00,2025-12-02 10:12:00-05:00,2025-12-02 10:13:00-05:00,25631.25,25633.75,25593.75,25683.75,2025-12-02 10:28:00-05:00,25593.75,25591.25,stop,-86.34,25621.0,25634.25,25616.25,25631.0,4893.0,25584.047214428618,25631.25,25637.0,25624.25,25635.75,3585.0,25584.65427282238,25613.25,25616.25,25573.0,25577.0,11362.0,25591.143129805678,True,,2025-12-02 10:00:00-05:00,2025-12-02 10:42:00-05:00,2025-12-02 10:43:00-05:00,25613.75,25616.25,25576.25,25696.25,2025-12-02 11:10:00-05:00,25576.25,25573.75,stop,-86.34,25608.0,25619.75,25608.0,25613.25,6344.0,25586.326884583843,25613.75,25626.75,25613.25,25626.25,4125.0,25586.655435441982,25593.0,25605.25,25573.75,25583.0,7694.0,25597.207275705005,True,,2025-12-02 10:00:00-05:00,2025-12-02 10:42:00-05:00,2025-12-02 10:43:00-05:00,25613.75,25616.25,25576.25,25666.25,2025-12-02 10:51:00-05:00,25666.25,25663.75,target,93.66,25608.0,25619.75,25608.0,25613.25,6344.0,25586.326884583843,25613.75,25626.75,25613.25,25626.25,4125.0,25586.655435441982,25662.0,25670.0,25656.5,25658.75,6011.0,25591.111866791736
2025-12-03,phase6_causal_or_retest_v1,d8df78957051c9de,25c269cde02debe4,7b30e3d97c41bd58,ed5db2d90d8371c44cbe212d6d16ad117537c9e185a6592a6ca108ece643d8ce,2026-04-24T15:59:00-04:00,2026-04-26T01:55:46.523945+00:00,True,clean,390,390,0,0,0,2025-12-03 15:59:00-05:00,2025-12-03 15:59:00-05:00,False,True,clean,tight,10.0,20,20,25538.0,25451.5,86.5,0.2832369942196532,tier1_pilot,False,False,or_class_tight,,,,,,,,,,,,,,,,,,,,,,,,,,,,,,,True,,2025-12-03 10:02:00-05:00,2025-12-03 10:33:00-05:00,2025-12-03 10:34:00-05:00,25563.25,25565.75,25525.75,25645.75,2025-12-03 11:12:00-05:00,25525.75,25523.25,stop,-86.34,25521.5,25578.5,25518.75,25562.75,16393.0,25510.00348294301,25563.25,25579.5,25558.0,25578.25,6609.0,25511.02448320059,25535.75,25543.5,25521.75,25531.5,5140.0,25528.993724444,False,or_class_tight,,,,,,,,,,,,,,,,,,,,,,,,,,,,,,
2025-12-04,phase6_causal_or_retest_v1,d8df78957051c9de,25c269cde02debe4,7b30e3d97c41bd58,ed5db2d90d8371c44cbe212d6d16ad117537c9e185a6592a6ca108ece643d8ce,2026-04-24T15:59:00-04:00,2026-04-26T01:55:46.523945+00:00,True,clean,390,390,0,0,0,2025-12-04 15:59:00-05:00,2025-12-04 15:59:00-05:00,False,True,clean,normal,65.0,20,20,25713.25,25550.5,162.75,0.250384024577573,tier1_pilot,False,False,no_upside_breakout,,,,,,,,,,,,,,,,,,,,,,,,,,,,,,,False,no_upside_breakout,,,,,,,,,,,,,,,,,,,,,,,,,,,,,,,False,no_upside_breakout,,,,,,,,,,,,,,,,,,,,,,,,,,,,,,
2025-12-05,phase6_causal_or_retest_v1,d8df78957051c9de,25c269cde02debe4,7b30e3d97c41bd58,ed5db2d90d8371c44cbe212d6d16ad117537c9e185a6592a6ca108ece643d8ce,2026-04-24T15:59:00-04:00,2026-04-26T01:55:46.523945+00:00,True,clean,390,390,0,0,0,2025-12-05 15:59:00-05:00,2025-12-05 15:59:00-05:00,False,True,clean,normal,40.0,20,20,25777.75,25660.5,117.25,0.4115138592750533,tier1_pilot,False,False,no_retest_signal,2025-12-05 09:53:00-05:00,,,,,,,,,,,,,,,,,,,,,,,,,,,,,,False,no_retest_signal,2025-12-05 09:53:00-05:00,,,,,,,,,,,,,,,,,,,,,,,,,,,,,,False,no_retest_signal,2025-12-05 09:53:00-05:00,,,,,,,,,,,,,,,,,,,,,,,,,,,,,
2025-12-08,phase6_causal_or_retest_v1,d8df78957051c9de,25c269cde02debe4,7b30e3d97c41bd58,ed5db2d90d8371c44cbe212d6d16ad117537c9e185a6592a6ca108ece643d8ce,2026-04-24T15:59:00-04:00,2026-04-26T01:55:46.523945+00:00,True,clean,390,390,0,0,0,2025-12-08 15:59:00-05:00,2025-12-08 15:59:00-05:00,False,True,clean,tight,20.0,20,20,25860.75,25768.0,92.75,0.40431266846361186,tier1_pilot,False,False,or_class_tight,,,,,,,,,,,,,,,,,,,,,,,,,,,,,,,False,no_upside_breakout,,,,,,,,,,,,,,,,,,,,,,,,,,,,,,,False,or_class_tight,,,,,,,,,,,,,,,,,,,,,,,,,,,,,,
2025-12-09,phase6_causal_or_retest_v1,d8df78957051c9de,25c269cde02debe4,7b30e3d97c41bd58,ed5db2d90d8371c44cbe212d6d16ad117537c9e185a6592a6ca108ece643d8ce,2026-04-24T15:59:00-04:00,2026-04-26T01:55:46.523945+00:00,True,clean,390,390,0,0,0,2025-12-09 15:59:00-05:00,2025-12-09 15:59:00-05:00,False,True,clean,tight,25.0,20,20,25653.25,25560.0,93.25,0.5576407506702413,tier1_pilot,False,False,or_class_tight,,,,,,,,,,,,,,,,,,,,,,,,,,,,,,,True,,2025-12-09 10:02:00-05:00,2025-12-09 10:29:00-05:00,2025-12-09 10:30:00-05:00,25657.0,25659.5,25619.5,25739.5,2025-12-09 15:55:00-05:00,25699.75,25697.25,time_exit,74.16,25645.25,25664.0,25645.25,25657.0,6754.0,25621.872222222224,25657.0,25661.75,25648.25,25658.5,4251.0,25622.391973955197,25695.0,25701.25,25690.75,25699.75,3795.0,25672.960929061926,False,or_class_tight,,,,,,,,,,,,,,,,,,,,,,,,,,,,,,
2025-12-10,phase6_causal_or_retest_v1,d8df78957051c9de,25c269cde02debe4,7b30e3d97c41bd58,ed5db2d90d8371c44cbe212d6d16ad117537c9e185a6592a6ca108ece643d8ce,2026-04-24T15:59:00-04:00,2026-04-26T01:55:46.523945+00:00,True,clean,390,390,0,0,0,2025-12-10 15:59:00-05:00,2025-12-10 15:59:00-05:00,False,True,clean,normal,30.0,20,20,25663.25,25567.0,96.25,0.7896103896103897,tier1_pilot,False,False,no_retest_signal,2025-12-10 09:47:00-05:00,,,,,,,,,,,,,,,,,,,,,,,,,,,,,,False,no_retest_signal,2025-12-10 09:47:00-05:00,,,,,,,,,,,,,,,,,,,,,,,,,,,,,,False,no_retest_signal,2025-12-10 09:47:00-05:00,,,,,,,,,,,,,,,,,,,,,,,,,,,,,
2025-12-11,phase6_causal_or_retest_v1,d8df78957051c9de,25c269cde02debe4,7b30e3d97c41bd58,ed5db2d90d8371c44cbe212d6d16ad117537c9e185a6592a6ca108ece643d8ce,2026-04-24T15:59:00-04:00,2026-04-26T01:55:46.523945+00:00,True,clean,390,390,0,0,0,2025-12-11 15:59:00-05:00,2025-12-11 15:59:00-05:00,False,True,clean,tight,25.0,20,20,25649.75,25555.75,94.0,0.32978723404255317,tier1_pilot,False,False,or_class_tight,,,,,,,,,,,,,,,,,,,,,,,,,,,,,,,False,no_retest_signal,2025-12-11 13:36:00-05:00,,,,,,,,,,,,,,,,,,,,,,,,,,,,,,False,or_class_tight,,,,,,,,,,,,,,,,,,,,,,,,,,,,,,
2025-12-12,phase6_causal_or_retest_v1,d8df78957051c9de,25c269cde02debe4,7b30e3d97c41bd58,ed5db2d90d8371c44cbe212d6d16ad117537c9e185a6592a6ca108ece643d8ce,2026-04-24T15:59:00-04:00,2026-04-26T01:55:46.523945+00:00,True,clean,390,390,0,0,0,2025-12-12 15:59:00-05:00,2025-12-12 15:59:00-05:00,False,True,clean,normal,40.0,20,20,25620.5,25522.0,98.5,0.3223350253807107,tier1_pilot,False,False,no_upside_breakout,,,,,,,,,,,,,,,,,,,,,,,,,,,,,,,False,no_upside_breakout,,,,,,,,,,,,,,,,,,,,,,,,,,,,,,,False,no_upside_breakout,,,,,,,,,,,,,,,,,,,,,,,,,,,,,,
2025-12-15,phase6_causal_or_retest_v1,d8df78957051c9de,25c269cde02debe4,7b30e3d97c41bd58,ed5db2d90d8371c44cbe212d6d16ad117537c9e185a6592a6ca108ece643d8ce,2026-04-24T15:59:00-04:00,2026-04-26T01:55:46.523945+00:00,True,clean,390,390,0,0,0,2025-12-15 15:59:00-05:00,2025-12-15 15:59:00-05:00,False,True,clean,normal,55.00000000000001,20,20,25410.0,25285.75,124.25,0.01609657947686117,tier1_pilot,False,False,no_upside_breakout,,,,,,,,,,,,,,,,,,,,,,,,,,,,,,,False,no_upside_breakout,,,,,,,,,,,,,,,,,,,,,,,,,,,,,,,False,no_upside_breakout,,,,,,,,,,,,,,,,,,,,,,,,,,,,,,
2025-12-16,phase6_causal_or_retest_v1,d8df78957051c9de,25c269cde02debe4,7b30e3d97c41bd58,ed5db2d90d8371c44cbe212d6d16ad117537c9e185a6592a6ca108ece643d8ce,2026-04-24T15:59:00-04:00,2026-04-26T01:55:46.523945+00:00,True,clean,390,390,0,0,0,2025-12-16 15:59:00-05:00,2025-12-16 15:59:00-05:00,False,True,clean,normal,65.0,20,20,25106.5,24966.0,140.5,0.398576512455516,tier1_pilot,False,True,,2025-12-16 09:50:00-05:00,2025-12-16 10:04:00-05:00,2025-12-16 10:05:00-05:00,25114.0,25116.5,25076.5,25166.5,2025-12-16 10:10:00-05:00,25076.5,25074.0,stop,-86.34,25079.0,25124.25,25072.0,25112.75,2272.0,25076.252291481607,25114.0,25129.5,25099.0,25127.0,1384.0,25076.991838786787,25086.25,25094.0,25063.75,25070.75,2059.0,25080.57103416235,True,,2025-12-16 09:50:00-05:00,2025-12-16 10:04:00-05:00,2025-12-16 10:05:00-05:00,25114.0,25116.5,25076.5,25196.5,2025-12-16 10:10:00-05:00,25076.5,25074.0,stop,-86.34,25079.0,25124.25,25072.0,25112.75,2272.0,25076.252291481607,25114.0,25129.5,25099.0,25127.0,1384.0,25076.991838786787,25086.25,25094.0,25063.75,25070.75,2059.0,25080.57103416235,False,signal_filtered,2025-12-16 09:50:00-05:00,,,,,,,,,,,,,,,,,,,,,,,,,,,,,
2025-12-17,phase6_causal_or_retest_v1,d8df78957051c9de,25c269cde02debe4,7b30e3d97c41bd58,ed5db2d90d8371c44cbe212d6d16ad117537c9e185a6592a6ca108ece643d8ce,2026-04-24T15:59:00-04:00,2026-04-26T01:55:46.523945+00:00,True,clean,390,390,0,0,0,2025-12-17 15:59:00-05:00,2025-12-17 15:59:00-05:00,False,True,clean,normal,75.0,20,20,25205.75,25059.5,146.25,0.13504273504273503,tier1_pilot,False,False,no_upside_breakout,,,,,,,,,,,,,,,,,,,,,,,,,,,,,,,False,no_upside_breakout,,,,,,,,,,,,,,,,,,,,,,,,,,,,,,,False,no_upside_breakout,,,,,,,,,,,,,,,,,,,,,,,,,,,,,,
2025-12-18,phase6_causal_or_retest_v1,d8df78957051c9de,25c269cde02debe4,7b30e3d97c41bd58,ed5db2d90d8371c44cbe212d6d16ad117537c9e185a6592a6ca108ece643d8ce,2026-04-24T15:59:00-04:00,2026-04-26T01:55:46.523945+00:00,True,clean,390,390,0,0,0,2025-12-18 15:59:00-05:00,2025-12-18 15:59:00-05:00,False,True,clean,wide,80.0,20,20,25095.25,24939.5,155.75,0.15730337078651685,tier1_pilot,False,False,or_class_wide,,,,,,,,,,,,,,,,,,,,,,,,,,,,,,,False,or_class_wide,,,,,,,,,,,,,,,,,,,,,,,,,,,,,,,False,or_class_wide,,,,,,,,,,,,,,,,,,,,,,,,,,,,,,
2025-12-19,phase6_causal_or_retest_v1,d8df78957051c9de,25c269cde02debe4,7b30e3d97c41bd58,ed5db2d90d8371c44cbe212d6d16ad117537c9e185a6592a6ca108ece643d8ce,2026-04-24T15:59:00-04:00,2026-04-26T01:55:46.523945+00:00,False,zero_volume_or,390,390,0,390,375,2025-12-19 15:59:00-05:00,2025-12-19 15:59:00-05:00,False,False,zero_volume_or_and_post_or,unknown,,20,20,,,,,tier1_pilot,False,False,zero_volume_or,,,,,,,,,,,,,,,,,,,,,,,,,,,,,,,False,zero_volume_or,,,,,,,,,,,,,,,,,,,,,,,,,,,,,,,False,zero_volume_or,,,,,,,,,,,,,,,,,,,,,,,,,,,,,,
2025-12-22,phase6_causal_or_retest_v1,d8df78957051c9de,25c269cde02debe4,7b30e3d97c41bd58,ed5db2d90d8371c44cbe212d6d16ad117537c9e185a6592a6ca108ece643d8ce,2026-04-24T15:59:00-04:00,2026-04-26T01:55:46.523945+00:00,True,clean,390,390,0,0,0,2025-12-22 15:59:00-05:00,2025-12-22 15:59:00-05:00,False,True,clean,normal,55.00000000000001,20,20,25795.0,25671.0,124.0,0.1774193548387097,tier1_pilot,False,False,no_upside_breakout,,,,,,,,,,,,,,,,,,,,,,,,,,,,,,,False,no_upside_breakout,,,,,,,,,,,,,,,,,,,,,,,,,,,,,,,False,no_upside_breakout,,,,,,,,,,,,,,,,,,,,,,,,,,,,,,
2025-12-23,phase6_causal_or_retest_v1,d8df78957051c9de,25c269cde02debe4,7b30e3d97c41bd58,ed5db2d90d8371c44cbe212d6d16ad117537c9e185a6592a6ca108ece643d8ce,2026-04-24T15:59:00-04:00,2026-04-26T01:55:46.523945+00:00,True,clean,390,390,0,0,0,2025-12-23 15:59:00-05:00,2025-12-23 15:59:00-05:00,False,True,clean,normal,40.0,20,20,25737.5,25638.0,99.5,0.9195979899497487,tier1_pilot,True,True,,2025-12-23 09:47:00-05:00,2025-12-23 10:58:00-05:00,2025-12-23 10:59:00-05:00,25738.25,25740.75,25700.75,25790.75,2025-12-23 14:19:00-05:00,25790.75,25788.25,target,93.66,25728.5,25740.75,25728.0,25737.75,3042.0,25693.546053397276,25738.25,25740.0,25730.0,25731.25,1927.0,25693.76837415895,25786.25,25792.0,25786.0,25789.25,832.0,25717.743941201312,True,,2025-12-23 09:47:00-05:00,2025-12-23 10:58:00-05:00,2025-12-23 10:59:00-05:00,25738.25,25740.75,25700.75,25820.75,2025-12-23 15:55:00-05:00,25811.25,25808.75,time_exit,134.66,25728.5,25740.75,25728.0,25737.75,3042.0,25693.546053397276,25738.25,25740.0,25730.0,25731.25,1927.0,25693.76837415895,25808.25,25815.0,25805.5,25811.25,2846.0,25727.293910511347,True,,2025-12-23 09:47:00-05:00,2025-12-23 10:58:00-05:00,2025-12-23 10:59:00-05:00,25738.25,25740.75,25700.75,25790.75,2025-12-23 14:19:00-05:00,25790.75,25788.25,target,93.66,25728.5,25740.75,25728.0,25737.75,3042.0,25693.546053397276,25738.25,25740.0,25730.0,25731.25,1927.0,25693.76837415895,25786.25,25792.0,25786.0,25789.25,832.0,25717.743941201312
2025-12-24,phase6_causal_or_retest_v1,d8df78957051c9de,25c269cde02debe4,7b30e3d97c41bd58,ed5db2d90d8371c44cbe212d6d16ad117537c9e185a6592a6ca108ece643d8ce,2026-04-24T15:59:00-04:00,2026-04-26T01:55:46.523945+00:00,True,clean,225,390,165,0,0,2025-12-24 13:14:00-05:00,2025-12-24 15:59:00-05:00,True,False,short_session,tight,0.0,20,20,25827.5,25781.75,45.75,0.29508196721311475,tier1_pilot,False,False,or_class_tight,,,,,,,,,,,,,,,,,,,,,,,,,,,,,,,True,,2025-12-24 10:12:00-05:00,2025-12-24 10:13:00-05:00,2025-12-24 10:14:00-05:00,25831.5,25834.0,25794.0,25914.0,2025-12-24 13:14:00-05:00,25861.75,25859.25,time_exit,49.16,25829.5,25837.75,25827.0,25831.0,3104.0,25806.732471136227,25831.5,25832.75,25826.5,25827.75,1433.0,25807.044274853924,25861.25,25868.0,25856.0,25861.75,332.0,25835.716102590475,False,or_class_tight,,,,,,,,,,,,,,,,,,,,,,,,,,,,,,
2025-12-26,phase6_causal_or_retest_v1,d8df78957051c9de,25c269cde02debe4,7b30e3d97c41bd58,ed5db2d90d8371c44cbe212d6d16ad117537c9e185a6592a6ca108ece643d8ce,2026-04-24T15:59:00-04:00,2026-04-26T01:55:46.523945+00:00,True,clean,390,390,0,0,0,2025-12-26 15:59:00-05:00,2025-12-26 15:59:00-05:00,False,True,clean,tight,5.0,20,20,25932.5,25864.5,68.0,0.9485294117647058,tier1_pilot,False,False,or_class_tight,,,,,,,,,,,,,,,,,,,,,,,,,,,,,,,False,no_upside_breakout,,,,,,,,,,,,,,,,,,,,,,,,,,,,,,,False,or_class_tight,,,,,,,,,,,,,,,,,,,,,,,,,,,,,,
2025-12-29,phase6_causal_or_retest_v1,d8df78957051c9de,25c269cde02debe4,7b30e3d97c41bd58,ed5db2d90d8371c44cbe212d6d16ad117537c9e185a6592a6ca108ece643d8ce,2026-04-24T15:59:00-04:00,2026-04-26T01:55:46.523945+00:00,True,clean,390,390,0,0,0,2025-12-29 15:59:00-05:00,2025-12-29 15:59:00-05:00,False,True,clean,wide,90.0,20,20,25818.75,25664.25,154.5,0.8349514563106796,tier1_pilot,False,False,or_class_wide,,,,,,,,,,,,,,,,,,,,,,,,,,,,,,,False,or_class_wide,,,,,,,,,,,,,,,,,,,,,,,,,,,,,,,False,or_class_wide,,,,,,,,,,,,,,,,,,,,,,,,,,,,,,
2025-12-30,phase6_causal_or_retest_v1,d8df78957051c9de,25c269cde02debe4,7b30e3d97c41bd58,ed5db2d90d8371c44cbe212d6d16ad117537c9e185a6592a6ca108ece643d8ce,2026-04-24T15:59:00-04:00,2026-04-26T01:55:46.523945+00:00,True,clean,390,390,0,0,0,2025-12-30 15:59:00-05:00,2025-12-30 15:59:00-05:00,False,True,clean,tight,5.0,20,20,25733.0,25675.5,57.5,0.27391304347826084,tier1_pilot,False,False,or_class_tight,,,,,,,,,,,,,,,,,,,,,,,,,,,,,,,True,,2025-12-30 09:49:00-05:00,2025-12-30 10:53:00-05:00,2025-12-30 10:54:00-05:00,25738.25,25740.75,25700.75,25820.75,2025-12-30 12:16:00-05:00,25700.75,25698.25,stop,-86.34,25730.75,25738.75,25730.5,25738.25,2867.0,25714.98974013645,25738.25,25738.75,25727.0,25730.25,2847.0,25715.154304091542,25708.75,25709.0,25699.5,25707.75,3230.0,25725.9743809434,False,or_class_tight,,,,,,,,,,,,,,,,,,,,,,,,,,,,,,
2025-12-31,phase6_causal_or_retest_v1,d8df78957051c9de,25c269cde02debe4,7b30e3d97c41bd58,ed5db2d90d8371c44cbe212d6d16ad117537c9e185a6592a6ca108ece643d8ce,2026-04-24T15:59:00-04:00,2026-04-26T01:55:46.523945+00:00,True,clean,390,390,0,0,0,2025-12-31 15:59:00-05:00,2025-12-31 15:59:00-05:00,False,True,clean,tight,15.0,20,20,25692.25,25608.75,83.5,0.1347305389221557,tier1_pilot,False,False,or_class_tight,,,,,,,,,,,,,,,,,,,,,,,,,,,,,,,False,no_upside_breakout,,,,,,,,,,,,,,,,,,,,,,,,,,,,,,,False,or_class_tight,,,,,,,,,,,,,,,,,,,,,,,,,,,,,,
2026-01-02,phase6_causal_or_retest_v1,d8df78957051c9de,25c269cde02debe4,7b30e3d97c41bd58,ed5db2d90d8371c44cbe212d6d16ad117537c9e185a6592a6ca108ece643d8ce,2026-04-24T15:59:00-04:00,2026-04-26T01:55:46.523945+00:00,True,clean,390,390,0,0,0,2026-01-02 15:59:00-05:00,2026-01-02 15:59:00-05:00,False,True,clean,normal,40.0,20,20,25733.5,25638.0,95.5,0.5471204188481675,tier1_pilot,False,True,,2026-01-02 09:47:00-05:00,2026-01-02 10:00:00-05:00,2026-01-02 10:01:00-05:00,25766.5,25769.0,25729.0,25819.0,2026-01-02 10:05:00-05:00,25729.0,25726.5,stop,-86.34,25733.75,25767.25,25733.25,25766.5,7267.0,25712.198410487217,25766.5,25780.0,25763.75,25766.25,6038.0,25713.814119152998,25739.0,25741.25,25724.5,25733.25,4488.0,25716.69654657029,False,signal_filtered,2026-01-02 09:47:00-05:00,,,,,,,,,,,,,,,,,,,,,,,,,,,,,,False,signal_filtered,2026-01-02 09:47:00-05:00,,,,,,,,,,,,,,,,,,,,,,,,,,,,,
2026-01-05,phase6_causal_or_retest_v1,d8df78957051c9de,25c269cde02debe4,7b30e3d97c41bd58,ed5db2d90d8371c44cbe212d6d16ad117537c9e185a6592a6ca108ece643d8ce,2026-04-24T15:59:00-04:00,2026-04-26T01:55:46.523945+00:00,True,clean,390,390,0,0,0,2026-01-05 15:59:00-05:00,2026-01-05 15:59:00-05:00,False,True,clean,normal,75.0,20,20,25673.25,25538.5,134.75,0.47309833024118736,tier1_pilot,False,False,no_retest_signal,2026-01-05 10:28:00-05:00,,,,,,,,,,,,,,,,,,,,,,,,,,,,,,False,no_retest_signal,2026-01-05 10:28:00-05:00,,,,,,,,,,,,,,,,,,,,,,,,,,,,,,False,no_retest_signal,2026-01-05 10:28:00-05:00,,,,,,,,,,,,,,,,,,,,,,,,,,,,,
2026-01-06,phase6_causal_or_retest_v1,d8df78957051c9de,25c269cde02debe4,7b30e3d97c41bd58,ed5db2d90d8371c44cbe212d6d16ad117537c9e185a6592a6ca108ece643d8ce,2026-04-24T15:59:00-04:00,2026-04-26T01:55:46.523945+00:00,True,clean,390,390,0,0,0,2026-01-06 15:59:00-05:00,2026-01-06 15:59:00-05:00,False,True,clean,tight,15.0,20,20,25679.0,25608.75,70.25,0.8185053380782918,tier1_pilot,False,False,or_class_tight,,,,,,,,,,,,,,,,,,,,,,,,,,,,,,,False,no_retest_signal,2026-01-06 09:45:00-05:00,,,,,,,,,,,,,,,,,,,,,,,,,,,,,,False,or_class_tight,,,,,,,,,,,,,,,,,,,,,,,,,,,,,,
2026-01-07,phase6_causal_or_retest_v1,d8df78957051c9de,25c269cde02debe4,7b30e3d97c41bd58,ed5db2d90d8371c44cbe212d6d16ad117537c9e185a6592a6ca108ece643d8ce,2026-04-24T15:59:00-04:00,2026-04-26T01:55:46.523945+00:00,True,clean,390,390,0,0,0,2026-01-07 15:59:00-05:00,2026-01-07 15:59:00-05:00,False,True,clean,normal,35.0,20,20,25864.25,25770.75,93.5,0.8983957219251337,tier1_pilot,True,True,,2026-01-07 09:46:00-05:00,2026-01-07 10:06:00-05:00,2026-01-07 10:07:00-05:00,25865.25,25867.75,25827.75,25917.75,2026-01-07 10:17:00-05:00,25827.75,25825.25,stop,-86.34,25845.0,25869.0,25842.5,25865.25,7559.0,25834.20832394692,25865.25,25866.75,25855.75,25860.0,4911.0,25834.784686866817,25840.75,25841.0,25822.75,25824.5,6731.0,25837.20811226672,True,,2026-01-07 09:46:00-05:00,2026-01-07 10:32:00-05:00,2026-01-07 10:33:00-05:00,25884.0,25886.5,25846.5,25966.5,2026-01-07 10:38:00-05:00,25846.5,25844.0,stop,-86.34,25861.0,25887.0,25860.75,25883.75,6758.0,25840.406321428352,25884.0,25888.0,25879.0,25882.25,5094.0,25841.051951918507,25895.25,25896.75,25831.0,25834.0,10136.0,25843.822480008057,True,,2026-01-07 09:46:00-05:00,2026-01-07 10:06:00-05:00,2026-01-07 10:07:00-05:00,25865.25,25867.75,25827.75,25917.75,2026-01-07 10:17:00-05:00,25827.75,25825.25,stop,-86.34,25845.0,25869.0,25842.5,25865.25,7559.0,25834.20832394692,25865.25,25866.75,25855.75,25860.0,4911.0,25834.784686866817,25840.75,25841.0,25822.75,25824.5,6731.0,25837.20811226672
2026-01-08,phase6_causal_or_retest_v1,d8df78957051c9de,25c269cde02debe4,7b30e3d97c41bd58,ed5db2d90d8371c44cbe212d6d16ad117537c9e185a6592a6ca108ece643d8ce,2026-04-24T15:59:00-04:00,2026-04-26T01:55:46.523945+00:00,True,clean,390,390,0,0,0,2026-01-08 15:59:00-05:00,2026-01-08 15:59:00-05:00,False,True,clean,wide,100.0,20,20,25802.75,25613.25,189.5,0.044854881266490766,tier1_pilot,False,False,or_class_wide,,,,,,,,,,,,,,,,,,,,,,,,,,,,,,,False,or_class_wide,,,,,,,,,,,,,,,,,,,,,,,,,,,,,,,False,or_class_wide,,,,,,,,,,,,,,,,,,,,,,,,,,,,,,
2026-01-09,phase6_causal_or_retest_v1,d8df78957051c9de,25c269cde02debe4,7b30e3d97c41bd58,ed5db2d90d8371c44cbe212d6d16ad117537c9e185a6592a6ca108ece643d8ce,2026-04-24T15:59:00-04:00,2026-04-26T01:55:46.523945+00:00,True,clean,390,390,0,0,0,2026-01-09 15:59:00-05:00,2026-01-09 15:59:00-05:00,False,True,clean,wide,80.0,20,20,25791.0,25648.25,142.75,0.7250437828371279,tier1_pilot,False,False,or_class_wide,,,,,,,,,,,,,,,,,,,,,,,,,,,,,,,False,or_class_wide,,,,,,,,,,,,,,,,,,,,,,,,,,,,,,,False,or_class_wide,,,,,,,,,,,,,,,,,,,,,,,,,,,,,,
2026-01-12,phase6_causal_or_retest_v1,d8df78957051c9de,25c269cde02debe4,7b30e3d97c41bd58,ed5db2d90d8371c44cbe212d6d16ad117537c9e185a6592a6ca108ece643d8ce,2026-04-24T15:59:00-04:00,2026-04-26T01:55:46.523945+00:00,True,clean,390,390,0,0,0,2026-01-12 15:59:00-05:00,2026-01-12 15:59:00-05:00,False,True,clean,wide,85.0,20,20,25892.5,25743.75,148.75,0.7361344537815127,tier1_pilot,False,False,or_class_wide,,,,,,,,,,,,,,,,,,,,,,,,,,,,,,,False,or_class_wide,,,,,,,,,,,,,,,,,,,,,,,,,,,,,,,False,or_class_wide,,,,,,,,,,,,,,,,,,,,,,,,,,,,,,
2026-01-13,phase6_causal_or_retest_v1,d8df78957051c9de,25c269cde02debe4,7b30e3d97c41bd58,ed5db2d90d8371c44cbe212d6d16ad117537c9e185a6592a6ca108ece643d8ce,2026-04-24T15:59:00-04:00,2026-04-26T01:55:46.523945+00:00,True,clean,390,390,0,0,0,2026-01-13 15:59:00-05:00,2026-01-13 15:59:00-05:00,False,True,clean,normal,50.0,20,20,26043.0,25930.75,112.25,0.534521158129176,tier1_pilot,False,False,no_upside_breakout,,,,,,,,,,,,,,,,,,,,,,,,,,,,,,,False,no_upside_breakout,,,,,,,,,,,,,,,,,,,,,,,,,,,,,,,False,no_upside_breakout,,,,,,,,,,,,,,,,,,,,,,,,,,,,,,
2026-01-14,phase6_causal_or_retest_v1,d8df78957051c9de,25c269cde02debe4,7b30e3d97c41bd58,ed5db2d90d8371c44cbe212d6d16ad117537c9e185a6592a6ca108ece643d8ce,2026-04-24T15:59:00-04:00,2026-04-26T01:55:46.523945+00:00,True,clean,390,390,0,0,0,2026-01-14 15:59:00-05:00,2026-01-14 15:59:00-05:00,False,True,clean,wide,95.0,20,20,25791.25,25623.5,167.75,0.04918032786885246,tier1_pilot,False,False,or_class_wide,,,,,,,,,,,,,,,,,,,,,,,,,,,,,,,False,or_class_wide,,,,,,,,,,,,,,,,,,,,,,,,,,,,,,,False,or_class_wide,,,,,,,,,,,,,,,,,,,,,,,,,,,,,,
2026-01-15,phase6_causal_or_retest_v1,d8df78957051c9de,25c269cde02debe4,7b30e3d97c41bd58,ed5db2d90d8371c44cbe212d6d16ad117537c9e185a6592a6ca108ece643d8ce,2026-04-24T15:59:00-04:00,2026-04-26T01:55:46.523945+00:00,True,clean,390,390,0,0,0,2026-01-15 15:59:00-05:00,2026-01-15 15:59:00-05:00,False,True,clean,normal,30.0,20,20,25946.75,25853.0,93.75,0.7866666666666666,tier1_pilot,False,False,no_upside_breakout,,,,,,,,,,,,,,,,,,,,,,,,,,,,,,,False,no_upside_breakout,,,,,,,,,,,,,,,,,,,,,,,,,,,,,,,False,no_upside_breakout,,,,,,,,,,,,,,,,,,,,,,,,,,,,,,
2026-01-16,phase6_causal_or_retest_v1,d8df78957051c9de,25c269cde02debe4,7b30e3d97c41bd58,ed5db2d90d8371c44cbe212d6d16ad117537c9e185a6592a6ca108ece643d8ce,2026-04-24T15:59:00-04:00,2026-04-26T01:55:46.523945+00:00,True,clean,390,390,0,0,0,2026-01-16 15:59:00-05:00,2026-01-16 15:59:00-05:00,False,True,clean,tight,20.0,20,20,25891.25,25817.5,73.75,0.03728813559322034,tier1_pilot,False,False,or_class_tight,,,,,,,,,,,,,,,,,,,,,,,,,,,,,,,False,no_upside_breakout,,,,,,,,,,,,,,,,,,,,,,,,,,,,,,,False,or_class_tight,,,,,,,,,,,,,,,,,,,,,,,,,,,,,,
2026-01-19,phase6_causal_or_retest_v1,d8df78957051c9de,25c269cde02debe4,7b30e3d97c41bd58,ed5db2d90d8371c44cbe212d6d16ad117537c9e185a6592a6ca108ece643d8ce,2026-04-24T15:59:00-04:00,2026-04-26T01:55:46.523945+00:00,True,clean,210,390,180,0,0,2026-01-19 12:59:00-05:00,2026-01-19 15:59:00-05:00,True,False,short_session,tight,10.0,20,20,25298.0,25240.0,58.0,0.09913793103448276,tier1_pilot,False,False,or_class_tight,,,,,,,,,,,,,,,,,,,,,,,,,,,,,,,True,,2026-01-19 09:56:00-05:00,2026-01-19 10:25:00-05:00,2026-01-19 10:26:00-05:00,25310.25,25312.75,25272.75,25392.75,2026-01-19 12:06:00-05:00,25392.75,25390.25,target,153.66,25297.0,25312.0,25296.75,25310.25,2122.0,25286.818816542982,25310.25,25318.5,25309.75,25314.5,2480.0,25287.36556627152,25391.25,25393.0,25388.25,25391.75,799.0,25315.882088844653,False,or_class_tight,,,,,,,,,,,,,,,,,,,,,,,,,,,,,,
2026-01-20,phase6_causal_or_retest_v1,d8df78957051c9de,25c269cde02debe4,7b30e3d97c41bd58,ed5db2d90d8371c44cbe212d6d16ad117537c9e185a6592a6ca108ece643d8ce,2026-04-24T15:59:00-04:00,2026-04-26T01:55:46.523945+00:00,True,clean,390,390,0,0,0,2026-01-20 15:59:00-05:00,2026-01-20 15:59:00-05:00,False,True,clean,normal,65.0,20,20,25357.25,25232.5,124.75,0.8096192384769539,tier1_pilot,True,True,,2026-01-20 09:51:00-05:00,2026-01-20 10:59:00-05:00,2026-01-20 11:00:00-05:00,25363.0,25365.5,25325.5,25415.5,2026-01-20 11:10:00-05:00,25415.5,25413.0,target,93.66,25329.0,25367.0,25324.25,25363.25,7830.0,25321.43547924883,25363.0,25381.75,25358.25,25375.75,7450.0,25322.023982622202,25392.25,25422.5,25390.75,25421.25,6987.0,25326.897464267076,True,,2026-01-20 09:51:00-05:00,2026-01-20 10:59:00-05:00,2026-01-20 11:00:00-05:00,25363.0,25365.5,25325.5,25445.5,2026-01-20 12:30:00-05:00,25325.5,25323.0,stop,-86.34,25329.0,25367.0,25324.25,25363.25,7830.0,25321.43547924883,25363.0,25381.75,25358.25,25375.75,7450.0,25322.023982622202,25338.75,25339.0,25316.5,25326.5,5621.0,25341.94819506397,True,,2026-01-20 09:51:00-05:00,2026-01-20 10:59:00-05:00,2026-01-20 11:00:00-05:00,25363.0,25365.5,25325.5,25415.5,2026-01-20 11:10:00-05:00,25415.5,25413.0,target,93.66,25329.0,25367.0,25324.25,25363.25,7830.0,25321.43547924883,25363.0,25381.75,25358.25,25375.75,7450.0,25322.023982622202,25392.25,25422.5,25390.75,25421.25,6987.0,25326.897464267076
2026-01-21,phase6_causal_or_retest_v1,d8df78957051c9de,25c269cde02debe4,7b30e3d97c41bd58,ed5db2d90d8371c44cbe212d6d16ad117537c9e185a6592a6ca108ece643d8ce,2026-04-24T15:59:00-04:00,2026-04-26T01:55:46.523945+00:00,True,clean,390,390,0,0,0,2026-01-21 15:59:00-05:00,2026-01-21 15:59:00-05:00,False,True,clean,normal,45.0,20,20,25223.0,25128.5,94.5,0.7724867724867724,tier1_pilot,False,False,no_retest_signal,2026-01-21 09:47:00-05:00,,,,,,,,,,,,,,,,,,,,,,,,,,,,,,False,no_retest_signal,2026-01-21 09:47:00-05:00,,,,,,,,,,,,,,,,,,,,,,,,,,,,,,False,no_retest_signal,2026-01-21 09:47:00-05:00,,,,,,,,,,,,,,,,,,,,,,,,,,,,,
2026-01-22,phase6_causal_or_retest_v1,d8df78957051c9de,25c269cde02debe4,7b30e3d97c41bd58,ed5db2d90d8371c44cbe212d6d16ad117537c9e185a6592a6ca108ece643d8ce,2026-04-24T15:59:00-04:00,2026-04-26T01:55:46.523945+00:00,True,clean,390,390,0,0,0,2026-01-22 15:59:00-05:00,2026-01-22 15:59:00-05:00,False,True,clean,normal,65.0,20,20,25732.25,25612.25,120.0,0.2791666666666667,tier1_pilot,False,False,no_upside_breakout,,,,,,,,,,,,,,,,,,,,,,,,,,,,,,,False,no_upside_breakout,,,,,,,,,,,,,,,,,,,,,,,,,,,,,,,False,no_upside_breakout,,,,,,,,,,,,,,,,,,,,,,,,,,,,,,
2026-01-23,phase6_causal_or_retest_v1,d8df78957051c9de,25c269cde02debe4,7b30e3d97c41bd58,ed5db2d90d8371c44cbe212d6d16ad117537c9e185a6592a6ca108ece643d8ce,2026-04-24T15:59:00-04:00,2026-04-26T01:55:46.523945+00:00,True,clean,390,390,0,0,0,2026-01-23 15:59:00-05:00,2026-01-23 15:59:00-05:00,False,True,clean,normal,35.0,20,20,25652.75,25562.5,90.25,0.5706371191135734,tier1_pilot,False,False,no_retest_signal,2026-01-23 09:59:00-05:00,,,,,,,,,,,,,,,,,,,,,,,,,,,,,,False,no_retest_signal,2026-01-23 09:59:00-05:00,,,,,,,,,,,,,,,,,,,,,,,,,,,,,,False,no_retest_signal,2026-01-23 09:59:00-05:00,,,,,,,,,,,,,,,,,,,,,,,,,,,,,
2026-01-26,phase6_causal_or_retest_v1,d8df78957051c9de,25c269cde02debe4,7b30e3d97c41bd58,ed5db2d90d8371c44cbe212d6d16ad117537c9e185a6592a6ca108ece643d8ce,2026-04-24T15:59:00-04:00,2026-04-26T01:55:46.523945+00:00,True,clean,390,390,0,0,0,2026-01-26 15:59:00-05:00,2026-01-26 15:59:00-05:00,False,True,clean,normal,65.0,20,20,25827.25,25704.25,123.0,0.9126016260162602,tier1_pilot,True,True,,2026-01-26 09:46:00-05:00,2026-01-26 10:13:00-05:00,2026-01-26 10:14:00-05:00,25833.5,25836.0,25796.0,25886.0,2026-01-26 10:21:00-05:00,25886.0,25883.5,target,93.66,25814.25,25837.75,25813.75,25833.75,6938.0,25802.403954971764,25833.5,25843.25,25831.0,25839.25,4238.0,25802.975844918426,25879.25,25886.75,25877.25,25883.5,4199.0,25810.08540435832,True,,2026-01-26 09:46:00-05:00,2026-01-26 10:13:00-05:00,2026-01-26 10:14:00-05:00,25833.5,25836.0,25796.0,25916.0,2026-01-26 11:31:00-05:00,25916.0,25913.5,target,153.66,25814.25,25837.75,25813.75,25833.75,6938.0,25802.403954971764,25833.5,25843.25,25831.0,25839.25,4238.0,25802.975844918426,25910.75,25923.0,25908.25,25921.0,4672.0,25837.839640094495,True,,2026-01-26 09:46:00-05:00,2026-01-26 10:13:00-05:00,2026-01-26 10:14:00-05:00,25833.5,25836.0,25796.0,25886.0,2026-01-26 10:21:00-05:00,25886.0,25883.5,target,93.66,25814.25,25837.75,25813.75,25833.75,6938.0,25802.403954971764,25833.5,25843.25,25831.0,25839.25,4238.0,25802.975844918426,25879.25,25886.75,25877.25,25883.5,4199.0,25810.08540435832
2026-01-27,phase6_causal_or_retest_v1,d8df78957051c9de,25c269cde02debe4,7b30e3d97c41bd58,ed5db2d90d8371c44cbe212d6d16ad117537c9e185a6592a6ca108ece643d8ce,2026-04-24T15:59:00-04:00,2026-04-26T01:55:46.523945+00:00,True,clean,390,390,0,0,0,2026-01-27 15:59:00-05:00,2026-01-27 15:59:00-05:00,False,True,clean,normal,45.0,20,20,26012.5,25917.25,95.25,0.43832020997375326,tier1_pilot,False,False,no_retest_signal,2026-01-27 09:53:00-05:00,,,,,,,,,,,,,,,,,,,,,,,,,,,,,,False,no_retest_signal,2026-01-27 09:53:00-05:00,,,,,,,,,,,,,,,,,,,,,,,,,,,,,,False,no_retest_signal,2026-01-27 09:53:00-05:00,,,,,,,,,,,,,,,,,,,,,,,,,,,,,
2026-01-28,phase6_causal_or_retest_v1,d8df78957051c9de,25c269cde02debe4,7b30e3d97c41bd58,ed5db2d90d8371c44cbe212d6d16ad117537c9e185a6592a6ca108ece643d8ce,2026-04-24T15:59:00-04:00,2026-04-26T01:55:46.523945+00:00,True,clean,390,390,0,0,0,2026-01-28 15:59:00-05:00,2026-01-28 15:59:00-05:00,False,True,clean,tight,25.0,20,20,26298.5,26213.5,85.0,0.8529411764705882,tier1_pilot,False,False,or_class_tight,,,,,,,,,,,,,,,,,,,,,,,,,,,,,,,False,no_upside_breakout,,,,,,,,,,,,,,,,,,,,,,,,,,,,,,,False,or_class_tight,,,,,,,,,,,,,,,,,,,,,,,,,,,,,,
2026-01-29,phase6_causal_or_retest_v1,d8df78957051c9de,25c269cde02debe4,7b30e3d97c41bd58,ed5db2d90d8371c44cbe212d6d16ad117537c9e185a6592a6ca108ece643d8ce,2026-04-24T15:59:00-04:00,2026-04-26T01:55:46.523945+00:00,True,clean,390,390,0,0,0,2026-01-29 15:59:00-05:00,2026-01-29 15:59:00-05:00,False,True,clean,wide,100.0,20,20,26177.25,25946.0,231.25,0.02054054054054054,tier1_pilot,False,False,or_class_wide,,,,,,,,,,,,,,,,,,,,,,,,,,,,,,,False,or_class_wide,,,,,,,,,,,,,,,,,,,,,,,,,,,,,,,False,or_class_wide,,,,,,,,,,,,,,,,,,,,,,,,,,,,,,
2026-01-30,phase6_causal_or_retest_v1,d8df78957051c9de,25c269cde02debe4,7b30e3d97c41bd58,ed5db2d90d8371c44cbe212d6d16ad117537c9e185a6592a6ca108ece643d8ce,2026-04-24T15:59:00-04:00,2026-04-26T01:55:46.523945+00:00,True,clean,390,390,0,0,0,2026-01-30 15:59:00-05:00,2026-01-30 15:59:00-05:00,False,True,clean,normal,70.0,20,20,25939.25,25813.0,126.25,0.46732673267326735,tier1_pilot,False,False,no_upside_breakout,,,,,,,,,,,,,,,,,,,,,,,,,,,,,,,False,no_upside_breakout,,,,,,,,,,,,,,,,,,,,,,,,,,,,,,,False,no_upside_breakout,,,,,,,,,,,,,,,,,,,,,,,,,,,,,,
2026-02-02,phase6_causal_or_retest_v1,d8df78957051c9de,25c269cde02debe4,7b30e3d97c41bd58,ed5db2d90d8371c44cbe212d6d16ad117537c9e185a6592a6ca108ece643d8ce,2026-04-24T15:59:00-04:00,2026-04-26T01:55:46.523945+00:00,True,clean,390,390,0,0,0,2026-02-02 15:59:00-05:00,2026-02-02 15:59:00-05:00,False,True,clean,wide,95.0,20,20,25734.0,25540.25,193.75,0.9161290322580645,tier1_pilot,False,False,or_class_wide,,,,,,,,,,,,,,,,,,,,,,,,,,,,,,,False,or_class_wide,,,,,,,,,,,,,,,,,,,,,,,,,,,,,,,False,or_class_wide,,,,,,,,,,,,,,,,,,,,,,,,,,,,,,
2026-02-03,phase6_causal_or_retest_v1,d8df78957051c9de,25c269cde02debe4,7b30e3d97c41bd58,ed5db2d90d8371c44cbe212d6d16ad117537c9e185a6592a6ca108ece643d8ce,2026-04-24T15:59:00-04:00,2026-04-26T01:55:46.523945+00:00,True,clean,390,390,0,0,0,2026-02-03 15:59:00-05:00,2026-02-03 15:59:00-05:00,False,True,clean,wide,95.0,20,20,25952.5,25721.75,230.75,0.13217768147345613,tier1_pilot,False,False,or_class_wide,,,,,,,,,,,,,,,,,,,,,,,,,,,,,,,False,or_class_wide,,,,,,,,,,,,,,,,,,,,,,,,,,,,,,,False,or_class_wide,,,,,,,,,,,,,,,,,,,,,,,,,,,,,,
2026-02-04,phase6_causal_or_retest_v1,d8df78957051c9de,25c269cde02debe4,7b30e3d97c41bd58,ed5db2d90d8371c44cbe212d6d16ad117537c9e185a6592a6ca108ece643d8ce,2026-04-24T15:59:00-04:00,2026-04-26T01:55:46.523945+00:00,True,clean,390,390,0,0,0,2026-02-04 15:59:00-05:00,2026-02-04 15:59:00-05:00,False,True,clean,normal,75.0,20,20,25386.5,25230.0,156.5,0.6597444089456869,tier1_pilot,False,False,no_upside_breakout,,,,,,,,,,,,,,,,,,,,,,,,,,,,,,,False,no_upside_breakout,,,,,,,,,,,,,,,,,,,,,,,,,,,,,,,False,no_upside_breakout,,,,,,,,,,,,,,,,,,,,,,,,,,,,,,
2026-02-05,phase6_causal_or_retest_v1,d8df78957051c9de,25c269cde02debe4,7b30e3d97c41bd58,ed5db2d90d8371c44cbe212d6d16ad117537c9e185a6592a6ca108ece643d8ce,2026-04-24T15:59:00-04:00,2026-04-26T01:55:46.523945+00:00,True,clean,390,390,0,0,0,2026-02-05 15:59:00-05:00,2026-02-05 15:59:00-05:00,False,True,clean,wide,100.0,20,20,24936.25,24651.75,284.5,0.9226713532513181,tier1_pilot,False,False,or_class_wide,,,,,,,,,,,,,,,,,,,,,,,,,,,,,,,False,or_class_wide,,,,,,,,,,,,,,,,,,,,,,,,,,,,,,,False,or_class_wide,,,,,,,,,,,,,,,,,,,,,,,,,,,,,,
2026-02-06,phase6_causal_or_retest_v1,d8df78957051c9de,25c269cde02debe4,7b30e3d97c41bd58,ed5db2d90d8371c44cbe212d6d16ad117537c9e185a6592a6ca108ece643d8ce,2026-04-24T15:59:00-04:00,2026-04-26T01:55:46.523945+00:00,True,clean,390,390,0,0,0,2026-02-06 15:59:00-05:00,2026-02-06 15:59:00-05:00,False,True,clean,wide,85.0,20,20,24927.5,24700.5,227.0,0.9966960352422908,tier1_pilot,False,False,or_class_wide,,,,,,,,,,,,,,,,,,,,,,,,,,,,,,,False,or_class_wide,,,,,,,,,,,,,,,,,,,,,,,,,,,,,,,False,or_class_wide,,,,,,,,,,,,,,,,,,,,,,,,,,,,,,
2026-02-09,phase6_causal_or_retest_v1,d8df78957051c9de,25c269cde02debe4,7b30e3d97c41bd58,ed5db2d90d8371c44cbe212d6d16ad117537c9e185a6592a6ca108ece643d8ce,2026-04-24T15:59:00-04:00,2026-04-26T01:55:46.523945+00:00,True,clean,390,390,0,0,0,2026-02-09 15:59:00-05:00,2026-02-09 15:59:00-05:00,False,True,clean,wide,80.0,20,20,25152.5,24955.5,197.0,0.9885786802030457,tier1_pilot,False,False,or_class_wide,,,,,,,,,,,,,,,,,,,,,,,,,,,,,,,False,or_class_wide,,,,,,,,,,,,,,,,,,,,,,,,,,,,,,,False,or_class_wide,,,,,,,,,,,,,,,,,,,,,,,,,,,,,,
2026-02-10,phase6_causal_or_retest_v1,d8df78957051c9de,25c269cde02debe4,7b30e3d97c41bd58,ed5db2d90d8371c44cbe212d6d16ad117537c9e185a6592a6ca108ece643d8ce,2026-04-24T15:59:00-04:00,2026-04-26T01:55:46.523945+00:00,True,clean,390,390,0,0,0,2026-02-10 15:59:00-05:00,2026-02-10 15:59:00-05:00,False,True,clean,normal,60.0,20,20,25410.25,25265.25,145.0,0.30517241379310345,tier1_pilot,False,True,,2026-02-10 10:06:00-05:00,2026-02-10 10:18:00-05:00,2026-02-10 10:19:00-05:00,25413.25,25415.75,25375.75,25465.75,2026-02-10 10:24:00-05:00,25375.75,25373.25,stop,-86.34,25377.75,25416.0,25371.0,25413.25,8982.0,25355.43496869635,25413.25,25413.25,25392.5,25407.0,5491.0,25356.064420731615,25410.75,25413.75,25373.0,25376.25,9829.0,25359.295712987918,True,,2026-02-10 10:06:00-05:00,2026-02-10 10:30:00-05:00,2026-02-10 10:31:00-05:00,25421.25,25423.75,25383.75,25503.75,2026-02-10 10:37:00-05:00,25383.75,25381.25,stop,-86.34,25401.25,25422.25,25387.0,25421.5,7717.0,25362.141956305386,25421.25,25438.75,25417.5,25428.0,8336.0,25363.244986384878,25410.0,25410.0,25382.5,25386.5,5777.0,25365.88992680259,False,signal_filtered,2026-02-10 10:06:00-05:00,,,,,,,,,,,,,,,,,,,,,,,,,,,,,
2026-02-11,phase6_causal_or_retest_v1,d8df78957051c9de,25c269cde02debe4,7b30e3d97c41bd58,ed5db2d90d8371c44cbe212d6d16ad117537c9e185a6592a6ca108ece643d8ce,2026-04-24T15:59:00-04:00,2026-04-26T01:55:46.523945+00:00,True,clean,390,390,0,0,0,2026-02-11 15:59:00-05:00,2026-02-11 15:59:00-05:00,False,True,clean,normal,55.00000000000001,20,20,25465.5,25339.0,126.5,0.41304347826086957,tier1_pilot,False,False,no_upside_breakout,,,,,,,,,,,,,,,,,,,,,,,,,,,,,,,False,no_upside_breakout,,,,,,,,,,,,,,,,,,,,,,,,,,,,,,,False,no_upside_breakout,,,,,,,,,,,,,,,,,,,,,,,,,,,,,,
2026-02-12,phase6_causal_or_retest_v1,d8df78957051c9de,25c269cde02debe4,7b30e3d97c41bd58,ed5db2d90d8371c44cbe212d6d16ad117537c9e185a6592a6ca108ece643d8ce,2026-04-24T15:59:00-04:00,2026-04-26T01:55:46.523945+00:00,True,clean,390,390,0,0,0,2026-02-12 15:59:00-05:00,2026-02-12 15:59:00-05:00,False,True,clean,tight,15.0,20,20,25393.75,25303.75,90.0,0.06111111111111111,tier1_pilot,False,False,or_class_tight,,,,,,,,,,,,,,,,,,,,,,,,,,,,,,,False,no_upside_breakout,,,,,,,,,,,,,,,,,,,,,,,,,,,,,,,False,or_class_tight,,,,,,,,,,,,,,,,,,,,,,,,,,,,,,
2026-02-13,phase6_causal_or_retest_v1,d8df78957051c9de,25c269cde02debe4,7b30e3d97c41bd58,ed5db2d90d8371c44cbe212d6d16ad117537c9e185a6592a6ca108ece643d8ce,2026-04-24T15:59:00-04:00,2026-04-26T01:55:46.523945+00:00,True,clean,390,390,0,0,0,2026-02-13 15:59:00-05:00,2026-02-13 15:59:00-05:00,False,True,clean,wide,80.0,20,20,24800.0,24578.75,221.25,0.615819209039548,tier1_pilot,False,False,or_class_wide,,,,,,,,,,,,,,,,,,,,,,,,,,,,,,,False,or_class_wide,,,,,,,,,,,,,,,,,,,,,,,,,,,,,,,False,or_class_wide,,,,,,,,,,,,,,,,,,,,,,,,,,,,,,
2026-02-17,phase6_causal_or_retest_v1,d8df78957051c9de,25c269cde02debe4,7b30e3d97c41bd58,ed5db2d90d8371c44cbe212d6d16ad117537c9e185a6592a6ca108ece643d8ce,2026-04-24T15:59:00-04:00,2026-04-26T01:55:46.523945+00:00,True,clean,390,390,0,0,0,2026-02-17 15:59:00-05:00,2026-02-17 15:59:00-05:00,False,True,clean,normal,75.0,20,20,24815.5,24605.75,209.75,0.45292014302741357,tier1_pilot,False,False,no_retest_signal,2026-02-17 13:39:00-05:00,,,,,,,,,,,,,,,,,,,,,,,,,,,,,,False,no_retest_signal,2026-02-17 13:39:00-05:00,,,,,,,,,,,,,,,,,,,,,,,,,,,,,,False,no_retest_signal,2026-02-17 13:39:00-05:00,,,,,,,,,,,,,,,,,,,,,,,,,,,,,
2026-02-18,phase6_causal_or_retest_v1,d8df78957051c9de,25c269cde02debe4,7b30e3d97c41bd58,ed5db2d90d8371c44cbe212d6d16ad117537c9e185a6592a6ca108ece643d8ce,2026-04-24T15:59:00-04:00,2026-04-26T01:55:46.523945+00:00,True,clean,390,390,0,0,0,2026-02-18 15:59:00-05:00,2026-02-18 15:59:00-05:00,False,True,clean,tight,25.0,20,20,24868.75,24752.0,116.75,0.841541755888651,tier1_pilot,False,False,or_class_tight,,,,,,,,,,,,,,,,,,,,,,,,,,,,,,,False,no_retest_signal,2026-02-18 09:45:00-05:00,,,,,,,,,,,,,,,,,,,,,,,,,,,,,,False,or_class_tight,,,,,,,,,,,,,,,,,,,,,,,,,,,,,,
2026-02-19,phase6_causal_or_retest_v1,d8df78957051c9de,25c269cde02debe4,7b30e3d97c41bd58,ed5db2d90d8371c44cbe212d6d16ad117537c9e185a6592a6ca108ece643d8ce,2026-04-24T15:59:00-04:00,2026-04-26T01:55:46.523945+00:00,True,clean,390,390,0,0,0,2026-02-19 15:59:00-05:00,2026-02-19 15:59:00-05:00,False,True,clean,normal,35.0,20,20,24883.25,24762.5,120.75,0.6956521739130435,tier1_pilot,True,True,,2026-02-19 09:53:00-05:00,2026-02-19 10:01:00-05:00,2026-02-19 10:02:00-05:00,24895.0,24897.5,24857.5,24947.5,2026-02-19 10:03:00-05:00,24947.5,24945.0,target,93.66,24867.75,24901.75,24864.5,24896.0,9169.0,24840.20112878056,24895.0,24911.5,24885.0,24910.0,7878.0,24841.929983154067,24910.0,24950.5,24906.0,24943.0,12993.0,24845.94357430806,True,,2026-02-19 09:53:00-05:00,2026-02-19 10:31:00-05:00,2026-02-19 10:32:00-05:00,24899.0,24901.5,24861.5,24981.5,2026-02-19 11:07:00-05:00,24861.5,24859.0,stop,-86.34,24869.0,24910.75,24867.25,24899.0,10366.0,24865.308998277735,24899.0,24928.0,24895.5,24921.5,6972.0,24866.02044119116,24867.75,24869.0,24852.0,24865.75,5740.0,24875.835391237448,True,,2026-02-19 09:53:00-05:00,2026-02-19 10:01:00-05:00,2026-02-19 10:02:00-05:00,24895.0,24897.5,24857.5,24947.5,2026-02-19 10:03:00-05:00,24947.5,24945.0,target,93.66,24867.75,24901.75,24864.5,24896.0,9169.0,24840.20112878056,24895.0,24911.5,24885.0,24910.0,7878.0,24841.929983154067,24910.0,24950.5,24906.0,24943.0,12993.0,24845.94357430806
2026-02-20,phase6_causal_or_retest_v1,d8df78957051c9de,25c269cde02debe4,7b30e3d97c41bd58,ed5db2d90d8371c44cbe212d6d16ad117537c9e185a6592a6ca108ece643d8ce,2026-04-24T15:59:00-04:00,2026-04-26T01:55:46.523945+00:00,True,clean,390,390,0,0,0,2026-02-20 15:59:00-05:00,2026-02-20 15:59:00-05:00,False,True,clean,wide,95.0,20,20,24948.75,24677.0,271.75,0.9319227230910764,tier1_pilot,False,False,or_class_wide,,,,,,,,,,,,,,,,,,,,,,,,,,,,,,,False,or_class_wide,,,,,,,,,,,,,,,,,,,,,,,,,,,,,,,False,or_class_wide,,,,,,,,,,,,,,,,,,,,,,,,,,,,,,
2026-02-23,phase6_causal_or_retest_v1,d8df78957051c9de,25c269cde02debe4,7b30e3d97c41bd58,ed5db2d90d8371c44cbe212d6d16ad117537c9e185a6592a6ca108ece643d8ce,2026-04-24T15:59:00-04:00,2026-04-26T01:55:46.523945+00:00,True,clean,390,390,0,0,0,2026-02-23 15:59:00-05:00,2026-02-23 15:59:00-05:00,False,True,clean,normal,55.00000000000001,20,20,25040.0,24880.25,159.75,0.003129890453834116,tier1_pilot,False,False,no_upside_breakout,,,,,,,,,,,,,,,,,,,,,,,,,,,,,,,False,no_upside_breakout,,,,,,,,,,,,,,,,,,,,,,,,,,,,,,,False,no_upside_breakout,,,,,,,,,,,,,,,,,,,,,,,,,,,,,,
2026-02-24,phase6_causal_or_retest_v1,d8df78957051c9de,25c269cde02debe4,7b30e3d97c41bd58,ed5db2d90d8371c44cbe212d6d16ad117537c9e185a6592a6ca108ece643d8ce,2026-04-24T15:59:00-04:00,2026-04-26T01:55:46.523945+00:00,True,clean,390,390,0,0,0,2026-02-24 15:59:00-05:00,2026-02-24 15:59:00-05:00,False,True,clean,normal,70.0,20,20,24912.25,24694.0,218.25,0.993127147766323,tier1_pilot,True,True,,2026-02-24 09:45:00-05:00,2026-02-24 10:20:00-05:00,2026-02-24 10:21:00-05:00,24915.0,24917.5,24877.5,24967.5,2026-02-24 10:26:00-05:00,24967.5,24965.0,target,93.66,24894.25,24916.75,24888.25,24915.5,7020.0,24851.38566241179,24915.0,24936.25,24913.5,24920.0,8839.0,24852.74705378907,24952.0,24975.5,24943.75,24973.0,8756.0,24859.484476630063,False,signal_filtered,2026-02-24 09:45:00-05:00,,,,,,,,,,,,,,,,,,,,,,,,,,,,,,True,,2026-02-24 09:45:00-05:00,2026-02-24 10:20:00-05:00,2026-02-24 10:21:00-05:00,24915.0,24917.5,24877.5,24967.5,2026-02-24 10:26:00-05:00,24967.5,24965.0,target,93.66,24894.25,24916.75,24888.25,24915.5,7020.0,24851.38566241179,24915.0,24936.25,24913.5,24920.0,8839.0,24852.74705378907,24952.0,24975.5,24943.75,24973.0,8756.0,24859.484476630063
2026-02-25,phase6_causal_or_retest_v1,d8df78957051c9de,25c269cde02debe4,7b30e3d97c41bd58,ed5db2d90d8371c44cbe212d6d16ad117537c9e185a6592a6ca108ece643d8ce,2026-04-24T15:59:00-04:00,2026-04-26T01:55:46.523945+00:00,True,clean,390,390,0,0,0,2026-02-25 15:59:00-05:00,2026-02-25 15:59:00-05:00,False,True,clean,tight,25.0,20,20,25279.75,25156.75,123.0,0.9329268292682927,tier1_pilot,False,False,or_class_tight,,,,,,,,,,,,,,,,,,,,,,,,,,,,,,,True,,2026-02-25 09:45:00-05:00,2026-02-25 10:57:00-05:00,2026-02-25 10:58:00-05:00,25283.25,25285.75,25245.75,25365.75,2026-02-25 14:02:00-05:00,25365.75,25363.25,target,153.66,25271.75,25284.25,25268.75,25283.5,3685.0,25293.580211916207,25283.25,25293.25,25277.75,25289.25,4405.0,25293.519592682813,25356.75,25369.0,25355.75,25361.25,4519.0,25303.971811179556,False,or_class_tight,,,,,,,,,,,,,,,,,,,,,,,,,,,,,,
2026-02-26,phase6_causal_or_retest_v1,d8df78957051c9de,25c269cde02debe4,7b30e3d97c41bd58,ed5db2d90d8371c44cbe212d6d16ad117537c9e185a6592a6ca108ece643d8ce,2026-04-24T15:59:00-04:00,2026-04-26T01:55:46.523945+00:00,True,clean,390,390,0,0,0,2026-02-26 15:59:00-05:00,2026-02-26 15:59:00-05:00,False,True,clean,tight,15.0,20,20,25342.0,25224.75,117.25,0.34754797441364604,tier1_pilot,False,False,or_class_tight,,,,,,,,,,,,,,,,,,,,,,,,,,,,,,,False,no_upside_breakout,,,,,,,,,,,,,,,,,,,,,,,,,,,,,,,False,or_class_tight,,,,,,,,,,,,,,,,,,,,,,,,,,,,,,
2026-02-27,phase6_causal_or_retest_v1,d8df78957051c9de,25c269cde02debe4,7b30e3d97c41bd58,ed5db2d90d8371c44cbe212d6d16ad117537c9e185a6592a6ca108ece643d8ce,2026-04-24T15:59:00-04:00,2026-04-26T01:55:46.523945+00:00,True,clean,390,390,0,0,0,2026-02-27 15:59:00-05:00,2026-02-27 15:59:00-05:00,False,True,clean,normal,35.0,20,20,24910.0,24780.0,130.0,0.49230769230769234,tier1_pilot,True,True,,2026-02-27 09:48:00-05:00,2026-02-27 10:01:00-05:00,2026-02-27 10:02:00-05:00,24914.5,24917.0,24877.0,24967.0,2026-02-27 10:07:00-05:00,24967.0,24964.5,target,93.66,24889.75,24932.5,24889.25,24914.75,10627.0,24872.81367771935,24914.5,24954.0,24913.25,24927.0,10010.0,24874.71953718264,24941.0,24967.5,24940.25,24960.0,6143.0,24881.077080445877,False,signal_filtered,2026-02-27 09:48:00-05:00,,,,,,,,,,,,,,,,,,,,,,,,,,,,,,True,,2026-02-27 09:48:00-05:00,2026-02-27 10:01:00-05:00,2026-02-27 10:02:00-05:00,24914.5,24917.0,24877.0,24967.0,2026-02-27 10:07:00-05:00,24967.0,24964.5,target,93.66,24889.75,24932.5,24889.25,24914.75,10627.0,24872.81367771935,24914.5,24954.0,24913.25,24927.0,10010.0,24874.71953718264,24941.0,24967.5,24940.25,24960.0,6143.0,24881.077080445877
2026-03-02,phase6_causal_or_retest_v1,d8df78957051c9de,25c269cde02debe4,7b30e3d97c41bd58,ed5db2d90d8371c44cbe212d6d16ad117537c9e185a6592a6ca108ece643d8ce,2026-04-24T15:59:00-04:00,2026-04-26T01:55:46.523945+00:00,True,clean,390,390,0,0,0,2026-03-02 15:59:00-05:00,2026-03-02 15:59:00-05:00,False,True,clean,wide,95.0,20,20,24885.25,24605.25,280.0,0.83125,tier1_pilot,False,False,or_class_wide,,,,,,,,,,,,,,,,,,,,,,,,,,,,,,,False,or_class_wide,,,,,,,,,,,,,,,,,,,,,,,,,,,,,,,False,or_class_wide,,,,,,,,,,,,,,,,,,,,,,,,,,,,,,
2026-03-03,phase6_causal_or_retest_v1,d8df78957051c9de,25c269cde02debe4,7b30e3d97c41bd58,ed5db2d90d8371c44cbe212d6d16ad117537c9e185a6592a6ca108ece643d8ce,2026-04-24T15:59:00-04:00,2026-04-26T01:55:46.523945+00:00,True,clean,390,390,0,0,0,2026-03-03 15:59:00-05:00,2026-03-03 15:59:00-05:00,False,True,clean,normal,45.0,20,20,24661.0,24502.25,158.75,0.19370078740157481,tier1_pilot,False,False,no_retest_signal,2026-03-03 11:45:00-05:00,,,,,,,,,,,,,,,,,,,,,,,,,,,,,,False,no_retest_signal,2026-03-03 11:45:00-05:00,,,,,,,,,,,,,,,,,,,,,,,,,,,,,,False,no_retest_signal,2026-03-03 11:45:00-05:00,,,,,,,,,,,,,,,,,,,,,,,,,,,,,
2026-03-04,phase6_causal_or_retest_v1,d8df78957051c9de,25c269cde02debe4,7b30e3d97c41bd58,ed5db2d90d8371c44cbe212d6d16ad117537c9e185a6592a6ca108ece643d8ce,2026-04-24T15:59:00-04:00,2026-04-26T01:55:46.523945+00:00,True,clean,390,390,0,0,0,2026-03-04 15:59:00-05:00,2026-03-04 15:59:00-05:00,False,True,clean,normal,35.0,20,20,24970.5,24837.25,133.25,0.1125703564727955,tier1_pilot,False,False,signal_filtered,2026-03-04 10:01:00-05:00,,,,,,,,,,,,,,,,,,,,,,,,,,,,,,True,,2026-03-04 10:01:00-05:00,2026-03-04 10:08:00-05:00,2026-03-04 10:09:00-05:00,24990.5,24993.0,24953.0,25073.0,2026-03-04 10:21:00-05:00,25073.0,25070.5,target,153.66,24970.75,24992.5,24967.25,24990.25,8326.0,24912.19915938283,24990.5,25001.25,24984.0,24994.75,7428.0,24914.198325582118,25052.75,25076.25,25051.5,25076.0,9036.0,24934.520644745873,False,signal_filtered,2026-03-04 10:01:00-05:00,,,,,,,,,,,,,,,,,,,,,,,,,,,,,
2026-03-05,phase6_causal_or_retest_v1,d8df78957051c9de,25c269cde02debe4,7b30e3d97c41bd58,ed5db2d90d8371c44cbe212d6d16ad117537c9e185a6592a6ca108ece643d8ce,2026-04-24T15:59:00-04:00,2026-04-26T01:55:46.523945+00:00,True,clean,390,390,0,0,0,2026-03-05 15:59:00-05:00,2026-03-05 15:59:00-05:00,False,True,clean,normal,40.0,20,20,25125.25,24985.25,140.0,0.5267857142857143,tier1_pilot,False,False,no_retest_signal,2026-03-05 09:51:00-05:00,,,,,,,,,,,,,,,,,,,,,,,,,,,,,,False,no_retest_signal,2026-03-05 09:51:00-05:00,,,,,,,,,,,,,,,,,,,,,,,,,,,,,,False,no_retest_signal,2026-03-05 09:51:00-05:00,,,,,,,,,,,,,,,,,,,,,,,,,,,,,
2026-03-06,phase6_causal_or_retest_v1,d8df78957051c9de,25c269cde02debe4,7b30e3d97c41bd58,ed5db2d90d8371c44cbe212d6d16ad117537c9e185a6592a6ca108ece643d8ce,2026-04-24T15:59:00-04:00,2026-04-26T01:55:46.523945+00:00,True,clean,390,390,0,0,0,2026-03-06 15:59:00-05:00,2026-03-06 15:59:00-05:00,False,True,clean,tight,15.0,20,20,24732.25,24611.75,120.5,0.5705394190871369,tier1_pilot,False,False,or_class_tight,,,,,,,,,,,,,,,,,,,,,,,,,,,,,,,True,,2026-03-06 10:00:00-05:00,2026-03-06 10:12:00-05:00,2026-03-06 10:13:00-05:00,24750.0,24752.5,24712.5,24832.5,2026-03-06 10:30:00-05:00,24832.5,24830.0,target,153.66,24726.0,24756.0,24721.5,24750.5,9070.0,24696.40672225316,24750.0,24792.0,24748.25,24789.0,9353.0,24698.26540826532,24822.25,24844.25,24820.75,24829.25,10008.0,24719.81535725195,False,or_class_tight,,,,,,,,,,,,,,,,,,,,,,,,,,,,,,
2026-03-09,phase6_causal_or_retest_v1,d8df78957051c9de,25c269cde02debe4,7b30e3d97c41bd58,ed5db2d90d8371c44cbe212d6d16ad117537c9e185a6592a6ca108ece643d8ce,2026-04-24T15:59:00-04:00,2026-04-26T01:55:46.523945+00:00,True,clean,390,390,0,0,0,2026-03-09 15:59:00-04:00,2026-03-09 15:59:00-04:00,False,True,clean,normal,65.0,20,20,24526.0,24354.75,171.25,0.1708029197080292,tier1_pilot,False,False,signal_filtered,2026-03-09 10:44:00-04:00,,,,,,,,,,,,,,,,,,,,,,,,,,,,,,True,,2026-03-09 10:44:00-04:00,2026-03-09 10:45:00-04:00,2026-03-09 10:46:00-04:00,24556.75,24559.25,24519.25,24639.25,2026-03-09 11:26:00-04:00,24639.25,24636.75,target,153.66,24535.0,24557.25,24529.75,24556.5,8654.0,24414.489870127058,24556.75,24569.25,24542.25,24568.5,5881.0,24416.15776484255,24635.25,24645.0,24630.75,24643.5,3682.0,24455.825748031726,False,signal_filtered,2026-03-09 10:44:00-04:00,,,,,,,,,,,,,,,,,,,,,,,,,,,,,
2026-03-10,phase6_causal_or_retest_v1,d8df78957051c9de,25c269cde02debe4,7b30e3d97c41bd58,ed5db2d90d8371c44cbe212d6d16ad117537c9e185a6592a6ca108ece643d8ce,2026-04-24T15:59:00-04:00,2026-04-26T01:55:46.523945+00:00,True,clean,390,390,0,0,0,2026-03-10 15:59:00-04:00,2026-03-10 15:59:00-04:00,False,True,clean,tight,25.0,20,20,25081.0,24959.5,121.5,0.5843621399176955,tier1_pilot,False,False,or_class_tight,,,,,,,,,,,,,,,,,,,,,,,,,,,,,,,True,,2026-03-10 10:39:00-04:00,2026-03-10 10:41:00-04:00,2026-03-10 10:42:00-04:00,25096.75,25099.25,25059.25,25179.25,2026-03-10 11:02:00-04:00,25179.25,25176.75,target,153.66,25084.5,25097.75,25073.25,25097.0,5543.0,24995.5671589859,25096.75,25107.5,25087.25,25104.75,6210.0,24996.861981723632,25174.0,25182.0,25169.25,25176.25,3466.0,25015.05608005728,False,or_class_tight,,,,,,,,,,,,,,,,,,,,,,,,,,,,,,
2026-03-11,phase6_causal_or_retest_v1,d8df78957051c9de,25c269cde02debe4,7b30e3d97c41bd58,ed5db2d90d8371c44cbe212d6d16ad117537c9e185a6592a6ca108ece643d8ce,2026-04-24T15:59:00-04:00,2026-04-26T01:55:46.523945+00:00,True,clean,390,390,0,0,0,2026-03-11 15:59:00-04:00,2026-03-11 15:59:00-04:00,False,True,clean,tight,0.0,20,20,25115.5,25034.5,81.0,0.44135802469135804,tier1_pilot,False,False,or_class_tight,,,,,,,,,,,,,,,,,,,,,,,,,,,,,,,False,no_retest_signal,2026-03-11 10:00:00-04:00,,,,,,,,,,,,,,,,,,,,,,,,,,,,,,False,or_class_tight,,,,,,,,,,,,,,,,,,,,,,,,,,,,,,
2026-03-12,phase6_causal_or_retest_v1,d8df78957051c9de,25c269cde02debe4,7b30e3d97c41bd58,ed5db2d90d8371c44cbe212d6d16ad117537c9e185a6592a6ca108ece643d8ce,2026-04-24T15:59:00-04:00,2026-04-26T01:55:46.523945+00:00,True,clean,390,390,0,0,0,2026-03-12 15:59:00-04:00,2026-03-12 15:59:00-04:00,False,True,clean,tight,10.0,20,20,24834.75,24742.0,92.75,0.25067385444743934,tier1_pilot,False,False,or_class_tight,,,,,,,,,,,,,,,,,,,,,,,,,,,,,,,False,no_upside_breakout,,,,,,,,,,,,,,,,,,,,,,,,,,,,,,,False,or_class_tight,,,,,,,,,,,,,,,,,,,,,,,,,,,,,,
2026-03-13,phase6_causal_or_retest_v1,d8df78957051c9de,25c269cde02debe4,7b30e3d97c41bd58,ed5db2d90d8371c44cbe212d6d16ad117537c9e185a6592a6ca108ece643d8ce,2026-04-24T15:59:00-04:00,2026-04-26T01:55:46.523945+00:00,True,clean,390,390,0,0,0,2026-03-13 15:59:00-04:00,2026-03-13 15:59:00-04:00,False,True,clean,normal,70.0,20,20,24772.75,24611.0,161.75,0.98145285935085,tier1_pilot,False,False,no_retest_signal,2026-03-13 09:45:00-04:00,,,,,,,,,,,,,,,,,,,,,,,,,,,,,,False,no_retest_signal,2026-03-13 09:45:00-04:00,,,,,,,,,,,,,,,,,,,,,,,,,,,,,,False,no_retest_signal,2026-03-13 09:45:00-04:00,,,,,,,,,,,,,,,,,,,,,,,,,,,,,
2026-03-16,phase6_causal_or_retest_v1,d8df78957051c9de,25c269cde02debe4,7b30e3d97c41bd58,ed5db2d90d8371c44cbe212d6d16ad117537c9e185a6592a6ca108ece643d8ce,2026-04-24T15:59:00-04:00,2026-04-26T01:55:46.523945+00:00,True,clean,390,390,0,0,0,2026-03-16 15:59:00-04:00,2026-03-16 15:59:00-04:00,False,True,clean,tight,10.0,20,20,24717.0,24623.0,94.0,0.5159574468085106,tier1_pilot,False,False,or_class_tight,,,,,,,,,,,,,,,,,,,,,,,,,,,,,,,True,,2026-03-16 09:45:00-04:00,2026-03-16 10:06:00-04:00,2026-03-16 10:07:00-04:00,24730.5,24733.0,24693.0,24813.0,2026-03-16 10:30:00-04:00,24693.0,24690.5,stop,-86.34,24705.0,24732.0,24698.75,24729.75,2535.0,24699.157734452416,24730.5,24732.25,24721.25,24732.25,1826.0,24699.598424577955,24718.0,24721.0,24687.75,24690.5,6633.0,24711.194680776192,False,or_class_tight,,,,,,,,,,,,,,,,,,,,,,,,,,,,,,
2026-03-17,phase6_causal_or_retest_v1,d8df78957051c9de,25c269cde02debe4,7b30e3d97c41bd58,ed5db2d90d8371c44cbe212d6d16ad117537c9e185a6592a6ca108ece643d8ce,2026-04-24T15:59:00-04:00,2026-04-26T01:55:46.523945+00:00,True,clean,390,390,0,0,0,2026-03-17 15:59:00-04:00,2026-03-17 15:59:00-04:00,False,True,clean,tight,15.0,20,20,24859.0,24746.5,112.5,0.8711111111111111,tier1_pilot,False,False,or_class_tight,,,,,,,,,,,,,,,,,,,,,,,,,,,,,,,True,,2026-03-17 09:45:00-04:00,2026-03-17 10:35:00-04:00,2026-03-17 10:36:00-04:00,24864.75,24867.25,24827.25,24947.25,2026-03-17 10:38:00-04:00,24827.25,24824.75,stop,-86.34,24853.5,24867.5,24849.75,24865.75,974.0,24841.54242432961,24864.75,24865.25,24851.0,24852.5,641.0,24841.67680997249,24849.25,24852.5,24827.25,24831.0,944.0,24841.707598326084,False,or_class_tight,,,,,,,,,,,,,,,,,,,,,,,,,,,,,,
2026-03-18,phase6_causal_or_retest_v1,d8df78957051c9de,25c269cde02debe4,7b30e3d97c41bd58,ed5db2d90d8371c44cbe212d6d16ad117537c9e185a6592a6ca108ece643d8ce,2026-04-24T15:59:00-04:00,2026-04-26T01:55:46.523945+00:00,True,clean,390,390,0,0,0,2026-03-18 15:59:00-04:00,2026-03-18 15:59:00-04:00,False,True,clean,tight,5.0,20,20,24771.25,24686.0,85.25,0.5835777126099707,tier1_pilot,False,False,or_class_tight,,,,,,,,,,,,,,,,,,,,,,,,,,,,,,,False,no_retest_signal,2026-03-18 09:46:00-04:00,,,,,,,,,,,,,,,,,,,,,,,,,,,,,,False,or_class_tight,,,,,,,,,,,,,,,,,,,,,,,,,,,,,,
2026-03-19,phase6_causal_or_retest_v1,d8df78957051c9de,25c269cde02debe4,7b30e3d97c41bd58,ed5db2d90d8371c44cbe212d6d16ad117537c9e185a6592a6ca108ece643d8ce,2026-04-24T15:59:00-04:00,2026-04-26T01:55:46.523945+00:00,True,clean,390,390,0,0,0,2026-03-19 15:59:00-04:00,2026-03-19 15:59:00-04:00,False,True,clean,normal,50.0,20,20,24239.25,24113.75,125.5,0.8545816733067729,tier1_pilot,True,True,,2026-03-19 09:49:00-04:00,2026-03-19 10:31:00-04:00,2026-03-19 10:32:00-04:00,24255.75,24258.25,24218.25,24308.25,2026-03-19 10:34:00-04:00,24308.25,24305.75,target,93.66,24216.0,24262.5,24216.0,24259.75,525.0,24232.692230713248,24255.75,24288.0,24255.75,24278.25,626.0,24233.55597122943,24288.5,24309.0,24281.25,24303.0,392.0,24234.893460259507,True,,2026-03-19 09:49:00-04:00,2026-03-19 10:31:00-04:00,2026-03-19 10:32:00-04:00,24255.75,24258.25,24218.25,24338.25,2026-03-19 11:05:00-04:00,24338.25,24335.75,target,153.66,24216.0,24262.5,24216.0,24259.75,525.0,24232.692230713248,24255.75,24288.0,24255.75,24278.25,626.0,24233.55597122943,24312.0,24350.0,24307.75,24349.0,764.0,24245.526597873195,True,,2026-03-19 09:49:00-04:00,2026-03-19 10:31:00-04:00,2026-03-19 10:32:00-04:00,24255.75,24258.25,24218.25,24308.25,2026-03-19 10:34:00-04:00,24308.25,24305.75,target,93.66,24216.0,24262.5,24216.0,24259.75,525.0,24232.692230713248,24255.75,24288.0,24255.75,24278.25,626.0,24233.55597122943,24288.5,24309.0,24281.25,24303.0,392.0,24234.893460259507
2026-03-20,phase6_causal_or_retest_v1,d8df78957051c9de,25c269cde02debe4,7b30e3d97c41bd58,ed5db2d90d8371c44cbe212d6d16ad117537c9e185a6592a6ca108ece643d8ce,2026-04-24T15:59:00-04:00,2026-04-26T01:55:46.523945+00:00,False,zero_volume_or,390,390,0,390,375,2026-03-20 15:59:00-04:00,2026-03-20 15:59:00-04:00,False,False,zero_volume_or_and_post_or,unknown,,20,20,,,,,tier1_pilot,False,False,zero_volume_or,,,,,,,,,,,,,,,,,,,,,,,,,,,,,,,False,zero_volume_or,,,,,,,,,,,,,,,,,,,,,,,,,,,,,,,False,zero_volume_or,,,,,,,,,,,,,,,,,,,,,,,,,,,,,,
2026-03-23,phase6_causal_or_retest_v1,d8df78957051c9de,25c269cde02debe4,7b30e3d97c41bd58,ed5db2d90d8371c44cbe212d6d16ad117537c9e185a6592a6ca108ece643d8ce,2026-04-24T15:59:00-04:00,2026-04-26T01:55:46.523945+00:00,True,clean,390,390,0,0,0,2026-03-23 15:59:00-04:00,2026-03-23 15:59:00-04:00,False,True,clean,normal,60.0,20,20,24568.5,24432.5,136.0,0.47610294117647056,tier1_pilot,False,True,,2026-03-23 09:49:00-04:00,2026-03-23 10:07:00-04:00,2026-03-23 10:08:00-04:00,24581.25,24583.75,24543.75,24633.75,2026-03-23 10:17:00-04:00,24633.75,24631.25,target,93.66,24538.25,24586.0,24538.25,24581.75,5929.0,24536.08790600029,24581.25,24585.75,24555.25,24561.0,4550.0,24536.678858789335,24624.25,24635.5,24610.75,24631.25,4529.0,24546.085536926807,False,signal_filtered,2026-03-23 09:49:00-04:00,,,,,,,,,,,,,,,,,,,,,,,,,,,,,,False,signal_filtered,2026-03-23 09:49:00-04:00,,,,,,,,,,,,,,,,,,,,,,,,,,,,,
2026-03-24,phase6_causal_or_retest_v1,d8df78957051c9de,25c269cde02debe4,7b30e3d97c41bd58,ed5db2d90d8371c44cbe212d6d16ad117537c9e185a6592a6ca108ece643d8ce,2026-04-24T15:59:00-04:00,2026-04-26T01:55:46.523945+00:00,True,clean,390,390,0,0,0,2026-03-24 15:59:00-04:00,2026-03-24 15:59:00-04:00,False,True,clean,wide,90.0,20,20,24317.0,24140.25,176.75,0.18953323903818953,tier1_pilot,False,False,or_class_wide,,,,,,,,,,,,,,,,,,,,,,,,,,,,,,,False,or_class_wide,,,,,,,,,,,,,,,,,,,,,,,,,,,,,,,False,or_class_wide,,,,,,,,,,,,,,,,,,,,,,,,,,,,,,
2026-03-25,phase6_causal_or_retest_v1,d8df78957051c9de,25c269cde02debe4,7b30e3d97c41bd58,ed5db2d90d8371c44cbe212d6d16ad117537c9e185a6592a6ca108ece643d8ce,2026-04-24T15:59:00-04:00,2026-04-26T01:55:46.523945+00:00,True,clean,390,390,0,0,0,2026-03-25 15:59:00-04:00,2026-03-25 15:59:00-04:00,False,True,clean,tight,20.0,20,20,24526.0,24426.0,100.0,0.2575,tier1_pilot,False,False,or_class_tight,,,,,,,,,,,,,,,,,,,,,,,,,,,,,,,False,no_upside_breakout,,,,,,,,,,,,,,,,,,,,,,,,,,,,,,,False,or_class_tight,,,,,,,,,,,,,,,,,,,,,,,,,,,,,,
2026-03-26,phase6_causal_or_retest_v1,d8df78957051c9de,25c269cde02debe4,7b30e3d97c41bd58,ed5db2d90d8371c44cbe212d6d16ad117537c9e185a6592a6ca108ece643d8ce,2026-04-24T15:59:00-04:00,2026-04-26T01:55:46.523945+00:00,True,clean,390,390,0,0,0,2026-03-26 15:59:00-04:00,2026-03-26 15:59:00-04:00,False,True,clean,tight,10.0,20,20,24158.5,24066.0,92.5,0.9783783783783784,tier1_pilot,False,False,or_class_tight,,,,,,,,,,,,,,,,,,,,,,,,,,,,,,,True,,2026-03-26 09:45:00-04:00,2026-03-26 10:39:00-04:00,2026-03-26 10:40:00-04:00,24174.5,24177.0,24137.0,24257.0,2026-03-26 10:43:00-04:00,24137.0,24134.5,stop,-86.34,24164.5,24185.25,24163.0,24174.5,4823.0,24171.966471112617,24174.5,24226.0,24172.0,24179.75,12563.0,24172.581856700486,24153.75,24160.75,24129.0,24138.75,8964.0,24171.576791976404,False,or_class_tight,,,,,,,,,,,,,,,,,,,,,,,,,,,,,,
2026-03-27,phase6_causal_or_retest_v1,d8df78957051c9de,25c269cde02debe4,7b30e3d97c41bd58,ed5db2d90d8371c44cbe212d6d16ad117537c9e185a6592a6ca108ece643d8ce,2026-04-24T15:59:00-04:00,2026-04-26T01:55:46.523945+00:00,True,clean,390,390,0,0,0,2026-03-27 15:59:00-04:00,2026-03-27 15:59:00-04:00,False,True,clean,normal,60.0,20,20,23664.25,23531.5,132.75,0.4463276836158192,tier1_pilot,False,False,no_upside_breakout,,,,,,,,,,,,,,,,,,,,,,,,,,,,,,,False,no_upside_breakout,,,,,,,,,,,,,,,,,,,,,,,,,,,,,,,False,no_upside_breakout,,,,,,,,,,,,,,,,,,,,,,,,,,,,,,
2026-03-30,phase6_causal_or_retest_v1,d8df78957051c9de,25c269cde02debe4,7b30e3d97c41bd58,ed5db2d90d8371c44cbe212d6d16ad117537c9e185a6592a6ca108ece643d8ce,2026-04-24T15:59:00-04:00,2026-04-26T01:55:46.523945+00:00,True,clean,390,390,0,0,0,2026-03-30 15:59:00-04:00,2026-03-30 15:59:00-04:00,False,True,clean,wide,85.0,20,20,23538.0,23374.25,163.75,0.11755725190839694,tier1_pilot,False,False,or_class_wide,,,,,,,,,,,,,,,,,,,,,,,,,,,,,,,False,or_class_wide,,,,,,,,,,,,,,,,,,,,,,,,,,,,,,,False,or_class_wide,,,,,,,,,,,,,,,,,,,,,,,,,,,,,,
2026-03-31,phase6_causal_or_retest_v1,d8df78957051c9de,25c269cde02debe4,7b30e3d97c41bd58,ed5db2d90d8371c44cbe212d6d16ad117537c9e185a6592a6ca108ece643d8ce,2026-04-24T15:59:00-04:00,2026-04-26T01:55:46.523945+00:00,True,clean,390,390,0,0,0,2026-03-31 15:59:00-04:00,2026-03-31 15:59:00-04:00,False,True,clean,tight,10.0,20,20,23470.0,23378.75,91.25,0.4301369863013699,tier1_pilot,False,False,or_class_tight,,,,,,,,,,,,,,,,,,,,,,,,,,,,,,,False,no_retest_signal,2026-03-31 09:46:00-04:00,,,,,,,,,,,,,,,,,,,,,,,,,,,,,,False,or_class_tight,,,,,,,,,,,,,,,,,,,,,,,,,,,,,,
2026-04-01,phase6_causal_or_retest_v1,d8df78957051c9de,25c269cde02debe4,7b30e3d97c41bd58,ed5db2d90d8371c44cbe212d6d16ad117537c9e185a6592a6ca108ece643d8ce,2026-04-24T15:59:00-04:00,2026-04-26T01:55:46.523945+00:00,True,clean,390,390,0,0,0,2026-04-01 15:59:00-04:00,2026-04-01 15:59:00-04:00,False,True,clean,normal,75.0,20,20,24194.5,24043.5,151.0,0.3526490066225166,tier1_pilot,False,True,,2026-04-01 10:22:00-04:00,2026-04-01 10:47:00-04:00,2026-04-01 10:48:00-04:00,24204.25,24206.75,24166.75,24256.75,2026-04-01 10:53:00-04:00,24256.75,24254.25,target,93.66,24186.75,24208.25,24177.25,24204.25,4317.0,24147.963251773286,24204.25,24219.0,24203.5,24218.25,3897.0,24148.480472039337,24239.25,24260.0,24237.0,24254.0,6401.0,24152.962718595245,True,,2026-04-01 10:22:00-04:00,2026-04-01 10:30:00-04:00,2026-04-01 10:31:00-04:00,24204.75,24207.25,24167.25,24287.25,2026-04-01 10:33:00-04:00,24167.25,24164.75,stop,-86.34,24186.25,24207.5,24183.25,24205.0,5217.0,24137.471400961105,24204.75,24217.0,24198.5,24207.75,6083.0,24138.575385378837,24193.75,24197.75,24160.5,24170.75,8924.0,24140.01022940495,False,signal_filtered,2026-04-01 10:22:00-04:00,,,,,,,,,,,,,,,,,,,,,,,,,,,,,
2026-04-02,phase6_causal_or_retest_v1,d8df78957051c9de,25c269cde02debe4,7b30e3d97c41bd58,ed5db2d90d8371c44cbe212d6d16ad117537c9e185a6592a6ca108ece643d8ce,2026-04-24T15:59:00-04:00,2026-04-26T01:55:46.523945+00:00,True,clean,390,390,0,0,0,2026-04-02 15:59:00-04:00,2026-04-02 15:59:00-04:00,False,True,clean,normal,75.0,20,20,23819.0,23678.0,141.0,0.2393617021276596,tier1_pilot,False,False,no_retest_signal,2026-04-02 09:53:00-04:00,,,,,,,,,,,,,,,,,,,,,,,,,,,,,,False,no_retest_signal,2026-04-02 09:53:00-04:00,,,,,,,,,,,,,,,,,,,,,,,,,,,,,,False,no_retest_signal,2026-04-02 09:53:00-04:00,,,,,,,,,,,,,,,,,,,,,,,,,,,,,
2026-04-06,phase6_causal_or_retest_v1,d8df78957051c9de,25c269cde02debe4,7b30e3d97c41bd58,ed5db2d90d8371c44cbe212d6d16ad117537c9e185a6592a6ca108ece643d8ce,2026-04-24T15:59:00-04:00,2026-04-26T01:55:46.523945+00:00,True,clean,390,390,0,0,0,2026-04-06 15:59:00-04:00,2026-04-06 15:59:00-04:00,False,True,clean,normal,55.00000000000001,20,20,24373.75,24245.25,128.5,0.6498054474708171,tier1_pilot,False,True,,2026-04-06 09:50:00-04:00,2026-04-06 10:30:00-04:00,2026-04-06 10:31:00-04:00,24383.25,24385.75,24345.75,24435.75,2026-04-06 10:36:00-04:00,24345.75,24343.25,stop,-86.34,24365.5,24389.25,24363.25,24383.5,3885.0,24340.97140802391,24383.25,24389.75,24377.75,24383.75,3445.0,24341.339226229993,24361.0,24369.0,24343.5,24352.25,5317.0,24342.479678862306,True,,2026-04-06 09:50:00-04:00,2026-04-06 10:30:00-04:00,2026-04-06 10:31:00-04:00,24383.25,24385.75,24345.75,24465.75,2026-04-06 10:36:00-04:00,24345.75,24343.25,stop,-86.34,24365.5,24389.25,24363.25,24383.5,3885.0,24340.97140802391,24383.25,24389.75,24377.75,24383.75,3445.0,24341.339226229993,24361.0,24369.0,24343.5,24352.25,5317.0,24342.479678862306,False,signal_filtered,2026-04-06 09:50:00-04:00,,,,,,,,,,,,,,,,,,,,,,,,,,,,,
2026-04-07,phase6_causal_or_retest_v1,d8df78957051c9de,25c269cde02debe4,7b30e3d97c41bd58,ed5db2d90d8371c44cbe212d6d16ad117537c9e185a6592a6ca108ece643d8ce,2026-04-24T15:59:00-04:00,2026-04-26T01:55:46.523945+00:00,True,clean,390,390,0,0,0,2026-04-07 15:59:00-04:00,2026-04-07 15:59:00-04:00,False,True,clean,normal,40.0,20,20,24303.25,24187.75,115.5,0.08008658008658008,tier1_pilot,False,False,no_retest_signal,2026-04-07 15:45:00-04:00,,,,,,,,,,,,,,,,,,,,,,,,,,,,,,False,no_retest_signal,2026-04-07 15:45:00-04:00,,,,,,,,,,,,,,,,,,,,,,,,,,,,,,False,no_retest_signal,2026-04-07 15:45:00-04:00,,,,,,,,,,,,,,,,,,,,,,,,,,,,,
2026-04-08,phase6_causal_or_retest_v1,d8df78957051c9de,25c269cde02debe4,7b30e3d97c41bd58,ed5db2d90d8371c44cbe212d6d16ad117537c9e185a6592a6ca108ece643d8ce,2026-04-24T15:59:00-04:00,2026-04-26T01:55:46.523945+00:00,True,clean,390,390,0,0,0,2026-04-08 15:59:00-04:00,2026-04-08 15:59:00-04:00,False,True,clean,wide,85.0,20,20,25251.75,25089.5,162.25,0.05855161787365177,tier1_pilot,False,False,or_class_wide,,,,,,,,,,,,,,,,,,,,,,,,,,,,,,,False,or_class_wide,,,,,,,,,,,,,,,,,,,,,,,,,,,,,,,False,or_class_wide,,,,,,,,,,,,,,,,,,,,,,,,,,,,,,
2026-04-09,phase6_causal_or_retest_v1,d8df78957051c9de,25c269cde02debe4,7b30e3d97c41bd58,ed5db2d90d8371c44cbe212d6d16ad117537c9e185a6592a6ca108ece643d8ce,2026-04-24T15:59:00-04:00,2026-04-26T01:55:46.523945+00:00,True,clean,390,390,0,0,0,2026-04-09 15:59:00-04:00,2026-04-09 15:59:00-04:00,False,True,clean,tight,25.0,20,20,25112.75,25019.0,93.75,0.8693333333333333,tier1_pilot,False,False,or_class_tight,,,,,,,,,,,,,,,,,,,,,,,,,,,,,,,False,no_retest_signal,2026-04-09 11:32:00-04:00,,,,,,,,,,,,,,,,,,,,,,,,,,,,,,False,or_class_tight,,,,,,,,,,,,,,,,,,,,,,,,,,,,,,
2026-04-10,phase6_causal_or_retest_v1,d8df78957051c9de,25c269cde02debe4,7b30e3d97c41bd58,ed5db2d90d8371c44cbe212d6d16ad117537c9e185a6592a6ca108ece643d8ce,2026-04-24T15:59:00-04:00,2026-04-26T01:55:46.523945+00:00,True,clean,390,390,0,0,0,2026-04-10 15:59:00-04:00,2026-04-10 15:59:00-04:00,False,True,clean,tight,5.0,20,20,25372.0,25290.0,82.0,0.4176829268292683,tier1_pilot,False,False,or_class_tight,,,,,,,,,,,,,,,,,,,,,,,,,,,,,,,False,no_retest_signal,2026-04-10 11:15:00-04:00,,,,,,,,,,,,,,,,,,,,,,,,,,,,,,False,or_class_tight,,,,,,,,,,,,,,,,,,,,,,,,,,,,,,
2026-04-13,phase6_causal_or_retest_v1,d8df78957051c9de,25c269cde02debe4,7b30e3d97c41bd58,ed5db2d90d8371c44cbe212d6d16ad117537c9e185a6592a6ca108ece643d8ce,2026-04-24T15:59:00-04:00,2026-04-26T01:55:46.523945+00:00,True,clean,390,390,0,0,0,2026-04-13 15:59:00-04:00,2026-04-13 15:59:00-04:00,False,True,clean,tight,0.0,20,20,25239.25,25174.5,64.75,0.11583011583011583,tier1_pilot,False,False,or_class_tight,,,,,,,,,,,,,,,,,,,,,,,,,,,,,,,False,no_retest_signal,2026-04-13 09:49:00-04:00,,,,,,,,,,,,,,,,,,,,,,,,,,,,,,False,or_class_tight,,,,,,,,,,,,,,,,,,,,,,,,,,,,,,
2026-04-14,phase6_causal_or_retest_v1,d8df78957051c9de,25c269cde02debe4,7b30e3d97c41bd58,ed5db2d90d8371c44cbe212d6d16ad117537c9e185a6592a6ca108ece643d8ce,2026-04-24T15:59:00-04:00,2026-04-26T01:55:46.523945+00:00,True,clean,390,390,0,0,0,2026-04-14 15:59:00-04:00,2026-04-14 15:59:00-04:00,False,True,clean,normal,40.0,20,20,25756.25,25655.5,100.75,0.9255583126550868,tier1_pilot,False,True,,2026-04-14 09:45:00-04:00,2026-04-14 10:09:00-04:00,2026-04-14 10:10:00-04:00,25758.5,25761.0,25721.0,25811.0,2026-04-14 10:35:00-04:00,25811.0,25808.5,target,93.66,25746.5,25760.0,25745.75,25758.5,6546.0,25730.28130679072,25758.5,25761.5,25747.5,25759.0,5677.0,25730.890829297812,25795.5,25817.0,25792.75,25813.75,6687.0,25747.02186018351,True,,2026-04-14 09:45:00-04:00,2026-04-14 10:09:00-04:00,2026-04-14 10:10:00-04:00,25758.5,25761.0,25721.0,25841.0,2026-04-14 11:26:00-04:00,25841.0,25838.5,target,153.66,25746.5,25760.0,25745.75,25758.5,6546.0,25730.28130679072,25758.5,25761.5,25747.5,25759.0,5677.0,25730.890829297812,25837.5,25846.0,25836.75,25844.5,4004.0,25764.927385234438,False,signal_filtered,2026-04-14 09:45:00-04:00,,,,,,,,,,,,,,,,,,,,,,,,,,,,,
2026-04-15,phase6_causal_or_retest_v1,d8df78957051c9de,25c269cde02debe4,7b30e3d97c41bd58,ed5db2d90d8371c44cbe212d6d16ad117537c9e185a6592a6ca108ece643d8ce,2026-04-24T15:59:00-04:00,2026-04-26T01:55:46.523945+00:00,True,clean,390,390,0,0,0,2026-04-15 15:59:00-04:00,2026-04-15 15:59:00-04:00,False,True,clean,tight,5.0,20,20,26059.5,25982.75,76.75,0.08794788273615635,tier1_pilot,False,False,or_class_tight,,,,,,,,,,,,,,,,,,,,,,,,,,,,,,,False,no_retest_signal,2026-04-15 09:57:00-04:00,,,,,,,,,,,,,,,,,,,,,,,,,,,,,,False,or_class_tight,,,,,,,,,,,,,,,,,,,,,,,,,,,,,,
2026-04-16,phase6_causal_or_retest_v1,d8df78957051c9de,25c269cde02debe4,7b30e3d97c41bd58,ed5db2d90d8371c44cbe212d6d16ad117537c9e185a6592a6ca108ece643d8ce,2026-04-24T15:59:00-04:00,2026-04-26T01:55:46.523945+00:00,True,clean,390,390,0,0,0,2026-04-16 15:59:00-04:00,2026-04-16 15:59:00-04:00,False,True,clean,normal,45.0,20,20,26453.5,26345.5,108.0,0.4398148148148148,tier1_pilot,False,False,no_retest_signal,2026-04-16 11:08:00-04:00,,,,,,,,,,,,,,,,,,,,,,,,,,,,,,False,no_retest_signal,2026-04-16 11:08:00-04:00,,,,,,,,,,,,,,,,,,,,,,,,,,,,,,False,no_retest_signal,2026-04-16 11:08:00-04:00,,,,,,,,,,,,,,,,,,,,,,,,,,,,,
2026-04-17,phase6_causal_or_retest_v1,d8df78957051c9de,25c269cde02debe4,7b30e3d97c41bd58,ed5db2d90d8371c44cbe212d6d16ad117537c9e185a6592a6ca108ece643d8ce,2026-04-24T15:59:00-04:00,2026-04-26T01:55:46.523945+00:00,True,clean,390,390,0,0,0,2026-04-17 15:59:00-04:00,2026-04-17 15:59:00-04:00,False,True,clean,tight,25.0,20,20,26720.75,26629.5,91.25,0.8328767123287671,tier1_pilot,False,False,or_class_tight,,,,,,,,,,,,,,,,,,,,,,,,,,,,,,,False,signal_filtered,2026-04-17 09:51:00-04:00,,,,,,,,,,,,,,,,,,,,,,,,,,,,,,False,or_class_tight,,,,,,,,,,,,,,,,,,,,,,,,,,,,,,
2026-04-20,phase6_causal_or_retest_v1,d8df78957051c9de,25c269cde02debe4,7b30e3d97c41bd58,ed5db2d90d8371c44cbe212d6d16ad117537c9e185a6592a6ca108ece643d8ce,2026-04-24T15:59:00-04:00,2026-04-26T01:55:46.523945+00:00,True,clean,390,390,0,0,0,2026-04-20 15:59:00-04:00,2026-04-20 15:59:00-04:00,False,True,clean,normal,30.0,20,20,26826.0,26732.75,93.25,0.20107238605898123,tier1_pilot,False,False,no_upside_breakout,,,,,,,,,,,,,,,,,,,,,,,,,,,,,,,False,no_upside_breakout,,,,,,,,,,,,,,,,,,,,,,,,,,,,,,,False,no_upside_breakout,,,,,,,,,,,,,,,,,,,,,,,,,,,,,,
2026-04-21,phase6_causal_or_retest_v1,d8df78957051c9de,25c269cde02debe4,7b30e3d97c41bd58,ed5db2d90d8371c44cbe212d6d16ad117537c9e185a6592a6ca108ece643d8ce,2026-04-24T15:59:00-04:00,2026-04-26T01:55:46.523945+00:00,True,clean,390,390,0,0,0,2026-04-21 15:59:00-04:00,2026-04-21 15:59:00-04:00,False,True,clean,normal,55.00000000000001,20,20,26838.0,26726.25,111.75,0.38031319910514544,tier1_pilot,False,True,,2026-04-21 09:59:00-04:00,2026-04-21 10:05:00-04:00,2026-04-21 10:06:00-04:00,26841.75,26844.25,26804.25,26894.25,2026-04-21 10:46:00-04:00,26804.25,26801.75,stop,-86.34,26827.0,26843.5,26823.25,26841.5,5781.0,26781.532493586838,26841.75,26846.25,26838.75,26843.25,3729.0,26782.484326876034,26811.75,26813.5,26790.75,26805.75,9402.0,26809.986756238362,False,signal_filtered,2026-04-21 09:59:00-04:00,,,,,,,,,,,,,,,,,,,,,,,,,,,,,,False,signal_filtered,2026-04-21 09:59:00-04:00,,,,,,,,,,,,,,,,,,,,,,,,,,,,,
2026-04-22,phase6_causal_or_retest_v1,d8df78957051c9de,25c269cde02debe4,7b30e3d97c41bd58,ed5db2d90d8371c44cbe212d6d16ad117537c9e185a6592a6ca108ece643d8ce,2026-04-24T15:59:00-04:00,2026-04-26T01:55:46.523945+00:00,True,clean,390,390,0,0,0,2026-04-22 15:59:00-04:00,2026-04-22 15:59:00-04:00,False,True,clean,tight,10.0,20,20,26892.5,26813.0,79.5,0.5,tier1_pilot,False,False,or_class_tight,,,,,,,,,,,,,,,,,,,,,,,,,,,,,,,True,,2026-04-22 10:01:00-04:00,2026-04-22 10:07:00-04:00,2026-04-22 10:08:00-04:00,26902.75,26905.25,26865.25,26985.25,2026-04-22 10:28:00-04:00,26985.25,26982.75,target,153.66,26879.0,26907.5,26876.75,26902.5,10094.0,26854.439524318583,26902.75,26903.75,26890.75,26893.5,4085.0,26855.173227626183,26976.25,26989.25,26974.5,26986.75,3636.0,26880.960287287966,False,or_class_tight,,,,,,,,,,,,,,,,,,,,,,,,,,,,,,
2026-04-23,phase6_causal_or_retest_v1,d8df78957051c9de,25c269cde02debe4,7b30e3d97c41bd58,ed5db2d90d8371c44cbe212d6d16ad117537c9e185a6592a6ca108ece643d8ce,2026-04-24T15:59:00-04:00,2026-04-26T01:55:46.523945+00:00,True,clean,390,390,0,0,0,2026-04-23 15:59:00-04:00,2026-04-23 15:59:00-04:00,False,True,clean,normal,55.00000000000001,20,20,27067.75,26964.0,103.75,0.9156626506024096,tier1_pilot,True,True,,2026-04-23 09:46:00-04:00,2026-04-23 10:52:00-04:00,2026-04-23 10:53:00-04:00,27068.25,27070.75,27030.75,27120.75,2026-04-23 11:10:00-04:00,27120.75,27118.25,target,93.66,27057.25,27070.75,27055.25,27068.0,4778.0,27027.71171539747,27068.25,27075.5,27067.75,27072.5,3219.0,27028.03591646314,27115.5,27125.75,27115.0,27120.5,5387.0,27037.431929646966,True,,2026-04-23 09:46:00-04:00,2026-04-23 10:52:00-04:00,2026-04-23 10:53:00-04:00,27068.25,27070.75,27030.75,27150.75,2026-04-23 11:32:00-04:00,27150.75,27148.25,target,153.66,27057.25,27070.75,27055.25,27068.0,4778.0,27027.71171539747,27068.25,27075.5,27067.75,27072.5,3219.0,27028.03591646314,27145.5,27155.0,27142.25,27150.25,4493.0,27048.925475954675,True,,2026-04-23 09:46:00-04:00,2026-04-23 10:52:00-04:00,2026-04-23 10:53:00-04:00,27068.25,27070.75,27030.75,27120.75,2026-04-23 11:10:00-04:00,27120.75,27118.25,target,93.66,27057.25,27070.75,27055.25,27068.0,4778.0,27027.71171539747,27068.25,27075.5,27067.75,27072.5,3219.0,27028.03591646314,27115.5,27125.75,27115.0,27120.5,5387.0,27037.431929646966
2026-04-24,phase6_causal_or_retest_v1,d8df78957051c9de,25c269cde02debe4,7b30e3d97c41bd58,ed5db2d90d8371c44cbe212d6d16ad117537c9e185a6592a6ca108ece643d8ce,2026-04-24T15:59:00-04:00,2026-04-26T01:55:46.523945+00:00,True,clean,390,390,0,0,0,2026-04-24 15:59:00-04:00,2026-04-24 15:59:00-04:00,False,True,clean,tight,20.0,20,20,27260.25,27177.0,83.25,0.4624624624624625,tier1_pilot,False,False,or_class_tight,,,,,,,,,,,,,,,,,,,,,,,,,,,,,,,True,,2026-04-24 10:12:00-04:00,2026-04-24 10:46:00-04:00,2026-04-24 10:47:00-04:00,27272.75,27275.25,27235.25,27355.25,2026-04-24 10:49:00-04:00,27235.25,27232.75,stop,-86.34,27253.5,27279.75,27247.5,27272.75,8190.0,27212.407957213476,27272.75,27273.25,27245.0,27251.5,6596.0,27213.01151246062,27237.25,27265.75,27229.75,27261.25,5846.0,27213.822829731256,False,or_class_tight,,,,,,,,,,,,,,,,,,,,,,,,,,,,,,
